key,rym_id,source,listing_id,n_tracks,n_previews,runtime_s,n_windows,cached_at
Album10003476,Album10003476,deezer,98803732,7,7,2405,,2026-10-03 22:58:38
Album100048,Album100048,youtube,vyy1p30qbg8,1,8,2962.841,8,2026-10-05 10:25:56
Album10009854,Album10009854,itunes:us,1449356228,8,8,1597.091,,2026-10-05 06:33:42
Album10013,Album10013,itunes:us,280151959,13,13,3756.746,,2026-10-05 07:42:14
Album100225,Album100225,deezer,111668742,13,13,1297,,2026-10-03 23:20:38
Album10023486,Album10023486,youtube,t0XzofXRiQg,1,8,2450.141,8,2026-10-05 10:33:39
Album100372,Album100372,itunes:us,1443218832,9,9,8096.734,,2026-10-05 03:20:04
Album10039,Album10039,deezer,13541377,14,14,3630,,2026-10-04 01:07:56
Album100541,Album100541,itunes:us,1061778092,10,10,2551.029,,2026-10-05 06:33:14
Album100544,Album100544,youtube,mnjH-ZYe59c,1,8,4570.821,8,2026-10-04 20:44:25
Album100616,Album100616,deezer,239358,12,12,4206,,2026-10-03 23:44:55
Album10066828,Album10066828,itunes:ar,1488413355,10,10,1828.505,,2026-10-05 08:03:03
Album1006734,Album1006734,itunes:no,1546594011,2,2,3715.12,,2026-10-05 07:02:22
Album1006734,Album1006734,youtube,YeT0t1C_y20,1,8,3715.161,8,2026-10-05 19:47:51
Album100700,Album100700,itunes:gb,713814427,12,12,2419.281,,2026-10-05 05:06:03
Album100701,Album100701,deezer,315282,12,12,2479,,2026-10-03 23:19:37
Album100719,Album100719,itunes:gb,253944002,8,8,2512.054,,2026-10-05 03:30:39
Album100720,Album100720,itunes:gb,254263531,8,8,2191.603,,2026-10-05 07:06:47
Album10073405,Album10073405,deezer,89234202,7,7,2647,,2026-10-03 23:48:41
Album10075369,Album10075369,deezer,98724682,13,13,2548,,2026-10-04 00:40:40
Album100777,Album100777,itunes:us,1442880775,6,6,2588.334,,2026-10-05 06:30:10
Album10078079,Album10078079,deezer,87805132,14,14,1586,,2026-10-03 23:55:11
Album1008471,Album1008471,deezer,102764652,14,14,3850,,2026-10-04 00:14:36
Album10085,Album10085,itunes:us,1173689398,8,8,2059.741,,2026-10-05 06:41:02
Album100864,Album100864,deezer,6429476,17,17,4465,,2026-10-04 00:48:48
Album100873,Album100873,youtube,anAFrA1OyE0,1,8,2457.621,8,2026-10-05 17:23:34
Album1008765,Album1008765,youtube,TRS9Bz0IH54,1,8,1487.021,5,2026-10-05 11:34:38
Album10091,Album10091,itunes:mx,201414438,12,12,2802.346,,2026-10-05 08:19:46
Album10098363,Album10098363,itunes:gb,1873081429,3,3,3189.334,,2026-10-05 07:47:44
Album10098363,Album10098363,youtube,rWEI9y6PElo,1,8,3189.861,8,2026-10-05 13:21:39
Album10104185,Album10104185,youtube,0uVOzkJB-QM,1,8,3258.101,8,2026-10-05 11:01:06
Album10121630,Album10121630,deezer,827564751,7,7,33395,,2026-10-03 22:53:29
Album10124949,Album10124949,deezer,111499832,5,5,3332,,2026-10-03 23:00:15
Album101254,Album101254,itunes:gb,259224240,4,4,2622.694,,2026-10-05 03:34:20
Album10127,Album10127,itunes:us,1442926805,15,15,2622.616,,2026-10-05 04:07:12
Album10128,Album10128,deezer,5818401,19,19,2360,,2026-10-03 22:55:31
Album10130,Album10130,itunes:us,1443127584,9,9,2482.597,,2026-10-05 04:07:02
Album10132,Album10132,deezer,4241541,11,11,2387,,2026-10-04 01:08:30
Album10133,Album10133,deezer,639284981,66,66,19456,,2026-10-03 22:33:24
Album10136,Album10136,deezer,891231772,7,7,2348,,2026-10-04 04:15:00
Album10137,Album10137,deezer,718528321,18,18,4301,,2026-10-04 05:12:23
Album101398,Album101398,youtube,rFNNVcuNlos,1,8,982.341,4,2026-10-05 12:20:00
Album1014519,Album1014519,itunes:jp,1796074118,15,15,4231.994,,2026-10-05 04:28:27
Album1016198,Album1016198,itunes:us,455070521,7,7,3206.534,,2026-10-05 07:29:17
Album101649,Album101649,deezer,212383,8,8,2258,,2026-10-04 01:00:53
Album1016529,Album1016529,itunes:jp,1795641035,10,10,3406.16,,2026-10-05 04:14:29
Album1016536,Album1016536,deezer,912378561,9,9,3634,,2026-10-03 22:56:21
Album10165387,Album10165387,deezer,104344462,6,6,2435,,2026-10-03 23:01:13
Album1016987,Album1016987,deezer,64048472,1,1,2333,,2026-10-03 23:08:36
Album1016987,Album1016987,youtube,xmrOcO1m-Kg,1,8,2333.121,8,2026-10-05 18:51:31
Album1017031,Album1017031,deezer,171566842,9,9,2514,,2026-10-03 23:06:41
Album10179536,Album10179536,deezer,710062041,9,9,1604,,2026-10-03 23:25:37
Album101818,Album101818,itunes:gb,694083664,38,38,4289.397,,2026-10-05 04:50:37
Album101839,Album101839,itunes:us,823710911,23,23,3283.492,,2026-10-05 03:35:50
Album101840,Album101840,itunes:cl,1220175521,11,11,1624.541,,2026-10-05 06:47:47
Album10184459,Album10184459,itunes:us,1457321476,8,8,2084.56,,2026-10-05 04:49:20
Album10191,Album10191,deezer,161160,16,16,3044,,2026-10-04 04:15:04
Album10191463,Album10191463,deezer,104895212,7,7,4024,,2026-10-03 23:29:04
Album10192846,Album10192846,deezer,169365002,20,20,1961,,2026-10-04 03:48:03
Album10194,Album10194,deezer,39618371,6,6,1987,,2026-10-03 22:50:51
Album101961,Album101961,itunes:gb,152520285,12,12,1729.731,,2026-10-05 07:18:16
Album101962,Album101962,youtube,06_M-FkHEY0,1,8,4447.701,8,2026-10-05 15:16:52
Album101969,Album101969,itunes:se,1442641880,12,12,2513.107,,2026-10-05 06:43:40
Album10197,Album10197,itunes:us,279407049,11,11,2172.76,,2026-10-05 06:20:53
Album101985,Album101985,deezer,61267392,11,11,3975,,2026-10-03 23:58:03
Album1020301,Album1020301,deezer,50498442,10,10,1947,,2026-10-03 23:30:56
Album102058,Album102058,itunes:se,1227088818,12,12,3335.199,,2026-10-05 06:57:47
Album102111,Album102111,itunes:se,1226244874,11,11,3094.772,,2026-10-05 04:58:25
Album1021127,Album1021127,deezer,686688881,4,4,2559,,2026-10-03 23:15:53
Album102116,Album102116,itunes:se,292759865,8,8,2762.839,,2026-10-05 07:32:11
Album10216920,Album10216920,youtube,bp_6awT-vr8,1,8,4005.561,8,2026-10-05 11:46:36
Album102224,Album102224,deezer,1025582132,9,9,2269,,2026-10-04 05:05:07
Album1022470,Album1022470,deezer,6366785,2,2,3005,,2026-10-04 10:51:38
Album1022470,Album1022470,youtube,51G9VDKRglM,1,8,3003.261,8,2026-10-05 18:50:59
Album102266,Album102266,deezer,8237732,20,20,9231,,2026-10-04 10:55:30
Album102270,Album102270,deezer,13262741,20,20,1757,,2026-10-04 00:26:02
Album1023217,Album1023217,itunes:us,1460188921,3,3,3782.627,,2026-10-05 07:05:51
Album1023217,Album1023217,youtube,5PjOFTIZgKY,1,8,3795.681,8,2026-10-05 19:18:10
Album10240,Album10240,itunes:us,326375827,10,10,3663.866,,2026-10-05 07:17:43
Album10251308,Album10251308,youtube,6H9CRnnpLhA,1,8,4431.181,8,2026-10-05 09:50:02
Album102596,Album102596,itunes:us,3991448,19,19,4325.427,,2026-10-05 04:23:07
Album10265869,Album10265869,deezer,142202522,1,1,268,,2026-10-04 10:55:34
Album10278828,Album10278828,deezer,717922291,10,10,2507,,2026-10-04 00:58:36
Album10281433,Album10281433,deezer,345774447,12,12,2752,,2026-10-03 23:42:28
Album10285235,Album10285235,deezer,817278451,5,5,4989,,2026-10-04 00:16:07
Album10297664,Album10297664,itunes:ru,1463468859,9,9,1183.948,,2026-10-05 06:43:54
Album102996,Album102996,deezer,6574267,18,18,3868,,2026-10-03 23:55:39
Album102999,Album102999,deezer,321200257,10,10,6372,,2026-10-03 23:36:32
Album1030218,Album1030218,deezer,614837962,9,9,2224,,2026-10-04 00:24:14
Album1030945,Album1030945,itunes:us,1579901558,13,13,4183.08,,2026-10-05 07:42:28
Album10317082,Album10317082,youtube,P8-k6rDtvZ4,1,8,14026.941,8,2026-10-05 10:24:35
Album10328,Album10328,youtube,2jWfsggPjd0,1,8,2654.781,8,2026-10-05 17:39:51
Album10334937,Album10334937,deezer,98911592,16,16,2227,,2026-10-03 23:19:49
Album1033745,Album1033745,itunes:pl,1131808416,15,15,7403.69,,2026-10-05 04:29:00
Album10341556,Album10341556,itunes:us,1463899362,13,13,2271.258,,2026-10-05 06:55:38
Album10343078,Album10343078,itunes:us,1468037766,31,31,7458.652,,2026-10-05 04:41:31
Album10355484,Album10355484,deezer,468754665,30,30,6385,,2026-10-03 22:36:43
Album10363471,Album10363471,itunes:us,1465968247,11,11,3323.803,,2026-10-05 03:16:51
Album103653,Album103653,itunes:us,1443794000,14,14,3077.519,,2026-10-05 05:17:36
Album10367898,Album10367898,deezer,725779211,14,14,3002,,2026-10-03 23:16:58
Album10369114,Album10369114,deezer,110497512,15,15,3053,,2026-10-03 23:23:51
Album10373,Album10373,itunes:br,1459349017,33,33,3831.797,,2026-10-05 04:34:04
Album10373256,Album10373256,deezer,99178732,10,10,3128,,2026-10-04 01:02:52
Album10375769,Album10375769,deezer,98853082,10,10,2235,,2026-10-04 00:02:28
Album10376,Album10376,youtube,PLDDC74011619A10AE,81,8,4368.72,8,2026-10-06 01:16:27
Album10378985,Album10378985,itunes:us,1454315443,9,9,7103.253,,2026-10-05 05:15:46
Album10379,Album10379,itunes:ca,1345280355,53,53,11707.323,,2026-10-05 07:30:55
Album103806,Album103806,deezer,2795541,8,8,3111,,2026-10-04 01:03:36
Album10382,Album10382,itunes:us,296408171,44,44,8711.826,,2026-10-05 04:51:52
Album10382044,Album10382044,itunes:us,1465031044,10,10,2831.107,,2026-10-05 08:18:17
Album10385,Album10385,youtube,Tl8LA9glpxk,1,8,3600.941,8,2026-10-05 16:36:49
Album10386673,Album10386673,itunes:us,1474015408,13,13,2806.771,,2026-10-05 06:59:04
Album10388,Album10388,itunes:gb,70980839,12,12,3230.026,,2026-10-05 03:17:52
Album1039131,Album1039131,itunes:us,1575697279,5,5,4023.013,,2026-10-05 19:52:34
Album10392,Album10392,itunes:us,965771664,13,13,3410.187,,2026-10-05 07:47:25
Album10392899,Album10392899,deezer,915389031,9,9,2095,,2026-10-03 23:05:14
Album1039312,Album1039312,itunes:jp,1537521858,11,11,2581.879,,2026-10-05 04:50:27
Album10394,Album10394,youtube,YHesqaMhh34,1,8,2288.121,8,2026-10-05 17:02:53
Album1039457,Album1039457,deezer,275619132,10,10,2557,,2026-10-03 23:32:10
Album1039463,Album1039463,deezer,830059601,10,10,2691,,2026-10-03 23:26:09
Album10394799,Album10394799,itunes:us,1469098080,21,21,4155.599,,2026-10-05 08:11:56
Album10401,Album10401,deezer,84496722,4,4,3046,,2026-10-03 23:59:13
Album10404,Album10404,itunes:us,209407331,6,6,2505.322,,2026-10-05 04:00:15
Album10406484,Album10406484,deezer,105536132,6,6,2459,,2026-10-04 00:35:13
Album10412271,Album10412271,deezer,697629281,9,9,4534,,2026-10-03 23:16:06
Album10414917,Album10414917,deezer,728319061,17,17,3224,,2026-10-04 00:44:27
Album104242,Album104242,deezer,1108691662,11,11,1441,,2026-10-04 03:45:34
Album1043,Album1043,deezer,1434830,12,12,3243,,2026-10-03 23:18:57
Album104323,Album104323,itunes:us,1472374655,11,11,1801.559,,2026-10-05 05:12:05
Album104374,Album104374,itunes:de,706571403,8,8,2534.962,,2026-10-05 08:08:19
Album10446811,Album10446811,deezer,15622708,20,20,4183,,2026-10-03 23:20:15
Album104489,Album104489,itunes:us,1503241345,10,10,14902.56,,2026-10-05 04:29:15
Album104542,Album104542,deezer,320918077,10,10,2281,,2026-10-03 23:36:08
Album104543,Album104543,deezer,328813,10,10,2213,,2026-10-04 00:29:14
Album10454916,Album10454916,deezer,112132222,14,14,3557,,2026-10-03 23:37:37
Album104622,Album104622,youtube,IKhyfbtTPrU,1,8,2863.021,8,2026-10-05 12:40:06
Album104694,Album104694,deezer,332405,6,6,2374,,2026-10-04 00:54:16
Album10478061,Album10478061,deezer,368550267,10,10,1935,,2026-10-03 23:07:27
Album10480242,Album10480242,deezer,108708552,17,17,4233,,2026-10-03 22:35:40
Album10482778,Album10482778,deezer,103076882,22,22,4370,,2026-10-04 00:26:35
Album10488,Album10488,youtube,AlDKMABCB2c,1,8,1478.261,5,2026-10-05 17:43:22
Album1049,Album1049,deezer,708678,13,13,4268,,2026-10-03 22:27:44
Album10491,Album10491,youtube,57W4Q5D1_mo,1,8,2699.201,8,2026-10-05 17:37:29
Album1049256,Album1049256,youtube,cvg1o9rthxs,1,8,4372.581,8,2026-10-05 14:50:34
Album10493444,Album10493444,deezer,113725342,14,14,2790,,2026-10-03 23:17:28
Album10496615,Album10496615,itunes:us,1472009368,11,11,2912.107,,2026-10-05 07:26:02
Album10496838,Album10496838,deezer,115042592,10,10,2686,,2026-10-04 03:04:02
Album10503320,Album10503320,youtube,Bv-V9tD8gdc,1,8,4396.021,8,2026-10-05 10:18:33
Album105053,Album105053,itunes:pl,895632994,12,12,7093.988,,2026-10-05 07:12:10
Album10506478,Album10506478,youtube,ByTBYdjRC6c,1,8,3256.181,8,2026-10-05 13:07:22
Album1050759,Album1050759,deezer,118780,13,13,5128,,2026-10-04 01:08:14
Album1050773,Album1050773,deezer,71318,10,10,2417,,2026-10-04 00:46:12
Album10508189,Album10508189,deezer,104705542,40,40,7348,,2026-10-05 19:52:27
Album10508406,Album10508406,itunes:us,1472240625,14,14,1890.201,,2026-10-05 08:21:38
Album10509606,Album10509606,itunes:us,1709035427,25,25,5687.239,,2026-10-05 04:05:25
Album1051,Album1051,deezer,185273372,12,12,1798,,2026-10-04 01:08:34
Album10516006,Album10516006,deezer,107850172,6,6,5861,,2026-10-04 00:06:15
Album10516784,Album10516784,deezer,106007812,11,11,3157,,2026-10-04 00:51:55
Album10520044,Album10520044,itunes:us,1484378072,14,14,3198.888,,2026-10-05 03:35:05
Album10522934,Album10522934,itunes:pl,1479040873,6,6,2547.572,,2026-10-05 07:23:51
Album105261,Album105261,itunes:us,1607689834,9,9,1768.533,,2026-10-05 04:10:31
Album10529094,Album10529094,itunes:gb,1474938552,13,13,2358.685,,2026-10-05 04:43:51
Album10530488,Album10530488,itunes:us,642832495,24,24,4436.999,,2026-10-05 04:32:47
Album10536,Album10536,deezer,100319,12,12,2094,,2026-10-04 00:13:40
Album10537120,Album10537120,deezer,106517342,7,7,2936,,2026-10-04 00:04:44
Album105417,Album105417,itunes:gb,1291910076,19,19,4949.841,,2026-10-05 06:56:54
Album10544,Album10544,itunes:ru,212847506,10,10,4000.146,,2026-10-05 04:50:22
Album10546924,Album10546924,youtube,i2FWA1cBvTU,1,8,8665.561,8,2026-10-05 10:11:29
Album10548741,Album10548741,deezer,111323182,12,12,2487,,2026-10-03 22:58:50
Album105498,Album105498,itunes:ru,408132351,9,9,3445.7,,2026-10-05 07:57:38
Album10552041,Album10552041,deezer,116581812,14,14,3073,,2026-10-03 23:32:05
Album10554,Album10554,itunes:us,282495289,20,20,3703.76,,2026-10-05 03:37:37
Album105597,Album105597,itunes:jp,1442330414,11,11,2240.452,,2026-10-05 04:47:49
Album105614,Album105614,deezer,6410233,13,13,1787,,2026-10-04 04:52:57
Album10562251,Album10562251,itunes:jp,1476048308,12,12,2514.137,,2026-10-05 07:46:34
Album105631,Album105631,itunes:hu,306282150,6,6,2449.841,,2026-10-05 06:41:07
Album105642,Album105642,itunes:us,723515277,7,7,3250.787,,2026-10-05 06:57:14
Album105643,Album105643,deezer,240387,4,4,1983,,2026-10-04 00:33:22
Album10573773,Album10573773,deezer,236470392,1,1,3128,,2026-10-04 04:51:36
Album10573773,Album10573773,youtube,J4NlxRBHXvk,1,8,3128.981,8,2026-10-05 19:37:15
Album105755,Album105755,deezer,388323957,9,9,3786,,2026-10-04 03:28:22
Album105887,Album105887,itunes:gb,1261461666,3,3,4299.001,,2026-10-05 05:07:08
Album105887,Album105887,youtube,Z-8McgQeYQ0,1,8,4290.981,8,2026-10-05 18:59:30
Album10589554,Album10589554,deezer,785510511,14,14,2723,,2026-10-03 22:55:43
Album10589795,Album10589795,itunes:pa,520048837,153,153,35002.5,,2026-10-05 04:16:40
Album10590522,Album10590522,deezer,725406551,10,10,1954,,2026-10-04 04:15:21
Album106091,Album106091,itunes:us,1465200345,6,6,2493.359,,2026-10-05 03:22:41
Album10612921,Album10612921,deezer,722176561,9,9,1771,,2026-10-04 00:10:57
Album10620762,Album10620762,itunes:ru,1476801050,8,8,3403.488,,2026-10-05 05:08:34
Album1062256,Album1062256,deezer,1441004,15,15,3342,,2026-10-03 23:14:48
Album10629129,Album10629129,deezer,145296022,8,8,3972,,2026-10-04 03:19:11
Album10637192,Album10637192,itunes:us,1483993410,12,12,2591.014,,2026-10-05 05:16:29
Album106443,Album106443,deezer,629657111,15,15,4781,,2026-10-04 00:16:52
Album10648831,Album10648831,itunes:us,1477136155,88,88,22145.896,,2026-10-05 03:23:59
Album10655390,Album10655390,deezer,107208032,7,7,1284,,2026-10-03 23:41:34
Album10664663,Album10664663,itunes:be,1500926125,26,26,2274.438,,2026-10-05 06:45:28
Album1067,Album1067,deezer,308287,15,15,3650,,2026-10-04 00:07:37
Album10671471,Album10671471,deezer,348082687,11,11,4090,,2026-10-04 00:25:41
Album1067256,Album1067256,deezer,13436275,10,10,3401,,2026-10-04 03:39:41
Album106776,Album106776,youtube,9Fkgwkzgef8,1,8,3124.021,8,2026-10-05 12:30:58
Album10679167,Album10679167,youtube,q2S3FRIAtBw,1,8,4345.021,8,2026-10-05 13:22:50
Album1068,Album1068,itunes:gb,724439635,17,17,3798.49,,2026-10-05 08:06:03
Album10687,Album10687,itunes:us,51227308,6,6,3219.734,,2026-10-05 04:35:06
Album10689,Album10689,itunes:us,1746690083,10,10,2365.013,,2026-10-05 04:03:10
Album106917,Album106917,itunes:us,619924161,4,4,3796,,2026-10-05 04:27:32
Album10695071,Album10695071,itunes:us,1859789189,15,15,7466.368,,2026-10-05 05:22:40
Album10699790,Album10699790,deezer,173786132,13,13,1926,,2026-10-04 04:56:18
Album1070,Album1070,deezer,768580501,11,11,2990,,2026-10-03 23:03:28
Album10701396,Album10701396,deezer,625332721,11,11,2543,,2026-10-04 03:37:30
Album10701688,Album10701688,deezer,15358953,10,10,2384,,2026-10-04 00:59:44
Album107132,Album107132,deezer,900633412,12,12,3144,,2026-10-04 04:41:18
Album10716465,Album10716465,deezer,514813112,10,10,2682,,2026-10-03 23:18:53
Album107168,Album107168,itunes:us,269238578,1,1,3617,,2026-10-05 04:11:51
Album107168,Album107168,youtube,_iMPfGmnl5k,1,8,3620.341,8,2026-10-05 13:17:55
Album107215,Album107215,itunes:pa,1732418472,6,6,2270.692,,2026-10-05 03:31:43
Album10723389,Album10723389,deezer,717348651,10,10,2133,,2026-10-04 00:55:10
Album10724,Album10724,itunes:ca,1795634007,8,8,2588.44,,2026-10-05 07:49:40
Album10725,Album10725,itunes:fr,1793190793,7,7,2674.4,,2026-10-05 07:13:56
Album107284,Album107284,deezer,227325,10,10,2194,,2026-10-04 01:04:36
Album107285,Album107285,deezer,396187,10,10,2255,,2026-10-04 00:37:44
Album107299,Album107299,itunes:us,1479309415,9,9,2143.613,,2026-10-05 07:29:23
Album107310,Album107310,itunes:us,1664876056,12,12,3240.555,,2026-10-05 08:19:15
Album107311,Album107311,itunes:us,1510776961,16,16,4788.837,,2026-10-05 07:19:15
Album10732825,Album10732825,deezer,803475191,7,7,2101,,2026-10-03 23:15:49
Album107361,Album107361,itunes:us,319441337,9,9,3771.501,,2026-10-05 07:58:56
Album10738,Album10738,itunes:ca,1503241990,6,6,5243.2,,2026-10-05 05:06:08
Album10745676,Album10745676,itunes:us,1481636964,12,12,3976.191,,2026-10-05 04:46:59
Album1075,Album1075,youtube,nzLUgakW-zQ,1,8,2770.561,8,2026-10-05 17:38:34
Album10750109,Album10750109,itunes:gb,1475932942,30,30,8018.345,,2026-10-05 06:47:15
Album10752307,Album10752307,itunes:ca,1482605261,23,23,5281.552,,2026-10-05 04:25:08
Album10754,Album10754,itunes:us,203258539,11,11,3774.84,,2026-10-05 03:58:33
Album107563,Album107563,deezer,152493062,17,17,3873,,2026-10-04 00:50:00
Album107566,Album107566,youtube,zuJMIxjvJWc,1,8,2842.041,8,2026-10-05 12:06:52
Album10758,Album10758,youtube,7LLiZ_0-mLo,1,8,3315.041,8,2026-10-04 20:50:14
Album107582,Album107582,deezer,498678801,6,6,2891,,2026-10-04 00:21:08
Album10760,Album10760,youtube,NmEb7CMXgyc,1,8,3667.661,8,2026-10-05 16:59:12
Album107626,Album107626,itunes:ca,396269726,6,6,3760.53,,2026-10-05 07:34:22
Album107668,Album107668,itunes:us,724332169,10,10,2952.254,,2026-10-05 08:21:29
Album1077,Album1077,itunes:us,1548830839,12,12,3187.707,,2026-10-05 04:06:42
Album10777605,Album10777605,itunes:dk,1484015849,21,21,5440.84,,2026-10-05 04:36:27
Album10784,Album10784,deezer,9376086,17,17,3148,,2026-10-04 00:50:29
Album10788674,Album10788674,itunes:us,1584406148,7,7,3892.347,,2026-10-05 07:52:59
Album1080157,Album1080157,youtube,qwS3h8-zF18,1,8,1945.561,6,2026-10-05 09:32:36
Album10802,Album10802,itunes:br,1445666624,12,12,2264.573,,2026-10-05 07:23:41
Album1080545,Album1080545,deezer,457647805,9,9,2560,,2026-10-03 23:48:02
Album1080618,Album1080618,itunes:ca,179065030,10,10,1205.653,,2026-10-05 08:15:57
Album10807046,Album10807046,itunes:us,1484756484,12,12,2867.335,,2026-10-05 05:18:37
Album10809752,Album10809752,deezer,118135152,9,9,2721,,2026-10-04 00:07:28
Album10815724,Album10815724,deezer,116074952,9,9,4219,,2026-10-04 00:52:24
Album10819,Album10819,deezer,111895,14,14,2608,,2026-10-04 00:43:43
Album10821,Album10821,deezer,596349362,7,7,2398,,2026-10-04 00:38:56
Album10824,Album10824,itunes:us,1109524974,25,25,4401.96,,2026-10-05 08:17:50
Album10826,Album10826,itunes:us,908303090,10,10,2436.523,,2026-10-05 04:38:52
Album10827,Album10827,itunes:us,296550315,21,21,6591.443,,2026-10-05 07:30:05
Album10829,Album10829,deezer,395554267,27,27,4420,,2026-10-03 22:53:25
Album108376,Album108376,itunes:us,280451011,12,12,2568.307,,2026-10-05 07:52:09
Album108454,Album108454,itunes:us,1440297943,29,29,7407.726,,2026-10-05 07:01:21
Album10845870,Album10845870,deezer,985335291,4,4,3022,,2026-10-04 00:18:12
Album10848632,Album10848632,itunes:jp,1577468795,12,12,2900.346,,2026-10-05 08:19:26
Album10853162,Album10853162,itunes:us,1588082744,10,10,2752.192,,2026-10-05 06:52:13
Album10854021,Album10854021,youtube,RxcRiPApBZQ,1,8,3256.381,8,2026-10-04 20:47:23
Album10858,Album10858,itunes:us,1157613750,9,9,1842.868,,2026-10-05 07:48:07
Album10866,Album10866,itunes:gb,714488005,8,8,1852.534,,2026-10-05 08:09:19
Album10869,Album10869,youtube,AuI89iKbgyA,1,8,3519.081,8,2026-10-05 17:40:53
Album10870210,Album10870210,deezer,320986997,13,13,2078,,2026-10-04 04:09:11
Album10871,Album10871,youtube,RH-TCJ_zinw,1,8,4578.041,8,2026-10-05 11:08:45
Album10875,Album10875,deezer,2743191,3,3,2543,,2026-10-03 22:55:12
Album10875,Album10875,youtube,DYVKRpr8GxM,1,8,2677.041,8,2026-10-05 18:48:13
Album10878148,Album10878148,youtube,FUgVX5Olxmk,1,8,5655.601,8,2026-10-05 12:03:50
Album10883,Album10883,itunes:us,1190130261,16,16,2902.117,,2026-10-05 06:54:25
Album10883663,Album10883663,deezer,118472992,14,14,2954,,2026-10-03 23:30:44
Album10887758,Album10887758,itunes:us,1530957891,7,7,2142.141,,2026-10-05 04:21:57
Album1088845,Album1088845,deezer,387618,12,12,3845,,2026-10-03 22:28:24
Album10890733,Album10890733,itunes:us,1482321112,9,9,1787.133,,2026-10-05 03:21:11
Album10891549,Album10891549,deezer,182811182,13,13,2596,,2026-10-04 01:06:16
Album10898541,Album10898541,deezer,918760401,19,19,4735,,2026-10-04 02:40:26
Album1089983,Album1089983,youtube,MxEbYeXIz20,1,8,2461.501,8,2026-10-05 11:18:20
Album1090426,Album1090426,youtube,PtgX4cycb18,1,8,868.021,4,2026-10-05 16:44:54
Album1091422,Album1091422,itunes:se,1442685677,12,12,2152.12,,2026-10-05 05:16:38
Album10920341,Album10920341,youtube,Y73kav1XLkA,1,8,2529.081,8,2026-10-05 17:13:24
Album10929330,Album10929330,itunes:us,1489117068,20,20,4177,,2026-10-05 07:19:30
Album10930029,Album10930029,youtube,jKc9ds3N6g0,1,8,7779.821,8,2026-10-05 15:48:11
Album109362,Album109362,itunes:no,191904102,9,9,2451.64,,2026-10-05 07:45:48
Album109390,Album109390,itunes:be,1495665507,11,11,2542.493,,2026-10-05 06:26:35
Album10940294,Album10940294,itunes:gb,1494073600,30,30,5652.588,,2026-10-05 04:26:52
Album10942414,Album10942414,youtube,tvhe3_lDJpg,1,8,2415.161,8,2026-10-05 10:21:42
Album10949416,Album10949416,itunes:au,1445997626,10,10,3840.734,,2026-10-05 07:53:22
Album109496,Album109496,itunes:ca,215524565,8,8,3018.465,,2026-10-05 03:17:20
Album1095,Album1095,itunes:us,515394844,14,14,2448.267,,2026-10-05 08:27:12
Album1095394,Album1095394,deezer,470754885,12,12,3024,,2026-10-04 10:54:41
Album1095485,Album1095485,deezer,54717942,10,10,2886,,2026-10-03 22:51:51
Album1095581,Album1095581,deezer,12775578,12,12,2957,,2026-10-04 00:20:21
Album10964,Album10964,deezer,320972547,12,12,3529,,2026-10-04 04:44:51
Album109693,Album109693,itunes:br,723895643,13,13,1808.933,,2026-10-05 06:58:18
Album1098398,Album1098398,itunes:us,1676026323,15,15,3951.036,,2026-10-05 03:39:35
Album10987923,Album10987923,deezer,99841402,9,9,3719,,2026-10-03 22:54:06
Album10989283,Album10989283,deezer,386053877,28,28,6152,,2026-10-03 22:28:28
Album10991,Album10991,itunes:us,1475690530,12,12,3237.173,,2026-10-05 06:40:57
Album10992345,Album10992345,youtube,KbRja7KKTdg,1,8,4141.621,8,2026-10-05 11:38:04
Album1099341,Album1099341,itunes:us,1682505763,32,32,7136.6,,2026-10-05 04:01:49
Album1099407,Album1099407,deezer,323522737,27,27,5763,,2026-10-04 04:51:19
Album109948,Album109948,deezer,208503482,11,11,2009,,2026-10-04 04:21:49
Album109950,Album109950,deezer,208453472,11,11,2368,,2026-10-04 04:10:27
Album110001,Album110001,deezer,561632,10,10,2489,,2026-10-03 22:54:59
Album11007382,Album11007382,deezer,817279381,9,9,6811,,2026-10-04 00:05:43
Album1101154,Album1101154,deezer,14765787,9,9,3150,,2026-10-03 23:47:30
Album1101258,Album1101258,itunes:ca,201381418,3,3,4525.2,,2026-10-05 03:17:03
Album110149,Album110149,itunes:us,1045386492,8,8,2954.32,,2026-10-05 06:48:24
Album110153,Album110153,itunes:us,1045382114,7,7,3547.933,,2026-10-05 04:05:29
Album11016053,Album11016053,deezer,127033012,12,12,2919,,2026-10-03 22:32:55
Album1101668,Album1101668,deezer,292645832,37,37,4519,,2026-10-03 22:44:03
Album110188,Album110188,deezer,13287847,7,7,3538,,2026-10-04 00:06:11
Album11021356,Album11021356,deezer,801329851,19,19,5570,,2026-10-04 04:40:02
Album11021398,Album11021398,deezer,801329861,18,18,6694,,2026-10-04 03:30:42
Album110277,Album110277,deezer,314394517,19,19,3568,,2026-10-03 23:53:16
Album11034,Album11034,deezer,40441431,53,53,9445,,2026-10-04 01:07:20
Album11038211,Album11038211,deezer,809217361,17,17,5733,,2026-10-04 03:42:12
Album11042314,Album11042314,deezer,125201972,13,13,2614,,2026-10-03 23:52:09
Album1104303,Album1104303,itunes:us,1554834698,23,23,4199.959,,2026-10-05 04:54:38
Album11046,Album11046,itunes:gb,1725363561,16,16,4267.572,,2026-10-05 03:28:56
Album1105883,Album1105883,deezer,395866437,10,10,3605,,2026-10-03 23:05:49
Album110589,Album110589,youtube,hb2_39AhjMk,1,8,723.961,4,2026-10-05 10:01:29
Album11059,Album11059,deezer,395551717,15,15,2888,,2026-10-03 22:34:49
Album11060,Album11060,deezer,411330897,18,18,4088,,2026-10-03 22:34:11
Album1106113,Album1106113,deezer,62254412,7,7,3541,,2026-10-04 00:41:41
Album11066184,Album11066184,deezer,368531927,13,13,7212,,2026-10-04 00:02:57
Album11071,Album11071,itunes:us,6562015,22,22,4242.175,,2026-10-05 07:33:12
Album11082261,Album11082261,deezer,796709191,14,14,3531,,2026-10-03 22:47:18
Album1109,Album1109,deezer,165151,18,18,1599,,2026-10-04 00:36:37
Album11090,Album11090,deezer,225108,12,12,2838,,2026-10-04 00:29:42
Album11090574,Album11090574,itunes:pl,1495412702,22,22,5768.972,,2026-10-05 04:29:05
Album11091,Album11091,deezer,246450,17,17,3238,,2026-10-04 04:43:21
Album11096,Album11096,itunes:us,258608191,11,11,3108.013,,2026-10-05 08:26:09
Album110962,Album110962,youtube,HSeFqGmM1A0,1,8,3250.761,8,2026-10-05 15:20:24
Album11097322,Album11097322,itunes:us,1663165105,24,24,1308.668,,2026-10-05 07:11:14
Album11110191,Album11110191,deezer,152718462,16,16,6118,,2026-10-04 00:07:04
Album11131,Album11131,deezer,43851861,17,17,2096,,2026-10-04 00:30:11
Album111313,Album111313,deezer,236564452,11,11,3031,,2026-10-03 23:09:10
Album111327,Album111327,itunes:us,479218261,7,7,2077.014,,2026-10-05 06:39:36
Album11134874,Album11134874,deezer,137272602,14,14,3377,,2026-10-03 23:34:00
Album11136,Album11136,itunes:us,1442454099,7,7,2588.4,,2026-10-05 07:02:34
Album11137,Album11137,itunes:us,1443512910,9,9,2258.852,,2026-10-05 08:20:21
Album11142,Album11142,itunes:tw,256058617,14,14,3964.097,,2026-10-05 08:27:54
Album11150387,Album11150387,deezer,873407982,12,12,2352,,2026-10-03 22:58:30
Album111528,Album111528,deezer,1610055,8,8,4219,,2026-10-04 00:49:04
Album11153381,Album11153381,itunes:us,1677652650,9,9,2334.847,,2026-10-05 06:49:23
Album1115450,Album1115450,youtube,PLGPxAsYZChQ5FzdksybH9YEKTqopUkXxa,14,8,6928.566,8,2026-10-06 01:21:10
Album11157,Album11157,itunes:mx,79033105,1,1,4778.4,,2026-10-05 05:10:51
Album11157,Album11157,youtube,SEzPYIkfYOk,1,8,4778.421,8,2026-10-05 19:00:38
Album1115915,Album1115915,itunes:es,936811026,4,4,6206.973,,2026-10-05 03:25:41
Album111627,Album111627,deezer,6462648,10,10,2295,,2026-10-04 01:01:55
Album11163,Album11163,itunes:us,723693536,10,10,2380.293,,2026-10-05 07:51:04
Album1116704,Album1116704,itunes:es,1443097607,11,11,5762,,2026-10-05 04:55:57
Album11172630,Album11172630,youtube,z9KfvYVSfHY,1,8,2527.681,8,2026-10-04 20:33:13
Album11174937,Album11174937,deezer,147133422,13,13,3035,,2026-10-04 00:43:21
Album111988,Album111988,itunes:se,695590557,24,24,4347.229,,2026-10-05 06:51:35
Album11201,Album11201,deezer,699904721,7,7,1667,,2026-10-03 22:46:52
Album112025,Album112025,deezer,273174,7,7,2769,,2026-10-03 22:29:52
Album112054,Album112054,deezer,80725842,6,6,2821,,2026-10-04 00:38:17
Album1121015,Album1121015,itunes:se,968876434,23,23,8821.127,,2026-10-05 04:18:50
Album11213427,Album11213427,itunes:tr,1469650308,11,11,1794,,2026-10-05 04:59:19
Album1121382,Album1121382,deezer,931694671,9,9,3142,,2026-10-03 23:47:19
Album11215,Album11215,itunes:us,1440942198,11,11,3966.333,,2026-10-05 03:56:08
Album11217,Album11217,youtube,WB8f7bxioro,1,8,2285.661,8,2026-10-05 17:24:07
Album1121943,Album1121943,deezer,164085612,25,25,4710,,2026-10-04 00:03:05
Album112354,Album112354,itunes:gb,257133028,11,11,2946.386,,2026-10-05 06:51:16
Album1123542,Album1123542,deezer,151843342,12,10,4538,,2026-10-03 22:56:12
Album112404,Album112404,itunes:ru,43453365,9,9,3271.225,,2026-10-05 04:34:09
Album11251132,Album11251132,deezer,658417071,8,8,3196,,2026-10-04 04:19:57
Album11251986,Album11251986,deezer,138372532,4,4,2178,,2026-10-03 22:59:17
Album1125322,Album1125322,deezer,828538661,14,14,2970,,2026-10-04 00:17:19
Album1126056,Album1126056,youtube,GxJrrueJ0zQ,1,8,3572.261,8,2026-10-04 20:57:56
Album1127102,Album1127102,youtube,Gv2t9My3ylA,1,8,3032.181,8,2026-10-05 16:20:29
Album11273747,Album11273747,itunes:us,1514044560,20,20,5567.974,,2026-10-05 05:08:18
Album112804,Album112804,itunes:us,1641311979,11,11,2443.36,,2026-10-05 07:21:08
Album112820,Album112820,itunes:jp,317681361,11,11,2588.64,,2026-10-05 04:30:06
Album112826,Album112826,itunes:us,1641311657,12,12,2509.361,,2026-10-05 05:12:15
Album112841,Album112841,itunes:us,1641312984,11,11,2593.893,,2026-10-05 04:42:00
Album112853,Album112853,deezer,348409917,10,10,2519,,2026-10-03 23:55:55
Album11289,Album11289,deezer,86814,12,12,2687,,2026-10-03 22:44:19
Album112940,Album112940,itunes:au,160025711,7,7,2714.68,,2026-10-05 06:37:47
Album112941,Album112941,deezer,168401812,8,8,2924,,2026-10-03 23:10:06
Album11294572,Album11294572,itunes:us,655926149,14,14,2360.627,,2026-10-05 06:59:52
Album11299,Album11299,deezer,13994754,9,9,2124,,2026-10-04 00:39:48
Album113,Album113,deezer,660856,11,11,2361,,2026-10-03 22:31:49
Album11302,Album11302,deezer,13995152,8,8,2433,,2026-10-04 00:08:00
Album113064,Album113064,deezer,10966642,11,11,2694,,2026-10-03 23:26:44
Album11307792,Album11307792,youtube,GQ85neMQhjA,1,8,4366.701,8,2026-10-05 09:04:37
Album113088,Album113088,itunes:ca,145047664,25,25,4051.303,,2026-10-05 08:09:56
Album11308865,Album11308865,youtube,jO-xwALzKe0,1,8,4333.481,8,2026-10-05 09:02:52
Album11309585,Album11309585,itunes:us,61018952,85,85,16451.002,,2026-10-05 04:03:05
Album11310544,Album11310544,deezer,207352812,4,4,3051,,2026-10-03 23:46:49
Album11311491,Album11311491,deezer,140237772,13,13,2351,,2026-10-04 00:57:39
Album11319,Album11319,itunes:gb,1440769294,11,11,5644.227,,2026-10-05 05:03:12
Album1132393,Album1132393,deezer,956350041,43,43,3599,,2026-10-04 00:32:33
Album11326745,Album11326745,deezer,105104862,11,11,2739,,2026-10-03 23:54:05
Album11329179,Album11329179,deezer,916625931,10,10,2190,,2026-10-04 01:04:59
Album113304,Album113304,deezer,1108691492,10,10,1838,,2026-10-04 10:53:14
Album113306,Album113306,itunes:us,1601088731,12,12,2341.107,,2026-10-05 04:56:27
Album11336514,Album11336514,itunes:jp,1623560277,1,1,4935.25,,2026-10-05 07:41:38
Album11336514,Album11336514,youtube,-1MdML66YiE,1,8,4935.241,8,2026-10-05 19:29:42
Album11340339,Album11340339,deezer,614313712,13,13,2673,,2026-10-04 00:07:12
Album11342735,Album11342735,deezer,354745977,3,3,3313,,2026-10-03 23:40:11
Album11342735,Album11342735,youtube,tiFaWEugO-E,1,8,3312.261,8,2026-10-05 19:05:31
Album113451,Album113451,deezer,6010349,10,10,2477,,2026-10-04 10:54:31
Album1134702,Album1134702,deezer,6508872,11,11,2053,,2026-10-04 01:08:03
Album113542,Album113542,youtube,3iEMcNtOU4I,1,8,6198.901,8,2026-10-05 10:45:45
Album113619,Album113619,youtube,kHZ3rL1M698,1,8,2740.061,8,2026-10-05 18:14:33
Album11366,Album11366,deezer,466437525,13,13,3306,,2026-10-03 23:21:03
Album11369,Album11369,deezer,466402495,14,14,4462,,2026-10-04 00:37:05
Album11380333,Album11380333,youtube,iqD45KgKGr0,1,8,2298.521,8,2026-10-05 10:49:14
Album11397515,Album11397515,deezer,166921602,14,14,4398,,2026-10-03 22:51:28
Album114000,Album114000,deezer,41088601,11,11,2350,,2026-10-04 04:55:15
Album11403997,Album11403997,deezer,143224072,10,10,3731,,2026-10-03 23:52:52
Album1140770,Album1140770,itunes:us,1148817293,5,5,2408.12,,2026-10-05 04:42:14
Album11412,Album11412,deezer,901412632,13,13,3866,,2026-10-04 00:48:32
Album114144,Album114144,itunes:us,1805580439,9,9,3018.186,,2026-10-05 03:34:33
Album114147,Album114147,itunes:ca,1046707364,10,10,1926.176,,2026-10-05 06:58:58
Album11418,Album11418,youtube,KNYW276VxPQ,1,8,2267.061,8,2026-10-05 11:16:58
Album114237,Album114237,itunes:se,912995582,10,10,1969.734,,2026-10-05 07:58:19
Album114248,Album114248,itunes:se,912996163,10,10,1842.612,,2026-10-05 06:31:34
Album1142511,Album1142511,deezer,352000567,10,10,3006,,2026-10-05 19:52:07
Album1142850,Album1142850,youtube,TAp-743Nyag,1,8,1276.641,4,2026-10-05 17:01:46
Album11435461,Album11435461,deezer,157503982,16,16,7701,,2026-10-04 00:58:09
Album11436426,Album11436426,deezer,146166062,11,11,1975,,2026-10-04 00:18:28
Album11437896,Album11437896,deezer,161714342,9,9,2008,,2026-10-03 23:48:37
Album114432,Album114432,deezer,318295777,6,6,3928,,2026-10-04 04:02:15
Album114474,Album114474,deezer,88434522,10,10,1462,,2026-10-03 23:19:53
Album114476,Album114476,itunes:hu,421423989,10,10,2113.12,,2026-10-05 03:41:03
Album11448771,Album11448771,youtube,YJRzRzt9iNI,1,8,3594.021,8,2026-10-05 09:17:12
Album114545,Album114545,deezer,104644582,13,13,2386,,2026-10-03 23:29:49
Album114565,Album114565,deezer,583032312,15,15,3422,,2026-10-03 23:58:33
Album114572,Album114572,deezer,6443213,4,4,3275,,2026-10-04 00:58:49
Album114635,Album114635,itunes:us,1443187723,4,4,2129.026,,2026-10-05 04:55:37
Album114636,Album114636,deezer,239273,5,5,2533,,2026-10-04 00:39:52
Album11465,Album11465,itunes:us,1528524799,6,6,2488.146,,2026-10-05 04:12:00
Album114677,Album114677,deezer,321211457,11,11,2887,,2026-10-04 00:07:55
Album1147706,Album1147706,itunes:us,1486519994,11,11,2748.013,,2026-10-05 07:19:10
Album11502841,Album11502841,itunes:us,1616033743,20,20,6884.8,,2026-10-05 04:13:20
Album1150417,Album1150417,itunes:us,1634100568,32,32,3207.746,,2026-10-05 06:20:12
Album11524,Album11524,deezer,228064,10,10,2300,,2026-10-03 23:31:45
Album11525750,Album11525750,deezer,369286997,13,13,2409,,2026-10-03 23:36:36
Album11526387,Album11526387,itunes:us,1512139537,20,20,5729.314,,2026-10-05 06:38:37
Album11531227,Album11531227,itunes:us,1527306462,10,10,5086.217,,2026-10-05 04:35:55
Album1153639,Album1153639,itunes:us,918253044,10,10,2450.234,,2026-10-05 03:23:52
Album1154,Album1154,deezer,51662902,10,10,3950,,2026-10-03 23:06:37
Album115456,Album115456,itunes:es,724697225,8,8,2575.546,,2026-10-05 06:25:43
Album115634,Album115634,itunes:us,1444071443,12,12,3424.72,,2026-10-05 08:24:57
Album115636,Album115636,deezer,183782162,13,13,3870,,2026-10-04 04:34:07
Album1156745,Album1156745,youtube,4rwjsTkWc6g,1,8,3126.021,8,2026-10-05 12:04:27
Album11574004,Album11574004,deezer,157851932,8,8,948,,2026-10-04 00:36:22
Album115769,Album115769,itunes:us,1053103371,8,8,2563.573,,2026-10-05 07:19:42
Album1157813,Album1157813,youtube,WS0l0o45IUw,1,8,3573.421,8,2026-10-04 20:44:06
Album115995,Album115995,itunes:us,1599134234,11,11,3591.358,,2026-10-05 07:01:55
Album115996,Album115996,deezer,6023250,8,8,2938,,2026-10-03 22:28:44
Album115997,Album115997,itunes:us,1501901327,11,11,3249.792,,2026-10-05 04:41:16
Album116010,Album116010,itunes:ru,1611249400,12,12,3329.027,,2026-10-05 05:12:30
Album11612,Album11612,itunes:ca,1440656546,6,6,2213.268,,2026-10-05 08:18:07
Album11614,Album11614,deezer,851932602,7,7,2544,,2026-10-04 10:51:59
Album11615,Album11615,deezer,856200222,7,7,2281,,2026-10-03 23:58:21
Album11620583,Album11620583,deezer,139108012,16,15,3434,,2026-10-03 23:36:40
Album11620659,Album11620659,deezer,453435545,9,9,1817,,2026-10-03 23:47:07
Album11633076,Album11633076,youtube,tjdEjeUe-Sg,1,8,4590.021,8,2026-10-05 17:48:03
Album11635196,Album11635196,itunes:au,1528869564,9,9,2784.039,,2026-10-05 05:07:53
Album11643355,Album11643355,itunes:us,1518787480,1,1,2684,,2026-10-05 04:13:16
Album11643355,Album11643355,youtube,A7BkabF31ak,1,8,2685.121,8,2026-10-05 18:35:36
Album116497,Album116497,deezer,215820632,9,9,2640,,2026-10-04 01:02:02
Album116553,Album116553,youtube,7Zn_4u-p1pE,1,8,1983.021,7,2026-10-05 10:01:56
Album11657911,Album11657911,deezer,114032,9,9,1844,,2026-10-04 03:59:34
Album11659,Album11659,itunes:us,902277483,10,10,3965.621,,2026-10-05 03:57:23
Album116662,Album116662,itunes:se,1443483905,9,9,3515.242,,2026-10-05 06:20:49
Album116698,Album116698,itunes:es,1576787046,8,8,3176.799,,2026-10-05 05:18:27
Album116700,Album116700,itunes:es,1576791129,7,7,2993.533,,2026-10-05 04:43:41
Album11679666,Album11679666,youtube,fZWzS218GLQ,1,8,4239.081,8,2026-10-05 13:25:45
Album116804,Album116804,deezer,412637587,11,11,2536,,2026-10-04 04:20:41
Album1168334,Album1168334,itunes:ru,367832708,14,14,3686.124,,2026-10-05 04:16:56
Album1168336,Album1168336,deezer,808382621,11,11,4652,,2026-10-04 00:26:20
Album116865,Album116865,itunes:us,307797745,16,16,8281.735,,2026-10-05 04:20:11
Album1168690,Album1168690,youtube,WYiFlvz8J8c,1,8,2830.701,8,2026-10-05 09:29:58
Album116896,Album116896,deezer,722154291,10,10,2372,,2026-10-03 23:13:48
Album11690,Album11690,deezer,321924,6,6,2877,,2026-10-04 00:15:33
Album116908,Album116908,deezer,839339532,6,6,25378,,2026-10-04 02:44:29
Album11692,Album11692,deezer,300268,8,8,3027,,2026-10-03 22:25:39
Album11695,Album11695,deezer,83066052,27,27,7222,,2026-10-03 23:03:32
Album116983,Album116983,deezer,334691627,9,9,2526,,2026-10-04 01:07:28
Album116986,Album116986,itunes:us,1230080899,10,10,2514.415,,2026-10-05 08:19:30
Album11703322,Album11703322,deezer,161715462,21,21,4244,,2026-10-04 00:40:52
Album1170428,Album1170428,itunes:us,1566780460,11,11,4428.587,,2026-10-05 07:12:37
Album1170795,Album1170795,itunes:us,1078905956,14,14,3737.255,,2026-10-05 03:14:57
Album11710842,Album11710842,youtube,1qlEphlrNgA,1,8,4679.841,8,2026-10-05 10:23:08
Album11725328,Album11725328,itunes:us,1619313318,21,21,3985.799,,2026-10-05 04:39:35
Album117260,Album117260,deezer,288820892,11,11,3192,,2026-10-04 00:24:40
Album117269,Album117269,deezer,2910101,10,10,2258,,2026-10-03 22:59:50
Album11731878,Album11731878,deezer,650924411,8,8,2791,,2026-10-04 00:04:51
Album11749715,Album11749715,deezer,524735322,13,13,2838,,2026-10-04 03:16:22
Album11756956,Album11756956,deezer,162167062,12,12,2233,,2026-10-04 00:29:23
Album117577,Album117577,itunes:us,1605841586,11,11,1997.081,,2026-10-05 07:46:06
Album11760,Album11760,deezer,901194242,9,9,2258,,2026-10-04 00:27:06
Album117600,Album117600,deezer,935949461,13,13,1894,,2026-10-03 23:21:28
Album11769,Album11769,deezer,1547116,13,13,3617,,2026-10-04 00:41:45
Album117717,Album117717,youtube,mFnJMrut9iE,1,8,2512.341,8,2026-10-05 16:47:44
Album11776,Album11776,deezer,1547511,10,10,2538,,2026-10-04 00:41:33
Album117766,Album117766,itunes:fr,1394521648,17,17,4058.466,,2026-10-05 04:55:13
Album117808,Album117808,deezer,235423582,12,12,3314,,2026-10-03 23:01:58
Album11787,Album11787,deezer,980237891,12,12,2741,,2026-10-04 00:21:54
Album11789,Album11789,deezer,231394142,12,12,2546,,2026-10-03 23:23:39
Album1180,Album1180,deezer,526341072,10,10,2463,,2026-10-03 22:57:50
Album118048,Album118048,youtube,DwvuzfsgX4w,1,8,2772.041,8,2026-10-05 10:55:09
Album11809,Album11809,deezer,891231632,4,4,2168,,2026-10-04 02:56:54
Album11810,Album11810,itunes:us,1657544540,5,5,2221.694,,2026-10-05 03:59:47
Album11811,Album11811,deezer,891182622,15,15,3957,,2026-10-03 22:47:45
Album118151,Album118151,youtube,J35iWAYFqMw,1,8,5838.081,8,2026-10-05 10:54:30
Album118173,Album118173,youtube,sWwrztPU6Ck,1,8,1890.081,6,2026-10-05 11:06:08
Album11818938,Album11818938,youtube,sCr1fBWiflg,1,8,2862.021,8,2026-10-05 11:30:21
Album11821,Album11821,deezer,5983682,16,16,6669,,2026-10-03 23:11:52
Album11823,Album11823,itunes:ar,204585794,12,12,3144.321,,2026-10-05 07:52:42
Album11825,Album11825,itunes:ru,322781050,12,12,3192.259,,2026-10-05 07:14:43
Album118280,Album118280,youtube,1XWcWrinfNo,1,8,10437.041,8,2026-10-05 16:52:15
Album118371,Album118371,itunes:us,173502762,11,11,4087.894,,2026-10-05 07:01:02
Album118372,Album118372,deezer,1004007,8,8,2869,,2026-10-03 23:56:47
Album11837529,Album11837529,itunes:us,1139911711,44,44,8876.741,,2026-10-05 04:19:11
Album11840,Album11840,deezer,77144,10,10,2209,,2026-10-04 00:35:03
Album11855,Album11855,itunes:us,723536885,10,10,3586.4,,2026-10-05 04:08:34
Album1185583,Album1185583,deezer,13542079,17,17,3332,,2026-10-03 23:47:11
Album11857234,Album11857234,itunes:ca,1524853282,20,20,6850.533,,2026-10-05 04:25:27
Album1186,Album1186,deezer,106025,12,12,2165,,2026-10-04 00:38:46
Album1186202,Album1186202,deezer,335234,13,13,2342,,2026-10-03 23:36:44
Album11866817,Album11866817,deezer,303958517,14,14,2705,,2026-10-03 22:31:58
Album118765,Album118765,itunes:us,1109795839,10,10,2374.426,,2026-10-05 07:45:24
Album118793,Album118793,deezer,253105522,10,10,2071,,2026-10-04 00:46:08
Album11890,Album11890,itunes:us,50235531,9,9,2268.839,,2026-10-05 05:22:11
Album118968,Album118968,itunes:us,1531481127,10,10,1812.825,,2026-10-05 07:53:54
Album118995,Album118995,itunes:us,1479746586,16,16,1126.092,,2026-10-05 07:51:51
Album118996,Album118996,deezer,11544556,21,21,2143,,2026-10-03 23:53:41
Album11902837,Album11902837,itunes:us,1527317134,1,1,2272.578,,2026-10-05 05:04:25
Album11902837,Album11902837,youtube,cOqaE_JAEZk,1,8,2280.081,8,2026-10-05 18:58:50
Album11905,Album11905,itunes:us,211676462,10,10,2843.093,,2026-10-05 06:40:52
Album11905017,Album11905017,itunes:us,1528031935,1,1,2102.962,,2026-10-05 07:00:40
Album11905017,Album11905017,youtube,7cjNA-6VqMc,1,8,2102.981,7,2026-10-05 19:17:23
Album11906996,Album11906996,deezer,207790552,3,3,3286,,2026-10-03 23:31:50
Album11906996,Album11906996,youtube,d-mrSj9nUpI,1,8,3286.461,8,2026-10-05 19:03:06
Album11907317,Album11907317,itunes:us,1559340417,9,9,2810.18,,2026-10-05 07:35:14
Album119132,Album119132,itunes:ca,259927418,14,14,2278.694,,2026-10-05 07:36:29
Album1191609,Album1191609,itunes:ca,1480067980,30,30,8574.4,,2026-10-05 07:42:33
Album119188,Album119188,itunes:us,466743760,13,13,2332.036,,2026-10-05 08:23:32
Album11945710,Album11945710,deezer,184472652,14,14,3227,,2026-10-04 00:57:03
Album1194887,Album1194887,deezer,573727101,11,11,4017,,2026-10-04 00:17:53
Album11962400,Album11962400,itunes:cl,1530588657,12,12,4234.998,,2026-10-05 03:18:24
Album119628,Album119628,itunes:us,1571698900,29,29,3762.973,,2026-10-05 04:48:09
Album119685,Album119685,itunes:us,1642710040,10,10,2576.479,,2026-10-05 07:32:17
Album11982529,Album11982529,youtube,b_3VdvTibCI,1,8,1839.481,6,2026-10-05 11:41:50
Album1198607,Album1198607,itunes:au,283302057,19,19,4011.718,,2026-10-05 06:28:00
Album1198700,Album1198700,itunes:gb,883513360,26,26,4145.733,,2026-10-05 04:41:11
Album119887,Album119887,itunes:ca,304784291,9,9,3253.146,,2026-10-05 07:08:17
Album119913,Album119913,itunes:es,738343363,13,13,5099.76,,2026-10-05 07:14:10
Album1199206,Album1199206,itunes:ca,250988421,4,4,3062.093,,2026-10-05 07:30:20
Album119947,Album119947,deezer,614114,12,12,4161,,2026-10-04 00:49:40
Album120052,Album120052,itunes:pl,308714960,20,20,10612.495,,2026-10-05 04:16:45
Album12008623,Album12008623,itunes:us,1691909937,19,19,3822.821,,2026-10-05 06:27:13
Album12009399,Album12009399,itunes:us,1530410291,20,20,6027.827,,2026-10-05 03:21:42
Album120101,Album120101,itunes:ca,426538212,15,15,4556.048,,2026-10-05 06:23:30
Album12023963,Album12023963,itunes:pl,1523724598,10,10,2707.75,,2026-10-05 07:59:24
Album12023989,Album12023989,deezer,136867052,7,7,1623,,2026-10-04 00:32:36
Album12032519,Album12032519,deezer,167864132,11,11,3313,,2026-10-03 23:28:37
Album1203273,Album1203273,itunes:jp,738965063,11,11,2301.931,,2026-10-05 05:07:48
Album12052190,Album12052190,deezer,175987222,7,7,3830,,2026-10-04 01:04:32
Album12052481,Album12052481,deezer,174013292,5,5,2762,,2026-10-03 23:57:09
Album1205408,Album1205408,deezer,208608312,58,58,7899,,2026-10-03 22:36:10
Album1205413,Album1205413,itunes:jp,1544242451,49,49,6915.763,,2026-10-05 04:43:22
Album120565,Album120565,itunes:us,789700892,7,7,2491.36,,2026-10-05 07:09:54
Album120568,Album120568,deezer,3623081,14,14,2737,,2026-10-04 00:34:00
Album1206261,Album1206261,youtube,Crt2c_YKssY,1,8,2033.081,7,2026-10-05 10:02:23
Album120681,Album120681,deezer,9416518,29,29,5319,,2026-10-03 23:18:44
Album120750,Album120750,deezer,41349411,8,8,2561,,2026-10-03 23:21:36
Album12084445,Album12084445,deezer,335492737,10,10,1362,,2026-10-04 00:32:29
Album12085,Album12085,deezer,326572917,10,10,3400,,2026-10-03 23:23:15
Album120860,Album120860,itunes:mx,904101819,4,4,2065.493,,2026-10-05 07:12:47
Album12096,Album12096,deezer,6747767,11,11,2865,,2026-10-04 10:57:29
Album12098,Album12098,itunes:ru,1443011358,12,12,3892.333,,2026-10-05 04:26:57
Album12103,Album12103,deezer,425198,6,6,2489,,2026-10-03 23:52:48
Album12105,Album12105,deezer,122364,7,7,2220,,2026-10-04 00:17:36
Album12108499,Album12108499,itunes:fr,1553265246,1,1,4273.963,,2026-10-05 04:29:53
Album12108499,Album12108499,youtube,MEqgdsbEqAY,1,8,4273.981,8,2026-10-05 19:47:18
Album121167,Album121167,itunes:my,1619724631,11,11,2865.771,,2026-10-05 07:48:40
Album121168,Album121168,itunes:ca,201252773,12,12,3279.699,,2026-10-05 03:27:14
Album12121771,Album12121771,deezer,175933532,11,11,2540,,2026-10-03 23:25:24
Album121253,Album121253,itunes:us,1443880436,15,15,2998.398,,2026-10-05 03:33:03
Album12126,Album12126,itunes:us,217509433,12,12,2419.96,,2026-10-05 04:56:33
Album12127,Album12127,itunes:ca,296207252,10,10,2287.972,,2026-10-05 08:16:21
Album12132,Album12132,itunes:us,1452638802,6,6,1892.134,,2026-10-05 08:17:45
Album121333,Album121333,youtube,WGlTof6_XUs,1,8,3891.741,8,2026-10-05 15:17:34
Album1214,Album1214,itunes:gb,1442965156,16,16,2845.441,,2026-10-05 07:36:08
Album12144,Album12144,youtube,o0Gw9inciQs,1,8,2469.021,8,2026-10-05 17:14:17
Album121449,Album121449,itunes:us,1533454689,10,10,2408.441,,2026-10-05 04:08:43
Album12146,Album12146,deezer,201080412,12,12,2294,,2026-10-03 22:41:11
Album1215,Album1215,itunes:us,887379162,12,12,2264.801,,2026-10-05 08:14:37
Album1215322,Album1215322,itunes:gb,1439125315,13,13,4471.853,,2026-10-05 04:45:04
Album12154,Album12154,itunes:us,1363890872,19,19,3857.374,,2026-10-05 07:42:04
Album1215663,Album1215663,itunes:us,111172527,13,13,4147.597,,2026-10-05 07:18:26
Album1215901,Album1215901,itunes:ca,580814178,9,9,2685.201,,2026-10-05 07:24:48
Album1215914,Album1215914,itunes:us,580837350,15,15,2652.642,,2026-10-05 08:20:40
Album121639,Album121639,deezer,82408422,10,10,4736,,2026-10-04 00:58:21
Album12166155,Album12166155,deezer,1052448642,12,12,2294,,2026-10-03 22:28:07
Album121739,Album121739,deezer,967436591,8,8,2451,,2026-10-03 23:48:54
Album121840,Album121840,deezer,6481342,4,4,3483,,2026-10-03 22:45:41
Album1219791,Album1219791,itunes:us,1522275917,6,6,2035.25,,2026-10-05 08:09:37
Album12198042,Album12198042,deezer,506971601,14,14,3004,,2026-10-03 22:26:24
Album12207,Album12207,deezer,90392,11,11,2968,,2026-10-04 00:50:57
Album12207878,Album12207878,deezer,255655702,6,6,2682,,2026-10-04 00:04:56
Album12220506,Album12220506,deezer,1062647691,11,11,3277,,2026-10-04 04:32:08
Album12224227,Album12224227,itunes:us,1744583090,6,6,3612.506,,2026-10-05 06:27:36
Album12226938,Album12226938,itunes:us,1726975881,10,10,3151.653,,2026-10-05 06:57:28
Album122339,Album122339,deezer,6709209,11,11,4181,,2026-10-04 00:29:03
Album1223570,Album1223570,deezer,547284072,4,4,1955,,2026-10-04 03:31:13
Album122368,Album122368,itunes:us,1166769632,4,4,2915.401,,2026-10-05 07:27:09
Album122387,Album122387,itunes:ca,358181835,10,10,3570.183,,2026-10-05 07:13:24
Album12246,Album12246,deezer,301533,7,7,2621,,2026-10-04 01:02:55
Album122593,Album122593,itunes:us,1452261785,8,8,3531.428,,2026-10-05 05:12:45
Album122598,Album122598,itunes:us,1452213111,4,4,4583.427,,2026-10-05 07:49:10
Album122603,Album122603,youtube,FMfGLNrLvGA,1,8,3682.341,8,2026-10-04 21:02:12
Album12263249,Album12263249,deezer,189110242,4,4,2766,,2026-10-03 23:23:59
Album12263563,Album12263563,youtube,qZJgfm3pA-o,1,8,1530.041,5,2026-10-05 16:07:22
Album12265,Album12265,deezer,78169,12,12,2913,,2026-10-04 00:23:51
Album12277737,Album12277737,deezer,621991801,18,18,3019,,2026-10-03 23:20:47
Album122862,Album122862,youtube,2Rxw9Malg-U,1,8,3136.321,8,2026-10-05 17:35:37
Album122881,Album122881,itunes:se,1086172167,4,4,2305.306,,2026-10-05 08:13:34
Album12299,Album12299,deezer,898262822,10,10,3125,,2026-10-03 23:01:00
Album1231218,Album1231218,deezer,241494322,4,4,2631,,2026-10-03 22:33:46
Album123169,Album123169,itunes:us,93550706,16,16,4022,,2026-10-05 07:57:09
Album12334584,Album12334584,youtube,eve71DbyQ8U,1,8,3591.381,8,2026-10-05 12:03:11
Album123407,Album123407,deezer,7295343,16,16,4347,,2026-10-03 23:00:20
Album123436,Album123436,youtube,kSqr66nXHH8,1,8,2848.041,8,2026-10-05 09:24:52
Album123476,Album123476,deezer,11666422,10,10,2387,,2026-10-03 23:46:58
Album12350568,Album12350568,youtube,Wi6SA-YW308,1,8,2991.021,8,2026-10-05 10:53:25
Album12350857,Album12350857,itunes:us,1538638200,12,12,4641.001,,2026-10-05 06:47:00
Album123592,Album123592,itunes:ca,1529082921,4,4,5291.719,,2026-10-05 07:03:30
Album123618,Album123618,deezer,77373,14,14,2275,,2026-10-04 01:01:01
Album123633,Album123633,itunes:us,535924520,8,8,2422.267,,2026-10-05 07:10:03
Album12364277,Album12364277,youtube,RCUCxMOtVbs,1,8,3080.441,8,2026-10-05 19:46:08
Album123651,Album123651,youtube,fGzg3BfkSyg,1,8,3644.481,8,2026-10-05 11:13:31
Album12369832,Album12369832,youtube,F4QRg73fwYM,1,8,3427.221,8,2026-10-05 16:14:26
Album12376716,Album12376716,deezer,946804301,12,12,2387,,2026-10-04 04:35:45
Album123818,Album123818,youtube,P6mh8m6pNXw,1,8,2192.741,7,2026-10-05 17:32:36
Album12388944,Album12388944,youtube,OnSgIikz1K0,1,8,2286.901,8,2026-10-04 20:39:14
Album123934,Album123934,deezer,6236292,13,13,4577,,2026-10-04 00:11:21
Album12394162,Album12394162,deezer,191869342,9,9,2162,,2026-10-04 00:34:30
Album123944,Album123944,itunes:se,707627569,7,7,2312.987,,2026-10-05 08:04:21
Album123951,Album123951,youtube,3XYwRL53Dp8,1,8,4203.021,8,2026-10-05 10:51:51
Album12401804,Album12401804,deezer,170787912,12,12,2817,,2026-10-03 23:56:43
Album1241,Album1241,deezer,301328,11,11,2428,,2026-10-04 01:00:29
Album124108,Album124108,itunes:us,968867217,19,19,4498.832,,2026-10-05 04:32:10
Album12414489,Album12414489,deezer,193382352,8,8,2682,,2026-10-03 22:45:46
Album124271,Album124271,deezer,484876865,8,8,2717,,2026-10-03 22:57:12
Album12428402,Album12428402,deezer,196432632,18,18,3190,,2026-10-03 23:48:29
Album1243,Album1243,deezer,301802,12,12,3209,,2026-10-03 23:10:55
Album12433,Album12433,itunes:us,1452576704,23,23,3658.977,,2026-10-05 06:59:33
Album12436696,Album12436696,itunes:ca,1648876528,14,14,2920.157,,2026-10-05 08:19:41
Album1244,Album1244,deezer,819536251,12,12,2884,,2026-10-03 23:36:12
Album1244153,Album1244153,deezer,273232,4,4,3402,,2026-10-04 10:57:15
Album12451,Album12451,itunes:us,1440794254,10,10,3050.6,,2026-10-05 04:04:00
Album1245386,Album1245386,deezer,374654647,18,18,4063,,2026-10-03 22:53:12
Album12454,Album12454,itunes:gb,1440656407,8,8,2371.959,,2026-10-05 07:29:33
Album12462,Album12462,itunes:us,771784195,18,18,3708.694,,2026-10-05 08:27:17
Album12463,Album12463,itunes:se,121007755,9,9,2161.454,,2026-10-05 07:25:53
Album12465,Album12465,deezer,388011697,10,10,2832,,2026-10-04 04:36:19
Album12473116,Album12473116,itunes:us,1674697617,1,1,4026.176,,2026-10-05 04:44:16
Album12473116,Album12473116,youtube,x1jox15QyWI,1,8,4026.201,8,2026-10-05 18:49:05
Album124755,Album124755,youtube,ZB51taDpPZg,1,8,4230.441,8,2026-10-04 20:43:16
Album124756,Album124756,deezer,861639312,5,5,2628,,2026-10-03 22:25:07
Album124758,Album124758,deezer,861639322,6,6,2347,,2026-10-03 22:31:18
Album1247752,Album1247752,itunes:us,1536370779,13,13,2648.4,,2026-10-05 03:39:42
Album12478128,Album12478128,youtube,yMzJ7LrDnTw,1,8,2257.221,8,2026-10-05 16:06:29
Album12493,Album12493,deezer,252742,9,9,2264,,2026-10-03 22:39:32
Album125,Album125,deezer,185283282,25,25,4586,,2026-10-03 23:54:09
Album125022,Album125022,itunes:it,1443998256,11,11,2945.173,,2026-10-05 07:07:16
Album125056,Album125056,itunes:gb,310537691,6,6,1879.108,,2026-10-05 04:27:37
Album125071,Album125071,itunes:gb,1492396148,15,15,3958.801,,2026-10-05 06:22:05
Album125122,Album125122,deezer,553849702,8,8,2926,,2026-10-04 04:23:01
Album125150,Album125150,deezer,222986802,10,10,2704,,2026-10-04 04:17:34
Album125405,Album125405,itunes:us,269842191,20,20,4314.854,,2026-10-05 04:57:46
Album1254776,Album1254776,itunes:tw,1753731389,3,3,4429.986,,2026-10-05 04:55:23
Album1254776,Album1254776,youtube,usXmoJaB7P0,1,8,4436.461,8,2026-10-05 18:55:29
Album12549,Album12549,deezer,901495832,22,22,4679,,2026-10-04 00:10:36
Album12552778,Album12552778,deezer,223057232,8,8,4265,,2026-10-04 00:18:41
Album125548,Album125548,itunes:us,682118685,15,15,3763.493,,2026-10-05 04:13:44
Album12556853,Album12556853,itunes:es,1547853174,19,19,8654.732,,2026-10-05 04:28:36
Album125590,Album125590,deezer,369510437,14,14,2613,,2026-10-04 03:57:40
Album125618,Album125618,itunes:us,321137399,12,12,1455.72,,2026-10-05 03:38:33
Album1258561,Album1258561,itunes:se,1442464123,11,11,2423.4,,2026-10-05 03:18:17
Album1258929,Album1258929,deezer,874858782,6,6,3106,,2026-10-03 23:09:41
Album125959,Album125959,itunes:mx,207021427,10,10,3039.693,,2026-10-05 03:29:15
Album12602877,Album12602877,itunes:ca,1559705285,6,6,3855.534,,2026-10-05 04:48:34
Album126101,Album126101,deezer,337890,12,12,2542,,2026-10-04 10:54:26
Album12614,Album12614,deezer,311703,8,8,4194,,2026-10-04 00:07:16
Album1262786,Album1262786,deezer,708547731,19,19,2737,,2026-10-04 00:00:08
Album12629849,Album12629849,deezer,851825862,11,11,3167,,2026-10-04 03:32:55
Album1263812,Album1263812,itunes:ca,1050835254,16,16,2881.92,,2026-10-05 07:54:08
Album12642,Album12642,itunes:us,1452181812,23,23,3156.998,,2026-10-05 08:05:47
Album126585,Album126585,deezer,326758,6,6,2662,,2026-10-04 01:06:30
Album12663,Album12663,itunes:us,5509977,11,11,4440.426,,2026-10-05 07:17:29
Album126655,Album126655,itunes:ca,1085161463,4,4,4479,,2026-10-05 03:26:13
Album126788,Album126788,itunes:se,724499900,6,6,2382.227,,2026-10-05 06:51:59
Album12682452,Album12682452,itunes:de,1552498873,12,12,3030.991,,2026-10-05 04:45:34
Album12687179,Album12687179,itunes:us,1550697816,9,9,2797.445,,2026-10-05 03:59:56
Album126901,Album126901,deezer,921799081,11,11,1659,,2026-10-04 05:05:55
Album12695,Album12695,deezer,6967629,14,14,3090,,2026-10-03 23:01:29
Album12696,Album12696,deezer,6967498,11,11,2663,,2026-10-03 23:05:22
Album12701698,Album12701698,deezer,357232707,13,13,2794,,2026-10-04 00:05:47
Album127034,Album127034,deezer,206677402,5,5,6721,,2026-10-03 22:31:29
Album1270438,Album1270438,itunes:us,264671967,12,12,2972.761,,2026-10-05 08:08:05
Album12724504,Album12724504,deezer,371606587,16,16,3993,,2026-10-03 22:26:12
Album12728560,Album12728560,deezer,625368981,14,14,2394,,2026-10-03 23:27:50
Album12729197,Album12729197,itunes:us,1556328117,5,5,5404.126,,2026-10-05 04:05:48
Album12736749,Album12736749,itunes:us,1612867237,10,10,2186.895,,2026-10-05 04:04:48
Album127431,Album127431,itunes:ru,204090090,14,14,3487.36,,2026-10-05 03:15:36
Album127432,Album127432,itunes:ru,208038050,14,14,4065.439,,2026-10-05 03:14:42
Album12747,Album12747,itunes:gb,724890114,8,8,2345.561,,2026-10-05 07:44:03
Album1275512,Album1275512,deezer,1481458,12,12,2843,,2026-10-04 00:47:30
Album12756508,Album12756508,deezer,226589002,9,9,2478,,2026-10-04 05:06:11
Album127590,Album127590,itunes:gb,1443409726,10,10,2185.587,,2026-10-05 05:20:22
Album12764534,Album12764534,itunes:ca,1597899560,3,3,2437.939,,2026-10-05 07:59:38
Album1276546,Album1276546,youtube,cVwOWbT5bR8,1,8,3070.221,8,2026-10-05 12:21:35
Album1276644,Album1276644,deezer,341844147,12,12,3581,,2026-10-04 04:43:34
Album127673,Album127673,deezer,633025931,12,12,3226,,2026-10-04 04:38:51
Album1277453,Album1277453,itunes:us,49331091,3,3,2743.174,,2026-10-05 05:21:48
Album12779,Album12779,itunes:us,358238100,10,10,2026.889,,2026-10-05 06:40:32
Album127826,Album127826,itunes:hu,1526762507,8,8,2619.733,,2026-10-05 06:53:00
Album127837,Album127837,deezer,1401734,4,4,2053,,2026-10-03 23:48:07
Album12785,Album12785,deezer,3536811,13,13,2179,,2026-10-04 04:32:57
Album127892,Album127892,deezer,701324871,15,15,912,,2026-10-03 22:51:59
Album12799,Album12799,deezer,334284,12,12,2829,,2026-10-03 23:35:49
Album12801966,Album12801966,deezer,249317062,54,54,11642,,2026-10-03 22:51:12
Album12802,Album12802,deezer,334342,10,10,2974,,2026-10-04 00:14:16
Album128114,Album128114,deezer,78364152,6,6,1813,,2026-10-04 00:59:56
Album128126,Album128126,itunes:us,1443070852,14,14,4342.601,,2026-10-05 03:27:08
Album12813,Album12813,itunes:us,714712254,9,9,2557,,2026-10-05 08:01:01
Album12814,Album12814,deezer,10709660,7,7,2730,,2026-10-03 23:22:15
Album12817,Album12817,itunes:ru,1452634824,5,5,2803.268,,2026-10-05 06:58:43
Album1283,Album1283,itunes:au,1031074480,12,12,3065.692,,2026-10-05 06:58:38
Album128363,Album128363,deezer,168885582,21,21,1773,,2026-10-03 23:53:04
Album128376,Album128376,youtube,WnGkz21KyHI,1,8,4084.181,8,2026-10-05 10:48:12
Album12840497,Album12840497,deezer,801272711,18,18,5342,,2026-10-04 03:56:59
Album1285,Album1285,deezer,2380331,12,12,2588,,2026-10-03 22:25:43
Album12858151,Album12858151,youtube,weYekRewoOE,1,8,5454.021,8,2026-10-05 09:10:39
Album12871,Album12871,itunes:se,1443774511,11,11,2477.04,,2026-10-05 08:25:59
Album128920,Album128920,itunes:pl,1856185388,9,9,3440.346,,2026-10-05 07:41:09
Album12898861,Album12898861,itunes:au,1585586381,18,18,6888.212,,2026-10-05 04:23:27
Album129010,Album129010,itunes:ru,1136683355,7,7,3722.08,,2026-10-05 03:28:43
Album12924217,Album12924217,itunes:us,1549541978,9,9,1800.002,,2026-10-05 07:55:00
Album129258,Album129258,itunes:cl,79561088,12,12,7469.641,,2026-10-05 07:38:10
Album12931347,Album12931347,deezer,203835132,11,11,2877,,2026-10-04 00:30:31
Album1293934,Album1293934,itunes:us,1189762165,10,10,3283.001,,2026-10-05 04:49:25
Album129449,Album129449,deezer,1529398,12,12,4279,,2026-10-03 22:58:21
Album129500,Album129500,itunes:us,1751344588,15,15,466.881,,2026-10-05 07:06:52
Album129553,Album129553,youtube,xiCINCLPQFo,1,8,3190.281,8,2026-10-05 15:19:55
Album129555,Album129555,youtube,ALYzADVTing,1,8,3205.141,8,2026-10-05 15:08:16
Album129557,Album129557,itunes:us,269238473,1,1,3630.733,,2026-10-05 04:05:12
Album129557,Album129557,youtube,8vW6Cx04Duk,1,8,3636.421,8,2026-10-05 17:42:13
Album129559,Album129559,itunes:au,269238567,1,1,3829.96,,2026-10-05 08:24:16
Album129559,Album129559,youtube,Lp5NA4xIjFg,1,8,3835.021,8,2026-10-05 19:42:17
Album1297119,Album1297119,youtube,oQ0-1aG-tiE,1,8,2346.301,8,2026-10-04 20:54:35
Album1298555,Album1298555,youtube,lSiUHThrWbg,1,8,2630.161,8,2026-10-05 16:26:36
Album1299439,Album1299439,youtube,f116YZsKuAU,1,8,2618.041,8,2026-10-05 11:45:36
Album129996,Album129996,itunes:us,308704342,27,27,14732.748,,2026-10-05 04:33:50
Album13,Album13,deezer,12047958,12,12,2095,,2026-10-03 23:38:19
Album13000406,Album13000406,itunes:us,1562265761,45,45,11442.357,,2026-10-05 03:22:35
Album1300142,Album1300142,youtube,0VVPA0InqfA,1,8,2738.701,8,2026-10-05 15:55:31
Album13019053,Album13019053,youtube,THjekE5p2aw,1,8,4080.861,8,2026-10-04 20:46:49
Album130194,Album130194,deezer,15600910,11,11,3998,,2026-10-03 23:20:10
Album130213,Album130213,deezer,11323626,15,15,3465,,2026-10-04 00:23:04
Album13026830,Album13026830,deezer,793591191,10,10,4049,,2026-10-04 04:54:40
Album130341,Album130341,deezer,6967731,10,10,2701,,2026-10-04 00:42:11
Album130347,Album130347,deezer,134892972,46,46,4116,,2026-10-04 02:40:16
Album13037276,Album13037276,itunes:us,1768774695,27,27,2961.104,,2026-10-05 06:54:50
Album13038218,Album13038218,itunes:us,1563963179,6,6,2630.982,,2026-10-05 07:56:38
Album130425,Album130425,itunes:us,1443214579,4,4,2479.773,,2026-10-05 05:16:05
Album130439,Album130439,youtube,RLYc-AdU3M4,1,8,1897.661,6,2026-10-05 10:17:02
Album130514,Album130514,youtube,Q1m_etjWDEM,1,8,2982.821,8,2026-10-05 09:03:24
Album130515,Album130515,youtube,ol6Ucy-atik,1,8,2831.421,8,2026-10-05 09:08:29
Album13052676,Album13052676,itunes:ca,1783294639,14,14,4624.484,,2026-10-05 07:16:50
Album13053034,Album13053034,deezer,672726251,16,16,2354,,2026-10-04 00:32:07
Album13056,Album13056,deezer,904930122,21,21,6418,,2026-10-04 02:49:52
Album130619,Album130619,itunes:gb,2489243,15,15,2920.56,,2026-10-05 03:24:50
Album130630,Album130630,itunes:us,677177503,14,14,2541.841,,2026-10-05 05:01:15
Album13068265,Album13068265,itunes:us,1569189303,18,18,6202.402,,2026-10-05 03:23:32
Album1306860,Album1306860,deezer,548673282,53,53,6448,,2026-10-04 01:04:50
Album130690,Album130690,itunes:us,14885740,7,7,2200.894,,2026-10-05 06:18:10
Album1307,Album1307,itunes:us,300953744,20,20,3418.118,,2026-10-05 07:00:16
Album130776,Album130776,youtube,6ZW0xvo_DB0,1,8,2429.841,8,2026-10-05 13:16:18
Album13084454,Album13084454,itunes:it,333420281,12,12,3752.594,,2026-10-05 07:26:51
Album13085,Album13085,deezer,871483742,15,15,4574,,2026-10-04 00:01:27
Album130882,Album130882,deezer,326768,4,4,2620,,2026-10-04 00:37:24
Album130932,Album130932,itunes:us,269681296,1,1,3705.333,,2026-10-05 04:51:49
Album130932,Album130932,youtube,3835BehoBro,1,8,3705.421,8,2026-10-05 18:52:34
Album13096597,Album13096597,itunes:us,1583274318,7,7,2561.907,,2026-10-05 06:56:16
Album130967,Album130967,deezer,305402,5,5,2324,,2026-10-04 00:15:42
Album13100,Album13100,deezer,6958646,10,10,3299,,2026-10-04 00:31:09
Album13101,Album13101,itunes:ru,322607228,10,10,3279.724,,2026-10-05 03:31:23
Album13102566,Album13102566,deezer,319017127,13,13,1939,,2026-10-04 00:56:29
Album131039,Album131039,youtube,wDPLW6MjdT4,1,8,3309.661,8,2026-10-05 12:32:28
Album131054,Album131054,itunes:us,1485028136,12,12,2682,,2026-10-05 07:20:54
Album131056,Album131056,itunes:us,1656625429,9,9,2206.091,,2026-10-05 07:07:44
Album1310901,Album1310901,youtube,T1pqASPXVr0,1,8,4642.341,8,2026-10-05 16:38:01
Album13109555,Album13109555,deezer,126526592,14,14,2950,,2026-10-04 00:39:17
Album13113853,Album13113853,youtube,3rH_GK9TqiY,1,8,3061.121,8,2026-10-05 09:32:04
Album13115312,Album13115312,deezer,231338922,8,8,4669,,2026-10-04 00:12:07
Album13118,Album13118,deezer,12980720,40,40,3630,,2026-10-04 00:33:34
Album13140,Album13140,itunes:us,1452175757,8,8,3584.386,,2026-10-05 03:39:55
Album131553,Album131553,deezer,463217895,16,16,2379,,2026-10-03 23:19:33
Album131654,Album131654,deezer,87165852,5,5,2288,,2026-10-04 00:52:55
Album13175,Album13175,itunes:us,1452250908,11,11,3961.559,,2026-10-05 04:01:17
Album131773,Album131773,deezer,901427172,10,10,3567,,2026-10-04 00:34:46
Album131854,Album131854,deezer,901483692,13,13,4197,,2026-10-04 04:12:42
Album131876,Album131876,itunes:us,1826447266,14,14,2016.386,,2026-10-05 08:26:29
Album13197452,Album13197452,itunes:gb,1571502346,7,7,2648.796,,2026-10-05 08:10:15
Album1319891,Album1319891,deezer,119535672,8,8,3026,,2026-10-04 00:27:18
Album13200,Album13200,itunes:gb,400105520,18,18,3499.226,,2026-10-05 04:58:43
Album13205,Album13205,itunes:us,263084597,26,26,4435.185,,2026-10-05 04:32:57
Album132050,Album132050,itunes:us,1692802275,4,4,2674.88,,2026-10-05 04:01:22
Album13215,Album13215,itunes:se,808278954,9,9,2452.466,,2026-10-05 04:56:59
Album13233,Album13233,itunes:gb,162569251,15,15,5604.295,,2026-10-05 04:00:20
Album1323326,Album1323326,itunes:us,1210187891,6,6,2469.8,,2026-10-05 05:18:50
Album13236219,Album13236219,deezer,382560257,8,8,1160,,2026-10-04 00:43:39
Album1323838,Album1323838,youtube,IUZy-Ql_nbY,1,8,2793.841,8,2026-10-05 09:05:37
Album132593,Album132593,youtube,iA6zHiLz32M,1,8,2253.821,8,2026-10-05 10:10:15
Album132613,Album132613,deezer,6717080,30,30,5287,,2026-10-04 10:54:53
Album13266299,Album13266299,itunes:jp,1582740135,21,21,4539.307,,2026-10-05 04:14:41
Album132813,Album132813,itunes:se,1459572477,7,7,2312.773,,2026-10-05 06:52:32
Album132818,Album132818,itunes:se,713585254,8,8,2569.532,,2026-10-05 05:18:55
Album132819,Album132819,itunes:us,1598580820,7,7,2172.757,,2026-10-05 04:49:44
Album132821,Album132821,deezer,87807842,14,14,2833,,2026-10-04 10:53:01
Album13288,Album13288,itunes:us,57998623,10,10,2125.934,,2026-10-05 06:29:55
Album13288512,Album13288512,itunes:de,1568199645,10,10,4295.695,,2026-10-05 03:26:45
Album133192,Album133192,itunes:us,640372387,29,29,6598.8,,2026-10-05 06:32:33
Album13322,Album13322,deezer,847569602,7,7,2531,,2026-10-03 22:53:37
Album133238,Album133238,youtube,d0LWv4J7ARc,1,8,13382.441,8,2026-10-05 10:17:59
Album133331,Album133331,itunes:us,711921678,8,8,2640,,2026-10-05 04:52:28
Album13334289,Album13334289,deezer,562380301,9,9,2069,,2026-10-04 00:28:05
Album133348,Album133348,itunes:cl,1621230441,5,5,2516.444,,2026-10-05 06:25:39
Album13339,Album13339,itunes:us,1484367079,17,17,4781.246,,2026-10-05 05:23:47
Album133421,Album133421,deezer,11635012,9,9,2403,,2026-10-03 22:36:55
Album1335283,Album1335283,itunes:ph,1761925595,3,3,4101.64,,2026-10-05 06:32:09
Album13359645,Album13359645,deezer,793047701,5,5,3220,,2026-10-03 22:32:51
Album133635,Album133635,deezer,188562722,9,9,2218,,2026-10-04 00:12:31
Album133636,Album133636,deezer,188656142,11,11,2671,,2026-10-03 23:58:25
Album13367683,Album13367683,deezer,251184752,15,15,2091,,2026-10-03 23:46:31
Album1337,Album1337,deezer,14590596,12,12,3751,,2026-10-04 01:08:01
Album13370,Album13370,deezer,906032922,15,15,4725,,2026-10-04 05:16:36
Album133719,Album133719,itunes:ru,302168887,18,18,5369.201,,2026-10-05 08:07:40
Album133733,Album133733,deezer,91255372,11,11,4478,,2026-10-04 00:31:41
Album133797,Album133797,youtube,JRa13QP8wEo,1,8,3021.021,8,2026-10-05 17:17:47
Album133819,Album133819,itunes:us,724751887,9,9,2536.547,,2026-10-05 06:32:42
Album13394,Album13394,youtube,zdPCt5ZEf40,1,8,4192.681,8,2026-10-04 20:43:48
Album13395,Album13395,youtube,fUSGujidgns,1,8,4115.101,8,2026-10-05 09:17:45
Album1339931,Album1339931,deezer,240676872,10,10,2854,,2026-10-03 22:38:35
Album134046,Album134046,youtube,9RUGa4gggmg,1,8,2416.641,8,2026-10-05 18:19:50
Album13405639,Album13405639,itunes:us,1577144720,8,8,2192,,2026-10-05 07:25:19
Album1341244,Album1341244,deezer,84179332,3,3,2458,,2026-10-03 22:43:56
Album13418053,Album13418053,deezer,249593972,14,14,2643,,2026-10-04 00:26:39
Album1342,Album1342,deezer,381131,11,11,2812,,2026-10-03 23:41:46
Album1342324,Album1342324,deezer,120320,7,7,2155,,2026-10-04 01:05:03
Album1342772,Album1342772,deezer,824452111,10,10,2192,,2026-10-03 23:13:01
Album134281,Album134281,deezer,299160,14,14,3142,,2026-10-04 03:27:12
Album13431,Album13431,itunes:us,532919299,10,10,1983.053,,2026-10-05 08:00:41
Album13432,Album13432,itunes:us,198225633,12,12,2120.8,,2026-10-05 07:39:58
Album134370,Album134370,youtube,5Tc1K5HVU_Q,1,8,2766.061,8,2026-10-05 15:22:40
Album13438,Album13438,itunes:ca,1443566849,15,15,2340.747,,2026-10-05 05:18:46
Album13444117,Album13444117,deezer,244189802,16,16,4213,,2026-10-04 00:42:00
Album13458474,Album13458474,itunes:jp,1579826439,10,10,2589.852,,2026-10-05 04:51:57
Album13460,Album13460,deezer,1681815,1,1,1736,,2026-10-04 00:24:14
Album13460,Album13460,youtube,GwrV0qCX1LU,1,8,1736.441,6,2026-10-05 19:20:47
Album13461,Album13461,youtube,6cR8Ic3F5eM,1,8,3823.261,8,2026-10-05 17:16:26
Album13462,Album13462,deezer,1681814,3,3,2498,,2026-10-03 23:18:37
Album13462,Album13462,youtube,t1tNiXNhTrU,1,8,2501.341,8,2026-10-05 18:57:45
Album134684,Album134684,itunes:us,1583235434,22,22,4497.84,,2026-10-05 06:49:28
Album13473,Album13473,itunes:us,1743961194,11,11,3129.373,,2026-10-05 04:08:48
Album134742,Album134742,deezer,71778772,19,19,1481,,2026-10-03 22:48:09
Album13475,Album13475,deezer,920405601,18,18,2933,,2026-10-04 03:40:34
Album134752,Album134752,youtube,rl4DnYwjjuU,1,8,1600.121,5,2026-10-05 10:48:37
Album13477,Album13477,itunes:gb,1442552515,9,9,2410.254,,2026-10-05 05:01:34
Album1347841,Album1347841,deezer,953568781,7,7,2436,,2026-10-03 22:57:04
Album134795,Album134795,deezer,273537192,14,14,3538,,2026-10-03 23:21:19
Album134879,Album134879,itunes:it,712923280,8,8,2152.027,,2026-10-05 07:15:41
Album13489696,Album13489696,deezer,593594322,2,2,2773,,2026-10-04 00:55:18
Album13489696,Album13489696,youtube,l9zM2uYS_9Y,1,8,2774.941,8,2026-10-05 13:22:10
Album13489981,Album13489981,deezer,249454122,20,20,5995,,2026-10-03 22:29:36
Album13490266,Album13490266,deezer,660978231,7,7,1847,,2026-10-04 01:04:05
Album13517870,Album13517870,deezer,506976641,16,16,4216,,2026-10-03 22:42:01
Album13525122,Album13525122,deezer,254771042,8,8,2658,,2026-10-04 00:02:03
Album13526,Album13526,deezer,329693,5,5,2471,,2026-10-04 00:52:32
Album135305,Album135305,deezer,87716662,10,10,3613,,2026-10-04 00:02:48
Album13531153,Album13531153,itunes:pl,1581763161,23,23,5488.673,,2026-10-05 04:34:48
Album135358,Album135358,deezer,6786186,9,9,3089,,2026-10-04 00:50:09
Album13537890,Album13537890,deezer,494648381,8,8,3180,,2026-10-04 00:08:41
Album13542,Album13542,deezer,326572827,11,11,3137,,2026-10-03 23:46:42
Album13548,Album13548,deezer,301929,19,19,5539,,2026-10-04 00:07:33
Album13551814,Album13551814,deezer,265770192,8,8,4528,,2026-10-03 23:22:21
Album13554801,Album13554801,itunes:ca,905867142,43,43,3460.32,,2026-10-05 05:07:23
Album1357795,Album1357795,deezer,785505651,11,11,1716,,2026-10-03 22:53:57
Album135814,Album135814,itunes:ru,363088449,6,6,3963.583,,2026-10-05 04:21:28
Album135887,Album135887,itunes:th,1604252027,6,6,2332.678,,2026-10-05 03:17:58
Album13589,Album13589,deezer,575235201,12,12,2884,,2026-10-04 00:33:45
Album13591,Album13591,deezer,8604554,10,10,3093,,2026-10-04 00:03:18
Album13592,Album13592,deezer,8604614,12,12,3418,,2026-10-03 23:13:27
Album1360,Album1360,itunes:au,301010550,12,12,3248.625,,2026-10-05 04:25:58
Album13605244,Album13605244,itunes:us,1582713618,11,11,2941.731,,2026-10-05 06:56:44
Album13605578,Album13605578,youtube,O9rfJXoZwok,1,8,2030.741,7,2026-10-05 15:51:52
Album1360913,Album1360913,youtube,EZtRmics7Ng,1,8,2637.181,8,2026-10-05 10:33:12
Album1361027,Album1361027,itunes:ru,1460468728,13,13,4754.281,,2026-10-05 07:33:21
Album13616247,Album13616247,itunes:hk,1586253585,17,17,4757.094,,2026-10-05 04:34:14
Album136327,Album136327,youtube,_ksrYXmie84,1,8,3676.461,8,2026-10-05 11:57:44
Album136332,Album136332,deezer,6232174,4,4,3048,,2026-10-04 00:45:00
Album1364356,Album1364356,itunes:us,397167689,10,10,4503.15,,2026-10-05 08:24:28
Album136510,Album136510,itunes:us,321075820,24,24,9332.406,,2026-10-05 04:28:11
Album136517,Album136517,itunes:us,1101451489,4,4,4470.026,,2026-10-05 04:29:24
Album136539,Album136539,itunes:us,1396572634,13,13,4672.414,,2026-10-05 03:20:52
Album136545,Album136545,itunes:ca,46734067,12,12,3417.88,,2026-10-05 04:13:55
Album13658,Album13658,itunes:ca,276583153,1,1,1881.333,,2026-10-05 04:33:26
Album13685,Album13685,itunes:us,723627224,12,12,2655.38,,2026-10-05 03:23:26
Album13687,Album13687,itunes:pl,164155874,10,10,3224.718,,2026-10-05 07:27:01
Album13689222,Album13689222,deezer,260175572,20,20,3820,,2026-10-03 23:06:20
Album13718004,Album13718004,deezer,267607582,13,13,3423,,2026-10-03 23:00:24
Album13721,Album13721,itunes:us,1457766714,13,13,2450.2,,2026-10-05 03:23:39
Album137224,Album137224,deezer,289110,14,14,4016,,2026-10-04 00:12:43
Album13722592,Album13722592,youtube,Q4KGeDDWt-w,1,8,11324.041,8,2026-10-05 10:13:03
Album13732156,Album13732156,deezer,259715552,23,23,2781,,2026-10-03 22:34:58
Album13736579,Album13736579,itunes:us,1578206191,10,10,2313.309,,2026-10-05 06:36:18
Album1374096,Album1374096,itunes:ar,373770323,11,11,6233.2,,2026-10-05 08:15:14
Album13746,Album13746,deezer,279622622,17,17,6271,,2026-10-04 04:41:45
Album13748432,Album13748432,deezer,353422007,5,5,3522,,2026-10-03 23:13:06
Album137491,Album137491,deezer,673195,5,5,3282,,2026-10-03 22:29:02
Album13759490,Album13759490,deezer,698481311,11,11,2479,,2026-10-04 00:40:14
Album137669,Album137669,itunes:us,724465582,5,5,2916.386,,2026-10-05 04:06:08
Album13772956,Album13772956,itunes:us,1589307523,7,7,5480.814,,2026-10-05 08:17:02
Album1377929,Album1377929,itunes:us,155662613,16,16,3686.185,,2026-10-05 04:37:01
Album13782727,Album13782727,deezer,262031322,14,14,5346,,2026-10-03 23:03:50
Album137918,Album137918,itunes:us,1499420334,43,43,8154.143,,2026-10-05 04:11:33
Album13808440,Album13808440,deezer,266736702,12,12,1891,,2026-10-04 01:00:37
Album13817042,Album13817042,itunes:us,1593984888,19,19,8140.807,,2026-10-05 04:54:02
Album13820,Album13820,deezer,1399859,6,6,2115,,2026-10-04 00:49:20
Album138213,Album138213,youtube,FlUx5cPLAM0,1,8,2448.401,8,2026-10-05 13:28:26
Album138285,Album138285,itunes:se,464223183,7,7,1606.68,,2026-10-05 08:23:22
Album138293,Album138293,itunes:ca,1528638050,6,6,2980.507,,2026-10-05 07:21:59
Album138298,Album138298,youtube,HqL8w4w_3_A,1,8,2265.061,8,2026-10-05 13:26:57
Album138315,Album138315,itunes:se,1442732080,7,7,2391.293,,2026-10-05 06:24:36
Album13833721,Album13833721,deezer,1007385791,6,6,2586,,2026-10-04 00:45:27
Album13834,Album13834,itunes:us,73585668,9,9,4429.54,,2026-10-05 03:36:16
Album13835,Album13835,itunes:us,73590353,6,6,3779.966,,2026-10-05 04:09:26
Album138355,Album138355,itunes:us,968865092,9,9,4449.146,,2026-10-05 03:15:56
Album13836,Album13836,itunes:us,73590466,5,5,4343.306,,2026-10-05 07:09:58
Album13838,Album13838,itunes:us,149123852,5,5,4632.894,,2026-10-05 08:21:48
Album13839,Album13839,itunes:us,338230389,4,4,4609.053,,2026-10-05 06:50:38
Album1384334,Album1384334,itunes:es,1440511541,11,11,3026.508,,2026-10-05 07:19:21
Album13854590,Album13854590,deezer,903780072,12,12,3560,,2026-10-03 23:21:11
Album138615,Album138615,deezer,158089,10,10,2772,,2026-10-03 22:57:24
Album138639,Album138639,deezer,363837927,9,9,2282,,2026-10-03 23:09:58
Album138647,Album138647,itunes:us,872514385,6,6,1954.253,,2026-10-05 08:10:34
Album1386527,Album1386527,itunes:ca,1621525974,11,11,3260.188,,2026-10-05 07:56:02
Album13866,Album13866,itunes:ua,1443913825,11,11,2875.385,,2026-10-05 08:18:56
Album13866006,Album13866006,deezer,347554077,11,11,2218,,2026-10-04 00:06:41
Album138724,Album138724,itunes:us,1452290560,9,9,2834.24,,2026-10-05 03:17:14
Album13872637,Album13872637,deezer,272396892,13,13,5395,,2026-10-03 22:33:12
Album138764,Album138764,deezer,160729,5,5,2475,,2026-10-03 23:01:25
Album13880740,Album13880740,deezer,347218567,8,8,1961,,2026-10-04 01:05:33
Album13883,Album13883,deezer,323353,6,6,2429,,2026-10-04 00:56:12
Album13884723,Album13884723,deezer,271282912,12,12,3232,,2026-10-04 00:09:35
Album1390,Album1390,deezer,5300121,14,14,3564,,2026-10-04 05:05:14
Album1391,Album1391,deezer,76056042,12,12,2925,,2026-10-04 03:44:40
Album139181,Album139181,youtube,HvL4JwYkE5I,1,8,2675.921,8,2026-10-05 12:35:29
Album13920009,Album13920009,itunes:us,1593865252,4,4,2221.083,,2026-10-05 07:51:08
Album13935,Album13935,youtube,6Mz5rR0y0fM,1,8,2348.801,8,2026-10-05 17:21:52
Album1394,Album1394,deezer,320898377,12,12,3030,,2026-10-04 03:44:56
Album13943,Album13943,deezer,319940,12,12,3035,,2026-10-04 00:06:03
Album13950,Album13950,itunes:ru,1442814730,12,12,4731.201,,2026-10-05 04:58:01
Album13958,Album13958,itunes:us,357957243,10,10,2395.901,,2026-10-05 07:51:13
Album13971,Album13971,deezer,562769,17,17,3721,,2026-10-04 10:56:20
Album13986,Album13986,youtube,OGQBdEAo9RM,1,8,2349.381,8,2026-10-05 12:01:00
Album13989,Album13989,deezer,678964,19,19,5027,,2026-10-04 00:25:12
Album13995,Album13995,deezer,3957941,10,10,3271,,2026-10-04 00:54:47
Album1400314,Album1400314,deezer,13360237,8,8,2767,,2026-10-03 23:48:45
Album14005,Album14005,itunes:us,723551508,7,7,3220.707,,2026-10-05 06:41:51
Album14012000,Album14012000,deezer,453994425,4,4,2292,,2026-10-03 23:06:25
Album14014257,Album14014257,deezer,298422982,16,16,3619,,2026-10-04 00:21:21
Album14022636,Album14022636,itunes:ca,1797010985,12,12,2630.611,,2026-10-05 07:50:45
Album140288,Album140288,itunes:hu,724032945,8,8,1987.959,,2026-10-05 06:52:22
Album14033,Album14033,deezer,730539311,15,15,3334,,2026-10-04 00:31:37
Album140404,Album140404,itunes:us,1452165149,30,30,5082.001,,2026-10-05 04:33:17
Album140503,Album140503,deezer,59827442,12,12,3130,,2026-10-03 22:39:46
Album140523,Album140523,deezer,92197,11,11,2329,,2026-10-04 00:36:10
Album1406,Album1406,itunes:se,1655984531,19,19,3536.079,,2026-10-05 07:54:51
Album140664,Album140664,itunes:us,1452133985,4,4,3367.833,,2026-10-05 07:49:00
Album14068,Album14068,deezer,226811962,9,9,2288,,2026-10-04 00:28:22
Album14076321,Album14076321,deezer,427826737,7,7,3489,,2026-10-03 23:55:27
Album140766,Album140766,itunes:us,1452221185,5,5,3708.427,,2026-10-05 06:55:00
Album14077,Album14077,deezer,344691,10,10,3110,,2026-10-03 22:27:52
Album14077957,Album14077957,deezer,801253611,8,8,2641,,2026-10-04 02:48:37
Album14084729,Album14084729,itunes:gb,1594653981,15,15,3974.641,,2026-10-05 04:53:22
Album14086529,Album14086529,youtube,sJ9EoIFlTH0,1,8,7123.381,8,2026-10-05 09:27:16
Album140871,Album140871,deezer,365528,6,6,2118,,2026-10-04 00:43:04
Album14095423,Album14095423,deezer,291817252,26,26,4964,,2026-10-04 00:21:59
Album141011,Album141011,itunes:se,904165734,4,4,2376.52,,2026-10-05 05:01:39
Album141132,Album141132,itunes:ca,1452246311,18,18,4353.866,,2026-10-05 04:35:31
Album14117712,Album14117712,youtube,6AusQa0ZSlA,1,8,1455.521,5,2026-10-05 12:02:06
Album14123,Album14123,itunes:es,723474144,8,8,3029.36,,2026-10-05 08:08:23
Album14124,Album14124,itunes:es,715745115,6,6,2120.908,,2026-10-05 07:33:42
Album1413511,Album1413511,youtube,cjTsvATQH0o,1,8,3076.241,8,2026-10-05 11:55:20
Album14135973,Album14135973,deezer,280952961,9,9,1752,,2026-10-04 00:05:39
Album14136440,Album14136440,itunes:us,1600175612,15,15,3063.56,,2026-10-05 07:08:52
Album14137901,Album14137901,deezer,354724997,3,3,1660,,2026-10-04 01:06:10
Album14137901,Album14137901,youtube,xcO76vO3rAk,1,8,1660.541,6,2026-10-05 19:40:59
Album14139990,Album14139990,itunes:us,1614402720,117,117,19345.257,,2026-10-05 04:44:20
Album141406,Album141406,youtube,rLn7DotzI8Q,1,8,3897.181,8,2026-10-05 16:31:33
Album1414337,Album1414337,deezer,14168146,4,4,4755,,2026-10-03 22:32:27
Album14149056,Album14149056,itunes:us,1603432351,4,4,1074.853,,2026-10-05 07:05:14
Album14153,Album14153,deezer,352278,11,11,3368,,2026-10-03 23:59:41
Album14158,Album14158,itunes:gb,204123139,13,13,7047.285,,2026-10-05 07:29:59
Album141628,Album141628,itunes:hu,1599424897,7,7,2582.363,,2026-10-05 07:39:02
Album1416295,Album1416295,deezer,9765364,17,17,4307,,2026-10-03 23:39:55
Album141647,Album141647,itunes:ec,378025286,12,12,3803.359,,2026-10-05 08:28:40
Album141652,Album141652,deezer,373900427,7,7,5721,,2026-10-03 22:32:15
Album1417766,Album1417766,deezer,460536205,6,6,889,,2026-10-03 22:56:41
Album1417775,Album1417775,deezer,116806402,13,13,5168,,2026-10-04 00:15:05
Album1417781,Album1417781,itunes:us,1695650070,9,9,1098.534,,2026-10-05 06:37:33
Album141819,Album141819,deezer,1043523,6,6,3655,,2026-10-03 23:08:38
Album1418630,Album1418630,itunes:us,491739496,19,19,2675.855,,2026-10-05 04:26:37
Album1419,Album1419,itunes:us,1726660068,10,10,2102.453,,2026-10-05 05:11:39
Album14197,Album14197,youtube,Q9Mc83zlIq0,1,8,6318.061,8,2026-10-04 20:52:53
Album14207,Album14207,youtube,bWebqCRw7o4,1,8,2658.981,8,2026-10-05 15:12:12
Album142085,Album142085,deezer,365927,17,17,2640,,2026-10-04 00:01:59
Album14208962,Album14208962,itunes:us,1740403498,26,26,6482.651,,2026-10-05 07:01:50
Album14211765,Album14211765,deezer,311327877,9,9,2416,,2026-10-03 22:59:38
Album1421694,Album1421694,youtube,0aTC599dqGY,1,8,2506.061,8,2026-10-05 16:02:01
Album1421793,Album1421793,deezer,6654419,12,12,3366,,2026-10-03 23:30:32
Album14218017,Album14218017,deezer,278152802,12,12,2350,,2026-10-03 23:02:05
Album14219067,Album14219067,deezer,679042291,10,10,2692,,2026-10-03 23:40:36
Album142221,Album142221,deezer,6404871,25,25,5597,,2026-10-03 22:42:25
Album142284,Album142284,itunes:es,873486765,9,9,1797.268,,2026-10-05 03:36:48
Album14230090,Album14230090,deezer,720966011,10,10,2673,,2026-10-04 00:24:37
Album14231240,Album14231240,deezer,722211791,11,11,3060,,2026-10-03 23:33:15
Album14233,Album14233,itunes:br,723439783,10,10,2493.866,,2026-10-05 04:43:17
Album14234,Album14234,youtube,mjmNJodRqLE,1,8,2424.061,8,2026-10-05 12:27:31
Album14236124,Album14236124,deezer,6780415,16,16,4216,,2026-10-03 23:50:51
Album14237,Album14237,itunes:se,713950373,11,11,2118.76,,2026-10-05 04:35:12
Album14237082,Album14237082,deezer,312161577,12,12,2154,,2026-10-04 00:59:09
Album14244,Album14244,itunes:us,716358096,13,13,1880.267,,2026-10-05 07:16:30
Album142497,Album142497,youtube,iu6T3VOXHaQ,1,8,1565.021,5,2026-10-05 18:08:53
Album1425010,Album1425010,youtube,k7frd2ZxPoY,1,8,3500.121,8,2026-10-05 09:33:43
Album142530,Album142530,itunes:us,1452218292,21,21,7243.479,,2026-10-05 03:16:09
Album1426102,Album1426102,deezer,71160352,10,10,1265,,2026-10-03 22:50:55
Album14261751,Album14261751,deezer,309545447,10,10,2660,,2026-10-04 00:56:47
Album142691,Album142691,itunes:us,118638433,8,8,2588.707,,2026-10-05 04:10:36
Album142708,Album142708,itunes:us,307796620,42,42,21596.371,,2026-10-05 06:20:44
Album14274106,Album14274106,deezer,494648441,2,2,2532,,2026-10-04 00:01:20
Album14278294,Album14278294,itunes:ca,1633657124,7,7,2673.119,,2026-10-05 07:25:08
Album142791,Album142791,itunes:us,470032486,24,24,3684.918,,2026-10-05 05:23:16
Album14284897,Album14284897,deezer,607973002,10,10,2020,,2026-10-04 00:36:18
Album14286054,Album14286054,deezer,296993332,12,12,2885,,2026-10-03 23:11:28
Album142961,Album142961,deezer,742860551,8,8,2061,,2026-10-04 00:15:13
Album14297,Album14297,deezer,122610892,20,20,3052,,2026-10-04 01:06:14
Album14298,Album14298,itunes:us,56194227,11,11,2945.227,,2026-10-05 08:09:23
Album14298657,Album14298657,deezer,801253691,14,14,5998,,2026-10-03 22:50:44
Album142993,Album142993,deezer,7721645,8,8,3010,,2026-10-04 03:36:16
Album142996,Album142996,deezer,817232971,2,2,368,,2026-10-04 10:53:23
Album1430376,Album1430376,itunes:us,1005042213,16,16,2283.728,,2026-10-05 04:46:33
Album143089,Album143089,itunes:se,905584086,3,3,2637.893,,2026-10-05 04:31:49
Album143089,Album143089,youtube,XVHc-0Urxzw,1,8,2675.101,8,2026-10-05 18:44:47
Album1431189,Album1431189,deezer,89440882,15,15,2932,,2026-10-03 23:33:45
Album143227,Album143227,deezer,668581,7,7,2651,,2026-10-04 00:23:38
Album143228,Album143228,deezer,395541,10,10,3462,,2026-10-04 00:47:17
Album14338522,Album14338522,deezer,817278141,8,8,13956,,2026-10-03 23:07:50
Album1433935,Album1433935,deezer,8267408,9,9,4159,,2026-10-04 00:29:55
Album14344807,Album14344807,youtube,4PIv7g6HASs,1,8,2668.521,8,2026-10-05 10:32:44
Album14348,Album14348,youtube,1y8UWlhUP4M,1,8,2043.181,7,2026-10-04 20:36:52
Album143489,Album143489,deezer,692405781,7,7,2204,,2026-10-03 22:51:08
Album143490,Album143490,itunes:us,1788541992,8,8,2099.664,,2026-10-05 06:26:45
Album143502,Album143502,itunes:ni,682175018,12,12,2618.185,,2026-10-05 05:05:48
Album143534,Album143534,youtube,kTEJ1lbPvHQ,1,8,2491.461,8,2026-10-05 17:30:52
Album1436545,Album1436545,deezer,7029071,10,10,3097,,2026-10-04 00:50:41
Album14367639,Album14367639,itunes:us,1775789003,10,10,1388.242,,2026-10-05 05:21:11
Album14368,Album14368,deezer,319439,15,15,3385,,2026-10-04 00:51:21
Album1436919,Album1436919,itunes:us,1776475583,8,8,2871.761,,2026-10-05 07:48:45
Album14371,Album14371,youtube,YmNkGQm1YE4,1,8,2508.321,8,2026-10-05 17:42:44
Album1438986,Album1438986,youtube,7TFo9zLdY2I,1,8,2994.061,8,2026-10-05 08:52:52
Album14390,Album14390,deezer,6958293,11,11,2466,,2026-10-04 00:50:25
Album1439046,Album1439046,itunes:ru,447429514,96,96,37422.881,,2026-10-05 05:15:19
Album143905,Album143905,itunes:ru,331894378,13,13,3126.794,,2026-10-05 08:18:31
Album14393977,Album14393977,itunes:us,1609679462,9,9,2364.105,,2026-10-05 04:54:47
Album143991,Album143991,itunes:se,724781957,5,5,3247.36,,2026-10-05 07:47:01
Album144003,Album144003,itunes:us,724198827,5,5,2266.16,,2026-10-05 07:00:01
Album144104,Album144104,deezer,815413951,8,8,2138,,2026-10-03 22:54:38
Album144156,Album144156,deezer,152718162,6,6,2208,,2026-10-04 00:51:28
Album14416,Album14416,itunes:us,1440913570,15,15,2891.666,,2026-10-05 07:35:04
Album14420937,Album14420937,deezer,292563092,20,20,3308,,2026-10-04 00:14:49
Album144214,Album144214,itunes:se,1470179316,14,14,2034.692,,2026-10-05 07:34:28
Album144366,Album144366,itunes:us,1452205240,5,5,4336,,2026-10-05 04:36:57
Album14438929,Album14438929,deezer,950854341,11,11,3327,,2026-10-04 00:14:21
Album14443,Album14443,itunes:us,1523943961,7,7,2561.256,,2026-10-05 07:15:31
Album144432,Album144432,itunes:se,1443798806,11,11,1778.882,,2026-10-05 07:37:21
Album144510,Album144510,youtube,CjcJouhNH3o,1,8,1805.021,6,2026-10-05 12:30:25
Album1445854,Album1445854,deezer,996390281,31,31,2540,,2026-10-03 22:48:38
Album14460484,Album14460484,itunes:us,1765004476,12,12,4946.561,,2026-10-05 04:14:18
Album144712,Album144712,itunes:us,1443215727,4,4,2694.92,,2026-10-05 05:11:29
Album1447526,Album1447526,youtube,pQKzmcW1ERY,1,8,2774.841,8,2026-10-05 17:10:48
Album144788,Album144788,deezer,242419,7,7,2128,,2026-10-04 00:52:11
Album1448082,Album1448082,itunes:ca,1512610919,25,25,3993.767,,2026-10-05 07:06:43
Album14481930,Album14481930,youtube,OfkWvFE0wt0,1,8,4071.041,8,2026-10-05 10:57:17
Album14491838,Album14491838,deezer,311155477,16,16,4820,,2026-10-04 00:06:31
Album14496,Album14496,itunes:us,1169557746,11,11,5669.6,,2026-10-05 04:03:18
Album14502,Album14502,itunes:us,1035385518,6,6,2526.715,,2026-10-05 04:09:13
Album145049,Album145049,deezer,901407982,8,8,2371,,2026-10-04 04:36:47
Album14507668,Album14507668,deezer,625380401,13,13,2344,,2026-10-03 22:28:12
Album145189,Album145189,youtube,_-JiJ-QAOZw,1,8,2383.701,8,2026-10-05 17:03:54
Album14529087,Album14529087,deezer,301018357,21,21,1969,,2026-10-03 23:55:19
Album145317,Album145317,deezer,11319524,8,8,3268,,2026-10-03 23:35:29
Album14532781,Album14532781,deezer,528674712,60,60,10739,,2026-10-04 00:07:21
Album14534085,Album14534085,deezer,348380787,13,13,4538,,2026-10-03 23:07:19
Album14537578,Album14537578,deezer,303495357,9,9,1849,,2026-10-03 23:40:03
Album145386,Album145386,itunes:gb,1452569634,23,23,8905.627,,2026-10-05 04:46:04
Album1454842,Album1454842,itunes:us,1440743651,9,9,3778.384,,2026-10-05 04:20:50
Album145504,Album145504,itunes:us,1452185847,21,21,6551,,2026-10-05 04:28:06
Album145645,Album145645,deezer,6291744,6,6,7848,,2026-10-03 23:59:45
Album145661,Album145661,itunes:ie,688705735,4,4,2853.094,,2026-10-05 04:34:33
Album14569596,Album14569596,itunes:us,1614688265,10,10,3138.161,,2026-10-05 03:33:30
Album145754,Album145754,deezer,742143191,2,2,1037,,2026-10-03 22:54:57
Album145754,Album145754,youtube,PgPIGQSvU9c,1,8,4442.001,8,2026-10-05 18:47:41
Album14578267,Album14578267,itunes:us,1609976944,11,11,3270.32,,2026-10-05 08:02:06
Album14578496,Album14578496,deezer,721888871,15,15,4112,,2026-10-04 00:10:44
Album145803,Album145803,itunes:ca,80001358,14,14,2453.733,,2026-10-05 04:27:23
Album1459603,Album1459603,itunes:us,1804996894,9,9,2660.186,,2026-10-05 04:39:02
Album1460162,Album1460162,deezer,2216011,7,7,3167,,2026-10-04 00:04:03
Album14615,Album14615,itunes:pa,1452305513,13,13,3468.427,,2026-10-05 07:21:39
Album14621252,Album14621252,deezer,312577007,13,13,3198,,2026-10-04 00:00:44
Album14621767,Album14621767,deezer,303228007,10,10,2723,,2026-10-04 00:36:14
Album146228,Album146228,itunes:us,307800748,25,25,12295.186,,2026-10-05 04:15:02
Album146284,Album146284,itunes:us,152321813,7,7,3378.333,,2026-10-05 06:44:47
Album14632565,Album14632565,deezer,320447577,13,13,4324,,2026-10-04 00:24:25
Album1463474,Album1463474,itunes:us,285172287,10,10,2509.96,,2026-10-05 05:15:41
Album14639,Album14639,itunes:mx,1045646029,10,10,2832,,2026-10-05 07:26:12
Album1463907,Album1463907,itunes:gb,722195218,11,11,1747.56,,2026-10-05 08:02:28
Album14640,Album14640,itunes:us,1499688300,9,9,2936.24,,2026-10-05 05:20:17
Album146447,Album146447,itunes:se,724976982,9,9,3075.36,,2026-10-05 06:44:18
Album1466874,Album1466874,deezer,164134962,22,22,4421,,2026-10-04 00:29:06
Album14687591,Album14687591,deezer,322019377,19,19,4717,,2026-10-03 22:29:15
Album14689901,Album14689901,deezer,779863091,12,12,2763,,2026-10-04 03:59:11
Album14693648,Album14693648,deezer,328273987,12,12,2422,,2026-10-03 23:16:38
Album14695539,Album14695539,itunes:jp,1647500209,9,9,2973,,2026-10-05 06:32:00
Album147000,Album147000,itunes:es,1497564253,10,10,2365.573,,2026-10-05 07:51:55
Album14701351,Album14701351,deezer,295119502,8,8,3983,,2026-10-04 00:32:54
Album147020,Album147020,itunes:us,216994034,7,7,3323.388,,2026-10-05 04:08:30
Album14707992,Album14707992,deezer,1101540792,8,8,1964,,2026-10-04 03:21:24
Album14728198,Album14728198,deezer,486458615,12,12,2469,,2026-10-04 01:10:42
Album14741829,Album14741829,deezer,329841197,10,10,2334,,2026-10-03 22:25:55
Album147474,Album147474,itunes:ca,1690393730,11,11,2817.854,,2026-10-05 07:26:42
Album14749054,Album14749054,deezer,466339905,9,9,2289,,2026-10-03 22:55:23
Album14751,Album14751,itunes:gb,1444015023,5,5,2287.907,,2026-10-05 07:20:49
Album1475176,Album1475176,itunes:ru,1051710444,9,9,2986.598,,2026-10-05 03:35:31
Album14755149,Album14755149,deezer,334665897,8,8,2638,,2026-10-03 23:21:07
Album1476,Album1476,itunes:gb,1440947810,28,28,6930.255,,2026-10-05 06:32:28
Album14760985,Album14760985,youtube,IRzj0ogqlC4,1,8,2176.041,7,2026-10-05 14:51:00
Album14763,Album14763,deezer,1345120,18,18,3567,,2026-10-03 23:51:00
Album14764519,Album14764519,deezer,322071687,10,10,1534,,2026-10-04 00:18:04
Album14773,Album14773,youtube,B3apkywzYf0,1,8,5484.041,8,2026-10-05 17:29:11
Album14775,Album14775,deezer,1401246,6,6,5067,,2026-10-03 23:44:35
Album14780,Album14780,deezer,98074,4,4,3578,,2026-10-03 22:59:03
Album14783654,Album14783654,itunes:us,1671207839,7,7,2223.865,,2026-10-05 08:26:04
Album14784,Album14784,itunes:us,157428642,10,10,3554.679,,2026-10-05 04:08:39
Album14785733,Album14785733,deezer,347676027,10,10,2651,,2026-10-03 23:26:51
Album14786957,Album14786957,deezer,340077257,16,16,3734,,2026-10-03 22:57:16
Album14789080,Album14789080,itunes:us,1620095921,12,12,2699.199,,2026-10-05 08:24:11
Album14791,Album14791,deezer,330371,9,9,3448,,2026-10-04 00:11:17
Album14791975,Album14791975,deezer,320318417,10,10,2762,,2026-10-04 00:30:56
Album14792,Album14792,itunes:hu,1452809187,19,19,5863.827,,2026-10-05 05:14:11
Album14793,Album14793,youtube,mNn78K8D7NU,1,8,2282.661,8,2026-10-05 17:21:20
Album14793281,Album14793281,deezer,328309727,18,18,4985,,2026-10-03 23:24:15
Album14795,Album14795,youtube,2t88stnbP0g,1,8,2303.041,8,2026-10-05 17:17:10
Album14796,Album14796,youtube,fBzQP6QprBI,1,8,2580.041,8,2026-10-05 18:15:55
Album14798814,Album14798814,deezer,321686967,20,20,3767,,2026-10-04 00:42:31
Album14800772,Album14800772,youtube,UH6y4gtpY7U,1,8,6250.901,8,2026-10-05 11:28:13
Album148037,Album148037,itunes:se,1538070214,7,7,2215.52,,2026-10-05 06:28:33
Album14804741,Album14804741,deezer,816543901,7,7,2974,,2026-10-04 00:45:19
Album14808496,Album14808496,youtube,ET_MOQqrx9g,1,8,3242.621,8,2026-10-05 11:42:29
Album148095,Album148095,itunes:us,1443118270,18,18,4125.375,,2026-10-05 07:01:12
Album14809711,Album14809711,deezer,742630421,10,10,2571,,2026-10-04 00:55:46
Album14810421,Album14810421,deezer,330454407,18,18,3222,,2026-10-03 23:55:51
Album14810540,Album14810540,deezer,352669077,7,7,3590,,2026-10-04 00:51:01
Album14818479,Album14818479,deezer,369454397,14,14,2331,,2026-10-03 22:35:29
Album14820154,Album14820154,deezer,660762221,2,2,2013,,2026-10-04 00:34:18
Album14820154,Album14820154,youtube,p3sCtYMRndU,1,8,2013.141,7,2026-10-05 19:22:50
Album148235,Album148235,itunes:us,80005019,7,7,1868.532,,2026-10-05 06:50:57
Album148272,Album148272,deezer,8951797,11,11,3310,,2026-10-04 00:10:17
Album14827852,Album14827852,deezer,332287347,11,11,2574,,2026-10-04 00:22:49
Album148293,Album148293,itunes:us,1451596412,12,12,2575.948,,2026-10-05 06:26:49
Album14829643,Album14829643,itunes:gb,1637107063,8,8,3762.027,,2026-10-05 06:30:47
Album1483377,Album1483377,itunes:au,280763204,10,10,3658,,2026-10-05 07:46:25
Album14838247,Album14838247,deezer,337916517,8,8,2583,,2026-10-03 22:49:38
Album148416,Album148416,itunes:hu,1443276513,4,4,2014.17,,2026-10-05 06:58:34
Album148418,Album148418,deezer,236546992,6,6,2963,,2026-10-03 23:01:04
Album14845117,Album14845117,itunes:us,1633427633,11,11,3141.04,,2026-10-05 06:21:26
Album148464,Album148464,deezer,809335401,12,12,3313,,2026-10-03 23:57:43
Album148485,Album148485,itunes:us,1040856010,9,9,3210.654,,2026-10-05 07:48:31
Album148524,Album148524,youtube,2WGKrebtEE8,1,8,2766.181,8,2026-10-05 12:14:14
Album1485714,Album1485714,itunes:us,1452542624,6,6,3774.68,,2026-10-05 04:32:18
Album148623,Album148623,deezer,9479122,12,12,2476,,2026-10-03 22:39:38
Album14864079,Album14864079,deezer,360906107,15,15,3930,,2026-10-04 00:48:52
Album14867309,Album14867309,deezer,801253731,11,11,4541,,2026-10-03 22:36:23
Album148779,Album148779,deezer,149100,10,10,4257,,2026-10-03 22:54:53
Album14883741,Album14883741,itunes:us,1639350086,6,6,3788.113,,2026-10-05 08:02:42
Album14884760,Album14884760,deezer,372207057,11,11,3459,,2026-10-03 23:30:28
Album148848,Album148848,itunes:us,510627656,14,14,4567.853,,2026-10-05 04:01:44
Album14885427,Album14885427,itunes:us,1622003068,3,3,1030.519,,2026-10-05 08:08:47
Album14885427,Album14885427,youtube,yejBmdcRSvY,1,8,3928.021,8,2026-10-05 19:50:32
Album14885487,Album14885487,deezer,505685371,6,6,4527,,2026-10-03 23:13:19
Album14888135,Album14888135,deezer,350062877,23,23,4243,,2026-10-04 00:44:43
Album148896,Album148896,deezer,100838042,10,10,2528,,2026-10-03 22:54:02
Album14897292,Album14897292,deezer,458628355,13,13,3317,,2026-10-03 22:40:16
Album14897637,Album14897637,itunes:us,1649708073,32,32,7059.021,,2026-10-05 04:17:52
Album1489928,Album1489928,itunes:us,342372201,12,12,2957.592,,2026-10-05 06:57:56
Album149041,Album149041,itunes:hu,6789719159,5,5,2610.566,,2026-10-05 06:32:05
Album14904174,Album14904174,deezer,361793937,7,7,3840,,2026-10-03 23:06:01
Album14904177,Album14904177,deezer,363351577,2,2,1800,,2026-10-04 01:06:51
Album14904177,Album14904177,youtube,MV6OISlhjcg,1,8,1822.501,6,2026-10-05 19:51:00
Album14905002,Album14905002,itunes:us,1636947014,8,8,2246,,2026-10-05 07:42:38
Album14905813,Album14905813,deezer,347469357,10,10,2782,,2026-10-03 22:46:47
Album14912856,Album14912856,deezer,360981187,17,17,2999,,2026-10-04 00:11:12
Album14915160,Album14915160,itunes:us,1640849324,11,11,2293.093,,2026-10-05 03:40:30
Album14916043,Album14916043,deezer,356305517,11,11,1571,,2026-10-04 00:43:00
Album14919,Album14919,itunes:us,1571814225,9,9,3107.493,,2026-10-05 06:45:34
Album14926349,Album14926349,deezer,352573077,12,12,3996,,2026-10-03 22:27:48
Album14929179,Album14929179,deezer,399650237,15,15,3753,,2026-10-04 00:33:42
Album1493119,Album1493119,deezer,1640699,12,12,1717,,2026-10-04 00:59:36
Album14932098,Album14932098,deezer,356138047,10,10,2179,,2026-10-04 00:22:45
Album14933059,Album14933059,deezer,359890017,1,1,207,,2026-10-04 00:23:15
Album14934974,Album14934974,deezer,625354431,12,12,2193,,2026-10-04 04:02:25
Album149381,Album149381,itunes:hu,1460622181,7,7,2571.601,,2026-10-05 07:16:25
Album149407,Album149407,deezer,8859795,1,1,2608,,2026-10-04 00:14:52
Album149407,Album149407,youtube,RZx4e1pdq1Y,1,8,2608.381,8,2026-10-05 19:16:23
Album14942853,Album14942853,deezer,356932527,15,15,4923,,2026-10-04 00:24:10
Album149444,Album149444,itunes:gb,383059588,11,11,2457.526,,2026-10-05 04:37:35
Album14944985,Album14944985,deezer,352125017,7,7,4849,,2026-10-03 23:57:55
Album14947030,Album14947030,deezer,763141971,108,108,15543,,2026-10-04 04:09:03
Album14947233,Album14947233,itunes:us,1650304025,17,17,2832.487,,2026-10-05 07:11:28
Album1495461,Album1495461,itunes:cl,569873891,13,13,2946.56,,2026-10-05 04:53:57
Album149580,Album149580,itunes:us,1444022695,22,22,4731.734,,2026-10-05 03:17:46
Album149598,Album149598,deezer,537883732,13,13,3239,,2026-10-04 02:52:14
Album149599,Album149599,deezer,537883662,16,16,4138,,2026-10-03 22:51:36
Album149601,Album149601,deezer,537883792,16,16,4475,,2026-10-03 22:30:00
Album14961,Album14961,itunes:us,1434354320,8,8,2184.827,,2026-10-05 03:23:45
Album14962453,Album14962453,deezer,371525357,17,17,3102,,2026-10-03 23:02:34
Album14964170,Album14964170,deezer,494263571,11,11,2055,,2026-10-03 23:50:56
Album14965587,Album14965587,itunes:pl,1654725896,7,7,3605.713,,2026-10-05 08:15:05
Album14970,Album14970,itunes:us,1443873515,13,13,3107.851,,2026-10-05 07:58:01
Album149706,Album149706,itunes:ca,1250728858,14,14,2589.863,,2026-10-05 07:22:43
Album14974155,Album14974155,deezer,424094897,8,8,4437,,2026-10-04 00:56:25
Album14975551,Album14975551,deezer,954068321,9,9,1730,,2026-10-03 23:56:39
Album14976053,Album14976053,deezer,1059976542,9,9,2346,,2026-10-04 00:40:44
Album14984337,Album14984337,deezer,414701557,11,11,7303,,2026-10-03 23:44:12
Album149845,Album149845,deezer,826135221,16,16,5490,,2026-10-03 23:04:27
Album14985,Album14985,itunes:ru,1443095701,15,15,3455.987,,2026-10-05 06:32:47
Album1498698,Album1498698,itunes:us,1442662470,12,12,3532.854,,2026-10-05 06:50:19
Album14989270,Album14989270,deezer,799600791,10,10,2272,,2026-10-03 23:55:07
Album14989351,Album14989351,deezer,382320137,14,14,3241,,2026-10-03 23:24:12
Album14992240,Album14992240,deezer,372614437,10,10,2157,,2026-10-04 00:34:04
Album14994238,Album14994238,youtube,OzldqENNDPQ,1,8,2229.781,7,2026-10-05 09:31:33
Album14996430,Album14996430,itunes:us,1653477795,48,48,5859.253,,2026-10-05 04:48:29
Album1500278,Album1500278,deezer,858235082,17,17,3369,,2026-10-03 23:10:15
Album15003203,Album15003203,youtube,JaIndGDPnxo,1,8,3355.421,8,2026-10-05 10:34:40
Album1500486,Album1500486,itunes:us,1766525897,11,11,3520.014,,2026-10-05 06:24:08
Album15004992,Album15004992,deezer,374164497,8,8,1982,,2026-10-04 00:49:49
Album15009546,Album15009546,deezer,401069427,10,10,3541,,2026-10-03 23:40:24
Album15010958,Album15010958,deezer,445993705,56,56,6364,,2026-10-03 22:38:51
Album15011,Album15011,itunes:us,281147840,10,10,4641.867,,2026-10-05 06:38:50
Album150118,Album150118,youtube,YCxdBePtFyc,1,8,2045.901,7,2026-10-05 12:22:02
Album15011959,Album15011959,youtube,TlTXRl1a-oI,1,8,4637.081,8,2026-10-05 10:30:37
Album15012772,Album15012772,itunes:fr,1655755115,9,9,3528.315,,2026-10-05 07:55:52
Album15014810,Album15014810,deezer,996524521,12,12,2342,,2026-10-04 00:39:20
Album15020780,Album15020780,youtube,SRdKXM4ZsPo,1,8,3195.241,8,2026-10-05 10:44:59
Album150241,Album150241,deezer,157805572,17,17,3199,,2026-10-04 10:51:09
Album15029700,Album15029700,deezer,375898517,12,12,2457,,2026-10-04 00:59:28
Album150299,Album150299,itunes:gb,1558763914,18,18,3645.037,,2026-10-05 06:26:59
Album150302,Album150302,itunes:gb,1558591946,9,9,1792.624,,2026-10-05 07:26:28
Album15032054,Album15032054,deezer,405525497,12,12,2720,,2026-10-03 22:56:29
Album150333,Album150333,deezer,271580,21,21,4106,,2026-10-04 01:06:34
Album15033408,Album15033408,deezer,384131297,10,10,2992,,2026-10-03 23:00:56
Album15033484,Album15033484,deezer,420368197,16,16,4665,,2026-10-03 23:35:16
Album15034814,Album15034814,deezer,375821437,8,8,2583,,2026-10-04 00:36:49
Album150362,Album150362,itunes:us,1452175765,23,23,9049.001,,2026-10-05 03:15:03
Album1503635,Album1503635,itunes:us,785372398,10,10,2500.974,,2026-10-05 06:34:21
Album15044117,Album15044117,itunes:pl,1658011542,10,10,3165.839,,2026-10-05 04:42:58
Album15044532,Album15044532,youtube,E5MadagyMMM,1,8,2118.481,7,2026-10-05 12:27:59
Album150459,Album150459,deezer,342553327,10,10,2666,,2026-10-03 23:49:42
Album15046510,Album15046510,deezer,660423911,12,12,2766,,2026-10-04 03:24:39
Album15055739,Album15055739,youtube,GSTM7OHr40g,1,8,5177.121,8,2026-10-05 10:35:51
Album15058321,Album15058321,youtube,dX8sxiDB5Ec,1,8,2431.361,8,2026-10-05 11:40:56
Album15059605,Album15059605,itunes:au,1659585891,7,7,1454.138,,2026-10-05 03:39:22
Album15065718,Album15065718,deezer,556677142,13,13,2571,,2026-10-03 23:19:04
Album1506802,Album1506802,itunes:us,321838062,11,11,2141.515,,2026-10-05 03:18:36
Album15068379,Album15068379,youtube,OKGIllX8cTM,1,8,4995.021,8,2026-10-04 20:38:17
Album15086,Album15086,deezer,15727336,10,10,2405,,2026-10-05 19:53:20
Album151021,Album151021,itunes:ca,206345013,16,16,2810.8,,2026-10-05 06:46:46
Album15102169,Album15102169,itunes:us,1665303573,10,10,3306.92,,2026-10-05 04:15:51
Album151043,Album151043,itunes:se,1735128615,12,12,2210,,2026-10-05 07:53:13
Album1510580,Album1510580,itunes:us,1574273634,12,12,2544.708,,2026-10-05 08:20:16
Album151070,Album151070,itunes:ru,299464663,8,8,2832.503,,2026-10-05 05:19:39
Album1510904,Album1510904,itunes:us,4593455,10,10,2869.665,,2026-10-05 07:38:05
Album15111389,Album15111389,deezer,801327541,86,86,30753,,2026-10-03 22:26:03
Album151116,Album151116,deezer,400400457,10,10,3551,,2026-10-04 00:00:24
Album15113024,Album15113024,itunes:gb,1667418220,11,11,3078.319,,2026-10-05 08:10:06
Album151141,Album151141,deezer,62206322,10,10,1731,,2026-10-03 23:06:29
Album15114941,Album15114941,deezer,395525277,12,12,2244,,2026-10-04 00:28:18
Album15119226,Album15119226,deezer,432532207,10,10,2422,,2026-10-03 23:01:41
Album15121752,Album15121752,deezer,413222817,12,12,4224,,2026-10-03 23:38:43
Album15124360,Album15124360,deezer,435473127,73,73,12041,,2026-10-03 22:49:22
Album151276,Album151276,itunes:us,1206062748,42,42,8876.241,,2026-10-05 05:02:30
Album15133,Album15133,deezer,606376452,16,16,5784,,2026-10-03 23:11:36
Album15133127,Album15133127,itunes:de,1666365029,8,8,2508.663,,2026-10-05 07:33:48
Album15137311,Album15137311,youtube,n3MSRS5GY9I,1,8,7443.341,8,2026-10-05 17:00:09
Album151388,Album151388,youtube,0gwRG9uForA,1,8,3241.001,8,2026-10-05 11:10:55
Album1514044,Album1514044,deezer,161478212,4,4,2185,,2026-10-03 23:04:43
Album1514055,Album1514055,deezer,161486412,4,4,2457,,2026-10-04 03:23:53
Album15142203,Album15142203,deezer,1030564672,13,13,2881,,2026-10-04 01:00:33
Album15144197,Album15144197,itunes:us,1669656789,14,14,3056.999,,2026-10-05 04:39:16
Album15154120,Album15154120,deezer,403297437,9,9,2815,,2026-10-03 23:02:44
Album15163645,Album15163645,deezer,408920087,11,11,1566,,2026-10-04 01:00:26
Album15165057,Album15165057,deezer,409359847,10,10,1481,,2026-10-04 00:12:57
Album15165166,Album15165166,deezer,415190837,14,14,2174,,2026-10-03 22:25:48
Album15167000,Album15167000,itunes:us,1674298155,31,31,5723.073,,2026-10-05 07:48:26
Album15169907,Album15169907,itunes:jp,1675451356,17,17,5331.869,,2026-10-05 04:14:52
Album15176252,Album15176252,deezer,523095622,10,10,1717,,2026-10-03 22:46:39
Album15185782,Album15185782,itunes:us,1663699519,1,1,130.826,,2026-10-05 07:02:18
Album151899,Album151899,itunes:us,140647175,10,10,2455.692,,2026-10-05 07:27:34
Album1519,Album1519,deezer,14359296,17,17,4100,,2026-10-03 23:21:57
Album15190,Album15190,itunes:us,1120070031,12,12,2797.44,,2026-10-05 07:22:48
Album15191,Album15191,deezer,123635,8,8,2427,,2026-10-04 05:05:01
Album15191641,Album15191641,deezer,449839605,14,14,2374,,2026-10-04 01:06:53
Album15195971,Album15195971,deezer,777444231,11,11,2607,,2026-10-03 22:34:25
Album15202416,Album15202416,deezer,432645517,8,8,5219,,2026-10-03 22:26:36
Album15205209,Album15205209,deezer,417659617,17,17,2648,,2026-10-03 22:32:06
Album15205421,Album15205421,itunes:us,1683136556,5,5,4523.929,,2026-10-05 08:12:39
Album15209429,Album15209429,deezer,506976671,13,13,3048,,2026-10-03 22:34:33
Album152134,Album152134,itunes:se,402319784,12,12,2086.908,,2026-10-05 04:41:40
Album15214819,Album15214819,deezer,770873711,9,9,2053,,2026-10-04 00:12:00
Album15216549,Album15216549,deezer,443156685,15,15,2683,,2026-10-04 00:59:16
Album1521673,Album1521673,youtube,ZnWnp6rO5sw,1,8,3245.081,8,2026-10-05 09:05:08
Album15217807,Album15217807,deezer,418785347,15,15,3052,,2026-10-04 00:36:06
Album152182,Album152182,itunes:us,1049041614,8,8,2491.066,,2026-10-05 06:30:19
Album15219139,Album15219139,deezer,421662097,16,16,4241,,2026-10-04 01:05:18
Album1522447,Album1522447,deezer,306079197,13,13,2141,,2026-10-03 23:50:29
Album15229278,Album15229278,deezer,661014181,7,7,2201,,2026-10-04 00:10:02
Album15231367,Album15231367,youtube,WAUPEmsD-RU,1,8,2697.901,8,2026-10-05 15:57:33
Album1523586,Album1523586,itunes:us,1360673668,4,4,2253.241,,2026-10-05 04:18:45
Album15237,Album15237,youtube,MIuA8rHI5GY,1,8,3000.021,8,2026-10-04 20:51:09
Album15239,Album15239,youtube,t6jiuWsRiZQ,1,8,2670.061,8,2026-10-05 11:07:09
Album15242586,Album15242586,itunes:us,1677844587,25,25,12650.436,,2026-10-05 03:29:08
Album15242948,Album15242948,deezer,796701041,12,12,3290,,2026-10-03 22:47:05
Album15248,Album15248,itunes:fr,362015389,9,9,2696.17,,2026-10-05 04:55:03
Album152519,Album152519,itunes:ca,1793850289,10,10,2787.453,,2026-10-05 08:12:57
Album152520,Album152520,deezer,707291371,10,10,2547,,2026-10-04 00:05:11
Album152521,Album152521,itunes:de,1793661506,10,10,2433.546,,2026-10-05 07:37:11
Album15256989,Album15256989,itunes:cl,1704417175,11,11,2662.548,,2026-10-05 08:25:44
Album15259293,Album15259293,deezer,456578265,29,29,5220,,2026-10-03 22:39:13
Album15259705,Album15259705,deezer,1008201471,12,12,2754,,2026-10-04 01:04:09
Album1526304,Album1526304,deezer,8049792,13,13,2599,,2026-10-03 22:57:58
Album15265795,Album15265795,deezer,467106875,9,9,2651,,2026-10-03 23:52:33
Album15266662,Album15266662,deezer,451265215,7,7,2921,,2026-10-03 22:48:25
Album152731,Album152731,deezer,931884181,7,7,2328,,2026-10-04 04:39:58
Album15275834,Album15275834,deezer,433475787,19,19,3210,,2026-10-04 00:56:21
Album15277,Album15277,itunes:ca,1308959325,11,11,2601.107,,2026-10-05 07:58:51
Album15278721,Album15278721,deezer,430125317,10,10,2484,,2026-10-03 23:28:25
Album15278966,Album15278966,youtube,ou0z9kX-_Tc,1,8,579.401,4,2026-10-05 10:24:58
Album15279,Album15279,deezer,381690,11,11,2858,,2026-10-03 22:59:13
Album15283,Album15283,itunes:us,844768342,15,15,3484.678,,2026-10-05 07:21:49
Album15283943,Album15283943,itunes:us,1686538558,11,11,4262.982,,2026-10-05 08:25:12
Album15288258,Album15288258,deezer,448566055,11,11,2458,,2026-10-03 22:49:30
Album15291977,Album15291977,deezer,544189362,17,17,3762,,2026-10-04 00:25:15
Album15292363,Album15292363,itunes:jp,1709765989,8,8,7113.52,,2026-10-05 04:23:22
Album1529848,Album1529848,itunes:us,278472494,14,14,2770.238,,2026-10-05 05:05:32
Album15298902,Album15298902,deezer,440490897,8,8,1834,,2026-10-04 00:14:45
Album15299376,Album15299376,deezer,461813135,5,5,4805,,2026-10-03 22:57:42
Album1530045,Album1530045,itunes:se,1452512728,24,24,2155.294,,2026-10-05 04:33:35
Album15301,Album15301,itunes:us,1469364131,11,11,2436.811,,2026-10-05 06:32:37
Album15301295,Album15301295,itunes:us,1690389672,34,34,6441.506,,2026-10-05 04:43:56
Album15302908,Album15302908,deezer,583101712,17,17,2837,,2026-10-03 23:12:49
Album1530295,Album1530295,youtube,KJQppKI28FY,1,8,3898.561,8,2026-10-04 20:34:05
Album1530403,Album1530403,youtube,mj9T_cOMO1E,1,8,3688.041,8,2026-10-04 20:58:42
Album153050,Album153050,deezer,5283231,2,2,2000,,2026-10-04 02:52:58
Album153050,Album153050,youtube,mLH5DrJrYYg,1,8,2002.001,7,2026-10-05 13:19:50
Album15309448,Album15309448,youtube,BmiC1tz5OOc,1,8,4422.461,8,2026-10-05 16:19:12
Album15309478,Album15309478,itunes:us,1715237160,7,7,2212.895,,2026-10-05 07:30:50
Album153208,Album153208,itunes:se,715785209,10,10,2722.721,,2026-10-05 06:59:57
Album1532107,Album1532107,itunes:us,336649222,10,10,2278.785,,2026-10-05 07:11:38
Album15325413,Album15325413,deezer,449755835,8,8,5798,,2026-10-03 23:14:16
Album15325761,Album15325761,deezer,1064680121,12,12,2329,,2026-10-03 23:32:17
Album15330,Album15330,deezer,925062,17,17,2774,,2026-10-03 23:00:37
Album15331203,Album15331203,deezer,452440235,6,6,1971,,2026-10-04 00:49:36
Album15331292,Album15331292,itunes:us,1761176052,9,9,1666.574,,2026-10-05 08:12:06
Album15335361,Album15335361,itunes:us,1698545258,8,8,2505.836,,2026-10-05 08:21:43
Album15345916,Album15345916,youtube,0v8XOs8wjC0,1,8,2100.061,7,2026-10-05 12:23:34
Album15346134,Album15346134,deezer,467348325,13,13,2610,,2026-10-04 00:05:32
Album15346681,Album15346681,deezer,460772555,13,13,2690,,2026-10-04 00:33:11
Album1535003,Album1535003,itunes:us,1183625697,17,17,5125.549,,2026-10-05 06:25:06
Album15350044,Album15350044,youtube,myzd67ovPZM,1,8,2920.121,8,2026-10-05 12:12:25
Album15354744,Album15354744,itunes:us,1695656682,14,14,3156.245,,2026-10-05 07:59:33
Album15355854,Album15355854,deezer,474138715,14,14,1870,,2026-10-04 00:09:14
Album15357206,Album15357206,deezer,463806515,12,12,2403,,2026-10-03 23:08:50
Album15357251,Album15357251,itunes:us,1695900062,8,8,3222.6,,2026-10-05 08:07:22
Album15361317,Album15361317,deezer,593594332,4,4,2554,,2026-10-04 00:05:20
Album15364685,Album15364685,itunes:us,1699425067,5,5,3161.165,,2026-10-05 07:28:26
Album15364688,Album15364688,itunes:us,1699493093,3,3,1463.318,,2026-10-05 03:38:46
Album15366388,Album15366388,deezer,996362371,7,7,1243,,2026-10-04 00:55:25
Album15366980,Album15366980,deezer,496696771,11,11,2801,,2026-10-03 23:31:53
Album15368387,Album15368387,deezer,468266045,10,10,1884,,2026-10-04 00:16:03
Album15369503,Album15369503,itunes:ca,1719959686,5,5,3570.461,,2026-10-05 06:26:21
Album15370336,Album15370336,deezer,463516585,24,24,5682,,2026-10-03 22:58:58
Album15370956,Album15370956,deezer,550479062,16,16,3611,,2026-10-03 22:49:57
Album15371285,Album15371285,youtube,YT1k1xdGaEY,1,8,3600.841,8,2026-10-05 09:15:02
Album1537157,Album1537157,deezer,746961561,56,56,12431,,2026-10-03 22:32:42
Album15375139,Album15375139,deezer,463824335,11,11,1941,,2026-10-03 23:19:00
Album15380740,Album15380740,deezer,493258281,17,17,3594,,2026-10-03 23:35:13
Album15380788,Album15380788,deezer,797075481,12,12,2715,,2026-10-03 23:14:24
Album15381136,Album15381136,deezer,947628661,9,9,2132,,2026-10-04 00:49:52
Album15381724,Album15381724,itunes:us,1694578755,9,9,3016.302,,2026-10-05 08:27:43
Album15387688,Album15387688,itunes:us,1717021756,37,37,4141.44,,2026-10-05 03:24:12
Album1538994,Album1538994,deezer,421144107,9,9,1724,,2026-10-03 22:43:04
Album153914,Album153914,itunes:gb,1443150676,15,15,2413.281,,2026-10-05 04:10:55
Album15393347,Album15393347,youtube,Hrl0OKVgpA4,1,8,2365.021,8,2026-10-05 14:47:09
Album15396480,Album15396480,youtube,f0CGBSrQlCA,1,8,4294.921,8,2026-10-05 11:30:58
Album15396481,Album15396481,youtube,iyX2AKTsp1I,1,8,5563.821,8,2026-10-05 10:15:39
Album15398551,Album15398551,deezer,466603795,5,5,1786,,2026-10-04 01:01:09
Album15401332,Album15401332,itunes:us,1703065157,3,3,3017.921,,2026-10-05 08:00:52
Album15401332,Album15401332,youtube,wlomrsF7NGY,1,8,3020.021,8,2026-10-05 19:36:20
Album15401342,Album15401342,itunes:hk,1703118276,2,2,4189.437,,2026-10-05 06:31:10
Album15401342,Album15401342,youtube,f-IeJtbZA3k,1,8,4191.021,8,2026-10-05 19:07:37
Album15401548,Album15401548,youtube,RcOc9mdfSpA,1,8,3573.061,8,2026-10-05 09:01:20
Album15402288,Album15402288,deezer,662646181,12,12,5029,,2026-10-03 23:02:38
Album15405405,Album15405405,deezer,477099835,41,41,14185,,2026-10-04 00:41:25
Album15407225,Album15407225,deezer,471667525,10,10,2525,,2026-10-03 22:28:21
Album154091,Album154091,itunes:jp,1832889816,12,12,3467.001,,2026-10-05 04:29:20
Album15414239,Album15414239,deezer,501830061,1,1,128,,2026-10-04 10:51:36
Album15417428,Album15417428,deezer,476995965,9,9,1703,,2026-10-04 00:42:23
Album15419571,Album15419571,deezer,485684855,11,11,1597,,2026-10-04 01:03:28
Album15419627,Album15419627,deezer,466871025,11,11,2787,,2026-10-03 23:51:08
Album15420608,Album15420608,deezer,479408985,10,10,3684,,2026-10-04 00:34:14
Album15421588,Album15421588,itunes:us,1700477149,6,6,2751.807,,2026-10-05 06:48:29
Album15423,Album15423,itunes:mx,1371420166,11,11,2343.294,,2026-10-05 07:54:41
Album15423376,Album15423376,deezer,493742831,14,14,2453,,2026-10-03 22:50:25
Album15434234,Album15434234,deezer,801273561,40,40,20437,,2026-10-03 22:30:12
Album154353,Album154353,itunes:us,1669353587,9,9,2454.878,,2026-10-05 08:18:51
Album15436924,Album15436924,deezer,480542345,15,15,3790,,2026-10-04 00:30:07
Album15442646,Album15442646,itunes:us,1707083530,9,9,2737.565,,2026-10-05 08:03:14
Album15449337,Album15449337,deezer,780092841,1,1,144,,2026-10-04 10:56:43
Album154520,Album154520,itunes:se,383417721,10,10,2427.432,,2026-10-05 07:49:21
Album15454627,Album15454627,deezer,468634395,18,18,3852,,2026-10-03 23:35:09
Album1545577,Album1545577,itunes:us,1443168380,14,14,4321.147,,2026-10-05 05:08:03
Album154634,Album154634,deezer,6209134,10,10,3967,,2026-10-03 23:28:30
Album154635,Album154635,deezer,8638894,10,10,2793,,2026-10-03 23:41:58
Album154637,Album154637,deezer,72769242,12,12,2146,,2026-10-03 22:59:09
Album15465573,Album15465573,youtube,hdfPqNfLPaw,1,8,1900.061,6,2026-10-05 11:21:02
Album1547,Album1547,itunes:us,1677611521,31,31,7990.838,,2026-10-05 05:12:41
Album1547460,Album1547460,itunes:ca,504729321,18,18,4345.906,,2026-10-05 07:05:09
Album15475847,Album15475847,youtube,t38oII8Ek6M,1,8,4212.101,8,2026-10-05 09:18:28
Album15477436,Album15477436,deezer,494249491,15,15,3326,,2026-10-04 00:31:17
Album15477700,Album15477700,deezer,484697765,24,24,3033,,2026-10-03 22:53:16
Album15481333,Album15481333,youtube,5R5e-_ytfj0,1,8,2965.321,8,2026-10-05 10:30:02
Album15482112,Album15482112,deezer,478514945,6,6,1244,,2026-10-04 00:02:44
Album154829,Album154829,deezer,790079791,6,6,2530,,2026-10-04 05:05:59
Album15484014,Album15484014,deezer,772357101,8,8,2895,,2026-10-03 23:29:08
Album15492519,Album15492519,deezer,556249212,14,14,3823,,2026-10-04 01:06:57
Album15497751,Album15497751,deezer,508390151,13,13,2049,,2026-10-04 00:18:23
Album155,Album155,deezer,40761721,15,15,4015,,2026-10-03 23:40:47
Album15501095,Album15501095,itunes:us,1703962865,6,6,2370.943,,2026-10-05 06:51:30
Album15506682,Album15506682,itunes:nz,1711552081,8,8,1767.946,,2026-10-05 05:23:11
Album155073,Album155073,itunes:ru,1136687060,7,7,3321.24,,2026-10-05 08:10:39
Album15512070,Album15512070,deezer,841173692,10,10,2278,,2026-10-03 23:44:23
Album15516,Album15516,deezer,10899024,11,11,2606,,2026-10-04 00:55:37
Album15517924,Album15517924,youtube,-N9suPxYZyE,1,8,6768.821,8,2026-10-04 20:40:14
Album15519043,Album15519043,deezer,542675702,10,10,2576,,2026-10-04 00:20:30
Album15519424,Album15519424,youtube,AA1fa7lh5dY,1,8,8039.821,8,2026-10-05 11:32:16
Album15520852,Album15520852,youtube,zHJBOtpNRaE,1,8,16390.401,8,2026-10-05 10:58:26
Album15527119,Album15527119,itunes:us,1711811842,15,15,3269.92,,2026-10-05 04:23:57
Album15532028,Album15532028,itunes:ca,1714625701,3,3,1263.712,,2026-10-05 07:56:56
Album15534365,Album15534365,itunes:au,1712058597,8,8,3001.082,,2026-10-05 06:59:29
Album15541487,Album15541487,deezer,967932221,15,15,3518,,2026-10-04 00:27:52
Album155439,Album155439,deezer,266880,11,11,2285,,2026-10-04 00:23:30
Album15545448,Album15545448,deezer,530932982,8,8,2714,,2026-10-04 01:09:12
Album1554649,Album1554649,itunes:ca,1691327442,13,13,2575.827,,2026-10-05 06:49:46
Album15547973,Album15547973,deezer,508637901,14,14,2558,,2026-10-03 23:43:28
Album15551326,Album15551326,deezer,503636991,9,9,2168,,2026-10-04 00:57:43
Album15551606,Album15551606,deezer,497335311,11,11,1702,,2026-10-04 00:26:24
Album15553231,Album15553231,deezer,507420741,12,12,2093,,2026-10-03 23:44:27
Album15554724,Album15554724,itunes:us,1715324702,22,22,2644.774,,2026-10-05 07:10:08
Album15560605,Album15560605,deezer,899090252,8,8,2141,,2026-10-03 23:50:05
Album15560807,Album15560807,deezer,507330211,10,10,2803,,2026-10-04 00:09:58
Album15562317,Album15562317,youtube,z81o2Zx6cSo,1,8,4005.201,8,2026-10-04 20:59:01
Album15563218,Album15563218,deezer,503339101,23,23,4203,,2026-10-03 23:18:28
Album155662,Album155662,deezer,299584,16,16,6020,,2026-10-03 23:46:34
Album15568233,Album15568233,deezer,596398342,8,8,2192,,2026-10-04 00:35:41
Album155734,Album155734,itunes:us,1184690089,7,7,2482.065,,2026-10-05 07:28:47
Album155774,Album155774,itunes:us,70682450,17,17,3047.194,,2026-10-05 07:36:40
Album15579948,Album15579948,deezer,507738941,10,10,1792,,2026-10-03 23:36:52
Album155810,Album155810,deezer,1216105,11,11,2811,,2026-10-03 22:51:20
Album155813,Album155813,deezer,1421345,11,11,2745,,2026-10-03 23:03:19
Album155815,Album155815,deezer,1216239,11,11,2756,,2026-10-03 23:00:03
Album15591564,Album15591564,youtube,FaLANJMaxqs,1,8,1363.021,5,2026-10-05 11:38:30
Album155923,Album155923,youtube,OiVNqcT8Gzw,1,8,3791.501,8,2026-10-05 17:39:11
Album15601010,Album15601010,deezer,713384171,10,10,3471,,2026-10-03 23:56:08
Album1560379,Album1560379,itunes:us,1500343246,10,10,1479.894,,2026-10-05 04:59:24
Album156082,Album156082,deezer,366279,11,11,1784,,2026-10-04 00:58:32
Album15611486,Album15611486,deezer,528651862,13,13,3663,,2026-10-03 22:39:21
Album156194,Album156194,itunes:ru,768984531,33,33,14079.759,,2026-10-05 08:03:09
Album15623270,Album15623270,deezer,565732261,7,7,1668,,2026-10-04 00:28:14
Album15623287,Album15623287,deezer,781331051,9,9,1277,,2026-10-03 22:47:36
Album156245,Album156245,itunes:us,1655336285,12,12,2929.261,,2026-10-05 04:11:55
Album15627457,Album15627457,deezer,554037932,12,12,2611,,2026-10-03 22:43:44
Album15634573,Album15634573,youtube,Mn8glKgcR0o,1,8,2655.021,8,2026-10-05 11:35:15
Album15637374,Album15637374,itunes:us,1743057773,5,5,5476.585,,2026-10-05 04:17:22
Album15645967,Album15645967,itunes:ca,1725899915,6,6,3153.345,,2026-10-05 08:27:07
Album15654135,Album15654135,itunes:jp,1734188117,11,11,3270.444,,2026-10-05 05:14:58
Album15654904,Album15654904,deezer,528057162,16,16,4123,,2026-10-03 23:41:38
Album156561,Album156561,itunes:us,1612198529,9,9,3319.797,,2026-10-05 07:38:46
Album15675061,Album15675061,deezer,518381532,11,11,2437,,2026-10-04 00:36:45
Album15679842,Album15679842,deezer,541616272,10,10,2751,,2026-10-03 22:50:47
Album15680757,Album15680757,itunes:us,1725206247,3,3,2801.998,,2026-10-05 07:50:09
Album15686,Album15686,itunes:us,1048474893,10,10,2511.104,,2026-10-05 03:33:16
Album15687,Album15687,itunes:us,1124262519,8,8,2343.3,,2026-10-05 08:13:38
Album15688328,Album15688328,deezer,567734981,10,10,2820,,2026-10-03 22:51:16
Album15692486,Album15692486,deezer,550485632,25,25,4862,,2026-10-04 00:17:12
Album15692744,Album15692744,deezer,560403772,4,4,4765,,2026-10-03 22:37:11
Album15693400,Album15693400,youtube,APTB3bSMaG0,1,8,3886.141,8,2026-10-04 20:35:31
Album15697525,Album15697525,deezer,666634681,9,9,1634,,2026-10-04 00:12:39
Album15698488,Album15698488,deezer,550065052,61,61,9478,,2026-10-03 23:14:36
Album15699650,Album15699650,youtube,SDg1Dv7dDEU,1,8,14114.081,8,2026-10-05 08:58:43
Album15703123,Album15703123,itunes:us,1752708523,27,27,7532.667,,2026-10-05 07:54:17
Album15712476,Album15712476,youtube,_LJi5na897Y,1,8,7341.821,8,2026-10-04 20:46:09
Album157134,Album157134,deezer,120282032,18,18,2956,,2026-10-04 01:10:09
Album15721416,Album15721416,deezer,583469252,10,10,1648,,2026-10-03 23:42:57
Album15723703,Album15723703,deezer,597350882,15,15,2483,,2026-10-03 22:26:40
Album15725947,Album15725947,youtube,1vMPz2_RNww,1,8,3479.301,8,2026-10-05 16:01:03
Album157268,Album157268,itunes:us,307276722,5,5,3138.373,,2026-10-05 06:45:43
Album1572925,Album1572925,itunes:fr,369025308,10,10,3485.129,,2026-10-05 08:28:14
Album15731,Album15731,itunes:us,1580169042,6,6,2318.724,,2026-10-05 07:15:18
Album15735934,Album15735934,deezer,557528532,8,8,2945,,2026-10-03 23:12:45
Album15735937,Album15735937,deezer,572058591,12,12,5176,,2026-10-03 23:18:09
Album15737098,Album15737098,deezer,546999182,7,7,3466,,2026-10-03 22:44:11
Album15745169,Album15745169,itunes:us,1793481100,5,5,1206.248,,2026-10-05 05:04:42
Album15751,Album15751,itunes:ca,1443781297,12,12,1983.225,,2026-10-05 04:54:12
Album15758398,Album15758398,deezer,553347602,10,10,2933,,2026-10-03 23:34:28
Album1576122,Album1576122,deezer,85897762,12,12,2485,,2026-10-03 22:42:43
Album1576333,Album1576333,deezer,238786072,9,9,2454,,2026-10-04 01:09:53
Album157679,Album157679,itunes:cl,713608002,12,12,2699,,2026-10-05 06:20:25
Album157681,Album157681,itunes:pl,713596215,10,10,3000.508,,2026-10-05 07:32:06
Album157726,Album157726,deezer,484876845,10,10,1912,,2026-10-04 00:57:22
Album15780379,Album15780379,deezer,553316742,10,10,1305,,2026-10-04 01:07:24
Album15784099,Album15784099,deezer,568990481,10,10,2754,,2026-10-04 00:45:47
Album15785909,Album15785909,itunes:ca,1867062019,2,2,2936.5,,2026-10-05 07:58:29
Album15785909,Album15785909,youtube,shqm7EDBoyw,1,8,2936.641,8,2026-10-05 19:34:54
Album15791575,Album15791575,deezer,586786102,10,10,2629,,2026-10-04 00:12:24
Album1579350,Album1579350,deezer,216593652,10,10,1867,,2026-10-03 22:28:52
Album15794284,Album15794284,deezer,430332687,11,11,2508,,2026-10-04 00:52:59
Album1579437,Album1579437,itunes:us,619437646,6,6,3615.747,,2026-10-05 04:40:42
Album15796931,Album15796931,itunes:ca,1881490794,4,4,1872.262,,2026-10-05 05:21:39
Album15797,Album15797,deezer,895748322,10,10,3368,,2026-10-04 03:16:18
Album157971,Album157971,itunes:us,31110089,12,12,2176.627,,2026-10-05 07:49:31
Album15797329,Album15797329,deezer,568712361,9,9,1689,,2026-10-03 23:35:32
Album157989,Album157989,youtube,FMfGLNrLvGA,1,8,3682.341,8,2026-10-05 17:34:27
Album157992,Album157992,deezer,295611202,2,2,5060,,2026-10-03 23:03:40
Album157992,Album157992,youtube,uwHIsZKrZhM,1,8,5061.061,8,2026-10-05 18:49:48
Album15810491,Album15810491,itunes:us,1745876644,12,12,3658.25,,2026-10-05 08:09:00
Album15814,Album15814,deezer,234168182,14,14,4590,,2026-10-03 22:57:20
Album15815,Album15815,deezer,2795241,12,12,3747,,2026-10-03 23:06:16
Album15815062,Album15815062,deezer,785252761,14,14,4163,,2026-10-04 00:00:58
Album15815549,Album15815549,deezer,570884511,12,12,2122,,2026-10-03 23:54:58
Album15818,Album15818,itunes:ru,281864519,10,10,2923.599,,2026-10-05 07:45:10
Album15818243,Album15818243,deezer,698241761,30,30,3816,,2026-10-03 23:26:05
Album15819174,Album15819174,deezer,575083101,8,8,1853,,2026-10-03 23:55:15
Album15819952,Album15819952,deezer,572260071,16,16,2439,,2026-10-03 23:35:40
Album15823114,Album15823114,deezer,655574301,9,9,2750,,2026-10-04 00:38:09
Album15823532,Album15823532,deezer,584987892,12,12,1879,,2026-10-03 22:55:35
Album15825472,Album15825472,itunes:jp,1752236405,24,24,4516.854,,2026-10-05 08:17:08
Album15825624,Album15825624,deezer,578253741,16,16,10866,,2026-10-04 00:09:27
Album15839674,Album15839674,deezer,774826601,19,19,3779,,2026-10-04 01:08:53
Album1584151,Album1584151,itunes:us,1525175137,9,9,2556.014,,2026-10-05 06:34:58
Album1584153,Album1584153,itunes:us,1525166758,7,7,3024.694,,2026-10-05 04:55:32
Album15848,Album15848,deezer,901495182,13,13,3191,,2026-10-04 03:30:36
Album15848426,Album15848426,itunes:br,1744432897,18,18,5419.21,,2026-10-05 06:17:36
Album15848558,Album15848558,itunes:us,1743418801,18,18,6051.446,,2026-10-05 05:05:06
Album15850188,Album15850188,deezer,1026044092,7,7,2509,,2026-10-04 10:53:40
Album15850380,Album15850380,deezer,590917952,8,8,2188,,2026-10-04 00:31:46
Album158508,Album158508,itunes:us,63075939,11,11,2517.466,,2026-10-05 03:41:30
Album15852074,Album15852074,deezer,583558842,17,17,2923,,2026-10-04 00:11:26
Album15856743,Album15856743,deezer,576694791,11,11,4386,,2026-10-04 00:50:37
Album15857020,Album15857020,youtube,aQQGSDOH-Qk,1,8,3106.041,8,2026-10-05 12:24:42
Album15859408,Album15859408,deezer,575769721,11,11,2282,,2026-10-03 23:40:27
Album15862,Album15862,deezer,299821,11,11,3246,,2026-10-04 00:14:25
Album15864420,Album15864420,deezer,701016191,11,11,2572,,2026-10-04 00:05:28
Album15866170,Album15866170,deezer,587782472,13,13,2106,,2026-10-04 00:08:57
Album15866317,Album15866317,deezer,812020451,12,12,3969,,2026-10-03 22:33:32
Album15867538,Album15867538,itunes:us,1760208063,10,10,2565,,2026-10-05 07:10:36
Album15870346,Album15870346,deezer,571875931,14,14,3739,,2026-10-04 00:14:54
Album15870579,Album15870579,youtube,6C0fbwQV7FY,1,8,3929.901,8,2026-10-05 16:33:02
Album15872668,Album15872668,itunes:us,1747758640,8,8,1353.633,,2026-10-05 07:59:19
Album15876,Album15876,deezer,251378962,7,7,1840,,2026-10-04 00:36:53
Album15878,Album15878,deezer,121275,10,10,2384,,2026-10-04 00:46:20
Album1588061,Album1588061,youtube,CbdGZwf7-Os,1,8,2512.981,8,2026-10-05 14:47:37
Album15882040,Album15882040,deezer,781399901,13,13,3323,,2026-10-04 04:56:05
Album15882229,Album15882229,deezer,722643751,11,11,1998,,2026-10-04 00:42:04
Album15886505,Album15886505,itunes:jp,1758040357,6,6,5092.894,,2026-10-05 04:20:25
Album1588734,Album1588734,deezer,150022002,4,4,3898,,2026-10-03 22:48:55
Album1588784,Album1588784,deezer,55045412,15,15,3614,,2026-10-04 00:11:01
Album15890601,Album15890601,itunes:ar,1751243365,16,16,1530.002,,2026-10-05 08:09:05
Album15898275,Album15898275,youtube,EPEntisXyQc,1,8,3182.401,8,2026-10-05 16:27:38
Album15901904,Album15901904,deezer,603228052,12,12,2113,,2026-10-04 10:56:38
Album15905,Album15905,itunes:us,1442975380,6,6,2447.643,,2026-10-05 04:02:26
Album15905033,Album15905033,deezer,603305482,12,12,3793,,2026-10-04 00:28:26
Album159073,Album159073,itunes:br,1442232546,12,12,2346.534,,2026-10-05 04:55:52
Album159074,Album159074,itunes:br,552827866,15,15,2886.241,,2026-10-05 04:55:27
Album15910223,Album15910223,deezer,601380722,10,10,18680,,2026-10-04 00:18:01
Album15912276,Album15912276,deezer,594588432,6,6,1623,,2026-10-03 23:35:36
Album159166,Album159166,itunes:us,170115437,15,15,3747.08,,2026-10-05 06:28:28
Album1591870,Album1591870,deezer,849506112,11,11,1891,,2026-10-04 00:02:24
Album15922477,Album15922477,deezer,596478192,9,9,2170,,2026-10-03 23:06:12
Album15922568,Album15922568,deezer,593617182,9,9,2331,,2026-10-03 23:12:41
Album15923812,Album15923812,deezer,786053971,13,13,2453,,2026-10-03 22:31:26
Album15925464,Album15925464,deezer,612613772,6,6,2623,,2026-10-03 22:34:21
Album159256,Album159256,itunes:se,1439087268,22,22,4121.13,,2026-10-05 07:51:41
Album15926895,Album15926895,deezer,598335902,9,9,2610,,2026-10-03 23:51:13
Album15927135,Album15927135,itunes:us,1753124262,20,20,5805.085,,2026-10-05 04:26:41
Album15928,Album15928,itunes:gb,1629661592,8,8,1819.732,,2026-10-05 03:56:56
Album15932154,Album15932154,deezer,608638622,15,15,2566,,2026-10-03 23:09:50
Album159338,Album159338,deezer,864253,12,12,2527,,2026-10-04 00:53:38
Album159352,Album159352,itunes:gb,1471225771,12,12,2234.094,,2026-10-05 08:25:18
Album15936311,Album15936311,deezer,1041693122,6,6,2209,,2026-10-03 23:53:49
Album159365,Album159365,itunes:gb,1443728905,10,10,1790.667,,2026-10-05 08:07:00
Album159374,Album159374,deezer,299364,10,10,2148,,2026-10-03 23:59:55
Album159385,Album159385,deezer,181915022,33,33,3776,,2026-10-03 22:37:29
Album15941993,Album15941993,deezer,930603241,11,11,2180,,2026-10-04 04:48:45
Album15946152,Album15946152,itunes:us,1758755492,9,9,2706.5,,2026-10-05 08:09:33
Album15946974,Album15946974,deezer,739129161,16,16,2311,,2026-10-04 00:21:32
Album15947012,Album15947012,deezer,627242281,12,12,1817,,2026-10-04 00:04:40
Album15947914,Album15947914,itunes:us,1852480024,10,10,2301.398,,2026-10-05 03:35:57
Album15948236,Album15948236,deezer,796709881,15,15,3216,,2026-10-03 22:24:42
Album1594914,Album1594914,itunes:us,968866036,18,18,4288.623,,2026-10-05 04:34:38
Album15951671,Album15951671,deezer,600704112,13,13,3243,,2026-10-04 00:33:52
Album15955706,Album15955706,deezer,598299962,10,10,2562,,2026-10-03 22:48:46
Album15958735,Album15958735,deezer,663601011,11,11,2147,,2026-10-03 23:09:23
Album15958943,Album15958943,deezer,603758602,10,10,2719,,2026-10-03 22:52:47
Album15963143,Album15963143,itunes:nz,1760057427,13,13,2600.772,,2026-10-05 05:05:11
Album15965301,Album15965301,deezer,623892931,10,10,3157,,2026-10-04 00:03:22
Album15966685,Album15966685,youtube,Ua5rdjYY24Q,1,8,2161.821,7,2026-10-05 10:16:36
Album15966719,Album15966719,youtube,kjwPzCmE5gM,1,8,4344.501,8,2026-10-05 09:58:11
Album159704,Album159704,youtube,b4WgqN1jXnw,1,8,2982.069,8,2026-10-05 11:08:08
Album15972969,Album15972969,deezer,622079501,14,14,2476,,2026-10-03 22:41:43
Album15973656,Album15973656,deezer,732950661,13,13,2289,,2026-10-03 23:27:38
Album15978540,Album15978540,deezer,613071502,8,8,2585,,2026-10-03 23:16:09
Album15980088,Album15980088,deezer,727120321,13,13,3251,,2026-10-04 00:44:15
Album1598113,Album1598113,itunes:us,1456089834,8,8,4082.88,,2026-10-05 08:16:48
Album15981764,Album15981764,deezer,631538371,7,7,3678,,2026-10-04 00:29:30
Album15986977,Album15986977,youtube,f2jqzBhvIIs,1,8,1457.261,5,2026-10-05 10:35:14
Album15986985,Album15986985,deezer,717300881,7,7,12190,,2026-10-04 00:41:00
Album15993,Album15993,itunes:hu,40286578,15,15,2688.054,,2026-10-05 07:52:14
Album15994,Album15994,itunes:se,1443114494,15,15,2134.668,,2026-10-05 08:26:39
Album15997970,Album15997970,deezer,610317072,7,7,6170,,2026-10-03 23:40:56
Album15998120,Album15998120,deezer,617165061,8,8,2010,,2026-10-03 23:38:47
Album16003394,Album16003394,deezer,642312861,11,11,3775,,2026-10-03 22:25:59
Album16007895,Album16007895,deezer,644035081,14,14,2120,,2026-10-03 23:15:00
Album16008899,Album16008899,deezer,620277281,11,11,3155,,2026-10-04 00:19:58
Album16010038,Album16010038,deezer,622617311,8,8,2839,,2026-10-04 00:01:55
Album16010597,Album16010597,deezer,616484631,8,8,4104,,2026-10-04 00:34:25
Album160120,Album160120,youtube,vL-uMMc7HTE,1,8,2338.361,8,2026-10-05 19:44:42
Album16013548,Album16013548,deezer,641843551,5,5,3256,,2026-10-04 00:39:44
Album16014764,Album16014764,deezer,630783751,7,7,1677,,2026-10-03 23:14:20
Album16016923,Album16016923,itunes:ca,1760427225,9,9,3361.84,,2026-10-05 08:18:42
Album160181,Album160181,deezer,226439912,10,10,2741,,2026-10-03 23:17:40
Album16020015,Album16020015,youtube,EICF2Ow90Ew,1,8,3241.061,8,2026-10-05 15:35:05
Album16020132,Album16020132,deezer,660972771,7,7,2439,,2026-10-03 22:43:08
Album16025088,Album16025088,deezer,634559241,26,26,4847,,2026-10-03 22:38:26
Album16025131,Album16025131,deezer,647528821,4,4,2156,,2026-10-04 00:44:51
Album16026019,Album16026019,deezer,645607141,1,1,309,,2026-10-04 10:56:55
Album16026453,Album16026453,youtube,ACEtFFGAwHA,1,8,2400.581,8,2026-10-05 11:21:31
Album16028106,Album16028106,youtube,Hc5Mh3PThvU,1,8,2553.561,8,2026-10-05 09:54:50
Album16028192,Album16028192,deezer,954160361,7,7,10527,,2026-10-03 22:25:51
Album1603,Album1603,itunes:gb,380597264,14,14,3717.683,,2026-10-05 07:47:20
Album16032698,Album16032698,deezer,664014951,46,46,13853,,2026-10-04 00:35:49
Album16047812,Album16047812,deezer,662383081,8,8,2962,,2026-10-03 22:33:50
Album16052060,Album16052060,itunes:nz,1760456744,8,8,3024.954,,2026-10-05 03:18:30
Album16056644,Album16056644,deezer,645386901,5,5,2752,,2026-10-04 00:18:49
Album16061206,Album16061206,deezer,930579141,10,10,3367,,2026-10-03 23:07:35
Album16061678,Album16061678,deezer,644784901,12,12,2196,,2026-10-03 23:15:34
Album16062841,Album16062841,deezer,861045802,26,26,7680,,2026-10-03 23:42:52
Album1606294,Album1606294,youtube,w71BuOULu-0,1,8,3022.101,8,2026-10-05 16:29:34
Album16065535,Album16065535,deezer,641380251,9,9,1590,,2026-10-04 00:59:01
Album1606858,Album1606858,deezer,295740452,9,9,2719,,2026-10-03 23:24:52
Album16069752,Album16069752,deezer,662458761,9,9,2540,,2026-10-04 00:22:15
Album16070897,Album16070897,deezer,650734851,11,11,2812,,2026-10-03 23:27:17
Album16073739,Album16073739,deezer,675492771,10,10,4137,,2026-10-03 23:59:59
Album16074876,Album16074876,itunes:us,1770868779,13,13,1099.494,,2026-10-05 06:38:18
Album16075145,Album16075145,deezer,648049271,8,8,3324,,2026-10-04 01:00:02
Album16076801,Album16076801,itunes:pe,1769254348,5,5,5184.716,,2026-10-05 06:56:11
Album161015,Album161015,itunes:us,1494571477,4,4,1062.07,,2026-10-05 07:21:18
Album16102,Album16102,deezer,9076937,15,15,5390,,2026-10-03 22:32:02
Album16104678,Album16104678,deezer,662648981,14,14,3177,,2026-10-03 23:12:07
Album16107,Album16107,itunes:us,789877350,9,9,2529.467,,2026-10-05 07:39:43
Album16110815,Album16110815,deezer,656751811,15,15,2705,,2026-10-03 23:55:02
Album16111,Album16111,youtube,CO1VKARclM4,1,8,3225.041,8,2026-10-04 20:52:07
Album16111803,Album16111803,deezer,846663302,8,8,2534,,2026-10-03 22:52:18
Album161133,Album161133,youtube,1OehOLjlSws,1,8,2002.021,7,2026-10-05 12:29:01
Album161182,Album161182,itunes:us,1442962070,5,5,2684.493,,2026-10-05 06:45:06
Album16118670,Album16118670,youtube,bMzJpIYb5BM,1,8,5264.041,8,2026-10-04 20:44:45
Album1611954,Album1611954,deezer,515516542,10,10,2789,,2026-10-04 00:29:38
Album16124982,Album16124982,itunes:us,1770870052,8,8,4459.04,,2026-10-05 05:13:32
Album16126503,Album16126503,deezer,686716821,19,19,4581,,2026-10-04 00:21:46
Album16127235,Album16127235,deezer,650961151,10,10,3417,,2026-10-03 23:00:10
Album16128033,Album16128033,youtube,z5YCRt1RKtU,1,8,2415.641,8,2026-10-05 11:05:39
Album16131,Album16131,deezer,614162,16,16,2294,,2026-10-04 00:54:27
Album16131118,Album16131118,itunes:us,1776407091,14,14,2327.487,,2026-10-05 07:34:33
Album16134872,Album16134872,itunes:us,1776673694,7,7,1040.981,,2026-10-05 06:18:55
Album16138927,Album16138927,deezer,851710022,12,12,3188,,2026-10-03 23:26:02
Album16143107,Album16143107,itunes:jp,1789907213,4,4,2620.718,,2026-10-05 07:07:20
Album161446,Album161446,deezer,15662260,6,6,2268,,2026-10-04 00:34:41
Album161464,Album161464,deezer,314690287,13,13,2219,,2026-10-04 03:14:29
Album161472,Album161472,itunes:se,1693466772,12,12,2021.653,,2026-10-05 06:51:44
Album16148130,Album16148130,itunes:gb,1774011814,7,7,3265.001,,2026-10-05 07:53:36
Album16150076,Album16150076,deezer,639620481,10,10,2626,,2026-10-03 22:26:50
Album16153759,Album16153759,deezer,680021821,9,9,2295,,2026-10-04 00:41:13
Album16155597,Album16155597,deezer,709814231,7,7,6935,,2026-10-03 22:42:17
Album161585,Album161585,itunes:gb,204125757,16,16,7428.841,,2026-10-05 07:04:08
Album16158511,Album16158511,deezer,694057401,14,14,3515,,2026-10-03 23:23:31
Album16164728,Album16164728,deezer,1040231572,13,13,2134,,2026-10-04 00:51:41
Album16167597,Album16167597,itunes:us,1778516456,32,32,4911.52,,2026-10-05 06:46:06
Album16168278,Album16168278,deezer,673968231,12,12,2661,,2026-10-03 23:02:42
Album16172,Album16172,itunes:us,1171438734,16,16,4550.923,,2026-10-05 04:13:26
Album16172690,Album16172690,deezer,669270541,20,20,6311,,2026-10-03 22:32:10
Album161746,Album161746,deezer,53603002,11,11,2316,,2026-10-03 22:42:09
Album16175276,Album16175276,itunes:us,1778446198,11,11,1928.059,,2026-10-05 07:04:17
Album16178173,Album16178173,youtube,ZAZNObHtGB8,1,8,15128.541,8,2026-10-04 20:45:22
Album16181782,Album16181782,deezer,692746351,24,24,2848,,2026-10-04 00:03:39
Album16186089,Album16186089,itunes:ca,1782353254,8,8,3032.549,,2026-10-05 04:49:15
Album16189179,Album16189179,itunes:us,1770255172,10,10,2816.973,,2026-10-05 07:37:51
Album16195037,Album16195037,itunes:us,1783846066,7,7,1798.646,,2026-10-05 07:08:31
Album162,Album162,deezer,8554467,16,16,4382,,2026-10-04 00:20:38
Album162059,Album162059,itunes:gb,714212468,18,18,3602.2,,2026-10-05 06:43:21
Album16206499,Album16206499,deezer,679834931,12,12,3375,,2026-10-04 00:21:12
Album16235472,Album16235472,deezer,682239451,7,7,2498,,2026-10-03 23:57:05
Album16236637,Album16236637,youtube,n_RBsBLM7CU,1,8,2461.161,8,2026-10-05 11:15:03
Album16238705,Album16238705,itunes:us,1789723449,12,12,2669.144,,2026-10-05 08:15:48
Album16240403,Album16240403,deezer,722106551,12,12,2960,,2026-10-03 22:48:42
Album16247272,Album16247272,deezer,682095191,10,10,2851,,2026-10-04 00:30:40
Album1624959,Album1624959,itunes:us,291308413,11,11,4001.492,,2026-10-05 07:25:14
Album162511,Album162511,deezer,89579282,10,10,1795,,2026-10-04 00:14:00
Album16256,Album16256,itunes:se,1681936461,12,12,1766.494,,2026-10-05 07:14:48
Album16257,Album16257,itunes:br,1443561414,11,11,1712.573,,2026-10-05 05:02:24
Album16267,Album16267,deezer,40799591,6,6,2337,,2026-10-04 00:40:00
Album162687,Album162687,itunes:us,370507821,13,13,2967.952,,2026-10-05 03:31:11
Album16276369,Album16276369,deezer,697309541,13,13,2360,,2026-10-03 23:26:41
Album162803,Album162803,deezer,114651,9,9,2375,,2026-10-04 00:58:56
Album16282210,Album16282210,youtube,8bFlXzPDF7M,1,8,2451.581,8,2026-10-05 11:53:58
Album16288311,Album16288311,deezer,705651611,11,11,2443,,2026-10-03 23:38:22
Album16288703,Album16288703,deezer,843131592,8,8,4736,,2026-10-04 00:56:40
Album16289802,Album16289802,deezer,707344001,12,12,3728,,2026-10-03 22:30:08
Album16291581,Album16291581,deezer,704501261,10,10,2450,,2026-10-03 23:35:05
Album16291597,Album16291597,deezer,686219661,12,12,3779,,2026-10-03 23:52:40
Album16292,Album16292,deezer,792407121,18,18,2494,,2026-10-04 00:46:00
Album1629234,Album1629234,itunes:us,6784017187,6,6,1894.2,,2026-10-05 06:41:47
Album16293432,Album16293432,deezer,705585871,11,11,3130,,2026-10-04 00:46:16
Album163057,Album163057,deezer,318238657,11,11,7895,,2026-10-04 00:49:32
Album16309011,Album16309011,deezer,759619661,9,9,3070,,2026-10-03 23:29:00
Album1631289,Album1631289,deezer,555971572,16,16,3711,,2026-10-04 00:40:48
Album16313072,Album16313072,deezer,725246401,11,11,2545,,2026-10-03 23:43:52
Album163150,Album163150,itunes:ca,59403551,7,7,2070.04,,2026-10-05 06:42:06
Album16319895,Album16319895,youtube,DJmAVWzOV_Y,1,8,3045.261,8,2026-10-05 09:49:19
Album163260,Album163260,deezer,987420141,11,11,3129,,2026-10-04 04:18:43
Album16329793,Album16329793,deezer,691778611,11,11,2098,,2026-10-03 22:34:03
Album163331,Album163331,itunes:gb,1442765223,7,7,2210.986,,2026-10-05 08:10:58
Album16337134,Album16337134,itunes:us,1797477719,11,11,3613.267,,2026-10-05 08:22:44
Album163416,Album163416,itunes:br,1403824269,11,11,2210.666,,2026-10-05 04:41:26
Album16343056,Album16343056,deezer,766233681,13,13,2990,,2026-10-03 23:25:50
Album16344,Album16344,deezer,84749342,14,14,4122,,2026-10-03 23:32:21
Album16347,Album16347,deezer,1347335,12,12,3659,,2026-10-03 22:44:36
Album163500,Album163500,itunes:ca,763417894,9,9,2538.76,,2026-10-05 08:07:13
Album1635787,Album1635787,itunes:ca,1178743401,4,4,1955.387,,2026-10-05 03:39:03
Album163580,Album163580,deezer,635519331,11,11,2579,,2026-10-04 04:49:40
Album1636071,Album1636071,itunes:tr,818439884,37,37,6498,,2026-10-05 03:32:49
Album16364669,Album16364669,deezer,826001891,5,5,3600,,2026-10-03 22:41:06
Album16365022,Album16365022,deezer,705074521,18,18,3155,,2026-10-03 22:36:19
Album163654,Album163654,itunes:hu,1465308846,5,5,1863.88,,2026-10-05 08:27:38
Album163670,Album163670,deezer,43852371,24,24,4623,,2026-10-03 23:50:21
Album1637,Album1637,itunes:us,259573387,9,9,2442.253,,2026-10-05 07:00:12
Album16370676,Album16370676,deezer,829520201,14,14,4428,,2026-10-03 22:37:37
Album16375166,Album16375166,deezer,750654821,14,14,3045,,2026-10-04 00:38:52
Album163773,Album163773,itunes:gb,1021727440,8,8,2013.16,,2026-10-05 06:17:16
Album16379991,Album16379991,deezer,764588711,10,10,4415,,2026-10-03 22:54:18
Album16380458,Album16380458,deezer,716826641,11,11,2607,,2026-10-04 00:35:25
Album16383741,Album16383741,youtube,aVuEQxqL33Y,1,8,3642.861,8,2026-10-05 09:02:19
Album16384467,Album16384467,deezer,738964191,10,10,2426,,2026-10-04 00:39:40
Album16389060,Album16389060,deezer,745611741,60,60,23706,,2026-10-04 00:37:17
Album16389633,Album16389633,deezer,733430421,11,11,4390,,2026-10-03 23:23:19
Album163908,Album163908,itunes:us,1443065029,12,12,4090.826,,2026-10-05 03:40:02
Album16391028,Album16391028,deezer,726007711,14,14,4557,,2026-10-03 23:14:28
Album16399944,Album16399944,deezer,701675501,18,18,4099,,2026-10-04 00:53:18
Album16399982,Album16399982,deezer,779681351,6,6,3929,,2026-10-04 00:57:51
Album16400873,Album16400873,deezer,701410941,11,11,2461,,2026-10-04 00:02:36
Album164011,Album164011,itunes:us,1240498927,11,11,2625.44,,2026-10-05 07:26:21
Album16401981,Album16401981,youtube,JU0m5VsaWaM,1,8,4017.501,8,2026-10-05 13:31:24
Album16404,Album16404,itunes:us,6800009,20,20,4435.295,,2026-10-05 07:47:11
Album16406083,Album16406083,deezer,775559621,83,83,19202,,2026-10-04 00:56:17
Album1641028,Album1641028,deezer,6120824,12,12,3285,,2026-10-03 23:34:32
Album164118,Album164118,itunes:se,1455399099,12,12,2082.585,,2026-10-05 08:16:12
Album16415,Album16415,itunes:us,1024239699,7,7,2682.661,,2026-10-05 04:41:36
Album164235,Album164235,youtube,KtBn5lHYHKk,1,8,3277.401,8,2026-10-04 20:38:51
Album16425432,Album16425432,deezer,736700161,43,43,7567,,2026-10-03 22:27:11
Album164263,Album164263,itunes:us,1710182185,8,8,2936.587,,2026-10-05 06:26:25
Album1642678,Album1642678,itunes:ca,1082172631,7,7,2054.04,,2026-10-05 07:44:36
Album16430337,Album16430337,deezer,711616841,18,18,2623,,2026-10-03 22:55:50
Album16430904,Album16430904,itunes:us,1806651595,19,19,4287.333,,2026-10-05 03:20:58
Album16431191,Album16431191,itunes:us,1808534010,22,22,4327.614,,2026-10-05 06:51:55
Album164327,Album164327,deezer,101637922,27,27,5920,,2026-10-04 03:34:07
Album16439098,Album16439098,deezer,745357721,7,7,1266,,2026-10-04 00:11:38
Album1644121,Album1644121,itunes:ca,337050556,12,12,4252.129,,2026-10-05 06:36:04
Album16442251,Album16442251,deezer,739483941,154,154,29373,,2026-10-03 22:31:10
Album16446,Album16446,deezer,15735458,11,11,2489,,2026-10-04 00:24:02
Album164489,Album164489,deezer,864442302,8,8,3030,,2026-10-03 23:38:14
Album1644926,Album1644926,deezer,658700671,7,7,2385,,2026-10-03 22:53:41
Album164507,Album164507,youtube,VG4djY4OSKc,1,8,2411.681,8,2026-10-05 11:02:08
Album16452655,Album16452655,deezer,746113681,11,11,1840,,2026-10-04 00:03:35
Album164537,Album164537,deezer,1030148062,5,5,2305,,2026-10-04 03:36:53
Album16456783,Album16456783,itunes:us,1808309798,11,11,4703.293,,2026-10-05 03:40:23
Album16456940,Album16456940,deezer,767036801,78,78,6325,,2026-10-03 22:29:11
Album16459499,Album16459499,deezer,751517171,7,7,3434,,2026-10-04 00:25:33
Album16464,Album16464,itunes:mx,1454697658,12,12,2205.733,,2026-10-05 06:18:22
Album1646602,Album1646602,itunes:ca,121946272,8,8,2290.226,,2026-10-05 05:07:38
Album1646605,Album1646605,deezer,117715332,8,8,2010,,2026-10-03 22:31:13
Album16466556,Album16466556,deezer,812706421,8,8,3014,,2026-10-03 23:36:16
Album16468779,Album16468779,deezer,759236141,3,3,2155,,2026-10-04 00:09:55
Album16468779,Album16468779,youtube,B9muwemoPBE,1,8,2156.061,7,2026-10-05 19:14:44
Album16470651,Album16470651,deezer,809279831,14,14,3862,,2026-10-04 00:02:08
Album16471869,Album16471869,deezer,729205101,13,13,3047,,2026-10-04 00:04:59
Album164787,Album164787,deezer,462922405,12,12,2355,,2026-10-04 02:52:46
Album16478762,Album16478762,deezer,835192682,17,17,4018,,2026-10-03 23:57:28
Album16479641,Album16479641,itunes:in,1818936950,10,10,2167.426,,2026-10-05 08:24:07
Album164898,Album164898,deezer,403884677,10,10,2291,,2026-10-03 23:28:04
Album16491925,Album16491925,deezer,966695471,12,12,2234,,2026-10-04 00:22:03
Album16494415,Album16494415,deezer,761542081,30,30,3481,,2026-10-03 23:21:44
Album16501610,Album16501610,itunes:us,1831888236,9,9,4681.039,,2026-10-05 04:27:52
Album16505753,Album16505753,deezer,880075072,9,9,2057,,2026-10-04 00:11:05
Album16507684,Album16507684,youtube,MAW84RRNw84,1,8,2190.061,7,2026-10-05 09:36:03
Album165095,Album165095,youtube,Q1nrfaX7eHc,1,8,2421.061,8,2026-10-05 12:15:23
Album16512680,Album16512680,deezer,816764691,10,10,2520,,2026-10-03 23:27:58
Album16515291,Album16515291,deezer,765207311,10,10,2447,,2026-10-04 00:39:04
Album165187,Album165187,deezer,7329540,10,10,1747,,2026-10-03 23:12:57
Album16521329,Album16521329,itunes:nz,1818281021,7,7,2319.487,,2026-10-05 05:20:56
Album16524012,Album16524012,deezer,782762881,12,12,2383,,2026-10-03 22:31:38
Album16532267,Album16532267,deezer,898915142,15,15,3847,,2026-10-04 05:11:15
Album16534,Album16534,deezer,929656761,11,11,2441,,2026-10-04 00:09:51
Album16534590,Album16534590,deezer,740821821,12,12,2210,,2026-10-04 00:24:06
Album16538414,Album16538414,deezer,794387641,4,4,11369,,2026-10-03 23:05:25
Album16540584,Album16540584,youtube,FOebMAx-GVI,1,8,3768.781,8,2026-10-05 11:16:18
Album16542709,Album16542709,deezer,767299021,11,11,2735,,2026-10-03 22:29:27
Album1654319,Album1654319,deezer,7993644,19,19,4706,,2026-10-04 00:14:12
Album16543606,Album16543606,deezer,819144161,53,53,6978,,2026-10-03 22:33:59
Album165437,Album165437,youtube,ek9C_vIsgB8,1,8,7540.921,8,2026-10-05 09:45:55
Album16544979,Album16544979,deezer,787556341,14,14,2864,,2026-10-03 23:01:08
Album165469,Album165469,itunes:us,1536363189,12,12,3010,,2026-10-05 07:52:51
Album165470,Album165470,youtube,BBI2q3Y4snQ,1,8,2400.461,8,2026-10-05 19:45:12
Album16551207,Album16551207,deezer,716632251,10,10,2306,,2026-10-04 00:46:24
Album16554604,Album16554604,deezer,807521901,11,11,2542,,2026-10-03 23:35:01
Album165571,Album165571,itunes:us,1718162356,8,8,2397.753,,2026-10-05 07:15:22
Album16559184,Album16559184,deezer,767526701,6,6,2588,,2026-10-04 01:06:22
Album1656627,Album1656627,youtube,4f_opE_lSdU,1,8,3143.901,8,2026-10-05 09:37:34
Album16566996,Album16566996,itunes:us,1881221252,6,6,3866.48,,2026-10-05 05:16:15
Album1656760,Album1656760,youtube,1oTaLCe6pQU,1,8,2316.821,8,2026-10-05 10:16:09
Album16570178,Album16570178,deezer,815429361,7,7,3102,,2026-10-03 23:45:15
Album16570317,Album16570317,deezer,782084161,17,17,3591,,2026-10-03 23:27:05
Album16571616,Album16571616,deezer,825535241,22,22,5584,,2026-10-03 22:45:25
Album16571921,Album16571921,deezer,804993651,13,13,3450,,2026-10-03 23:14:51
Album1657363,Album1657363,itunes:es,1486278272,6,6,1455.212,,2026-10-05 05:03:36
Album1657376,Album1657376,itunes:es,264778470,6,6,1803.413,,2026-10-05 06:43:02
Album165777,Album165777,deezer,80329,15,15,3680,,2026-10-04 01:04:21
Album165800,Album165800,itunes:us,1530579286,8,8,1745.867,,2026-10-05 07:18:50
Album16581140,Album16581140,deezer,815608911,30,30,2587,,2026-10-03 22:41:19
Album165817,Album165817,itunes:ru,638137651,7,7,4234.12,,2026-10-05 07:15:46
Album16582097,Album16582097,itunes:us,1825433281,14,14,2381.08,,2026-10-05 06:42:48
Album165831,Album165831,itunes:de,493039191,10,10,2083.92,,2026-10-05 05:22:59
Album165865,Album165865,itunes:us,1385272493,25,25,1354.959,,2026-10-05 07:56:20
Album165870,Album165870,deezer,702950041,12,12,4415,,2026-10-04 10:58:04
Album16587714,Album16587714,deezer,902056932,6,6,2468,,2026-10-04 00:44:39
Album165902,Album165902,deezer,941128,10,10,2494,,2026-10-03 23:54:46
Album16591210,Album16591210,deezer,781428051,9,9,2631,,2026-10-04 00:54:20
Album16594,Album16594,deezer,892840252,8,8,1956,,2026-10-04 04:59:24
Album16594355,Album16594355,deezer,884131512,10,10,2846,,2026-10-03 23:20:58
Album16596137,Album16596137,deezer,794820521,6,6,1354,,2026-10-04 00:06:52
Album16597432,Album16597432,deezer,782487461,10,10,2293,,2026-10-04 00:54:54
Album16598,Album16598,deezer,991218211,5,5,1164,,2026-10-04 10:51:20
Album16599,Album16599,itunes:us,1443559079,3,3,3017.96,,2026-10-05 06:23:34
Album16600,Album16600,youtube,Kp68gVWLymA,1,8,7679.301,8,2026-10-05 18:40:38
Album16601426,Album16601426,deezer,793717311,7,7,3638,,2026-10-04 00:49:16
Album16602981,Album16602981,youtube,Y5MFV9XGZ-c,1,8,2759.061,8,2026-10-04 20:48:59
Album166068,Album166068,deezer,238325662,4,4,2248,,2026-10-03 22:58:07
Album16607836,Album16607836,deezer,799174621,8,8,1633,,2026-10-04 00:05:24
Album1661255,Album1661255,youtube,pQN99Y8mE1Y,1,8,4737.401,8,2026-10-05 10:19:57
Album16612786,Album16612786,deezer,826730531,12,12,2161,,2026-10-04 00:27:57
Album16614979,Album16614979,deezer,797300611,16,16,2880,,2026-10-04 01:04:45
Album16621661,Album16621661,deezer,792320571,12,12,2860,,2026-10-03 23:09:45
Album16623252,Album16623252,deezer,796727171,10,10,2833,,2026-10-03 23:23:43
Album16626151,Album16626151,deezer,806840631,11,11,1441,,2026-10-03 23:41:42
Album16629324,Album16629324,itunes:nz,1830579967,14,14,4509.791,,2026-10-05 04:20:30
Album16629484,Album16629484,deezer,817641891,9,9,8032,,2026-10-03 23:30:40
Album16630190,Album16630190,itunes:us,1830579421,4,4,4879.108,,2026-10-05 04:14:01
Album16631761,Album16631761,deezer,817644631,4,4,2469,,2026-10-04 00:23:58
Album16632189,Album16632189,deezer,795362631,12,12,4369,,2026-10-03 23:04:23
Album16632596,Album16632596,deezer,848183372,11,11,2401,,2026-10-03 23:34:17
Album166393,Album166393,youtube,D9_UG1eBeDk,1,8,2818.981,8,2026-10-05 16:49:51
Album16645647,Album16645647,deezer,823822911,4,4,3518,,2026-10-03 23:03:36
Album16647069,Album16647069,deezer,884056722,37,37,6519,,2026-10-03 23:01:21
Album16648129,Album16648129,itunes:ua,1837895097,26,26,4022.828,,2026-10-05 07:50:00
Album16652607,Album16652607,deezer,784463421,6,6,3034,,2026-10-04 00:28:43
Album16655769,Album16655769,deezer,827608431,4,4,3016,,2026-10-04 00:23:34
Album16657043,Album16657043,itunes:gb,1834433440,12,12,4403.263,,2026-10-05 08:02:17
Album16660695,Album16660695,deezer,925542571,7,7,3985,,2026-10-03 22:55:39
Album16663668,Album16663668,deezer,802519751,14,14,2504,,2026-10-04 00:16:19
Album166659,Album166659,deezer,41273791,3,3,3622,,2026-10-04 00:08:46
Album166659,Album166659,youtube,B5b02SC3cyk,1,8,3621.461,8,2026-10-05 19:14:14
Album16666346,Album16666346,deezer,1025835352,11,11,2336,,2026-10-03 23:42:48
Album16669082,Album16669082,deezer,830268071,14,14,3144,,2026-10-03 23:50:01
Album16669746,Album16669746,deezer,838255972,12,12,2544,,2026-10-04 00:25:29
Album16672105,Album16672105,deezer,825634741,15,15,2890,,2026-10-03 23:16:42
Album16674512,Album16674512,deezer,836122762,23,23,2524,,2026-10-03 23:17:48
Album166800,Album166800,itunes:us,1504793169,8,8,2997.624,,2026-10-05 03:40:37
Album1668135,Album1668135,deezer,370341,9,9,2942,,2026-10-04 00:28:01
Album16697225,Album16697225,deezer,884727182,15,15,3606,,2026-10-03 23:44:47
Album167009,Album167009,deezer,54859782,6,6,1767,,2026-10-04 00:12:48
Album16701133,Album16701133,deezer,828270881,13,13,2416,,2026-10-04 00:54:12
Album167033,Album167033,itunes:us,157431649,8,8,2087.2,,2026-10-05 06:34:30
Album16708228,Album16708228,deezer,837256962,4,4,4081,,2026-10-04 00:15:17
Album1670913,Album1670913,deezer,208607132,52,52,7720,,2026-10-03 22:32:23
Album16713225,Album16713225,deezer,823611151,15,15,3506,,2026-10-03 22:41:35
Album16713384,Album16713384,deezer,865573682,9,9,1647,,2026-10-03 23:51:50
Album16714165,Album16714165,deezer,852568282,7,7,3212,,2026-10-04 00:57:35
Album16716666,Album16716666,deezer,838698302,10,10,1824,,2026-10-04 00:59:40
Album16724705,Album16724705,deezer,851013072,15,15,2965,,2026-10-03 23:07:58
Album16724753,Album16724753,deezer,839904362,14,14,3243,,2026-10-03 22:33:04
Album16737340,Album16737340,itunes:us,1857604269,5,5,3600,,2026-10-05 07:52:46
Album16739124,Album16739124,deezer,837053452,16,16,2613,,2026-10-03 23:53:37
Album16740382,Album16740382,deezer,784025071,16,16,3504,,2026-10-03 23:12:20
Album16741949,Album16741949,deezer,841481932,10,10,3664,,2026-10-04 00:51:13
Album16746489,Album16746489,deezer,846764912,12,12,3749,,2026-10-03 23:41:29
Album16747875,Album16747875,youtube,UmcaiHuGoqs,1,8,2316.481,8,2026-10-05 12:17:10
Album16748068,Album16748068,deezer,836548912,10,10,3110,,2026-10-03 23:21:23
Album167523,Album167523,itunes:us,828079075,11,11,3723.427,,2026-10-05 06:44:41
Album16755,Album16755,itunes:ru,714052480,14,14,3943.04,,2026-10-05 08:12:48
Album167572,Album167572,itunes:se,1881493596,12,12,2464.902,,2026-10-05 03:30:33
Album16763470,Album16763470,deezer,851964322,16,16,2827,,2026-10-04 01:01:37
Album16765,Album16765,deezer,321120667,9,9,2657,,2026-10-03 22:52:51
Album16765492,Album16765492,deezer,856517382,8,8,1536,,2026-10-03 23:32:50
Album1677,Album1677,deezer,75627352,61,61,12897,,2026-10-03 23:23:55
Album167703,Album167703,itunes:us,1163042235,7,7,2448.641,,2026-10-05 07:05:05
Album167712,Album167712,deezer,753412991,13,13,3314,,2026-10-03 23:39:15
Album167716,Album167716,itunes:us,212392040,11,11,2111.373,,2026-10-05 08:05:01
Album16771787,Album16771787,deezer,843150572,10,10,1867,,2026-10-03 23:59:37
Album16778303,Album16778303,deezer,848233042,10,10,1481,,2026-10-03 23:34:06
Album16787797,Album16787797,deezer,996942281,12,12,1650,,2026-10-03 22:50:01
Album1678928,Album1678928,itunes:au,291205572,11,11,3521.561,,2026-10-05 07:03:21
Album16797147,Album16797147,deezer,1015258611,23,23,2764,,2026-10-03 23:12:14
Album16797510,Album16797510,deezer,874589522,8,8,2566,,2026-10-03 23:54:34
Album167978,Album167978,itunes:ca,28418419,1,1,2798.667,,2026-10-05 08:01:39
Album1680013,Album1680013,itunes:us,1442031501,14,14,3213.307,,2026-10-05 08:27:00
Album168008,Album168008,itunes:pl,687628969,6,6,2187.027,,2026-10-05 07:32:21
Album168013,Album168013,itunes:us,259502631,8,8,4134.147,,2026-10-05 04:02:45
Album16801755,Album16801755,itunes:us,1856166732,5,5,2607.971,,2026-10-05 06:42:01
Album16811683,Album16811683,deezer,880610022,40,40,14088,,2026-10-04 00:16:36
Album168175,Album168175,deezer,150455732,13,13,3276,,2026-10-04 00:45:55
Album16817749,Album16817749,deezer,894065802,6,6,3599,,2026-10-03 22:37:19
Album168180,Album168180,itunes:ru,1477610513,59,59,3729.825,,2026-10-05 06:35:22
Album16818935,Album16818935,deezer,887672162,5,5,3086,,2026-10-04 01:01:47
Album16829789,Album16829789,deezer,884470102,32,32,4964,,2026-10-04 01:00:00
Album16838626,Album16838626,deezer,1067384601,9,9,1934,,2026-10-04 00:00:20
Album168434,Album168434,deezer,636193291,8,8,2550,,2026-10-04 03:18:37
Album168462,Album168462,itunes:se,1452340686,54,54,15894.558,,2026-10-05 04:16:25
Album168463,Album168463,itunes:se,1452654308,51,51,14218.472,,2026-10-05 04:38:18
Album16858967,Album16858967,deezer,945645941,14,14,2549,,2026-10-03 22:49:49
Album168614,Album168614,deezer,387397,7,7,3195,,2026-10-03 23:32:01
Album16861947,Album16861947,deezer,898884552,9,9,2766,,2026-10-03 22:58:34
Album16863306,Album16863306,deezer,878487332,10,10,2495,,2026-10-03 23:24:36
Album16867,Album16867,itunes:it,1739495058,45,45,13541.92,,2026-10-05 06:23:54
Album16871968,Album16871968,deezer,903317732,21,21,6195,,2026-10-03 22:35:44
Album168726,Album168726,itunes:us,700379306,23,23,966.506,,2026-10-05 07:47:30
Album168784,Album168784,deezer,1003995,8,8,1974,,2026-10-03 23:14:32
Album16888,Album16888,itunes:us,1611925594,7,7,1917.309,,2026-10-05 08:22:30
Album16889,Album16889,deezer,301593327,10,10,2197,,2026-10-03 23:51:30
Album16893,Album16893,deezer,300229427,11,11,2424,,2026-10-03 22:50:33
Album16894,Album16894,deezer,622366131,10,10,2864,,2026-10-03 23:00:07
Album169045,Album169045,itunes:ru,1441776841,12,12,3397.467,,2026-10-05 06:59:24
Album169048,Album169048,itunes:am,1298839893,9,9,1729.455,,2026-10-05 06:55:23
Album1690519,Album1690519,youtube,pR6Cs267orI,1,8,4273.021,8,2026-10-05 11:37:28
Album16909219,Album16909219,deezer,898225552,9,9,3947,,2026-10-03 23:03:58
Album16912325,Album16912325,deezer,916803731,28,28,5910,,2026-10-03 22:35:08
Album1691702,Album1691702,itunes:us,1495737109,11,11,2031.493,,2026-10-05 08:27:27
Album169188,Album169188,itunes:us,1320167966,12,12,2007.08,,2026-10-05 06:44:57
Album16935644,Album16935644,deezer,926186091,8,8,2879,,2026-10-03 23:51:17
Album16939109,Album16939109,deezer,938302501,9,9,2045,,2026-10-03 22:51:43
Album1694,Album1694,itunes:gb,307049165,13,13,3454.666,,2026-10-05 07:21:31
Album16941,Album16941,deezer,498723551,8,8,2720,,2026-10-04 03:24:18
Album16944,Album16944,deezer,718645191,4,4,3475,,2026-10-04 03:01:30
Album16947680,Album16947680,deezer,945270951,14,14,3018,,2026-10-03 23:41:25
Album16948,Album16948,itunes:ru,210205161,8,8,2462.079,,2026-10-05 07:56:52
Album16950502,Album16950502,deezer,1004358491,6,6,2509,,2026-10-03 23:00:45
Album169559,Album169559,itunes:us,1713616695,9,9,1656.321,,2026-10-05 04:05:43
Album16958,Album16958,deezer,13256527,9,9,2221,,2026-10-04 00:19:50
Album169620,Album169620,youtube,jMeAZF4OoRA,1,8,2351.781,8,2026-10-05 10:51:13
Album169628,Album169628,youtube,hoMwVrNT2Cs,1,8,8610.041,8,2026-10-05 09:23:15
Album16970,Album16970,itunes:us,1443079991,2,2,2817.787,,2026-10-05 04:23:41
Album16970,Album16970,youtube,KeBH_5qUWmQ,1,8,2849.101,8,2026-10-05 18:38:05
Album169723,Album169723,itunes:us,1591563857,29,29,8818.945,,2026-10-05 07:14:53
Album16978063,Album16978063,deezer,934205911,8,8,3811,,2026-10-03 22:46:43
Album169809,Album169809,itunes:us,1504794965,6,6,2764.009,,2026-10-05 05:22:45
Album16982,Album16982,itunes:us,726138309,8,8,2578.946,,2026-10-05 04:08:15
Album16998106,Album16998106,deezer,933561281,10,10,2009,,2026-10-04 00:22:07
Album16998248,Album16998248,deezer,970816621,2,2,2666,,2026-10-04 01:10:30
Album16998248,Album16998248,youtube,DUJOKwbhJK8,1,8,2715.861,8,2026-10-05 19:42:47
Album1700065,Album1700065,itunes:us,1653412708,13,13,4041.588,,2026-10-05 07:49:45
Album17001772,Album17001772,deezer,1002561451,13,13,3056,,2026-10-03 23:39:08
Album170024,Album170024,itunes:ca,1556867086,12,12,2346.335,,2026-10-05 08:16:31
Album17010106,Album17010106,deezer,936884991,5,5,2706,,2026-10-03 23:55:35
Album17023531,Album17023531,youtube,aKB04O4zC98,1,8,1191.221,4,2026-10-05 10:40:42
Album17025105,Album17025105,deezer,961482081,8,8,1817,,2026-10-04 00:01:08
Album17027,Album17027,itunes:us,1133378411,9,9,2120.884,,2026-10-05 04:21:48
Album17029,Album17029,itunes:us,1157614954,10,10,1992.374,,2026-10-05 04:59:35
Album17035197,Album17035197,deezer,1081396282,15,15,2373,,2026-10-03 23:52:16
Album17036614,Album17036614,deezer,992223821,18,18,4192,,2026-10-03 22:37:24
Album17037,Album17037,itunes:ca,319432668,12,12,2336.428,,2026-10-05 07:37:41
Album170404,Album170404,youtube,lLflDicv9So,1,8,3198.261,8,2026-10-05 17:36:20
Album17041318,Album17041318,deezer,980957941,7,7,2918,,2026-10-03 23:01:17
Album17045111,Album17045111,deezer,978527861,12,12,3312,,2026-10-03 22:52:14
Album17048129,Album17048129,youtube,bwnJeqX5t4Q,1,8,4007.661,8,2026-10-05 13:11:16
Album17049874,Album17049874,deezer,966546741,13,13,2504,,2026-10-04 01:08:41
Album17051139,Album17051139,deezer,963584051,10,10,2827,,2026-10-04 01:01:50
Album17076269,Album17076269,deezer,973343851,10,10,1907,,2026-10-04 01:02:23
Album170766,Album170766,youtube,DgFQ5mvHWS4,1,8,3087.761,8,2026-10-05 16:42:01
Album17076900,Album17076900,deezer,973832911,8,8,2698,,2026-10-03 23:49:06
Album17077138,Album17077138,deezer,1052949042,14,14,2581,,2026-10-04 00:09:47
Album170801,Album170801,deezer,89199632,11,11,2965,,2026-10-04 00:41:21
Album1708380,Album1708380,deezer,484880055,10,10,3070,,2026-10-04 04:50:57
Album17091,Album17091,deezer,11848476,10,10,3068,,2026-10-04 01:02:48
Album17097578,Album17097578,deezer,1042078422,28,28,5716,,2026-10-04 00:23:07
Album1710075,Album1710075,youtube,bx9jcWvAJyc,1,8,2832.741,8,2026-10-05 10:27:14
Album17106318,Album17106318,deezer,1075808742,15,15,3483,,2026-10-04 00:14:58
Album171099,Album171099,itunes:ru,1203164588,176,176,21160.634,,2026-10-05 03:31:57
Album17110617,Album17110617,deezer,999881401,6,6,2142,,2026-10-04 00:55:54
Album17115531,Album17115531,deezer,988884981,10,10,2625,,2026-10-03 22:45:54
Album17117007,Album17117007,deezer,998793451,15,15,2475,,2026-10-04 00:01:51
Album17117123,Album17117123,deezer,980521701,13,13,8380,,2026-10-04 00:48:10
Album17128872,Album17128872,deezer,996282701,6,6,2682,,2026-10-03 23:05:44
Album17135,Album17135,deezer,300213,10,10,3636,,2026-10-03 22:34:54
Album171387,Album171387,deezer,909237012,13,13,2948,,2026-10-04 04:48:28
Album17138813,Album17138813,deezer,1076048342,24,24,5098,,2026-10-03 23:45:08
Album17141221,Album17141221,deezer,1013456401,40,40,3626,,2026-10-03 23:02:22
Album17141835,Album17141835,deezer,1050716582,16,16,3165,,2026-10-04 00:51:49
Album17154645,Album17154645,deezer,1019855051,11,11,3492,,2026-10-04 00:40:32
Album17159436,Album17159436,deezer,1069894161,10,10,2537,,2026-10-03 22:36:47
Album17164,Album17164,itunes:us,1442986865,7,7,2187.654,,2026-10-05 03:39:16
Album17165994,Album17165994,deezer,1059270722,12,12,3923,,2026-10-03 23:16:22
Album171679,Album171679,itunes:us,1452330111,36,36,8359.252,,2026-10-05 04:22:34
Album171725,Album171725,deezer,929940921,6,6,2217,,2026-10-04 00:41:51
Album17177890,Album17177890,deezer,1026129572,16,16,2363,,2026-10-03 22:58:19
Album17184008,Album17184008,deezer,1023456111,8,8,2696,,2026-10-04 00:12:20
Album17187308,Album17187308,deezer,1012616941,9,9,2719,,2026-10-03 22:43:52
Album17200138,Album17200138,deezer,1081520892,11,11,1993,,2026-10-03 23:40:20
Album1720282,Album1720282,deezer,7580677,8,8,3029,,2026-10-04 00:38:59
Album172129,Album172129,deezer,433995327,9,9,2127,,2026-10-03 23:48:49
Album17214,Album17214,itunes:us,1794503894,10,10,2058.626,,2026-10-05 05:03:26
Album1721611,Album1721611,youtube,psgzGoAPiUg,1,8,3021.261,8,2026-10-05 10:58:57
Album17216630,Album17216630,deezer,1062008192,8,8,2718,,2026-10-04 00:55:42
Album17218742,Album17218742,deezer,1053829292,9,9,1447,,2026-10-03 23:44:20
Album17221145,Album17221145,itunes:gb,6800941357,9,9,1840.393,,2026-10-05 04:19:21
Album17223083,Album17223083,deezer,1054496032,13,13,1894,,2026-10-04 00:15:51
Album17234,Album17234,itunes:us,1443778138,11,11,3227.667,,2026-10-05 04:59:57
Album17235,Album17235,deezer,323639,9,9,2308,,2026-10-04 03:53:16
Album17247,Album17247,deezer,300590,13,13,3453,,2026-10-04 00:43:55
Album17251261,Album17251261,deezer,1070659342,3,3,2238,,2026-10-03 23:33:54
Album17251261,Album17251261,youtube,hE4QSy0wdCQ,1,8,2238.161,7,2026-10-05 19:04:12
Album1725491,Album1725491,itunes:us,656951793,12,12,2109.121,,2026-10-05 07:43:49
Album1726,Album1726,deezer,370602437,10,10,2446,,2026-10-03 22:28:59
Album17263,Album17263,deezer,11000936,14,14,3503,,2026-10-04 01:05:22
Album17267,Album17267,itunes:gb,1434391450,16,16,3568.053,,2026-10-05 06:42:53
Album172931,Album172931,itunes:us,1520532828,13,13,3811.133,,2026-10-05 07:53:49
Album173035,Album173035,itunes:ar,403659432,14,14,2619,,2026-10-05 07:57:47
Album173038,Album173038,deezer,249915112,11,11,3882,,2026-10-04 00:58:44
Album173055,Album173055,deezer,493194491,7,7,4350,,2026-10-03 23:11:19
Album173094,Album173094,deezer,394101,13,13,2551,,2026-10-04 10:53:25
Album173152,Album173152,itunes:ca,1452325738,30,30,8745.308,,2026-10-05 04:25:43
Album17334,Album17334,deezer,59827132,7,7,2447,,2026-10-04 00:56:55
Album1735,Album1735,deezer,360514,8,8,2329,,2026-10-03 23:41:20
Album17350,Album17350,itunes:us,207177629,12,12,4369.226,,2026-10-05 03:58:43
Album1736283,Album1736283,itunes:us,1253356877,10,10,2639.241,,2026-10-05 04:39:49
Album173723,Album173723,deezer,278513692,14,14,3787,,2026-10-03 23:39:34
Album173759,Album173759,itunes:ca,1440805864,11,11,1956.198,,2026-10-05 04:39:07
Album17377,Album17377,deezer,318293,6,6,2254,,2026-10-04 00:58:28
Album173796,Album173796,youtube,mJkyL7kE9dA,1,8,2687.081,8,2026-10-05 16:39:26
Album17382,Album17382,itunes:ru,298727381,4,4,2675.52,,2026-10-05 07:36:35
Album173829,Album173829,youtube,ux73eGxEthE,1,8,2185.941,7,2026-10-05 15:13:28
Album173863,Album173863,deezer,484104355,6,6,2733,,2026-10-03 22:46:26
Album17404,Album17404,itunes:mx,1184723215,7,7,3285.093,,2026-10-05 07:43:01
Album1742617,Album1742617,itunes:ca,1484988181,12,12,2227.96,,2026-10-05 08:24:41
Album174279,Album174279,itunes:us,273708815,16,16,3273.609,,2026-10-05 08:04:02
Album1744986,Album1744986,itunes:us,1690238348,15,15,4446.213,,2026-10-05 07:28:32
Album174514,Album174514,deezer,331446,5,5,2290,,2026-10-03 23:39:50
Album174516,Album174516,deezer,323243,5,5,2404,,2026-10-04 00:39:24
Album1745942,Album1745942,itunes:us,586280803,4,4,3181.2,,2026-10-05 07:55:24
Album1746691,Album1746691,itunes:us,293906382,13,13,3546.601,,2026-10-05 06:17:41
Album17468,Album17468,itunes:us,1184689169,8,8,4127.72,,2026-10-05 06:59:09
Album17486,Album17486,itunes:us,1444963171,5,5,2238.066,,2026-10-05 07:47:57
Album17487,Album17487,itunes:us,1469580375,8,8,2118.908,,2026-10-05 06:48:56
Album17488,Album17488,deezer,929542681,4,4,2758,,2026-10-04 04:07:41
Album174949,Album174949,deezer,545630362,8,8,2111,,2026-10-03 23:37:26
Album174982,Album174982,deezer,8051642,18,18,3315,,2026-10-04 03:43:40
Album175,Album175,deezer,70487632,10,10,2619,,2026-10-03 22:24:55
Album175059,Album175059,itunes:hu,1442843579,11,11,4359.826,,2026-10-05 07:17:57
Album175283,Album175283,deezer,6033170,12,12,3745,,2026-10-04 01:02:07
Album1753057,Album1753057,deezer,416951887,13,13,3090,,2026-10-03 22:56:56
Album175355,Album175355,deezer,158254652,12,12,1970,,2026-10-03 23:43:32
Album175357,Album175357,deezer,158254612,13,13,1679,,2026-10-03 23:49:18
Album175481,Album175481,deezer,308769,12,12,2842,,2026-10-04 00:17:08
Album17575,Album17575,deezer,10790920,6,6,3135,,2026-10-03 23:05:34
Album1759111,Album1759111,deezer,7113168,2,2,1705,,2026-10-04 03:13:09
Album1759111,Album1759111,youtube,1XWRh-qKASM,1,8,1708.021,6,2026-10-05 19:03:44
Album1759378,Album1759378,deezer,1223703,14,14,4077,,2026-10-04 00:18:20
Album175939,Album175939,itunes:us,1494520431,15,15,6223.12,,2026-10-05 04:27:47
Album1760323,Album1760323,deezer,324617927,11,11,2239,,2026-10-03 23:47:46
Album17617,Album17617,deezer,13287839,10,10,2217,,2026-10-03 22:59:54
Album17637,Album17637,itunes:us,394946246,7,7,2961.492,,2026-10-05 06:20:58
Album17638,Album17638,itunes:us,1443232261,5,5,2777.867,,2026-10-05 06:46:20
Album17643,Album17643,deezer,185290852,9,9,2583,,2026-10-04 00:06:45
Album176645,Album176645,itunes:br,1442242236,8,8,1419.386,,2026-10-05 05:06:14
Album17669,Album17669,deezer,314444527,14,14,3647,,2026-10-03 22:28:03
Album17673,Album17673,deezer,1604812,12,12,1690,,2026-10-03 23:22:18
Album17674,Album17674,itunes:hu,1443216781,9,9,5395.862,,2026-10-05 04:56:54
Album176830,Album176830,itunes:us,678046222,15,15,2733.026,,2026-10-05 06:57:04
Album17702,Album17702,deezer,6958322,10,10,3164,,2026-10-04 00:30:44
Album17703,Album17703,youtube,oPI3n3J7BuE,1,8,4748.061,8,2026-10-05 09:43:39
Album17704,Album17704,youtube,7kLRoePsggU,1,8,3178.181,8,2026-10-05 11:07:39
Album17708,Album17708,deezer,450814455,12,12,8919,,2026-10-03 23:59:25
Album17710,Album17710,deezer,537847032,8,8,2001,,2026-10-04 01:03:32
Album177264,Album177264,youtube,VX7YHX8wyoQ,1,8,1195.021,4,2026-10-05 18:18:56
Album177265,Album177265,youtube,BRpT1GWTXX4,1,8,4070.261,8,2026-10-05 18:17:48
Album177298,Album177298,itunes:hu,724490548,6,6,2276.894,,2026-10-05 06:21:59
Album17730,Album17730,youtube,_L2GganmrAw,1,8,3164.041,8,2026-10-05 11:43:32
Album177439,Album177439,deezer,107573,8,8,3236,,2026-10-03 23:10:20
Album17744,Album17744,deezer,907292,3,3,3646,,2026-10-04 00:47:47
Album17744,Album17744,youtube,UTXnju3lEIA,1,8,3647.041,8,2026-10-05 19:31:21
Album17779,Album17779,deezer,44957611,11,11,3225,,2026-10-04 00:32:25
Album177805,Album177805,youtube,rBpoajyKcyo,1,8,2666.301,8,2026-10-05 16:38:30
Album177821,Album177821,itunes:pl,1683596135,11,11,4816.654,,2026-10-05 04:25:37
Album177876,Album177876,itunes:us,1238887486,11,11,3386.434,,2026-10-05 08:28:29
Album177898,Album177898,deezer,249240742,19,19,6220,,2026-10-03 22:25:35
Album177902,Album177902,deezer,169211922,37,37,6570,,2026-10-04 00:16:43
Album178143,Album178143,deezer,6112296,11,11,2791,,2026-10-04 00:01:39
Album178148,Album178148,deezer,43843491,24,24,2285,,2026-10-03 23:18:16
Album17815,Album17815,itunes:us,1620553309,9,9,2053.534,,2026-10-05 06:18:51
Album178182,Album178182,itunes:mx,211825734,14,14,2292.466,,2026-10-05 08:22:07
Album17838,Album17838,itunes:us,1444016927,12,12,2666.533,,2026-10-05 08:13:24
Album17844,Album17844,deezer,521269422,9,9,2254,,2026-10-04 04:15:41
Album178474,Album178474,itunes:tw,911794514,16,16,4171.879,,2026-10-05 06:27:04
Album178538,Album178538,itunes:ru,39981311,7,7,4437.68,,2026-10-05 08:14:08
Album17855,Album17855,deezer,661471511,8,8,2676,,2026-10-04 04:29:48
Album178559,Album178559,itunes:us,1452542416,5,5,3997.533,,2026-10-05 04:21:43
Album178627,Album178627,itunes:se,1025521029,3,3,2591.32,,2026-10-05 04:36:24
Album1786444,Album1786444,itunes:us,920516728,33,33,4352.238,,2026-10-05 04:43:03
Album179034,Album179034,deezer,8296424,13,13,3578,,2026-10-04 00:13:05
Album17908,Album17908,deezer,331394,6,6,2187,,2026-10-04 00:00:40
Album179269,Album179269,itunes:au,723877028,11,11,2049.933,,2026-10-05 04:56:43
Album1792980,Album1792980,deezer,796014581,21,21,3203,,2026-10-03 23:52:12
Album179347,Album179347,itunes:us,516668159,18,18,3240.294,,2026-10-05 03:32:36
Album1793672,Album1793672,itunes:us,1716600430,17,17,5295.719,,2026-10-05 03:57:13
Album1794,Album1794,deezer,215885782,14,14,3600,,2026-10-04 00:59:13
Album17943,Album17943,deezer,491146775,9,9,2773,,2026-10-04 05:05:21
Album179471,Album179471,deezer,7423211,12,12,2258,,2026-10-04 01:07:52
Album1794971,Album1794971,deezer,407125,14,14,5143,,2026-10-04 02:57:27
Album179507,Album179507,itunes:es,1565018092,3,3,3170.494,,2026-10-05 05:17:28
Album179535,Album179535,itunes:us,1233506323,20,20,4374.239,,2026-10-05 07:40:12
Album179666,Album179666,itunes:ca,1100742171,37,37,7586.56,,2026-10-05 03:20:45
Album179722,Album179722,itunes:au,451965445,10,10,2265.934,,2026-10-05 07:40:07
Album179735,Album179735,itunes:us,1268022512,5,5,2439.734,,2026-10-05 04:09:45
Album17974,Album17974,itunes:gb,696707465,12,12,2304.759,,2026-10-05 08:06:36
Album179782,Album179782,itunes:us,360324982,17,17,3925.18,,2026-10-05 08:28:45
Album179853,Album179853,deezer,723627471,10,10,2620,,2026-10-04 05:11:38
Album17989,Album17989,itunes:es,1102598153,14,14,1930.67,,2026-10-05 06:34:41
Album179939,Album179939,itunes:us,77742591,12,12,3482.92,,2026-10-05 08:08:33
Album1800,Album1800,youtube,aF0g-2SeoMM,1,8,4737.541,8,2026-10-05 15:06:00
Album1801327,Album1801327,itunes:ca,646201860,9,9,2227.519,,2026-10-05 08:25:38
Album180505,Album180505,deezer,963242,12,12,2744,,2026-10-03 23:49:26
Album18058,Album18058,itunes:us,334449348,11,11,3770.604,,2026-10-05 06:37:56
Album1806329,Album1806329,itunes:pl,671901496,10,10,2873.454,,2026-10-05 03:30:13
Album180633,Album180633,itunes:us,1120119538,14,14,5223.308,,2026-10-05 08:06:32
Album1806477,Album1806477,deezer,462423425,9,9,2173,,2026-10-03 22:50:39
Album1807353,Album1807353,itunes:us,1744088908,45,45,5757.282,,2026-10-05 04:48:44
Album1808986,Album1808986,deezer,88251112,6,6,10658,,2026-10-03 22:34:16
Album180933,Album180933,deezer,71057662,11,11,1753,,2026-10-04 04:54:13
Album181100,Album181100,itunes:gb,1442382248,12,12,2317.2,,2026-10-05 06:22:54
Album18114,Album18114,deezer,13266959,9,9,2614,,2026-10-04 01:09:29
Album181165,Album181165,itunes:se,1443917839,12,12,1890.613,,2026-10-05 05:20:52
Album1811779,Album1811779,itunes:us,596862542,10,10,2557.217,,2026-10-05 04:36:04
Album18119,Album18119,deezer,716400581,8,8,2657,,2026-10-03 22:53:00
Album181191,Album181191,deezer,361363787,15,15,1907,,2026-10-04 00:57:18
Album18144,Album18144,itunes:pl,1329272395,10,10,2237.733,,2026-10-05 08:07:26
Album1815519,Album1815519,itunes:se,1198769799,12,12,2238.666,,2026-10-05 07:20:16
Album181559,Album181559,itunes:se,285156119,15,15,5304.947,,2026-10-05 07:33:00
Album181601,Album181601,itunes:es,65630987,9,9,1788.027,,2026-10-05 03:25:10
Album181681,Album181681,deezer,13117390,10,10,3645,,2026-10-04 00:45:43
Album181926,Album181926,itunes:us,1416155837,16,16,4066.866,,2026-10-05 07:28:42
Album1819704,Album1819704,youtube,QIaDEx_6kbs,1,8,5662.861,8,2026-10-04 20:58:24
Album1820098,Album1820098,itunes:se,1638330849,72,72,16628.084,,2026-10-05 08:20:55
Album1820196,Album1820196,itunes:se,1172435901,9,9,2321.325,,2026-10-05 07:39:28
Album18209,Album18209,itunes:se,1443342682,14,14,2560.999,,2026-10-05 07:03:35
Album1823228,Album1823228,itunes:ca,616311988,10,10,5120.934,,2026-10-05 04:56:07
Album1825196,Album1825196,itunes:us,331539769,7,7,3486.454,,2026-10-05 03:30:52
Album1825650,Album1825650,deezer,7113001,2,2,1692,,2026-10-04 03:05:35
Album1825650,Album1825650,youtube,irdNEuZzi9A,1,8,1693.341,6,2026-10-05 19:00:00
Album1826886,Album1826886,youtube,F2SBwRtgXnw,1,8,2561.741,8,2026-10-05 17:10:12
Album18288,Album18288,deezer,2606641,11,11,2339,,2026-10-03 23:12:33
Album1832,Album1832,deezer,6934538,11,11,3376,,2026-10-03 22:45:00
Album183258,Album183258,itunes:ca,1145407003,11,11,2048.242,,2026-10-05 03:27:33
Album18331,Album18331,itunes:ru,715220055,9,9,4743.333,,2026-10-05 08:13:48
Album18352,Album18352,itunes:us,1591315770,10,10,2718.653,,2026-10-05 06:36:31
Album18354,Album18354,itunes:us,1435061970,13,13,5081.133,,2026-10-05 04:14:57
Album1835632,Album1835632,deezer,146495172,11,11,2778,,2026-10-03 22:33:20
Album1835647,Album1835647,deezer,146465212,12,12,2771,,2026-10-04 03:57:05
Album18359,Album18359,itunes:ru,723329146,6,6,2663.934,,2026-10-05 08:09:42
Album18361,Album18361,itunes:ru,1459591872,9,9,2866.027,,2026-10-05 08:14:32
Album1836182,Album1836182,itunes:us,1833390591,25,25,9168.268,,2026-10-05 04:13:02
Album1836691,Album1836691,deezer,7064469,12,12,3667,,2026-10-04 00:41:29
Album183812,Album183812,itunes:us,218852809,18,18,4619.133,,2026-10-05 04:24:39
Album1838131,Album1838131,deezer,7710473,11,11,2774,,2026-10-03 23:07:39
Album183814,Album183814,itunes:us,1440624070,20,20,3522.823,,2026-10-05 04:58:10
Album1839219,Album1839219,deezer,9237979,11,11,3016,,2026-10-04 01:09:04
Album184270,Album184270,deezer,13254963,11,11,2734,,2026-10-03 23:02:56
Album1843468,Album1843468,deezer,118789422,9,9,2784,,2026-10-04 04:41:52
Album184523,Album184523,deezer,1019191201,15,15,3661,,2026-10-04 04:12:34
Album184525,Album184525,deezer,525523062,11,11,3229,,2026-10-04 00:49:28
Album184558,Album184558,itunes:ca,1443348735,15,15,4146.841,,2026-10-05 04:26:22
Album1846236,Album1846236,youtube,HL13tiI2HCw,1,8,3464.021,8,2026-10-05 09:53:10
Album184653,Album184653,deezer,443756655,10,10,4340,,2026-10-04 00:37:13
Album184725,Album184725,itunes:us,1347734840,1,1,204.102,,2026-10-05 04:04:58
Album184766,Album184766,itunes:fi,1045199980,14,14,3197.972,,2026-10-05 06:52:04
Album184777,Album184777,itunes:fr,213719364,5,5,4132.081,,2026-10-05 03:33:48
Album1848,Album1848,itunes:ca,306601423,13,13,3663.667,,2026-10-05 06:59:14
Album184811,Album184811,youtube,kcAqzi4nNUM,1,8,10919.741,8,2026-10-05 12:33:20
Album1848604,Album1848604,deezer,484880605,12,12,3172,,2026-10-03 23:17:02
Album1849831,Album1849831,itunes:us,794460220,9,9,1749.227,,2026-10-05 08:06:27
Album185027,Album185027,youtube,FBhy3k0CJbI,1,8,1375.721,5,2026-10-05 16:09:07
Album185145,Album185145,youtube,npu-_7qnACc,1,8,3327.201,8,2026-10-05 17:12:00
Album1852,Album1852,itunes:us,306562935,10,10,3179.695,,2026-10-05 08:10:25
Album1853,Album1853,itunes:us,306598331,10,10,2316.4,,2026-10-05 07:09:35
Album18538,Album18538,itunes:es,724244283,6,6,3518.2,,2026-10-05 07:03:44
Album185438,Album185438,itunes:ar,1443386847,10,10,2404.746,,2026-10-05 07:00:52
Album185439,Album185439,deezer,950322,11,11,2851,,2026-10-03 23:20:43
Album1856264,Album1856264,deezer,915446931,21,21,4615,,2026-10-03 22:44:40
Album185687,Album185687,itunes:ar,274392670,6,6,2313.627,,2026-10-05 06:22:33
Album18573,Album18573,itunes:br,1442538301,14,14,2215.013,,2026-10-05 05:00:50
Album18574,Album18574,deezer,8449307,11,11,2378,,2026-10-04 10:53:19
Album18585,Album18585,itunes:br,1443399759,7,7,2176.679,,2026-10-05 06:42:43
Album1859,Album1859,deezer,14880759,12,12,2636,,2026-10-04 00:52:15
Album18595,Album18595,itunes:se,1413453993,11,11,2671.719,,2026-10-05 06:39:54
Album185980,Album185980,youtube,hfGr3lGuuGY,1,8,2173.561,7,2026-10-04 20:56:05
Album186048,Album186048,itunes:us,209275034,5,5,2696.066,,2026-10-05 06:20:39
Album186054,Album186054,deezer,286010132,10,10,1846,,2026-10-04 04:57:44
Album186075,Album186075,deezer,335327,15,15,3178,,2026-10-04 00:21:25
Album186119,Album186119,itunes:gb,293057793,20,20,3485.001,,2026-10-05 04:40:47
Album186380,Album186380,itunes:ru,309170103,16,16,8347.053,,2026-10-05 04:19:51
Album1865,Album1865,itunes:gb,300973540,12,12,3212.668,,2026-10-05 08:02:12
Album1866087,Album1866087,deezer,905272922,25,25,6397,,2026-10-04 03:58:18
Album1866924,Album1866924,itunes:us,294138764,9,9,1824,,2026-10-05 07:45:19
Album186746,Album186746,itunes:us,1640697973,5,5,4278.386,,2026-10-05 04:41:55
Album186774,Album186774,youtube,NWeX55jrjUg,1,8,2737.241,8,2026-10-05 12:14:53
Album186775,Album186775,deezer,967470621,10,10,2924,,2026-10-03 22:29:23
Album186841,Album186841,youtube,9UQK70IZ6PI,1,8,2973.941,8,2026-10-05 10:19:13
Album186863,Album186863,itunes:ca,24065004,18,18,9946.319,,2026-10-05 08:14:42
Album186869,Album186869,deezer,373733,17,17,4269,,2026-10-03 22:36:01
Album186923,Album186923,itunes:ca,1102491019,23,23,4676.346,,2026-10-05 05:20:42
Album187065,Album187065,itunes:ca,318246876,8,8,4626.542,,2026-10-05 07:09:16
Album187089,Album187089,itunes:ca,1741220224,4,4,3477.76,,2026-10-05 04:50:04
Album18710,Album18710,itunes:pe,885367518,4,4,2310.413,,2026-10-05 05:09:09
Album18712,Album18712,youtube,98NwVTXP4nY,1,8,3221.121,8,2026-10-05 09:34:17
Album18716,Album18716,itunes:us,1494390584,2,2,1766.828,,2026-10-05 07:15:57
Album18716,Album18716,youtube,rB1BEAGuGQI,1,8,1734.901,6,2026-10-05 19:21:19
Album187246,Album187246,itunes:pa,6809143740,18,18,1703.359,,2026-10-05 06:21:50
Album18732,Album18732,itunes:gb,1443215184,10,10,3114.959,,2026-10-05 06:22:59
Album18736,Album18736,deezer,6441474,12,12,3346,,2026-10-04 10:57:04
Album187421,Album187421,itunes:dk,1098856767,18,18,4108.147,,2026-10-05 06:27:08
Album187440,Album187440,itunes:gb,1122115415,3,3,2788.907,,2026-10-05 03:57:05
Album187440,Album187440,youtube,tzD1OjHNc6s,1,8,2787.721,8,2026-10-05 17:20:46
Album187496,Album187496,itunes:us,415296152,5,5,2536.639,,2026-10-05 04:05:07
Album187714,Album187714,deezer,118503,6,6,4317,,2026-10-03 22:46:18
Album1877309,Album1877309,itunes:se,1656339570,43,43,13741.732,,2026-10-05 04:22:03
Album1878463,Album1878463,itunes:us,6782278462,11,11,5697.759,,2026-10-05 04:21:33
Album187867,Album187867,deezer,499292,12,12,4212,,2026-10-04 04:37:46
Album187908,Album187908,itunes:ru,532577958,7,7,3011.892,,2026-10-05 07:05:00
Album187922,Album187922,itunes:us,1121266856,3,3,2949.493,,2026-10-05 06:45:15
Album1879774,Album1879774,deezer,60287152,7,7,1583,,2026-10-04 00:36:33
Album1882,Album1882,itunes:us,302068445,9,9,3018.561,,2026-10-05 07:29:12
Album188302,Album188302,itunes:us,694323268,11,11,2863.579,,2026-10-05 05:15:32
Album188361,Album188361,itunes:hu,1387278951,4,4,2788.093,,2026-10-05 05:16:43
Album1884,Album1884,deezer,86474,9,9,2678,,2026-10-04 00:04:30
Album188432,Album188432,deezer,15078999,7,7,3057,,2026-10-04 00:13:29
Album188433,Album188433,deezer,76398322,4,4,2434,,2026-10-03 23:56:26
Album18858,Album18858,itunes:us,724633224,16,16,3779.253,,2026-10-05 07:09:49
Album188617,Album188617,deezer,58818102,24,24,4938,,2026-10-03 23:16:26
Album188621,Album188621,deezer,321359,11,11,3667,,2026-10-03 23:42:03
Album18864,Album18864,itunes:us,1191753743,21,21,7603.146,,2026-10-05 04:01:34
Album18876,Album18876,deezer,49229562,10,10,2811,,2026-10-03 23:42:24
Album18878,Album18878,itunes:us,1478635885,10,10,2313.678,,2026-10-05 04:11:00
Album1887919,Album1887919,itunes:ru,609097067,8,8,3620.999,,2026-10-05 08:26:18
Album188868,Album188868,deezer,7205829,8,8,2482,,2026-10-03 22:41:56
Album188894,Album188894,youtube,aLsIj102PjQ,1,8,2217.241,7,2026-10-05 10:43:40
Album1889,Album1889,deezer,213359,15,15,3446,,2026-10-03 23:37:01
Album188956,Album188956,itunes:us,171063518,9,9,6223.201,,2026-10-05 03:59:02
Album18908,Album18908,itunes:ru,171216188,8,8,2236.046,,2026-10-05 06:25:57
Album18914,Album18914,deezer,127779962,11,11,3090,,2026-10-04 01:00:10
Album18932,Album18932,itunes:us,307275150,19,19,6160.654,,2026-10-05 07:35:24
Album189365,Album189365,itunes:us,1446646444,17,17,3197.493,,2026-10-05 08:11:52
Album189416,Album189416,deezer,834625382,10,10,2287,,2026-10-03 22:52:07
Album1894233,Album1894233,youtube,DPAzVeNnnOc,1,8,7735.501,8,2026-10-05 14:57:43
Album189481,Album189481,itunes:us,1045641572,8,8,2184,,2026-10-05 03:23:07
Album189483,Album189483,itunes:sv,1045624931,12,12,3242.227,,2026-10-05 05:08:44
Album1895487,Album1895487,itunes:pl,1445662842,28,28,6875.652,,2026-10-05 04:52:38
Album1896246,Album1896246,itunes:us,960704013,7,7,2627.788,,2026-10-05 08:01:22
Album18966,Album18966,itunes:pl,1618206728,13,13,2528.268,,2026-10-05 06:23:38
Album189710,Album189710,youtube,gGEWoMxJZvA,1,8,1078.581,4,2026-10-05 18:21:46
Album18977,Album18977,deezer,306163,5,5,3148,,2026-10-04 00:37:01
Album189786,Album189786,youtube,zr4UMXuMYB0,1,8,2865.301,8,2026-10-05 09:58:40
Album18982,Album18982,itunes:ru,1410113890,12,12,4029.107,,2026-10-05 08:06:18
Album189864,Album189864,itunes:us,128616749,25,25,2861.209,,2026-10-05 06:40:28
Album189870,Album189870,itunes:us,724456479,24,24,4401.999,,2026-10-05 07:25:43
Album19001,Album19001,deezer,304141137,12,12,3744,,2026-10-04 04:45:16
Album19002,Album19002,deezer,304148287,15,15,4622,,2026-10-04 04:27:50
Album1901,Album1901,deezer,86933302,11,11,2617,,2026-10-04 01:08:50
Album190161,Album190161,itunes:ca,51937998,16,16,2953.626,,2026-10-05 04:15:36
Album19037,Album19037,deezer,34455571,9,9,1933,,2026-10-04 00:02:11
Album190524,Album190524,deezer,281493651,7,7,2454,,2026-10-04 00:47:05
Album190720,Album190720,deezer,985844201,12,12,2634,,2026-10-04 00:10:21
Album190889,Album190889,deezer,89276,9,9,2163,,2026-10-04 00:52:51
Album1909302,Album1909302,deezer,1007621721,13,13,3862,,2026-10-04 00:31:13
Album191078,Album191078,itunes:gb,359093695,10,10,4027.082,,2026-10-05 07:57:42
Album191097,Album191097,youtube,wrTLIFYPFus,1,8,2290.861,8,2026-10-05 09:23:44
Album191106,Album191106,deezer,10136794,6,6,4368,,2026-10-04 00:48:28
Album19114,Album19114,deezer,312122587,11,11,2210,,2026-10-04 05:15:58
Album191165,Album191165,itunes:us,775750711,33,33,7521.801,,2026-10-05 04:53:08
Album191168,Album191168,itunes:us,1443318952,12,12,3260.08,,2026-10-05 03:40:16
Album19122,Album19122,itunes:us,254143513,7,7,2416,,2026-10-05 08:23:57
Album1915602,Album1915602,deezer,41655921,5,5,2840,,2026-10-03 23:14:44
Album19160,Album19160,deezer,329995,6,6,2428,,2026-10-04 00:54:23
Album191691,Album191691,deezer,11544598,15,15,3272,,2026-10-04 04:14:07
Album191734,Album191734,youtube,xnZya0e1APo,1,8,2227.681,7,2026-10-05 11:40:27
Album191790,Album191790,deezer,324614137,10,10,1639,,2026-10-04 03:31:05
Album19180,Album19180,itunes:us,60367812,11,11,1848.8,,2026-10-05 03:38:57
Album1918878,Album1918878,itunes:us,313252976,10,10,2799.026,,2026-10-05 07:12:00
Album19189,Album19189,deezer,404108447,8,8,2803,,2026-10-04 03:26:34
Album1923027,Album1923027,itunes:us,294916109,11,11,3364.733,,2026-10-05 05:14:44
Album19235,Album19235,itunes:us,162575497,8,8,2299.093,,2026-10-05 05:17:55
Album19243,Album19243,deezer,368813817,6,6,2703,,2026-10-04 00:56:36
Album19246,Album19246,itunes:ru,723752520,7,7,2465.332,,2026-10-05 06:52:55
Album193005,Album193005,youtube,ifPlOiBzpG0,1,8,3588.761,8,2026-10-05 15:52:58
Album193054,Album193054,deezer,15819248,10,10,2816,,2026-10-04 01:09:41
Album193187,Album193187,youtube,zoNbn09ModM,1,8,1699.941,6,2026-10-05 19:45:38
Album1932914,Album1932914,itunes:us,1600266576,5,5,2083.703,,2026-10-05 08:11:22
Album193349,Album193349,itunes:us,1556866005,8,8,1993.933,,2026-10-05 05:21:06
Album193365,Album193365,itunes:ca,1452565938,8,8,4233.307,,2026-10-05 05:23:31
Album1933945,Album1933945,itunes:ca,336309234,12,12,1920.843,,2026-10-05 06:24:55
Album1934008,Album1934008,deezer,400230187,15,15,2648,,2026-10-03 23:18:20
Album1934214,Album1934214,itunes:ca,1528699280,2,2,2543,,2026-10-05 05:00:02
Album1934214,Album1934214,youtube,mddq5SUk7eE,1,8,2543.261,8,2026-10-05 18:57:15
Album1936932,Album1936932,deezer,7638128,10,10,3769,,2026-10-04 01:04:41
Album193758,Album193758,itunes:no,1679604914,7,7,2773.311,,2026-10-05 06:55:14
Album193869,Album193869,itunes:us,157787747,8,8,4795.96,,2026-10-05 04:10:21
Album19398,Album19398,deezer,6967606,7,7,3213,,2026-10-03 22:58:03
Album19402,Album19402,youtube,gx_4n0MpuUQ,1,8,9964.241,8,2026-10-05 11:56:35
Album1940286,Album1940286,deezer,12481562,8,8,3199,,2026-10-04 10:57:00
Album19405,Album19405,itunes:se,1621369857,10,10,2400.355,,2026-10-05 08:08:50
Album1940532,Album1940532,itunes:us,1476566032,18,18,3544.002,,2026-10-05 07:01:46
Album19411,Album19411,itunes:us,1036981251,10,10,1591.348,,2026-10-05 06:35:55
Album1944096,Album1944096,itunes:us,1198402128,8,8,2464.679,,2026-10-05 06:35:07
Album194443,Album194443,youtube,wV-JUODjk1Y,1,8,3894.681,8,2026-10-05 11:11:31
Album194492,Album194492,itunes:us,305877989,5,5,2214.334,,2026-10-05 06:19:47
Album194513,Album194513,deezer,398613647,21,21,3890,,2026-10-04 10:54:16
Album194536,Album194536,deezer,10136716,11,11,3207,,2026-10-03 23:57:20
Album1948399,Album1948399,youtube,YEHZ26Y7oAw,1,8,3859.481,8,2026-10-05 16:51:05
Album194982,Album194982,youtube,8iu6rEnWN-Q,1,8,4670.341,8,2026-10-05 14:51:36
Album19502,Album19502,deezer,333080777,10,10,2394,,2026-10-03 22:30:24
Album195033,Album195033,youtube,fNMkmOwsv5Q,1,8,3480.801,8,2026-10-05 10:50:44
Album1952867,Album1952867,deezer,6942624,49,49,7261,,2026-10-04 00:54:58
Album19531,Album19531,youtube,0VqZLisfego,1,8,2998.701,8,2026-10-05 12:31:30
Album1955250,Album1955250,youtube,ypIr9fGoUbU,1,8,2198.921,7,2026-10-05 11:22:44
Album195574,Album195574,deezer,50253772,9,9,1925,,2026-10-04 00:37:36
Album1955989,Album1955989,youtube,cfMwxKQ-F74,1,8,2438.341,8,2026-10-05 10:14:32
Album195606,Album195606,youtube,B3loHRwBaas,1,8,2125.721,7,2026-10-05 09:35:35
Album195609,Album195609,youtube,xLxfatLvZ44,1,8,2270.381,8,2026-10-05 10:10:42
Album195620,Album195620,itunes:se,1237082583,12,12,3242.439,,2026-10-05 07:33:37
Album1957,Album1957,itunes:gb,62445727,89,89,15989.136,,2026-10-05 04:24:53
Album1957718,Album1957718,itunes:us,1536908399,9,9,2907.574,,2026-10-05 07:50:36
Album1957897,Album1957897,deezer,208607122,17,17,3424,,2026-10-04 00:29:59
Album1959,Album1959,deezer,91531,10,10,3328,,2026-10-03 23:40:39
Album195961,Album195961,itunes:us,215091883,10,10,2376.361,,2026-10-05 07:44:41
Album196078,Album196078,deezer,10207856,8,8,2583,,2026-10-04 00:43:13
Album196079,Album196079,deezer,10207988,8,8,2197,,2026-10-04 00:22:29
Album196090,Album196090,itunes:pl,470519317,8,8,1944.013,,2026-10-05 07:46:53
Album1963,Album1963,deezer,81877,13,13,4221,,2026-10-03 23:25:08
Album19633,Album19633,itunes:us,1425171863,17,17,2716.786,,2026-10-05 05:11:05
Album196405,Album196405,youtube,yFkVPQl1nes,1,8,2884.061,8,2026-10-05 12:38:05
Album196462,Album196462,itunes:us,75880151,16,16,4491.773,,2026-10-05 06:55:28
Album196470,Album196470,itunes:us,1237779804,13,13,2219.4,,2026-10-05 07:07:35
Album196668,Album196668,youtube,JOhMSqhCxNU,1,8,2507.721,8,2026-10-05 11:27:36
Album196795,Album196795,deezer,462840305,11,11,2748,,2026-10-03 22:53:33
Album1968210,Album1968210,deezer,618070201,27,27,6479,,2026-10-04 02:53:06
Album19683,Album19683,itunes:us,525524859,9,9,2428.613,,2026-10-05 07:47:48
Album196979,Album196979,itunes:br,1507876417,14,14,3079.76,,2026-10-05 05:17:14
Album1970,Album1970,deezer,10982568,11,11,3420,,2026-10-04 00:52:43
Album197045,Album197045,youtube,cv4dvi3NvNU,1,8,2898.401,8,2026-10-05 10:07:44
Album197046,Album197046,itunes:se,1667794696,13,13,7754.142,,2026-10-05 06:38:32
Album197047,Album197047,itunes:se,1667794696,13,13,7754.142,,2026-10-05 05:08:54
Album197049,Album197049,itunes:us,1594088644,12,12,4556.099,,2026-10-05 07:02:04
Album19721,Album19721,deezer,71060602,10,10,2862,,2026-10-03 23:59:16
Album197349,Album197349,deezer,253527722,13,13,2021,,2026-10-03 23:05:29
Album1973568,Album1973568,deezer,1072299392,33,33,6399,,2026-10-03 22:38:39
Album1974480,Album1974480,deezer,492356535,12,12,2600,,2026-10-04 01:04:24
Album19746,Album19746,youtube,Xk7h1FD-D0o,1,8,3606.041,8,2026-10-05 17:36:56
Album1975767,Album1975767,youtube,F6Rv0nG_81Q,1,8,2687.361,8,2026-10-05 09:34:45
Album19758,Album19758,deezer,303384407,15,15,1352,,2026-10-03 23:58:14
Album1976230,Album1976230,itunes:pl,1675490599,11,11,2383.839,,2026-10-05 03:31:17
Album1976606,Album1976606,deezer,710138281,3,3,1687,,2026-10-04 00:12:04
Album1976606,Album1976606,youtube,Mf4QXwtOic0,1,8,3515.041,8,2026-10-05 19:15:53
Album1976898,Album1976898,deezer,1019238,9,9,3281,,2026-10-03 23:41:00
Album1977,Album1977,itunes:us,1440905389,12,12,2573.228,,2026-10-05 06:40:18
Album197715,Album197715,deezer,526115542,11,11,2356,,2026-10-03 23:13:43
Album197718,Album197718,deezer,526244362,11,11,3381,,2026-10-03 22:55:58
Album19778,Album19778,itunes:us,1443526878,17,17,2236.078,,2026-10-05 06:42:11
Album1978,Album1978,deezer,320953607,13,13,2893,,2026-10-04 00:21:28
Album197815,Album197815,deezer,107313082,11,11,1068,,2026-10-04 10:51:53
Album197866,Album197866,itunes:us,253009237,1,1,2388.747,,2026-10-05 06:49:19
Album197866,Album197866,youtube,xzIRvmSUhy0,1,8,2388.761,8,2026-10-05 19:13:21
Album197884,Album197884,deezer,1007451941,25,25,6129,,2026-10-04 03:10:28
Album197887,Album197887,itunes:se,715489118,7,7,2508.786,,2026-10-05 06:35:27
Album198102,Album198102,itunes:us,1444086789,14,14,3032.708,,2026-10-05 06:34:07
Album19814,Album19814,itunes:us,1433831024,12,12,3258.921,,2026-10-05 04:52:08
Album198192,Album198192,deezer,302043,15,15,3321,,2026-10-04 03:41:45
Album198233,Album198233,itunes:ar,1443313002,12,12,2772.346,,2026-10-05 08:18:47
Album1983372,Album1983372,itunes:us,278237713,36,36,4769.642,,2026-10-05 04:41:02
Album1984176,Album1984176,deezer,161895222,20,20,4382,,2026-10-03 23:48:58
Album198425,Album198425,itunes:us,724462403,16,16,3001.227,,2026-10-05 06:39:27
Album198559,Album198559,itunes:us,1443600329,13,13,2934.066,,2026-10-05 07:59:15
Album198584,Album198584,deezer,892385122,20,20,2089,,2026-10-03 23:46:20
Album198700,Album198700,deezer,1215351,18,18,3503,,2026-10-03 22:58:11
Album198720,Album198720,deezer,12840436,7,7,2269,,2026-10-04 00:18:53
Album19894,Album19894,itunes:us,91072644,14,14,1453.16,,2026-10-05 06:49:02
Album199019,Album199019,deezer,688458881,10,10,3407,,2026-10-04 01:01:42
Album199244,Album199244,itunes:us,1604982859,9,9,3110.194,,2026-10-05 03:26:00
Album199505,Album199505,deezer,147902102,6,6,2980,,2026-10-04 10:56:11
Album199595,Album199595,itunes:us,1488043391,16,16,2971.627,,2026-10-05 07:37:56
Album1996510,Album1996510,itunes:us,362174516,10,10,2290.012,,2026-10-05 06:33:37
Album19970,Album19970,youtube,u0c0w7PbaU8,1,8,1596.061,5,2026-10-05 15:53:52
Album19972,Album19972,itunes:us,910532068,11,11,2730.707,,2026-10-05 04:00:48
Album20016,Album20016,deezer,6118324,2,2,2347,,2026-10-03 22:30:42
Album20016,Album20016,youtube,9DIRBZ6uEKg,1,8,2351.001,8,2026-10-05 18:36:08
Album200277,Album200277,itunes:us,902508759,12,12,2634.762,,2026-10-05 06:53:51
Album200426,Album200426,itunes:us,1569298277,5,5,2032.018,,2026-10-05 05:01:54
Album200530,Album200530,itunes:us,1166423308,5,5,3550.173,,2026-10-05 05:09:14
Album200531,Album200531,itunes:us,1160545966,9,9,7167.32,,2026-10-05 06:59:19
Album2007,Album2007,deezer,536294,12,12,2267,,2026-10-04 00:41:07
Album200950,Album200950,itunes:us,1833787509,8,8,2821.366,,2026-10-05 06:57:37
Album201021,Album201021,deezer,1030151232,6,6,2467,,2026-10-04 03:35:50
Album20103,Album20103,itunes:es,1440748495,5,5,3078.773,,2026-10-05 04:56:12
Album201147,Album201147,itunes:us,321741692,13,13,2778.926,,2026-10-05 06:37:24
Album2012,Album2012,itunes:us,1163813822,12,12,3468.571,,2026-10-05 06:46:25
Album2012327,Album2012327,deezer,242971972,6,6,1332,,2026-10-03 22:31:02
Album20133,Album20133,itunes:us,1197862960,8,8,3164.999,,2026-10-05 07:36:14
Album2014333,Album2014333,itunes:us,1740370742,11,11,2813.785,,2026-10-05 03:26:20
Album20144,Album20144,deezer,294596,12,12,1864,,2026-10-04 02:51:18
Album20145,Album20145,itunes:ni,1443090749,14,14,2294.654,,2026-10-05 06:24:04
Album201508,Album201508,deezer,63934582,26,26,1411,,2026-10-04 00:13:25
Album2015777,Album2015777,itunes:ru,252825957,32,32,2840.039,,2026-10-05 04:34:58
Album2016308,Album2016308,itunes:se,1167055455,2,2,1047.667,,2026-10-05 06:49:15
Album2016308,Album2016308,youtube,8kD_al_If98,1,8,1091.961,4,2026-10-05 19:12:51
Album20183,Album20183,deezer,728903181,9,9,1686,,2026-10-03 22:51:04
Album2021233,Album2021233,deezer,614010,13,13,3137,,2026-10-04 03:37:55
Album202168,Album202168,itunes:hk,1574716201,8,8,4690.96,,2026-10-05 04:19:05
Album20236,Album20236,deezer,310449647,9,9,2210,,2026-10-03 23:04:06
Album202389,Album202389,itunes:us,1235129221,4,4,2604.682,,2026-10-05 06:51:49
Album202436,Album202436,youtube,ztfjpwtXY3g,1,8,4064.301,8,2026-10-05 13:29:31
Album20249,Album20249,itunes:us,1202351929,5,5,1145.84,,2026-10-05 04:00:10
Album2025,Album2025,deezer,6156289,27,27,4433,,2026-10-03 23:25:58
Album2026,Album2026,deezer,383055,14,14,3447,,2026-10-03 23:06:33
Album2027,Album2027,deezer,7820635,9,9,2689,,2026-10-03 22:26:32
Album2027242,Album2027242,deezer,335030407,10,10,2439,,2026-10-04 01:08:37
Album2027705,Album2027705,itunes:us,1498913444,13,13,2912.987,,2026-10-05 03:36:23
Album2028,Album2028,deezer,7821441,10,10,2584,,2026-10-03 22:36:51
Album202928,Album202928,deezer,144294272,9,9,1913,,2026-10-03 23:03:04
Album20330,Album20330,deezer,162048,13,13,3588,,2026-10-04 01:05:46
Album2034087,Album2034087,itunes:no,1636640134,9,9,2001.361,,2026-10-05 05:00:05
Album203410,Album203410,itunes:us,1452168885,16,16,5351.746,,2026-10-05 08:09:52
Album203703,Album203703,itunes:gb,724401962,10,10,2264.228,,2026-10-05 07:39:23
Album203754,Album203754,deezer,604642402,9,9,3048,,2026-10-03 22:47:00
Album20376,Album20376,deezer,6959763,11,11,4629,,2026-10-04 00:08:37
Album2042747,Album2042747,itunes:jp,1537238701,14,14,4013.999,,2026-10-05 08:29:22
Album2044137,Album2044137,itunes:ca,352989068,9,9,2948.83,,2026-10-05 06:38:22
Album20442,Album20442,itunes:gb,273566480,10,10,3024.494,,2026-10-05 04:36:37
Album204628,Album204628,itunes:us,65125740,2,2,2586.32,,2026-10-05 03:19:28
Album204628,Album204628,youtube,eWGBm_-wYt8,1,8,2590.101,8,2026-10-05 18:50:20
Album2048,Album2048,deezer,400082747,13,13,3599,,2026-10-04 00:45:16
Album2048118,Album2048118,itunes:us,533322788,17,17,3630.08,,2026-10-05 04:29:43
Album20509,Album20509,itunes:us,174892411,18,18,3691.147,,2026-10-05 04:00:01
Album2051185,Album2051185,itunes:us,1571288662,19,19,2495.279,,2026-10-05 07:43:30
Album20518,Album20518,itunes:us,423787693,12,12,2622.425,,2026-10-05 04:11:28
Album205223,Album205223,itunes:ca,259929622,7,7,2881.934,,2026-10-05 04:41:21
Album205251,Album205251,itunes:us,1440853133,16,16,4059.21,,2026-10-05 08:23:08
Album205389,Album205389,itunes:gb,944789415,12,12,4225.827,,2026-10-05 05:18:00
Album205524,Album205524,itunes:us,1660501933,21,21,4704.774,,2026-10-05 04:57:41
Album205727,Album205727,deezer,705079611,8,8,1979,,2026-10-04 00:18:07
Album205778,Album205778,itunes:us,1245352292,7,7,2173.249,,2026-10-05 03:27:40
Album205963,Album205963,youtube,h7uOg9Wz36M,1,8,1736.001,6,2026-10-05 10:36:54
Album206224,Album206224,deezer,663015651,13,13,2828,,2026-10-03 23:34:24
Album206241,Album206241,deezer,1222447,11,11,3327,,2026-10-03 22:39:17
Album20682,Album20682,itunes:us,1852417866,11,11,2293.017,,2026-10-05 03:22:54
Album2068261,Album2068261,deezer,973343991,7,7,3245,,2026-10-04 04:31:12
Album2068942,Album2068942,itunes:us,1858998237,4,4,2624.316,,2026-10-05 03:58:05
Album206912,Album206912,itunes:us,1896207236,6,6,2164.042,,2026-10-05 06:38:41
Album206988,Album206988,deezer,148836,8,8,2646,,2026-10-03 23:39:59
Album2072,Album2072,itunes:us,1349802244,14,14,3692.868,,2026-10-05 07:42:23
Album2072436,Album2072436,youtube,uorVoWL0CuM,1,8,2102.201,7,2026-10-05 12:19:21
Album207249,Album207249,deezer,651305061,12,12,2945,,2026-10-04 01:06:38
Album2073506,Album2073506,deezer,157011802,8,8,2215,,2026-10-03 23:17:17
Album20739,Album20739,deezer,823745631,17,17,2978,,2026-10-04 05:13:18
Album207431,Album207431,deezer,454495,5,5,3438,,2026-10-03 23:29:12
Album207436,Album207436,itunes:gb,1169594327,11,11,6128.76,,2026-10-05 08:20:35
Album2075368,Album2075368,deezer,12114178,11,11,3331,,2026-10-04 10:57:25
Album207566,Album207566,deezer,13565639,16,16,2463,,2026-10-04 00:35:45
Album207706,Album207706,itunes:us,723478614,10,10,2335.253,,2026-10-05 03:30:45
Album207732,Album207732,itunes:mx,192761853,9,9,2870.569,,2026-10-05 07:32:40
Album20785,Album20785,itunes:ru,493368090,12,12,2453.413,,2026-10-05 07:45:15
Album20803,Album20803,itunes:us,1443589104,12,12,2156.146,,2026-10-05 08:02:22
Album20822,Album20822,itunes:de,214357061,8,8,2156.747,,2026-10-05 07:31:30
Album2083,Album2083,itunes:ru,280176511,15,15,2172.961,,2026-10-05 06:37:42
Album208431,Album208431,itunes:us,1508050952,8,8,2256.143,,2026-10-05 04:09:36
Album208464,Album208464,deezer,9331856,12,12,1949,,2026-10-03 23:51:34
Album208628,Album208628,deezer,428496,4,4,1885,,2026-10-04 00:56:01
Album20867,Album20867,deezer,41071,9,9,3010,,2026-10-04 00:06:07
Album20868,Album20868,deezer,41069,7,7,3521,,2026-10-04 00:29:26
Album208688,Album208688,deezer,2310491,19,19,3313,,2026-10-03 23:25:00
Album2087,Album2087,itunes:us,1713874443,10,10,2327.747,,2026-10-05 04:04:24
Album20875,Album20875,itunes:ru,1382343410,7,7,4701.186,,2026-10-05 08:06:13
Album2088,Album2088,itunes:us,1713861903,9,9,2769.037,,2026-10-05 03:59:16
Album2089,Album2089,itunes:us,1716093955,8,8,2645.288,,2026-10-05 03:55:54
Album208917,Album208917,itunes:us,1443913104,12,12,1987.134,,2026-10-05 07:39:08
Album2091,Album2091,itunes:us,1713867069,8,8,3100.161,,2026-10-05 03:57:37
Album209163,Album209163,itunes:us,274278505,9,9,2879.601,,2026-10-05 06:21:35
Album209193,Album209193,itunes:ru,632828008,8,8,4401.867,,2026-10-05 04:19:31
Album2092,Album2092,itunes:us,1713865011,10,10,4022.344,,2026-10-05 04:05:20
Album2093,Album2093,deezer,572670391,9,9,2675,,2026-10-04 00:36:26
Album20944,Album20944,itunes:us,192995929,13,13,3907.76,,2026-10-05 04:02:40
Album2095,Album2095,deezer,6509072,10,10,3382,,2026-10-03 22:39:01
Album21,Album21,itunes:us,1440818734,11,11,2386.546,,2026-10-05 07:10:40
Album210186,Album210186,deezer,315821517,5,5,3663,,2026-10-04 04:05:15
Album210364,Album210364,itunes:ca,3327417,13,13,4051.282,,2026-10-05 07:06:14
Album210405,Album210405,itunes:us,401536226,119,119,13434.311,,2026-10-05 04:27:03
Album210442,Album210442,deezer,792134011,14,14,2680,,2026-10-04 01:07:36
Album21064,Album21064,deezer,117168,13,13,3136,,2026-10-04 00:40:22
Album2106533,Album2106533,youtube,lzGpWfFB7aw,1,8,4345.061,8,2026-10-05 12:27:04
Album2106541,Album2106541,youtube,XjZVpVvad-c,1,8,4777.061,8,2026-10-05 10:12:11
Album2106545,Album2106545,youtube,_cUb-W-7Dtk,1,8,4498.481,8,2026-10-05 11:22:17
Album210845,Album210845,itunes:us,1452248744,18,18,4688.186,,2026-10-05 03:16:32
Album21086,Album21086,itunes:se,1443127411,6,6,1937.284,,2026-10-05 08:04:36
Album210986,Album210986,itunes:ca,589400766,8,8,2641.679,,2026-10-05 04:38:08
Album2111254,Album2111254,itunes:mx,1464294573,7,7,4776.985,,2026-10-05 06:45:38
Album2111681,Album2111681,youtube,2P_54fr_lZI,1,8,2034.461,7,2026-10-05 12:37:01
Album21121,Album21121,youtube,xW7lrDo9T2Q,1,8,3120.041,8,2026-10-05 09:20:21
Album2113486,Album2113486,itunes:us,1316404325,13,13,2905.896,,2026-10-05 08:11:07
Album21137,Album21137,deezer,99690402,5,5,2060,,2026-10-04 00:51:32
Album2116622,Album2116622,deezer,50619552,4,4,2754,,2026-10-03 22:36:05
Album211690,Album211690,itunes:us,1645242474,8,8,1756.068,,2026-10-05 05:13:08
Album2117107,Album2117107,deezer,1056211,9,9,2658,,2026-10-03 22:59:33
Album2118149,Album2118149,itunes:us,307556145,14,14,3809.039,,2026-10-05 06:40:37
Album21189,Album21189,itunes:us,307274691,6,6,3426.853,,2026-10-05 07:23:19
Album211921,Album211921,deezer,931162781,10,10,1931,,2026-10-04 01:10:37
Album2119560,Album2119560,deezer,6463032,32,32,3583,,2026-10-04 03:04:36
Album212050,Album212050,itunes:ru,212539042,20,20,4314.534,,2026-10-05 05:08:59
Album21228,Album21228,deezer,6967415,11,11,4696,,2026-10-04 00:43:59
Album21230,Album21230,deezer,6968697,10,10,4783,,2026-10-04 00:01:47
Album212368,Album212368,deezer,44061,3,3,2928,,2026-10-03 22:44:44
Album212368,Album212368,youtube,yVqtqmrVbu4,1,8,2930.021,8,2026-10-05 18:41:24
Album21237,Album21237,itunes:us,157233902,39,39,12163.794,,2026-10-05 04:37:30
Album21261,Album21261,deezer,77909292,9,9,1969,,2026-10-04 00:24:56
Album2127,Album2127,itunes:us,49249888,14,14,2563.174,,2026-10-05 03:57:27
Album2128287,Album2128287,youtube,_1W5vnEwPvA,1,8,7246.101,8,2026-10-05 09:38:58
Album2128489,Album2128489,deezer,597915,14,14,2552,,2026-10-04 03:49:53
Album21291,Album21291,deezer,197586122,13,13,3488,,2026-10-03 23:19:57
Album21292,Album21292,deezer,197526572,11,11,2971,,2026-10-03 22:51:47
Album21293,Album21293,deezer,197649552,13,13,2919,,2026-10-03 22:59:29
Album21294,Album21294,deezer,197526322,11,11,2706,,2026-10-03 23:52:56
Album21295,Album21295,deezer,203881522,22,22,5327,,2026-10-03 22:43:48
Album21296,Album21296,deezer,197526582,12,12,2757,,2026-10-04 00:10:52
Album212965,Album212965,deezer,484867725,15,15,6925,,2026-10-03 23:07:23
Album2129735,Album2129735,itunes:us,681818004,10,10,3107.812,,2026-10-05 04:46:43
Album2131,Album2131,deezer,310453917,13,13,2858,,2026-10-03 23:37:22
Album21314,Album21314,itunes:us,53643217,5,5,3892.666,,2026-10-05 06:50:09
Album213186,Album213186,itunes:us,1443351769,12,12,1887.666,,2026-10-05 06:44:32
Album213191,Album213191,itunes:se,1442243029,11,11,2107.56,,2026-10-05 06:56:02
Album213192,Album213192,itunes:se,1442686243,10,10,2187.613,,2026-10-05 06:51:21
Album213198,Album213198,deezer,418588847,11,8,1880,,2026-10-04 04:14:35
Album213395,Album213395,itunes:au,65699151,8,8,2610.669,,2026-10-05 06:21:55
Album2135,Album2135,itunes:us,193085545,7,7,2326.463,,2026-10-05 03:56:46
Album213638,Album213638,itunes:us,1443285007,38,38,25418.957,,2026-10-05 04:15:41
Album2136538,Album2136538,deezer,247480002,6,6,3074,,2026-10-04 00:05:51
Album21376,Album21376,deezer,1444066,15,15,3330,,2026-10-04 00:23:24
Album2137634,Album2137634,youtube,_SaFNAHnycg,1,8,2885.841,8,2026-10-05 16:23:48
Album213899,Album213899,itunes:us,1480258047,18,18,4632.05,,2026-10-05 06:18:41
Album213937,Album213937,deezer,174105262,6,6,2211,,2026-10-04 04:33:07
Album213979,Album213979,youtube,0UTFzd6CWxU,1,8,3546.848,8,2026-10-05 10:59:36
Album21416,Album21416,itunes:us,160422866,9,9,2349.16,,2026-10-05 05:00:40
Album214410,Album214410,deezer,387719227,18,18,1705,,2026-10-04 04:11:57
Album2144410,Album2144410,itunes:us,947619137,9,9,3181.761,,2026-10-05 08:08:42
Album21450,Album21450,itunes:us,324080907,78,78,10213.062,,2026-10-05 04:17:32
Album21480,Album21480,itunes:us,1599227202,23,23,8000.44,,2026-10-05 04:13:08
Album21484,Album21484,itunes:us,118633011,9,9,2381.734,,2026-10-05 07:40:46
Album21488,Album21488,itunes:us,724197381,9,9,4670.465,,2026-10-05 07:48:50
Album2149539,Album2149539,youtube,dMCQhJSzzFs,1,8,3720.041,8,2026-10-05 09:56:34
Album215066,Album215066,itunes:se,1587999802,5,5,1975.369,,2026-10-05 08:13:11
Album21508,Album21508,deezer,901415562,14,14,3031,,2026-10-04 05:08:04
Album215244,Album215244,deezer,834457482,8,8,2859,,2026-10-04 00:27:36
Album215265,Album215265,deezer,126209642,8,8,3452,,2026-10-03 22:55:15
Album2153505,Album2153505,youtube,ommO1vOqMCE,1,8,2541.721,8,2026-10-04 21:01:55
Album215491,Album215491,youtube,EqU6sJWrMlQ,1,8,3256.501,8,2026-10-04 20:32:52
Album215664,Album215664,youtube,EUIbnQEnWTE,1,8,2682.901,8,2026-10-05 11:58:51
Album215666,Album215666,youtube,IPhHcp4KD7M,1,8,4205.621,8,2026-10-05 09:43:04
Album21574,Album21574,itunes:us,338711200,17,17,4714.989,,2026-10-05 04:30:44
Album2158066,Album2158066,youtube,qH3J6Tum1Ws,1,8,1633.441,5,2026-10-05 09:47:19
Album2158656,Album2158656,youtube,BHgTVDHCpqo,1,8,3118.521,8,2026-10-04 20:47:07
Album21596,Album21596,itunes:hu,308700898,8,8,2284.001,,2026-10-05 07:38:31
Album2160648,Album2160648,youtube,u7zdZNiT4u0,1,8,2159.961,7,2026-10-05 09:48:50
Album21609,Album21609,itunes:br,1442316044,8,8,2161.304,,2026-10-05 06:51:12
Album2161,Album2161,itunes:us,357652252,16,16,4527.866,,2026-10-05 03:55:08
Album21611,Album21611,itunes:it,1443097596,8,8,2110.922,,2026-10-05 06:30:00
Album21657,Album21657,deezer,793109151,8,8,4235,,2026-10-04 04:15:11
Album216597,Album216597,itunes:ca,1440925847,8,8,3414.573,,2026-10-05 06:51:40
Album216733,Album216733,deezer,7397220,11,11,4551,,2026-10-04 04:09:50
Album21676,Album21676,itunes:se,690727312,19,19,10812.118,,2026-10-05 07:24:59
Album216912,Album216912,deezer,12418886,9,9,3498,,2026-10-04 00:44:47
Album2171861,Album2171861,itunes:gb,1571748860,12,12,3965.556,,2026-10-05 07:43:16
Album217297,Album217297,deezer,713927061,14,14,2792,,2026-10-03 23:38:06
Album21733,Album21733,deezer,12330306,10,10,2395,,2026-10-04 04:06:52
Album21746,Album21746,itunes:us,526592397,14,14,4101.001,,2026-10-05 07:41:04
Album21747,Album21747,itunes:us,1633358842,8,8,2466.68,,2026-10-05 07:41:23
Album21749,Album21749,deezer,72165462,12,12,5914,,2026-10-04 10:52:10
Album2176,Album2176,deezer,301532,11,11,3370,,2026-10-04 00:49:25
Album21779,Album21779,itunes:pl,1099997124,7,7,2308.772,,2026-10-05 07:43:25
Album2178,Album2178,deezer,301518,12,12,3194,,2026-10-04 00:58:52
Album2178338,Album2178338,youtube,esyMQiRsS7s,1,8,2393.061,8,2026-10-05 10:09:19
Album217853,Album217853,itunes:it,1367964984,8,8,3569.96,,2026-10-05 03:21:36
Album218004,Album218004,deezer,427811087,10,10,2505,,2026-10-03 23:58:57
Album218217,Album218217,deezer,1450810,10,10,2531,,2026-10-03 23:13:23
Album2182195,Album2182195,itunes:jp,366262740,8,8,2168.043,,2026-10-05 07:19:51
Album2184334,Album2184334,itunes:ca,406851375,5,5,4203.226,,2026-10-05 07:02:09
Album21862,Album21862,deezer,50301972,11,11,2477,,2026-10-04 03:40:28
Album219,Album219,deezer,374183,43,43,7164,,2026-10-04 00:51:52
Album2190706,Album2190706,itunes:il,1489760686,18,18,4333.346,,2026-10-05 04:36:19
Album2191975,Album2191975,deezer,1138041,10,10,3310,,2026-10-03 23:26:22
Album2194518,Album2194518,itunes:us,1675497812,10,10,2219.613,,2026-10-05 07:29:28
Album2196451,Album2196451,itunes:us,982528581,8,8,9181.493,,2026-10-05 06:55:48
Album219727,Album219727,deezer,11395566,16,16,3709,,2026-10-04 01:06:02
Album21983,Album21983,itunes:us,1412193551,15,15,2973.174,,2026-10-05 04:24:44
Album2201864,Album2201864,deezer,276648902,5,5,2036,,2026-10-03 23:50:47
Album220314,Album220314,deezer,11317968,11,11,2911,,2026-10-04 00:35:29
Album2204230,Album2204230,itunes:us,437289737,21,21,3961.907,,2026-10-05 06:41:22
Album2204403,Album2204403,itunes:ca,1438034556,9,9,3996.533,,2026-10-05 06:31:55
Album220488,Album220488,itunes:ca,1192907241,19,19,3960.867,,2026-10-05 07:31:12
Album22053,Album22053,itunes:ru,1027467835,9,9,3347.441,,2026-10-05 07:09:39
Album22076,Album22076,deezer,310103,13,13,3161,,2026-10-04 00:49:56
Album220988,Album220988,itunes:us,1593817475,9,9,2443.988,,2026-10-05 06:33:09
Album2215,Album2215,deezer,81330,11,11,3184,,2026-10-03 23:43:01
Album2215188,Album2215188,itunes:us,257204506,6,6,3562.96,,2026-10-05 04:37:49
Album22167,Album22167,deezer,757630011,11,11,2689,,2026-10-04 10:56:05
Album22171,Album22171,itunes:us,714408074,20,20,2927.226,,2026-10-05 07:04:44
Album2217933,Album2217933,itunes:us,423412521,12,12,1801.587,,2026-10-05 06:17:32
Album221874,Album221874,itunes:us,1606083031,10,10,2990,,2026-10-05 06:40:23
Album22197,Album22197,deezer,63712582,13,13,3073,,2026-10-03 23:24:48
Album222,Album222,itunes:us,190449576,11,11,2428.477,,2026-10-05 07:57:33
Album222025,Album222025,itunes:us,410460575,1,1,2730.267,,2026-10-05 03:26:57
Album22205,Album22205,youtube,bWph7PoODuw,1,8,2959.521,8,2026-10-05 11:27:05
Album22223,Album22223,itunes:us,1045642800,10,10,2163.254,,2026-10-05 07:39:38
Album222243,Album222243,itunes:us,969897468,20,20,4262.8,,2026-10-05 06:45:57
Album22234,Album22234,deezer,404217057,5,5,3419,,2026-10-04 03:32:31
Album222371,Album222371,itunes:us,1606957870,12,12,2415.094,,2026-10-05 07:24:38
Album22248,Album22248,deezer,14790193,20,20,4402,,2026-10-03 22:53:08
Album22261,Album22261,deezer,325875837,8,8,3147,,2026-10-04 00:19:46
Album22281,Album22281,itunes:ru,214409247,9,9,1692.225,,2026-10-05 07:46:20
Album222954,Album222954,itunes:us,1452164069,5,5,2884,,2026-10-05 04:23:12
Album223,Album223,deezer,1064881391,12,12,2775,,2026-10-04 03:29:44
Album22300,Album22300,deezer,77862932,8,8,1754,,2026-10-04 00:53:10
Album223073,Album223073,deezer,331393,6,6,2577,,2026-10-03 23:53:12
Album223083,Album223083,itunes:se,1443172796,4,4,2230.399,,2026-10-05 05:08:08
Album22312,Album22312,itunes:us,1440835438,13,13,3320.512,,2026-10-05 03:55:13
Album223179,Album223179,itunes:us,551495958,1,1,1868.213,,2026-10-05 04:03:41
Album223293,Album223293,itunes:gb,881802202,13,13,2391.867,,2026-10-05 08:05:32
Album22333,Album22333,itunes:ru,675886089,9,9,3732.665,,2026-10-05 07:44:13
Album22351,Album22351,itunes:us,326701372,15,15,3873.507,,2026-10-05 04:30:15
Album22375,Album22375,deezer,86281422,5,5,2056,,2026-10-03 22:30:48
Album22377,Album22377,deezer,11329218,8,8,2637,,2026-10-03 22:51:32
Album22391,Album22391,deezer,3957931,27,27,2075,,2026-10-03 23:56:16
Album22392,Album22392,deezer,6968799,11,11,2460,,2026-10-04 00:57:59
Album22399,Album22399,deezer,6199536,20,20,3408,,2026-10-03 23:18:03
Album2239956,Album2239956,deezer,11517148,13,13,2751,,2026-10-04 00:52:27
Album22428,Album22428,deezer,579602421,16,16,4071,,2026-10-04 05:09:36
Album2244129,Album2244129,itunes:us,1716092224,17,17,6097.788,,2026-10-05 04:02:35
Album2244869,Album2244869,deezer,474977,12,12,4613,,2026-10-03 23:16:30
Album2245351,Album2245351,youtube,MHZo2XnrcW0,1,8,9240.081,8,2026-10-04 20:35:56
Album2245353,Album2245353,youtube,I2A3_NmkeTE,1,8,9546.501,8,2026-10-05 09:11:51
Album2245356,Album2245356,youtube,lFdR-kurs1k,1,8,7594.341,8,2026-10-05 11:35:56
Album22457,Album22457,deezer,243015192,10,10,3942,,2026-10-04 00:32:16
Album224727,Album224727,itunes:us,1443124407,12,12,3359.986,,2026-10-05 04:32:52
Album224747,Album224747,itunes:se,1584918809,6,6,2233.916,,2026-10-05 08:22:49
Album224983,Album224983,deezer,12343540,11,11,2874,,2026-10-04 00:58:25
Album22504,Album22504,itunes:us,1502302376,23,23,3455.029,,2026-10-05 03:36:40
Album225142,Album225142,itunes:jp,1424748676,12,12,2272.032,,2026-10-05 04:49:30
Album22520,Album22520,deezer,225028,11,11,2943,,2026-10-03 22:35:53
Album225230,Album225230,deezer,7369642,15,15,3287,,2026-10-03 23:37:53
Album225273,Album225273,youtube,jylwKQ6nGx0,1,8,2741.081,8,2026-10-05 09:54:08
Album22536,Album22536,itunes:br,1512222152,13,13,3195.906,,2026-10-05 03:25:54
Album225366,Album225366,youtube,_HsWDA28hLE,1,8,5624.601,8,2026-10-05 09:41:28
Album22537,Album22537,itunes:us,1512221572,13,13,2489.239,,2026-10-05 07:21:13
Album225404,Album225404,itunes:se,1182632155,4,4,2089.693,,2026-10-05 06:54:11
Album225461,Album225461,itunes:us,1448823744,16,16,3931.347,,2026-10-05 07:25:33
Album2256299,Album2256299,youtube,_-LZudHEk7k,1,8,4385.021,8,2026-10-05 11:25:23
Album225663,Album225663,itunes:gb,1443632455,10,10,1946.588,,2026-10-05 07:18:21
Album225664,Album225664,itunes:se,1443557946,12,12,2245.173,,2026-10-05 06:40:13
Album22588,Album22588,itunes:se,1442860976,6,6,2536.773,,2026-10-05 06:21:40
Album22589,Album22589,itunes:ca,168375057,6,6,2735.093,,2026-10-05 06:23:04
Album2259927,Album2259927,itunes:ca,136057780,35,35,3703.839,,2026-10-05 04:36:52
Album22617,Album22617,itunes:us,189235398,19,19,3466.706,,2026-10-05 03:28:24
Album22651,Album22651,deezer,6897291,13,13,3881,,2026-10-03 23:50:41
Album2266449,Album2266449,youtube,JZR7LYATh54,1,8,4477.621,8,2026-10-05 12:18:51
Album226677,Album226677,deezer,86880,10,10,2584,,2026-10-03 23:00:49
Album226743,Album226743,deezer,508927871,14,14,4098,,2026-10-03 23:09:33
Album227059,Album227059,youtube,39H2SK-b0sU,1,8,3601.261,8,2026-10-05 12:10:36
Album227114,Album227114,youtube,3kHUyh_sHbI,1,8,3110.041,8,2026-10-05 13:28:57
Album227225,Album227225,itunes:ru,67965407,9,9,3209.254,,2026-10-05 03:34:02
Album2274866,Album2274866,deezer,532388,9,9,1915,,2026-10-03 23:17:10
Album227492,Album227492,deezer,96477422,20,20,4465,,2026-10-03 23:35:20
Album2275493,Album2275493,itunes:us,1193585815,18,18,4231.941,,2026-10-05 08:12:15
Album22757,Album22757,itunes:us,1045613697,10,10,2071.613,,2026-10-05 06:23:09
Album22760,Album22760,deezer,6967427,11,11,3462,,2026-10-03 23:24:44
Album22762,Album22762,deezer,6968716,12,12,3850,,2026-10-03 23:50:25
Album22763,Album22763,deezer,6307688,20,20,6578,,2026-10-03 23:15:04
Album2276326,Album2276326,youtube,O6Httmhofro,1,8,2420.781,8,2026-10-05 16:54:19
Album227664,Album227664,itunes:hu,724923605,6,6,2855.16,,2026-10-05 03:40:57
Album2277171,Album2277171,itunes:pl,1665297014,21,21,7755.759,,2026-10-05 06:47:10
Album2277755,Album2277755,youtube,yvXHSK44XXw,1,8,2626.241,8,2026-10-05 16:24:23
Album2279322,Album2279322,youtube,LLb-jJF0nlg,1,8,3122.041,8,2026-10-05 12:22:33
Album22841,Album22841,deezer,217747382,7,7,2939,,2026-10-04 00:35:21
Album22842,Album22842,deezer,13436261,10,10,3168,,2026-10-04 04:12:22
Album22855,Album22855,deezer,14911145,13,13,4248,,2026-10-03 23:22:37
Album22860,Album22860,deezer,1052602,38,38,2692,,2026-10-03 23:17:59
Album22861,Album22861,deezer,1281576,9,9,4071,,2026-10-04 00:57:06
Album228716,Album228716,itunes:us,251044814,11,11,558.786,,2026-10-05 06:48:02
Album22888,Album22888,deezer,13366333,8,8,2341,,2026-10-04 00:45:35
Album2289206,Album2289206,deezer,373754,14,14,3196,,2026-10-04 00:31:05
Album229053,Album229053,itunes:us,210837175,14,14,4252.313,,2026-10-05 04:28:16
Album229104,Album229104,deezer,11591166,0,0,,,2026-10-05 19:53:22
Album22912,Album22912,itunes:us,193942922,18,18,4445.718,,2026-10-05 07:22:28
Album22917,Album22917,itunes:gb,62447175,61,61,11269.156,,2026-10-05 04:20:35
Album22920,Album22920,youtube,riCyyVPkGeI,1,8,7201.041,8,2026-10-04 20:46:31
Album229247,Album229247,itunes:se,693086641,16,16,3874.668,,2026-10-05 04:55:42
Album229389,Album229389,itunes:au,1802022541,10,10,4947.114,,2026-10-05 04:18:01
Album2295472,Album2295472,itunes:us,1452312792,79,79,11836.076,,2026-10-05 04:21:38
Album229616,Album229616,youtube,y9lMwvtpm3c,1,8,2752.381,8,2026-10-05 09:59:36
Album22965,Album22965,itunes:us,1025325115,10,10,2859.826,,2026-10-05 07:59:10
Album229723,Album229723,deezer,427810637,10,10,2784,,2026-10-04 00:23:54
Album229724,Album229724,deezer,427810737,9,9,2419,,2026-10-03 23:37:33
Album229726,Album229726,deezer,427811157,10,10,2821,,2026-10-04 00:08:53
Album2298150,Album2298150,itunes:us,157342118,12,12,6334.665,,2026-10-05 04:57:09
Album23,Album23,itunes:us,1440850529,11,11,2375.28,,2026-10-05 04:05:15
Album230018,Album230018,itunes:us,896822550,7,7,2668.506,,2026-10-05 03:26:38
Album2300197,Album2300197,deezer,6200537,5,5,2672,,2026-10-04 01:01:28
Album2300248,Album2300248,itunes:gb,1806697220,14,14,2632.852,,2026-10-05 05:03:45
Album2300722,Album2300722,itunes:us,1289982483,7,7,4571.537,,2026-10-05 08:19:10
Album230095,Album230095,itunes:us,252462331,8,8,2263.799,,2026-10-05 06:45:52
Album230221,Album230221,itunes:ar,1440763800,12,12,2530.402,,2026-10-05 04:50:49
Album230377,Album230377,itunes:us,1443132957,5,5,2451.56,,2026-10-05 05:14:34
Album23047,Album23047,deezer,628409101,13,13,3237,,2026-10-04 00:49:45
Album2305037,Album2305037,deezer,9344724,12,12,2622,,2026-10-03 23:53:24
Album230545,Album230545,deezer,658337291,14,14,3216,,2026-10-04 04:52:43
Album230634,Album230634,youtube,S_aFuu--73g,1,8,2898.041,8,2026-10-05 10:04:04
Album2306365,Album2306365,youtube,SPawwyUF9do,1,8,1829.021,6,2026-10-05 17:26:19
Album230650,Album230650,deezer,362256187,7,7,4249,,2026-10-04 00:48:41
Album230742,Album230742,deezer,510062781,13,13,3678,,2026-10-03 23:27:22
Album230835,Album230835,itunes:us,1660461380,9,9,1972.572,,2026-10-05 07:23:04
Album230839,Album230839,itunes:us,1206665772,8,8,2525.461,,2026-10-05 07:56:25
Album230843,Album230843,itunes:us,1206665777,9,9,2293,,2026-10-05 07:20:59
Album2309,Album2309,deezer,8910319,15,15,3792,,2026-10-03 22:33:16
Album231,Album231,itunes:us,826494403,7,7,2409.331,,2026-10-05 03:55:31
Album23113,Album23113,deezer,877836632,10,10,2790,,2026-10-04 00:29:50
Album23114,Album23114,itunes:us,1610589353,10,10,2763.507,,2026-10-05 07:13:10
Album231256,Album231256,deezer,1022225,11,11,1673,,2026-10-03 23:53:57
Album231264,Album231264,deezer,959343071,8,8,1333,,2026-10-04 05:09:52
Album231733,Album231733,deezer,323296,5,5,2229,,2026-10-03 23:37:09
Album2318807,Album2318807,itunes:us,1484136290,10,10,1807.92,,2026-10-05 07:34:43
Album232,Album232,itunes:pl,1443886268,12,12,2625.135,,2026-10-05 07:06:28
Album232208,Album232208,itunes:dk,1212339552,13,13,2330.64,,2026-10-05 06:38:59
Album2322146,Album2322146,itunes:gb,1178192593,27,27,7306.334,,2026-10-05 04:28:55
Album2323,Album2323,itunes:us,1667693815,7,7,2075.171,,2026-10-05 04:00:39
Album232467,Album232467,deezer,177830412,12,12,2787,,2026-10-03 23:33:27
Album2325,Album2325,itunes:us,357222341,13,13,2357.654,,2026-10-05 03:55:49
Album232520,Album232520,deezer,396229257,10,10,2367,,2026-10-04 01:05:54
Album2325709,Album2325709,deezer,427876667,12,12,3364,,2026-10-04 05:08:34
Album2326050,Album2326050,deezer,6580479,15,15,3543,,2026-10-04 00:53:06
Album2327,Album2327,itunes:us,283662040,13,13,3319.678,,2026-10-05 08:05:06
Album2327114,Album2327114,deezer,224499492,17,17,2913,,2026-10-04 03:56:39
Album23278,Album23278,itunes:us,52997421,12,12,4024.292,,2026-10-05 04:22:29
Album232834,Album232834,itunes:ca,1447858170,20,20,7296.385,,2026-10-05 04:27:28
Album2329635,Album2329635,itunes:us,1575696248,14,14,3811.552,,2026-10-05 04:39:40
Album233,Album233,itunes:us,1444027809,13,13,2822.799,,2026-10-05 06:37:06
Album233030,Album233030,itunes:us,1444051518,20,20,3505.639,,2026-10-05 06:44:27
Album2330575,Album2330575,deezer,388092987,8,8,3225,,2026-10-04 03:29:54
Album2333953,Album2333953,deezer,12753426,15,15,2848,,2026-10-03 22:56:25
Album233417,Album233417,itunes:us,1740316597,12,12,1866,,2026-10-05 05:10:37
Album2334868,Album2334868,deezer,97521042,10,10,2648,,2026-10-04 04:28:32
Album233539,Album233539,itunes:us,1434895578,7,7,1988.427,,2026-10-05 06:25:01
Album2335756,Album2335756,deezer,6654421,12,12,3289,,2026-10-03 23:07:03
Album2337,Album2337,deezer,356507,7,7,2429,,2026-10-03 22:26:16
Album23372,Album23372,deezer,515599542,18,18,4448,,2026-10-04 00:25:08
Album23381,Album23381,youtube,UE_2pd_rwiA,1,8,3577.261,8,2026-10-05 11:01:39
Album23431,Album23431,itunes:us,6951046,12,12,2863.693,,2026-10-05 05:11:54
Album23454,Album23454,itunes:us,358109200,12,12,3555.113,,2026-10-05 07:40:31
Album2346,Album2346,deezer,110040602,23,23,7144,,2026-10-04 00:20:42
Album2346947,Album2346947,youtube,eBP_iAyycDo,1,8,1171.081,4,2026-10-05 12:05:09
Album2346950,Album2346950,youtube,reMDwJAmxNQ,1,8,3092.961,8,2026-10-05 15:44:41
Album2349,Album2349,deezer,6328172,21,21,7509,,2026-10-03 23:27:30
Album2349441,Album2349441,deezer,214415772,5,5,2439,,2026-10-04 00:23:46
Album2349593,Album2349593,itunes:us,341538650,12,12,2947.426,,2026-10-05 07:07:30
Album2350,Album2350,deezer,6328183,20,20,7302,,2026-10-03 23:49:02
Album23502,Album23502,itunes:es,1457158480,12,12,2567.08,,2026-10-05 08:06:22
Album2353,Album2353,deezer,127877602,12,12,3874,,2026-10-03 23:28:56
Album235408,Album235408,deezer,43852141,13,13,2586,,2026-10-04 00:10:05
Album2356224,Album2356224,deezer,770917131,2,2,1994,,2026-10-03 22:46:15
Album2356224,Album2356224,youtube,-2TOMU3Yvh4,1,8,1996.721,7,2026-10-05 18:41:57
Album2357,Album2357,itunes:gb,344594129,11,11,4347.499,,2026-10-05 04:37:59
Album23583,Album23583,itunes:ru,1137704553,22,22,5650.125,,2026-10-05 08:17:36
Album236019,Album236019,deezer,972169221,12,12,1186,,2026-10-03 23:34:52
Album236036,Album236036,itunes:us,1572329186,9,9,2149.533,,2026-10-05 06:46:37
Album236227,Album236227,itunes:us,1558589315,10,10,1817.239,,2026-10-05 05:14:18
Album236252,Album236252,itunes:ca,536343672,16,16,3528.826,,2026-10-05 08:10:01
Album2364,Album2364,deezer,8558461,9,9,3310,,2026-10-04 03:46:11
Album236485,Album236485,itunes:ca,1052970478,6,6,1894.401,,2026-10-05 03:30:26
Album2365936,Album2365936,youtube,XBRwElXhG-0,1,8,10684.321,8,2026-10-04 20:52:32
Album2366934,Album2366934,itunes:us,604800411,11,11,2417.067,,2026-10-05 05:02:56
Album23672,Album23672,deezer,12983190,15,15,3189,,2026-10-04 00:27:45
Album2368332,Album2368332,deezer,410147567,10,10,2540,,2026-10-03 23:33:23
Album236897,Album236897,itunes:se,1507452242,7,7,2721.203,,2026-10-05 06:35:32
Album237207,Album237207,deezer,918116951,27,27,1459,,2026-10-03 23:02:52
Album2373042,Album2373042,deezer,58815872,14,14,3370,,2026-10-04 00:16:27
Album237348,Album237348,itunes:ca,553121026,1,1,1441.853,,2026-10-05 05:21:26
Album237348,Album237348,youtube,jptR_YwCs3o,1,8,1443.141,5,2026-10-05 19:04:38
Album23744,Album23744,itunes:us,1452388573,3,3,2484.227,,2026-10-05 03:27:53
Album237444,Album237444,deezer,373631287,15,15,2896,,2026-10-04 00:25:20
Album2374962,Album2374962,itunes:gb,1440950391,39,39,9061.83,,2026-10-05 04:51:38
Album23757,Album23757,deezer,192690,14,14,6139,,2026-10-04 00:09:42
Album2376654,Album2376654,itunes:us,941395760,20,20,5193.534,,2026-10-05 04:15:32
Album237666,Album237666,youtube,wXCaGER389Q,1,8,2491.021,8,2026-10-05 09:48:21
Album2377011,Album2377011,deezer,387465967,8,8,2738,,2026-10-04 00:27:10
Album2377113,Album2377113,youtube,HQ-DJd-57Lo,1,8,2900.041,8,2026-10-05 14:45:26
Album238130,Album238130,deezer,564981062,14,14,3074,,2026-10-04 00:50:17
Album238278,Album238278,deezer,98257982,8,7,2339,,2026-10-03 22:40:24
Album238279,Album238279,deezer,243044102,22,22,1431,,2026-10-04 00:22:57
Album23831,Album23831,deezer,661167471,13,13,1962,,2026-10-04 04:07:19
Album2385221,Album2385221,deezer,518347,9,9,2623,,2026-10-03 23:13:10
Album2385968,Album2385968,itunes:us,1610295893,1,1,2283.48,,2026-10-05 07:08:44
Album2385968,Album2385968,youtube,8xoZaAv6dmg,1,8,2281.501,8,2026-10-05 19:19:17
Album238689,Album238689,youtube,9eLonInenCM,1,8,4008.281,8,2026-10-04 21:00:19
Album2387,Album2387,itunes:gb,884059844,15,15,4318.695,,2026-10-05 04:04:43
Album2388479,Album2388479,deezer,90892002,10,10,3393,,2026-10-03 22:59:21
Album238946,Album238946,youtube,gMwSRJH46jg,1,8,4060.081,8,2026-10-05 18:12:30
Album23903,Album23903,itunes:us,1443182084,19,19,4403.003,,2026-10-05 07:05:56
Album23913,Album23913,itunes:se,1444117745,9,9,2350.146,,2026-10-05 03:35:11
Album23922,Album23922,itunes:hu,1463243932,9,9,2796.16,,2026-10-05 08:29:03
Album23928,Album23928,itunes:hu,1443909086,14,14,4156.058,,2026-10-05 06:28:05
Album23934,Album23934,deezer,1673217,6,6,2530,,2026-10-03 23:04:15
Album2395470,Album2395470,itunes:jp,1522829999,36,36,3942.627,,2026-10-05 04:48:39
Album24014,Album24014,deezer,570456,11,11,1989,,2026-10-03 23:03:15
Album2402,Album2402,deezer,14459694,8,8,2369,,2026-10-03 22:25:19
Album24020,Album24020,deezer,720992411,8,8,1929,,2026-10-04 00:10:13
Album24023,Album24023,deezer,69732922,11,11,2383,,2026-10-03 22:53:53
Album2402532,Album2402532,deezer,518685292,8,8,3546,,2026-10-03 22:34:41
Album24027,Album24027,itunes:us,401629741,21,21,4801.906,,2026-10-05 05:13:47
Album2403,Album2403,deezer,14459676,12,12,2685,,2026-10-03 22:30:16
Album24030,Album24030,itunes:mx,321550458,10,10,2303.801,,2026-10-05 04:49:00
Album24032,Album24032,deezer,1215370,12,12,2293,,2026-10-03 23:02:13
Album24034,Album24034,deezer,636037371,13,13,3672,,2026-10-04 02:59:57
Album2404,Album2404,deezer,14493718,9,9,2184,,2026-10-03 22:30:20
Album24041,Album24041,itunes:us,192751636,13,13,2431.28,,2026-10-05 06:17:45
Album2405,Album2405,itunes:us,1015778690,10,10,2219.896,,2026-10-05 07:56:42
Album2405102,Album2405102,deezer,396130,8,8,3206,,2026-10-04 05:10:03
Album2405940,Album2405940,itunes:us,931456846,7,7,3519.506,,2026-10-05 07:09:26
Album2406,Album2406,deezer,14459696,9,9,2297,,2026-10-03 22:25:31
Album240606,Album240606,itunes:us,1470294576,18,18,5328.633,,2026-10-05 07:14:24
Album240767,Album240767,itunes:gb,1611547356,13,13,3094.401,,2026-10-05 03:39:49
Album2408,Album2408,deezer,381982,10,10,3758,,2026-10-03 23:29:45
Album2409,Album2409,deezer,81868,10,10,3110,,2026-10-03 23:02:02
Album240950,Album240950,deezer,1552384,34,34,1438,,2026-10-03 23:19:21
Album241239,Album241239,itunes:us,1109561114,7,7,2322.014,,2026-10-05 05:20:02
Album24133,Album24133,itunes:hu,170397968,14,14,4547.401,,2026-10-05 06:47:05
Album2416154,Album2416154,itunes:tr,1734414417,18,18,3491.498,,2026-10-05 06:24:46
Album2416528,Album2416528,itunes:us,1528798274,10,10,4650.3,,2026-10-05 05:22:21
Album2418634,Album2418634,deezer,665567161,7,7,1960,,2026-10-03 22:45:33
Album241877,Album241877,deezer,422213007,12,12,2407,,2026-10-03 23:32:30
Album242046,Album242046,deezer,402583,14,14,2094,,2026-10-03 22:52:23
Album242051,Album242051,itunes:gb,321537476,21,21,4533.05,,2026-10-05 07:02:30
Album242370,Album242370,deezer,609872,5,5,3306,,2026-10-03 22:30:44
Album2424365,Album2424365,youtube,AfChn_NjI9w,1,8,9581.601,8,2026-10-04 20:32:20
Album2425173,Album2425173,itunes:es,1045626579,9,9,4365.68,,2026-10-05 06:19:14
Album242685,Album242685,deezer,15770306,7,7,4029,,2026-10-04 00:21:50
Album2429174,Album2429174,itunes:us,981535459,11,11,6385.653,,2026-10-05 05:22:02
Album24334,Album24334,itunes:ua,275005836,15,15,3637.425,,2026-10-05 06:56:21
Album2435426,Album2435426,itunes:us,888170228,17,17,3561.373,,2026-10-05 04:01:09
Album243572,Album243572,itunes:us,1452183092,6,6,4900,,2026-10-05 04:37:06
Album243687,Album243687,deezer,328830,9,9,3172,,2026-10-03 23:31:37
Album243794,Album243794,deezer,652103711,5,5,2423,,2026-10-03 23:49:31
Album2440516,Album2440516,deezer,1017546,9,9,3054,,2026-10-04 00:44:03
Album244187,Album244187,deezer,14182790,3,3,2195,,2026-10-04 00:22:22
Album244187,Album244187,youtube,60LjlGrAezw,1,8,2201.061,7,2026-10-05 19:19:49
Album244217,Album244217,itunes:us,9455626,13,13,4631.302,,2026-10-05 07:15:13
Album244369,Album244369,deezer,1275206,11,11,2185,,2026-10-03 23:50:13
Album244455,Album244455,itunes:us,450489982,4,4,2503.092,,2026-10-05 08:10:44
Album24448,Album24448,deezer,109478632,7,7,2393,,2026-10-04 00:15:56
Album24449,Album24449,itunes:gb,1477532178,10,10,2893.871,,2026-10-05 07:06:19
Album244560,Album244560,deezer,103154752,10,10,1687,,2026-10-04 04:32:34
Album24479,Album24479,deezer,494118831,9,9,4725,,2026-10-03 23:10:26
Album24489,Album24489,youtube,UIMBGX_ibCw,1,8,3101.841,8,2026-10-05 16:19:43
Album244938,Album244938,deezer,85049432,30,30,4380,,2026-10-03 22:25:03
Album244940,Album244940,itunes:us,163511973,25,25,4341.092,,2026-10-05 03:59:12
Album244943,Album244943,itunes:us,528471384,22,22,4381.292,,2026-10-05 03:18:49
Album2452377,Album2452377,deezer,11517282,16,16,2931,,2026-10-04 00:27:22
Album2452670,Album2452670,deezer,50489002,9,9,1905,,2026-10-04 00:37:56
Album2456994,Album2456994,itunes:mx,1329245128,7,7,2051.669,,2026-10-05 04:45:59
Album245842,Album245842,deezer,81768,12,12,1836,,2026-10-04 00:16:47
Album245897,Album245897,deezer,716098781,14,14,2907,,2026-10-04 00:13:55
Album2460272,Album2460272,deezer,14951953,10,10,1744,,2026-10-03 23:57:24
Album2460792,Album2460792,itunes:ie,944789745,10,10,4796.159,,2026-10-05 04:46:23
Album2461964,Album2461964,itunes:us,337833232,12,12,4673.361,,2026-10-05 06:32:51
Album24623,Album24623,deezer,494128381,20,20,3099,,2026-10-03 23:50:33
Album246300,Album246300,itunes:gb,563463323,15,15,2005.142,,2026-10-05 04:46:14
Album246302,Album246302,itunes:ca,563465618,20,20,3244.672,,2026-10-05 03:16:39
Album2464787,Album2464787,itunes:us,1185725095,8,8,2303.386,,2026-10-05 04:07:22
Album2465472,Album2465472,itunes:ca,1378615858,2,2,1955.111,,2026-10-05 08:01:58
Album2465472,Album2465472,youtube,OLImeDPTiqM,1,8,1955.241,7,2026-10-05 19:38:11
Album246585,Album246585,itunes:ca,1691492462,9,9,2779.08,,2026-10-05 07:25:28
Album2469121,Album2469121,itunes:us,1192125735,14,14,2411.761,,2026-10-05 03:20:17
Album246942,Album246942,itunes:us,1479414061,8,8,2243.62,,2026-10-05 07:59:06
Album2469615,Album2469615,itunes:ru,346049308,7,7,2651.563,,2026-10-05 07:46:39
Album24697,Album24697,deezer,373730,11,11,3256,,2026-10-03 23:04:35
Album247062,Album247062,itunes:ca,480343148,6,6,3495.147,,2026-10-05 06:44:13
Album2471175,Album2471175,deezer,893617212,13,13,6936,,2026-10-04 00:01:16
Album247350,Album247350,deezer,108003,23,23,4387,,2026-10-04 00:15:01
Album247467,Album247467,youtube,q_u-JJIK3BI,1,8,11715.781,8,2026-10-05 15:47:02
Album24752,Album24752,youtube,lFbKrW6Xjq4,1,8,4505.821,8,2026-10-06 01:19:21
Album24755,Album24755,deezer,13265895,10,10,2211,,2026-10-04 00:36:29
Album24761,Album24761,itunes:us,56584212,9,9,2441.027,,2026-10-05 08:29:08
Album24777,Album24777,deezer,345395,12,12,3403,,2026-10-03 23:17:51
Album2477939,Album2477939,itunes:us,897792951,48,48,13667.706,,2026-10-05 04:25:32
Album24789,Album24789,itunes:se,696432992,10,10,2619.213,,2026-10-05 08:08:55
Album248256,Album248256,deezer,227846402,13,13,2045,,2026-10-04 04:29:56
Album2484178,Album2484178,deezer,564667,6,6,3057,,2026-10-03 23:00:32
Album248496,Album248496,itunes:us,164955100,11,11,3953.467,,2026-10-05 07:00:31
Album24852,Album24852,deezer,432043527,11,11,1858,,2026-10-04 01:07:01
Album24866,Album24866,deezer,70763452,11,11,3702,,2026-10-04 00:45:04
Album248847,Album248847,deezer,531687092,12,12,2468,,2026-10-04 04:10:34
Album24926,Album24926,deezer,8006380,17,17,10024,,2026-10-03 22:38:05
Album24933,Album24933,itunes:us,304290900,16,16,11617.148,,2026-10-05 04:17:47
Album2494429,Album2494429,deezer,3879661,5,5,2934,,2026-10-03 22:40:48
Album24954,Album24954,deezer,877640732,9,9,3876,,2026-10-04 04:12:38
Album24957,Album24957,itunes:us,1443223815,6,6,2280.095,,2026-10-05 04:08:02
Album249580,Album249580,deezer,7711963,10,10,2388,,2026-10-03 23:12:03
Album249604,Album249604,itunes:au,789958365,8,8,2166.934,,2026-10-05 07:22:33
Album249619,Album249619,itunes:us,1452943977,66,66,26752.627,,2026-10-05 04:24:30
Album24987,Album24987,deezer,334195,5,5,2467,,2026-10-04 00:05:16
Album249982,Album249982,itunes:dk,1453865378,11,11,4557.708,,2026-10-05 08:01:11
Album2500774,Album2500774,itunes:se,1452229291,9,9,3667.001,,2026-10-05 05:05:53
Album2501375,Album2501375,youtube,4tliO2m6f4o,1,8,2525.681,8,2026-10-05 14:49:58
Album2502657,Album2502657,youtube,fYBMOxaNmYk,1,8,4544.141,8,2026-10-05 12:25:21
Album2503852,Album2503852,youtube,pkF7Xum5TKU,1,8,3923.461,8,2026-10-05 08:57:25
Album250460,Album250460,deezer,290130472,7,7,2269,,2026-10-04 04:08:49
Album250484,Album250484,deezer,333857507,12,12,1698,,2026-10-04 00:15:37
Album250486,Album250486,itunes:us,1634073868,11,11,1853.467,,2026-10-05 06:50:34
Album250509,Album250509,itunes:us,891755766,6,6,3748.214,,2026-10-05 04:20:01
Album250756,Album250756,youtube,a30rkGN9oO4,1,8,3600.601,8,2026-10-05 10:29:29
Album2507581,Album2507581,youtube,YRovtLBF5Ps,1,8,4079.101,8,2026-10-05 09:40:47
Album250915,Album250915,itunes:us,1189663910,6,6,4244.732,,2026-10-05 03:31:04
Album2510227,Album2510227,itunes:us,1363520539,5,5,1040.666,,2026-10-05 07:10:17
Album25109,Album25109,itunes:us,1443232329,11,11,2488.843,,2026-10-05 05:13:22
Album2513343,Album2513343,itunes:us,1682502835,17,17,6899.172,,2026-10-05 03:58:10
Album25135,Album25135,deezer,185287472,11,11,2366,,2026-10-04 00:51:59
Album2514436,Album2514436,youtube,tzEahueSin0,1,8,5022.721,8,2026-10-05 13:27:55
Album2514574,Album2514574,youtube,8nJRMhs2npo,1,8,10608.181,8,2026-10-05 09:30:55
Album251500,Album251500,deezer,527796,8,8,4190,,2026-10-03 23:20:26
Album2515208,Album2515208,itunes:ca,1635086720,12,12,3628.733,,2026-10-05 07:14:33
Album25154,Album25154,deezer,1105706,9,9,2862,,2026-10-03 23:59:33
Album251543,Album251543,itunes:us,376141813,10,10,2992.28,,2026-10-05 04:02:30
Album25213,Album25213,deezer,223719,6,6,2356,,2026-10-03 22:49:34
Album252181,Album252181,itunes:ca,1442704149,23,23,4980.513,,2026-10-05 04:32:43
Album2523518,Album2523518,deezer,10161394,10,10,3524,,2026-10-04 04:37:26
Album2526175,Album2526175,youtube,tWeQ_NXkC0Q,1,8,5062.981,8,2026-10-05 12:26:08
Album2530131,Album2530131,deezer,164831532,33,33,7386,,2026-10-04 04:37:53
Album2531662,Album2531662,deezer,374885447,7,7,2565,,2026-10-04 04:56:55
Album253186,Album253186,itunes:us,666623759,16,16,4425.733,,2026-10-05 04:47:24
Album2533108,Album2533108,itunes:us,895072229,15,15,2507.746,,2026-10-05 07:53:45
Album2535,Album2535,deezer,656688151,10,10,2620,,2026-10-03 23:47:15
Album253601,Album253601,youtube,ae3F0wcot-M,1,8,1786.621,6,2026-10-05 09:53:35
Album2540095,Album2540095,itunes:gb,491457004,14,14,3205.68,,2026-10-05 05:01:59
Album254090,Album254090,youtube,uZ1YJ5lcBS0,1,8,4587.721,8,2026-10-05 14:56:41
Album25422,Album25422,deezer,6112241,10,10,3815,,2026-10-03 23:25:20
Album2543,Album2543,deezer,13663706,9,9,2469,,2026-10-03 23:48:23
Album25431,Album25431,deezer,483990,16,16,4069,,2026-10-03 23:37:46
Album254841,Album254841,itunes:ca,1443411990,14,14,2822.174,,2026-10-05 04:58:06
Album2548617,Album2548617,itunes:us,349535407,12,12,3351.451,,2026-10-05 03:59:26
Album254899,Album254899,deezer,675906,14,14,3083,,2026-10-04 00:47:50
Album254901,Album254901,deezer,1250192,13,13,2579,,2026-10-04 00:29:10
Album254903,Album254903,deezer,1220690,13,13,3002,,2026-10-04 00:34:09
Album2549977,Album2549977,deezer,50488462,12,12,3610,,2026-10-03 23:38:10
Album2551474,Album2551474,itunes:us,1630714174,3,3,2139.893,,2026-10-05 04:16:30
Album255235,Album255235,itunes:us,19620387,19,19,10070.797,,2026-10-05 03:22:22
Album25526,Album25526,deezer,259016122,13,13,3511,,2026-10-03 22:38:31
Album25561,Album25561,deezer,239716,8,8,2709,,2026-10-03 22:36:39
Album255831,Album255831,deezer,8554423,13,13,3188,,2026-10-04 05:13:38
Album2560,Album2560,youtube,rF-z3ampYmM,1,8,799.961,4,2026-10-05 15:11:45
Album256025,Album256025,youtube,K_AT1vJE3p8,1,8,4272.601,8,2026-10-05 15:10:35
Album256026,Album256026,itunes:us,1766295406,16,16,4426.387,,2026-10-05 07:54:56
Album256078,Album256078,deezer,10748618,10,10,1515,,2026-10-03 22:51:55
Album256079,Album256079,deezer,10862508,9,9,1316,,2026-10-03 23:05:53
Album2562385,Album2562385,itunes:es,1443141169,7,7,2484.026,,2026-10-05 04:42:39
Album2563895,Album2563895,itunes:ca,413528026,14,14,4024.013,,2026-10-05 06:27:46
Album256444,Album256444,deezer,616035312,9,9,1277,,2026-10-03 23:54:27
Album2565418,Album2565418,deezer,710333191,6,6,2116,,2026-10-04 01:03:03
Album2565848,Album2565848,deezer,6462553,10,10,3472,,2026-10-04 01:08:06
Album2567279,Album2567279,deezer,247473652,8,8,4019,,2026-10-03 23:17:24
Album256813,Album256813,itunes:us,254321360,15,15,4140.679,,2026-10-05 05:04:52
Album257030,Album257030,deezer,1136938,7,7,1772,,2026-10-03 23:22:50
Album2570762,Album2570762,deezer,63464932,11,11,2994,,2026-10-03 22:41:02
Album25740,Album25740,deezer,326564627,8,8,2190,,2026-10-04 00:51:17
Album257416,Album257416,itunes:us,724772928,9,9,2929.772,,2026-10-05 08:26:44
Album2574515,Album2574515,deezer,182526842,18,18,7053,,2026-10-04 00:01:02
Album2574958,Album2574958,deezer,914967941,20,20,3204,,2026-10-03 23:51:55
Album2575052,Album2575052,deezer,906243932,23,23,3668,,2026-10-03 22:39:25
Album2575177,Album2575177,deezer,914957191,23,23,3158,,2026-10-04 01:10:13
Album25769,Album25769,deezer,10039938,8,8,2769,,2026-10-04 00:50:05
Album257847,Album257847,itunes:es,1262443909,24,24,4679.159,,2026-10-05 07:02:44
Album25794,Album25794,itunes:es,1440911251,6,6,2740.161,,2026-10-05 06:20:21
Album25806,Album25806,deezer,854716522,5,5,2182,,2026-10-04 00:42:26
Album25807,Album25807,deezer,300141,3,3,2406,,2026-10-03 23:11:08
Album25807,Album25807,youtube,7IKC2BW4pxc,1,8,2412.441,8,2026-10-05 18:53:05
Album25812,Album25812,itunes:us,1443544593,15,15,3245.226,,2026-10-05 07:10:59
Album25817,Album25817,itunes:us,1443492457,6,6,2298.786,,2026-10-05 06:50:14
Album258193,Album258193,itunes:us,93606908,14,14,2191.265,,2026-10-05 03:35:18
Album25820,Album25820,youtube,phyp578llZg,1,8,2212.701,7,2026-10-05 17:27:24
Album258209,Album258209,deezer,437726327,7,7,937,,2026-10-03 23:24:08
Album25837,Album25837,deezer,931460,10,10,3727,,2026-10-03 23:23:02
Album25840,Album25840,youtube,OCneToTbxGc,1,8,2973.381,8,2026-10-05 16:54:57
Album25843,Album25843,itunes:ca,1182176967,14,14,2717.892,,2026-10-05 07:43:44
Album2586020,Album2586020,itunes:us,1716601796,12,12,3274.535,,2026-10-05 06:44:23
Album25864,Album25864,deezer,333281,4,4,2190,,2026-10-03 23:29:57
Album25865,Album25865,itunes:us,1443927557,7,7,2312.841,,2026-10-05 06:22:38
Album2587438,Album2587438,itunes:ca,720343559,10,10,2831.026,,2026-10-05 06:59:48
Album25887,Album25887,deezer,1052585,8,8,2183,,2026-10-03 22:42:55
Album25889,Album25889,deezer,381674827,8,8,2067,,2026-10-03 23:35:24
Album258901,Album258901,deezer,354894757,20,20,4484,,2026-10-03 23:17:55
Album258905,Album258905,deezer,356998047,20,20,4415,,2026-10-03 22:55:04
Album25894,Album25894,itunes:us,1298813639,9,9,1904.081,,2026-10-05 05:10:42
Album25898,Album25898,deezer,582501542,8,8,2564,,2026-10-04 03:09:57
Album25899,Album25899,deezer,582499052,7,7,2370,,2026-10-03 23:20:50
Album259394,Album259394,youtube,rLTcm6Yg638,1,8,3878.621,8,2026-10-05 11:19:59
Album25948,Album25948,deezer,124660762,8,8,3173,,2026-10-04 03:48:16
Album25955,Album25955,itunes:us,214479868,10,10,2297.089,,2026-10-05 07:31:40
Album2596754,Album2596754,deezer,334905887,12,12,2301,,2026-10-04 00:01:22
Album2597297,Album2597297,itunes:us,475787551,8,8,2527.932,,2026-10-05 04:36:09
Album26001,Album26001,itunes:us,908828235,10,10,3448.867,,2026-10-05 06:29:26
Album2602,Album2602,youtube,PZwQeZh6rP0,1,8,5243.861,8,2026-10-05 17:09:40
Album26024,Album26024,deezer,13833158,9,9,1932,,2026-10-04 00:05:36
Album26051,Album26051,itunes:us,347496489,14,14,9893.199,,2026-10-05 19:52:45
Album26051,Album26051,itunes:us,637056287,20,20,12052.869,,2026-10-05 04:01:39
Album26058,Album26058,itunes:es,50235388,16,16,2719.681,,2026-10-05 07:24:12
Album2608400,Album2608400,itunes:fr,1687167972,3,3,1980.85,,2026-10-05 05:15:28
Album2608400,Album2608400,youtube,xfmxo7detZ0,1,8,1960.981,7,2026-10-05 19:01:41
Album2608404,Album2608404,itunes:us,1077285683,4,4,1803.186,,2026-10-05 07:30:35
Album2608411,Album2608411,itunes:us,1823283307,4,4,1977.63,,2026-10-05 07:43:06
Album2609,Album2609,deezer,238836992,12,12,2588,,2026-10-04 05:09:47
Album26091,Album26091,deezer,551856072,4,4,2658,,2026-10-03 22:42:51
Album26102,Album26102,itunes:us,1444065831,15,15,3855.628,,2026-10-05 07:45:43
Album26145,Album26145,itunes:ru,491146638,8,8,3489.693,,2026-10-05 06:30:23
Album261454,Album261454,deezer,314464637,8,8,2426,,2026-10-04 00:55:02
Album26149,Album26149,itunes:gb,1442531414,4,4,2268.893,,2026-10-05 06:39:31
Album26164,Album26164,deezer,705079621,8,8,2649,,2026-10-04 00:18:58
Album26177,Album26177,deezer,77127,7,7,2214,,2026-10-03 23:52:21
Album2619249,Album2619249,deezer,429509977,11,11,4408,,2026-10-04 00:03:52
Album2619943,Album2619943,itunes:ru,413806341,10,10,3693.583,,2026-10-05 07:44:08
Album2620,Album2620,deezer,13259259,10,10,3600,,2026-10-04 00:48:17
Album2621036,Album2621036,itunes:us,371519868,13,13,2655.025,,2026-10-05 06:53:19
Album2621825,Album2621825,itunes:ca,329138166,9,9,2565.798,,2026-10-05 07:31:07
Album262236,Album262236,deezer,510437441,13,13,4514,,2026-10-04 00:28:39
Album262460,Album262460,deezer,906920392,12,12,2840,,2026-10-04 05:15:06
Album26280,Album26280,itunes:us,1163450625,13,13,3320.188,,2026-10-05 03:35:44
Album26350,Album26350,deezer,1458690,9,9,2245,,2026-10-04 00:22:10
Album2637856,Album2637856,itunes:ru,1456942064,12,12,2707.852,,2026-10-05 05:19:29
Album26384,Album26384,itunes:es,1469551473,12,12,2030.143,,2026-10-05 07:02:39
Album26385,Album26385,itunes:us,1436088713,28,28,6841.467,,2026-10-05 05:13:27
Album2639014,Album2639014,itunes:sa,401509866,36,36,7604.986,,2026-10-05 03:15:16
Album264041,Album264041,itunes:se,287838645,7,7,3375.826,,2026-10-05 08:06:55
Album264044,Album264044,itunes:ca,1405760349,4,4,2680.512,,2026-10-05 07:04:40
Album26421,Album26421,youtube,f8Nk691Gxxg,1,8,3375.161,8,2026-10-04 20:57:12
Album26442,Album26442,itunes:hu,1438636575,4,4,2099.672,,2026-10-05 05:07:12
Album26443,Album26443,itunes:de,715559277,7,7,3727.013,,2026-10-05 07:16:20
Album2644314,Album2644314,youtube,I50mWPgxC-g,1,8,2024.581,7,2026-10-05 16:28:51
Album26444,Album26444,itunes:gb,700052779,7,7,2360.519,,2026-10-05 04:03:00
Album2644562,Album2644562,itunes:us,1086779917,22,22,2634.64,,2026-10-05 04:29:48
Album2646,Album2646,itunes:us,375347157,27,27,4161.596,,2026-10-05 05:03:07
Album2647,Album2647,itunes:au,280377293,11,11,2276.36,,2026-10-05 03:18:56
Album264715,Album264715,itunes:br,1727405583,9,9,1732.559,,2026-10-05 04:50:54
Album2649,Album2649,deezer,10965518,11,11,2648,,2026-10-04 00:56:33
Album2649932,Album2649932,itunes:us,348764904,15,15,1704.851,,2026-10-05 08:12:43
Album26508,Album26508,deezer,13344281,22,22,4354,,2026-10-03 22:39:54
Album265101,Album265101,itunes:us,1440743071,5,5,3977,,2026-10-05 04:14:07
Album2654298,Album2654298,youtube,8lKZiDK-Gl0,1,8,1902.041,6,2026-10-05 08:53:18
Album265561,Album265561,deezer,711231,26,26,7326,,2026-10-04 00:00:36
Album265616,Album265616,deezer,94352582,9,9,3306,,2026-10-04 00:31:29
Album2660886,Album2660886,youtube,AhmwUb2CoFg,1,8,3576.361,8,2026-10-05 10:38:46
Album2664116,Album2664116,youtube,AZF8u8FUrFU,1,8,1763.101,6,2026-10-05 11:15:42
Album26647,Album26647,itunes:se,1674575337,11,11,1787.814,,2026-10-05 08:28:34
Album26648,Album26648,itunes:se,1440655809,11,11,1894.413,,2026-10-05 06:29:17
Album26678,Album26678,itunes:se,1629185166,7,7,2478.267,,2026-10-05 06:27:32
Album2672,Album2672,deezer,596444852,10,10,3499,,2026-10-03 23:45:28
Album267240,Album267240,youtube,HqQyTBcz3og,1,8,2263.101,8,2026-10-05 11:54:49
Album26726,Album26726,itunes:us,307794876,9,9,6552.666,,2026-10-05 04:40:04
Album26727,Album26727,itunes:us,878028485,30,30,13881.44,,2026-10-05 04:26:27
Album26731,Album26731,itunes:us,307793560,42,42,17584.294,,2026-10-05 04:20:40
Album267374,Album267374,deezer,721733541,7,7,2239,,2026-10-03 22:35:25
Album26746,Album26746,deezer,321677,5,5,2288,,2026-10-04 00:57:10
Album2676508,Album2676508,deezer,182696342,25,24,6680,,2026-10-04 01:08:18
Album267819,Album267819,youtube,au0zD03va5U,1,8,4003.941,8,2026-10-05 13:08:40
Album2680,Album2680,deezer,680350,33,33,7887,,2026-10-05 19:52:41
Album26801,Album26801,itunes:se,1439048925,8,8,2319.881,,2026-10-05 07:09:02
Album26807,Album26807,itunes:se,1439050139,11,11,3188.84,,2026-10-05 03:32:16
Album2683,Album2683,itunes:ca,302161524,12,12,2603.027,,2026-10-05 07:56:47
Album268304,Album268304,deezer,698084001,36,36,12755,,2026-10-04 04:23:25
Album268324,Album268324,itunes:us,1830579421,4,4,4879.108,,2026-10-05 04:27:13
Album268491,Album268491,deezer,6392692,27,27,6877,,2026-10-05 19:53:15
Album26905,Album26905,youtube,R4rQvaL9qxE,1,8,2250.761,8,2026-10-05 11:12:27
Album26943,Album26943,deezer,684709,15,15,3352,,2026-10-04 00:17:57
Album2696633,Album2696633,deezer,59824182,18,18,7450,,2026-10-03 22:26:08
Album2696870,Album2696870,deezer,271625172,8,8,2872,,2026-10-03 22:35:33
Album2696882,Album2696882,itunes:ca,1443105409,8,8,2007,,2026-10-05 07:44:46
Album2696886,Album2696886,itunes:es,1442917582,8,8,2803,,2026-10-05 07:19:05
Album2696889,Album2696889,deezer,271625182,8,8,2423,,2026-10-03 22:30:33
Album2697,Album2697,deezer,108496,18,18,4102,,2026-10-04 00:53:26
Album2698,Album2698,itunes:us,1590344686,14,14,3509.8,,2026-10-05 05:08:24
Album2699811,Album2699811,itunes:us,449865814,8,8,2674.187,,2026-10-05 06:54:15
Album27006,Album27006,deezer,90824,14,14,3604,,2026-10-04 10:51:40
Album27012,Album27012,deezer,7458248,12,12,2449,,2026-10-04 03:32:38
Album270168,Album270168,deezer,931012591,9,9,4295,,2026-10-03 23:25:29
Album27023,Album27023,itunes:us,1519836469,13,13,2783.293,,2026-10-05 03:34:45
Album270289,Album270289,itunes:se,696491504,9,9,3589.559,,2026-10-05 07:58:06
Album27040,Album27040,itunes:es,724548231,8,8,3240.201,,2026-10-05 05:05:17
Album270479,Album270479,deezer,430056807,26,26,3978,,2026-10-03 23:26:48
Album2706889,Album2706889,itunes:jp,358082162,12,12,3085.874,,2026-10-05 08:20:59
Album2707460,Album2707460,deezer,816980411,14,14,4013,,2026-10-03 22:45:21
Album270864,Album270864,deezer,1213036,13,13,3038,,2026-10-04 00:01:35
Album27087,Album27087,itunes:us,1448387601,10,10,2952.839,,2026-10-05 07:53:04
Album27090,Album27090,itunes:us,724834271,10,10,3484.147,,2026-10-05 04:07:44
Album27092,Album27092,itunes:gb,344747934,16,16,5796.992,,2026-10-05 04:18:36
Album2710565,Album2710565,deezer,587678,12,12,2495,,2026-10-04 00:02:41
Album2711093,Album2711093,deezer,278383842,10,10,4477,,2026-10-03 23:03:54
Album27119,Album27119,itunes:gb,192484382,9,9,2677.954,,2026-10-05 06:25:33
Album27140,Album27140,itunes:us,291492022,13,13,2042.666,,2026-10-05 08:15:53
Album2714592,Album2714592,deezer,7501112,6,6,2120,,2026-10-03 22:45:13
Album271687,Album271687,itunes:us,1600275883,4,4,3398.577,,2026-10-05 07:17:19
Album27181,Album27181,itunes:us,1458641356,11,11,4704.639,,2026-10-05 07:35:40
Album271932,Album271932,itunes:us,255174411,11,11,2901.334,,2026-10-05 05:07:28
Album272188,Album272188,youtube,V839Qpx__YQ,1,8,4037.861,8,2026-10-05 16:53:35
Album2722,Album2722,itunes:us,1565228579,12,12,3306,,2026-10-05 08:17:20
Album27221,Album27221,deezer,901488052,9,9,2397,,2026-10-04 04:26:30
Album272275,Album272275,itunes:hu,1529347715,6,6,4693.826,,2026-10-05 04:57:36
Album27229,Album27229,itunes:se,724900032,5,5,2960.587,,2026-10-05 07:53:18
Album27230,Album27230,deezer,9193113,5,5,2484,,2026-10-04 00:47:58
Album27237,Album27237,itunes:de,723533940,8,8,4543.347,,2026-10-05 06:35:49
Album27262,Album27262,deezer,14581566,14,14,2294,,2026-10-04 00:20:55
Album27270,Album27270,itunes:es,1018515332,10,10,2194.637,,2026-10-05 07:19:00
Album2727565,Album2727565,deezer,12779212,9,9,2428,,2026-10-04 00:26:15
Album2728044,Album2728044,itunes:us,324511177,11,11,3138.971,,2026-10-05 07:47:39
Album2729404,Album2729404,youtube,ASZ3EwDhags,1,8,3878.741,8,2026-10-04 20:39:42
Album273154,Album273154,itunes:gb,775660908,10,10,2216.357,,2026-10-05 05:16:34
Album2731872,Album2731872,itunes:gb,360286370,83,83,14061.778,,2026-10-05 05:07:18
Album27321,Album27321,deezer,11901562,6,6,2133,,2026-10-04 04:56:48
Album27337,Album27337,itunes:us,730582791,12,12,2315.812,,2026-10-05 03:31:30
Album27345,Album27345,deezer,334253,6,6,2330,,2026-10-03 23:57:32
Album27350,Album27350,deezer,334245,13,13,11027,,2026-10-03 22:43:12
Album27355,Album27355,deezer,326773,6,6,2551,,2026-10-03 23:38:26
Album2735545,Album2735545,itunes:se,1536422130,12,12,2155.56,,2026-10-05 06:42:34
Album27356,Album27356,itunes:se,716284801,8,8,3739.214,,2026-10-05 08:17:16
Album273703,Album273703,itunes:us,79660432,11,11,2092.906,,2026-10-05 04:54:23
Album2737205,Album2737205,deezer,468754995,10,10,1544,,2026-10-03 23:02:26
Album273833,Album273833,itunes:pe,1443431938,14,14,2335.161,,2026-10-05 04:59:41
Album273882,Album273882,deezer,9336314,11,11,2899,,2026-10-04 02:55:53
Album274041,Album274041,deezer,1194765,8,8,1805,,2026-10-03 23:31:00
Album274082,Album274082,itunes:se,308830954,7,7,2597.601,,2026-10-05 08:00:25
Album274090,Album274090,youtube,MSDXyNxYlnM,1,8,2865.801,8,2026-10-05 10:38:08
Album274113,Album274113,itunes:pe,885373176,7,7,2803.894,,2026-10-05 07:09:06
Album274122,Album274122,deezer,848289062,5,5,2660,,2026-10-03 22:49:13
Album2741729,Album2741729,itunes:ca,189186812,14,14,4157.2,,2026-10-05 06:36:23
Album2741738,Album2741738,itunes:ca,291765010,12,12,3573.025,,2026-10-05 07:55:28
Album27419,Album27419,deezer,125166,6,6,2438,,2026-10-03 22:56:52
Album27466,Album27466,itunes:ru,1479740109,11,11,1715.641,,2026-10-05 03:24:44
Album275056,Album275056,itunes:us,1452537281,26,26,6340.812,,2026-10-05 03:19:45
Album27508,Album27508,itunes:us,161609905,12,12,2173.08,,2026-10-05 07:50:27
Album2750820,Album2750820,deezer,90888872,13,13,4374,,2026-10-04 00:51:05
Album275302,Album275302,itunes:ca,137254408,5,5,2576.827,,2026-10-05 06:18:17
Album275504,Album275504,deezer,49229772,10,10,2255,,2026-10-03 23:23:11
Album27566,Album27566,itunes:pl,1629122552,9,9,2449.933,,2026-10-05 06:53:37
Album2756634,Album2756634,itunes:ru,1402669270,21,21,4641.081,,2026-10-05 04:53:28
Album27572,Album27572,deezer,471805555,26,26,5601,,2026-10-03 23:43:56
Album275723,Album275723,itunes:ca,1536224470,9,9,2348.574,,2026-10-05 06:36:52
Album27573,Album27573,itunes:gb,202980446,13,13,2098.334,,2026-10-05 07:34:09
Album27578,Album27578,deezer,321885,9,9,3872,,2026-10-04 00:07:08
Album27579,Album27579,deezer,321886,9,9,3902,,2026-10-04 00:43:09
Album2758,Album2758,itunes:us,1702711176,19,19,2991.613,,2026-10-05 06:33:28
Album2758725,Album2758725,deezer,726587381,18,18,4094,,2026-10-03 23:42:40
Album27590,Album27590,deezer,1236832,20,20,4563,,2026-10-04 00:48:45
Album276130,Album276130,deezer,13529933,10,10,3069,,2026-10-03 23:51:59
Album27624,Album27624,deezer,6968708,14,14,2481,,2026-10-04 00:47:34
Album2764086,Album2764086,itunes:us,1441690444,20,20,3446.109,,2026-10-05 08:07:31
Album2766721,Album2766721,itunes:mx,1715637057,13,13,1754.717,,2026-10-05 05:02:14
Album27672,Album27672,itunes:us,298575031,19,19,3670.384,,2026-10-05 04:22:58
Album27679,Album27679,deezer,206788192,14,14,2705,,2026-10-04 00:12:11
Album2770135,Album2770135,youtube,Q0ReyoYlVqI,1,8,2898.761,8,2026-10-04 20:51:46
Album2770844,Album2770844,youtube,NLrsFBglIh0,1,8,3362.701,8,2026-10-05 16:33:59
Album2772306,Album2772306,itunes:us,1519389837,12,12,2957.45,,2026-10-05 04:22:38
Album2774100,Album2774100,deezer,297401232,29,29,3904,,2026-10-04 00:08:17
Album27768,Album27768,deezer,227825,5,5,3162,,2026-10-04 02:53:15
Album2779549,Album2779549,deezer,11616252,10,10,2507,,2026-10-03 23:23:22
Album27816,Album27816,deezer,330425,9,9,3133,,2026-10-04 01:07:12
Album27821,Album27821,itunes:it,1442443839,12,12,2565.385,,2026-10-05 07:35:09
Album27826,Album27826,itunes:us,193867034,10,10,2563.973,,2026-10-05 08:17:40
Album278576,Album278576,itunes:us,65439098,14,14,3376.866,,2026-10-05 05:00:45
Album278591,Album278591,deezer,533094052,12,12,3083,,2026-10-04 00:53:42
Album27871,Album27871,youtube,nul3A0pS_oc,1,8,2633.921,8,2026-10-05 09:12:18
Album278786,Album278786,itunes:us,1493681630,8,8,3150.333,,2026-10-05 06:21:17
Album2788119,Album2788119,itunes:ru,364350456,10,10,2371.798,,2026-10-05 08:08:00
Album2788489,Album2788489,deezer,502479,7,7,3722,,2026-10-03 22:44:07
Album2788520,Album2788520,itunes:es,720533837,15,15,4198.199,,2026-10-05 04:45:49
Album2790,Album2790,deezer,1454994,12,12,3217,,2026-10-04 00:41:37
Album279083,Album279083,itunes:us,216457869,15,15,4071.511,,2026-10-05 03:29:02
Album2791089,Album2791089,deezer,6262404,8,8,3611,,2026-10-04 00:33:56
Album27923,Album27923,youtube,cnSkGoHEmOo,1,8,2699.161,8,2026-10-05 09:09:33
Album279331,Album279331,itunes:us,1535034571,7,7,2169.2,,2026-10-05 06:25:20
Album27991,Album27991,deezer,316641,11,11,3497,,2026-10-03 23:09:06
Album28,Album28,deezer,12752520,14,14,3913,,2026-10-04 00:53:57
Album2800674,Album2800674,itunes:gb,1440755293,25,25,4336.933,,2026-10-05 05:21:52
Album28026,Album28026,itunes:us,724234698,12,12,2858,,2026-10-05 07:54:36
Album280313,Album280313,itunes:us,1800649516,4,4,2314.734,,2026-10-05 04:40:17
Album280331,Album280331,itunes:us,269238587,1,1,3422.493,,2026-10-05 04:01:27
Album280331,Album280331,youtube,BrBoQLkZY2g,1,8,3424.581,8,2026-10-05 17:31:27
Album280478,Album280478,itunes:ca,1558602887,13,13,2948.882,,2026-10-05 07:05:18
Album28078,Album28078,itunes:us,208102157,9,9,2097.239,,2026-10-05 03:37:31
Album2810,Album2810,deezer,13256471,10,10,4016,,2026-10-04 00:48:56
Album281062,Album281062,youtube,ARlC8NGsVNU,1,8,1332.121,4,2026-10-05 17:15:15
Album28117,Album28117,itunes:gb,1032340410,25,25,5782.506,,2026-10-05 03:16:16
Album2811849,Album2811849,itunes:jp,363343170,11,11,2358.351,,2026-10-05 08:10:30
Album2812348,Album2812348,deezer,76298222,11,11,3201,,2026-10-04 01:03:24
Album2813560,Album2813560,deezer,252236222,17,17,3651,,2026-10-03 22:47:09
Album2815055,Album2815055,deezer,252236262,21,21,5194,,2026-10-03 22:40:40
Album281551,Album281551,itunes:ca,1452145033,7,7,3113,,2026-10-05 06:29:50
Album2816722,Album2816722,itunes:au,1816586582,11,11,1418.506,,2026-10-05 06:22:43
Album2819115,Album2819115,deezer,252236242,18,18,4650,,2026-10-03 23:17:06
Album2819392,Album2819392,deezer,568949211,10,10,2874,,2026-10-04 00:46:42
Album281947,Album281947,deezer,158988972,23,23,3281,,2026-10-04 10:56:15
Album2819596,Album2819596,deezer,400399657,7,7,2237,,2026-10-04 00:38:13
Album28200,Album28200,deezer,97848,19,19,7087,,2026-10-04 10:51:16
Album28216,Album28216,deezer,14111848,11,11,2452,,2026-10-04 00:14:32
Album282246,Album282246,deezer,75914102,5,5,2127,,2026-10-03 23:26:56
Album282268,Album282268,deezer,825705121,16,16,4136,,2026-10-04 10:53:44
Album28267,Album28267,itunes:ca,1298815935,9,9,1492.373,,2026-10-05 06:49:06
Album2826749,Album2826749,itunes:us,556574114,4,4,3195.16,,2026-10-05 07:52:37
Album282739,Album282739,itunes:us,273488467,10,10,2478.133,,2026-10-05 04:48:19
Album2828068,Album2828068,deezer,106845182,9,9,4767,,2026-10-03 23:12:53
Album28298,Album28298,itunes:us,299462984,6,6,2557.121,,2026-10-05 07:40:55
Album283240,Album283240,youtube,9tk6WjfdLpw,1,8,2348.881,8,2026-10-04 20:49:39
Album28325,Album28325,deezer,115457612,10,10,3634,,2026-10-03 22:38:56
Album283331,Album283331,itunes:ca,52996963,11,11,2811.427,,2026-10-05 04:52:49
Album283399,Album283399,deezer,719973861,5,5,2492,,2026-10-03 23:11:11
Album283411,Album283411,deezer,6857127,12,12,2095,,2026-10-03 23:44:04
Album28346,Album28346,itunes:ca,1831154993,8,8,2254.855,,2026-10-05 03:34:40
Album28347,Album28347,itunes:us,1442435310,13,13,2590.56,,2026-10-05 03:37:24
Album2835773,Album2835773,deezer,1018842,6,6,3751,,2026-10-03 23:38:34
Album28360,Album28360,deezer,97470,14,14,2422,,2026-10-04 00:43:35
Album2836139,Album2836139,itunes:us,1790509024,10,10,2225.721,,2026-10-05 06:39:21
Album2839749,Album2839749,deezer,251993292,17,17,4247,,2026-10-03 23:00:53
Album2841705,Album2841705,youtube,Hsc7YcyuGXc,1,8,2363.021,8,2026-10-05 10:13:38
Album2842431,Album2842431,deezer,151881502,10,10,2201,,2026-10-04 00:10:40
Album28445,Album28445,youtube,hy3W-3HPMWg,1,8,2440.021,8,2026-10-05 17:44:55
Album28458,Album28458,itunes:us,1773009664,12,12,4421.962,,2026-10-05 04:06:23
Album284707,Album284707,deezer,6775405,8,8,4794,,2026-10-03 23:13:39
Album285040,Album285040,youtube,ChBCww96RKo,1,8,2080.081,7,2026-10-05 11:24:16
Album28514,Album28514,itunes:us,1496223602,2,2,6211.06,,2026-10-05 04:07:53
Album28521,Album28521,deezer,593159532,13,13,3136,,2026-10-04 00:11:28
Album285238,Album285238,deezer,6481371,43,43,14068,,2026-10-03 22:43:16
Album28530,Album28530,itunes:us,714822080,25,25,3992.932,,2026-10-05 07:34:38
Album28534,Album28534,itunes:us,480224583,7,7,2938.559,,2026-10-05 08:10:20
Album28549,Album28549,deezer,898256842,11,11,3648,,2026-10-03 22:42:39
Album2855083,Album2855083,youtube,JeUZkn3GA9I,1,8,1787.061,6,2026-10-04 21:02:56
Album2855944,Album2855944,deezer,399687267,14,14,3170,,2026-10-03 23:22:11
Album28564,Album28564,deezer,77714092,14,14,3533,,2026-10-04 01:05:38
Album2856410,Album2856410,youtube,9OJaVvnYzYA,1,8,1631.181,5,2026-10-05 12:29:57
Album285971,Album285971,deezer,433732127,16,16,8911,,2026-10-04 00:19:42
Album28663,Album28663,itunes:us,344779456,12,12,4053.584,,2026-10-05 03:56:51
Album28665,Album28665,deezer,997973761,8,8,2408,,2026-10-03 23:24:56
Album286654,Album286654,youtube,xuR2T2DvcAQ,1,8,6888.121,8,2026-10-04 20:48:24
Album28670,Album28670,itunes:us,81873103,7,7,2337.174,,2026-10-05 04:04:39
Album28671,Album28671,youtube,-4LtE6j4UOw,1,8,2624.061,8,2026-10-05 15:21:27
Album286868,Album286868,itunes:br,662641635,13,13,2159.72,,2026-10-05 08:03:52
Album2869316,Album2869316,youtube,BtbPJg4qQ20,1,8,2814.541,8,2026-10-05 12:07:53
Album2869328,Album2869328,youtube,KNkoSzRkJek,1,8,2961.061,8,2026-10-05 10:39:15
Album286955,Album286955,deezer,807402861,9,9,3028,,2026-10-04 03:29:03
Album286961,Album286961,deezer,807403091,7,7,2369,,2026-10-03 23:24:19
Album2872669,Album2872669,deezer,361715,19,19,3244,,2026-10-04 00:32:50
Album28728,Album28728,deezer,217728992,7,7,2608,,2026-10-04 00:53:22
Album28734,Album28734,itunes:gb,1444179808,15,15,9292.788,,2026-10-05 07:40:50
Album2873921,Album2873921,deezer,122366072,10,10,4417,,2026-10-04 00:48:25
Album28742,Album28742,itunes:us,727349636,10,10,1716.531,,2026-10-05 06:17:51
Album2874668,Album2874668,itunes:ca,1723882402,8,8,2867.063,,2026-10-05 07:06:10
Album287493,Album287493,itunes:us,297341629,10,10,3506.027,,2026-10-05 08:20:29
Album2874931,Album2874931,deezer,92940432,10,10,3643,,2026-10-04 03:44:30
Album2875689,Album2875689,itunes:us,1562332299,1,1,384.006,,2026-10-05 06:48:11
Album28766,Album28766,itunes:us,1440753030,11,11,2647.013,,2026-10-05 07:24:17
Album2878,Album2878,itunes:us,693584837,9,9,2561.879,,2026-10-05 06:41:32
Album288172,Album288172,youtube,L__jruvYuCg,1,8,2616.061,8,2026-10-04 20:59:17
Album28828,Album28828,deezer,1020128,10,10,2412,,2026-10-03 23:26:26
Album28829,Album28829,youtube,8S5PCFJpVk4,1,8,2108.021,7,2026-10-05 11:32:43
Album28879,Album28879,itunes:us,1120172881,16,16,3535.668,,2026-10-05 08:21:18
Album28880,Album28880,deezer,819522421,10,10,2462,,2026-10-03 23:45:04
Album28884,Album28884,deezer,6192668,10,10,2362,,2026-10-04 01:00:14
Album289058,Album289058,deezer,510384371,8,8,1660,,2026-10-04 01:07:32
Album2890871,Album2890871,itunes:gb,1611070829,4,4,1803.841,,2026-10-05 07:21:27
Album28923,Album28923,deezer,140920122,10,10,3759,,2026-10-03 23:28:47
Album289358,Album289358,itunes:de,1444134172,5,5,8868.346,,2026-10-05 07:07:06
Album28938,Album28938,itunes:us,1442653162,8,8,2595.694,,2026-10-05 07:37:01
Album2893933,Album2893933,deezer,895746472,18,18,3859,,2026-10-04 04:38:14
Album2893940,Album2893940,itunes:ru,470497498,11,11,3468.067,,2026-10-05 06:30:05
Album2895998,Album2895998,itunes:no,1572945499,8,8,1610.148,,2026-10-05 04:35:45
Album28961,Album28961,itunes:ru,1045515002,9,9,3592.679,,2026-10-05 07:26:47
Album2896889,Album2896889,itunes:gb,366643025,43,43,9003.574,,2026-10-05 04:14:24
Album2896898,Album2896898,deezer,1527151,12,12,2878,,2026-10-04 01:07:40
Album2899223,Album2899223,deezer,15727314,15,15,3271,,2026-10-04 00:26:50
Album2899453,Album2899453,deezer,55806292,16,16,4120,,2026-10-03 23:34:47
Album290661,Album290661,deezer,179275222,9,9,2687,,2026-10-03 23:54:31
Album290663,Album290663,itunes:us,1518262495,9,9,2958.442,,2026-10-05 08:14:51
Album290734,Album290734,deezer,62197802,39,39,9010,,2026-10-04 03:27:48
Album29098,Album29098,deezer,92094602,3,3,2304,,2026-10-03 23:42:11
Album29098,Album29098,youtube,opMGArDXEYE,1,8,2306.101,8,2026-10-05 19:06:01
Album2912856,Album2912856,itunes:us,1689773507,17,17,4432.622,,2026-10-05 07:45:05
Album29184,Album29184,deezer,647131791,9,9,3709,,2026-10-04 03:10:03
Album2919,Album2919,itunes:us,880823894,11,11,2384.841,,2026-10-05 06:35:59
Album292181,Album292181,itunes:us,1471109371,16,16,3537.787,,2026-10-05 07:14:01
Album292228,Album292228,itunes:pl,905423796,9,9,2357.693,,2026-10-05 07:47:35
Album292409,Album292409,youtube,Ipohbylz7Z4,1,8,1810.021,6,2026-10-05 17:22:24
Album292469,Album292469,itunes:se,1443072015,4,4,2269.147,,2026-10-05 06:22:09
Album293004,Album293004,youtube,A8w21380Jn4,1,8,3693.581,8,2026-10-05 12:37:34
Album293012,Album293012,deezer,10136718,7,7,1889,,2026-10-04 00:27:41
Album29311,Album29311,itunes:us,95883717,9,9,3006.534,,2026-10-05 03:32:29
Album293362,Album293362,deezer,10136760,6,6,2047,,2026-10-04 01:00:40
Album293531,Album293531,deezer,39812821,4,4,2729,,2026-10-03 23:46:27
Album293540,Album293540,itunes:us,1536706805,24,24,3599.922,,2026-10-05 04:18:16
Album2937851,Album2937851,itunes:us,1437532551,6,6,2846,,2026-10-05 07:49:50
Album293791,Album293791,youtube,wg6ZuQEC-_c,1,8,3658.281,8,2026-10-05 09:06:57
Album293955,Album293955,itunes:us,1443847616,11,11,2077.023,,2026-10-05 08:26:13
Album2940053,Album2940053,deezer,694656,10,10,3406,,2026-10-04 00:45:51
Album294016,Album294016,itunes:ca,723833032,9,9,2144.735,,2026-10-05 05:22:54
Album294031,Album294031,itunes:se,1442648804,12,12,1971.998,,2026-10-05 05:16:00
Album294043,Album294043,itunes:ru,1437161379,14,14,2031.541,,2026-10-05 06:19:43
Album294167,Album294167,itunes:se,724113747,18,18,4436.6,,2026-10-05 06:45:19
Album294274,Album294274,itunes:ca,1453089384,8,8,7157.76,,2026-10-05 04:28:01
Album2945665,Album2945665,deezer,494034361,5,5,2417,,2026-10-03 23:14:08
Album2946242,Album2946242,itunes:us,913793891,10,10,2133.092,,2026-10-05 08:28:51
Album294729,Album294729,youtube,TvalS4bRp7A,1,8,2495.181,8,2026-10-05 10:28:27
Album2948469,Album2948469,itunes:us,1634801949,31,31,8084.734,,2026-10-05 07:05:32
Album2949,Album2949,deezer,356419237,12,12,3198,,2026-10-04 01:05:10
Album29497,Album29497,itunes:se,301899045,14,14,2616.546,,2026-10-05 07:48:21
Album294985,Album294985,itunes:us,1405950154,9,9,2690.361,,2026-10-05 08:15:19
Album295131,Album295131,itunes:us,1029236458,6,6,3284.213,,2026-10-05 08:00:04
Album295180,Album295180,itunes:se,713879356,10,10,2082.36,,2026-10-05 06:36:56
Album295718,Album295718,deezer,442987095,13,13,3210,,2026-10-04 01:03:57
Album295852,Album295852,itunes:us,1375807797,15,15,4245.067,,2026-10-05 04:02:12
Album29616,Album29616,deezer,727058371,11,11,9222,,2026-10-04 10:57:20
Album29619,Album29619,itunes:mx,304732196,11,11,4428.065,,2026-10-05 08:04:41
Album296426,Album296426,youtube,vnDKvgo7-6I,1,8,4620.061,8,2026-10-05 11:44:12
Album2965283,Album2965283,deezer,377012767,19,19,4518,,2026-10-04 01:10:27
Album29683,Album29683,deezer,586181632,11,11,2397,,2026-10-03 22:27:36
Album29684,Album29684,itunes:us,1860311955,11,11,2825.401,,2026-10-05 05:01:05
Album29685,Album29685,deezer,880383912,12,12,2828,,2026-10-03 23:20:34
Album29700,Album29700,itunes:us,1480613834,43,43,18875.319,,2026-10-05 03:55:44
Album297222,Album297222,itunes:us,1536699686,8,8,1493.08,,2026-10-05 08:02:01
Album297255,Album297255,itunes:us,1452236704,17,17,3498.44,,2026-10-05 04:29:34
Album297273,Album297273,itunes:ca,215732190,30,30,3021.212,,2026-10-05 05:19:43
Album29740,Album29740,itunes:us,296547590,7,7,2403.24,,2026-10-05 08:22:25
Album2974333,Album2974333,deezer,13135494,2,2,5556,,2026-10-04 00:46:35
Album2974333,Album2974333,youtube,GoxksZw6LIY,1,8,5561.021,8,2026-10-05 19:30:23
Album297509,Album297509,itunes:pl,1271507971,12,12,3076.467,,2026-10-05 06:28:20
Album2976,Album2976,itunes:us,1610301015,8,8,2531.694,,2026-10-05 04:17:56
Album2976836,Album2976836,itunes:us,1699314520,99,99,19567.147,,2026-10-05 04:31:22
Album2979409,Album2979409,youtube,2F2MDEUsXGM,1,8,3932.501,8,2026-10-05 09:11:11
Album2981171,Album2981171,itunes:us,383772953,22,22,7962.621,,2026-10-05 07:58:32
Album298565,Album298565,itunes:us,1297112689,8,8,4139.658,,2026-10-05 06:29:06
Album2985925,Album2985925,itunes:us,714237325,9,9,1453.467,,2026-10-05 06:38:01
Album2986447,Album2986447,itunes:pe,1761970604,3,3,4258.333,,2026-10-05 07:32:56
Album29867,Album29867,itunes:us,332663733,9,9,2215.106,,2026-10-05 07:26:17
Album298727,Album298727,itunes:us,286768548,16,16,2812.841,,2026-10-05 04:05:38
Album298827,Album298827,itunes:us,678084423,14,14,2839.561,,2026-10-05 08:23:17
Album299,Album299,deezer,620977791,14,14,2494,,2026-10-03 22:48:50
Album2992330,Album2992330,itunes:us,1657220683,9,9,7969.853,,2026-10-05 05:22:49
Album299398,Album299398,itunes:ru,1443103400,14,14,3566.426,,2026-10-05 08:28:24
Album29957,Album29957,deezer,430643,29,29,9032,,2026-10-04 00:26:58
Album29966,Album29966,deezer,868122162,10,10,2948,,2026-10-03 22:47:22
Album2996646,Album2996646,youtube,A59T-qgHqyc,1,8,2678.261,8,2026-10-05 11:33:11
Album299846,Album299846,itunes:gb,1442786120,12,12,2038.159,,2026-10-05 04:10:26
Album3003442,Album3003442,itunes:us,1789159194,12,12,1999.787,,2026-10-05 03:20:39
Album30039,Album30039,itunes:us,42086304,10,10,2114.181,,2026-10-05 08:05:12
Album3004132,Album3004132,youtube,eINjp785y5A,1,8,1377.041,5,2026-10-05 10:52:52
Album300539,Album300539,deezer,981091651,12,12,4072,,2026-10-04 05:02:57
Album3005438,Album3005438,deezer,965142,4,4,2684,,2026-10-04 00:08:04
Album300704,Album300704,itunes:us,7252934,14,14,3229.759,,2026-10-05 07:42:52
Album301,Album301,itunes:us,279515841,14,14,2203.492,,2026-10-05 07:14:05
Album30127,Album30127,deezer,988191271,9,9,1897,,2026-10-04 00:13:01
Album30139,Album30139,itunes:us,1523943125,8,8,2236.88,,2026-10-05 07:00:35
Album30143,Album30143,deezer,217320,5,5,2611,,2026-10-04 02:52:04
Album30151,Album30151,deezer,850615472,12,12,3694,,2026-10-04 10:56:30
Album301577,Album301577,itunes:us,1469584928,35,35,6899.56,,2026-10-05 04:04:29
Album30158,Album30158,deezer,846253542,11,11,4433,,2026-10-04 05:13:34
Album30162,Album30162,itunes:ru,298831539,5,5,2578.186,,2026-10-05 06:55:32
Album30165,Album30165,youtube,pYQxX1XDd5g,1,8,2911.421,8,2026-10-05 17:35:02
Album30167,Album30167,itunes:us,1444122271,6,6,2812.484,,2026-10-05 07:56:11
Album301814,Album301814,itunes:us,1663457593,6,6,5825.641,,2026-10-05 04:04:20
Album30185,Album30185,deezer,123972,6,6,2908,,2026-10-03 23:46:16
Album302,Album302,itunes:ie,162640885,10,10,2801.626,,2026-10-05 07:39:53
Album30208,Album30208,itunes:se,711977976,10,10,2687.333,,2026-10-05 07:53:40
Album30219,Album30219,itunes:us,1596157298,5,5,2156.33,,2026-10-05 07:57:56
Album302268,Album302268,deezer,931450,12,12,2333,,2026-10-03 22:46:34
Album3026355,Album3026355,deezer,261491232,10,10,2963,,2026-10-03 22:29:48
Album302773,Album302773,youtube,-BC255_Qnzk,1,8,3495.681,8,2026-10-05 11:50:32
Album3030295,Album3030295,deezer,151819122,9,9,2229,,2026-10-03 23:28:09
Album303065,Album303065,deezer,77104982,8,8,2315,,2026-10-04 01:04:28
Album3033476,Album3033476,deezer,169260252,9,9,2352,,2026-10-03 23:27:26
Album3034009,Album3034009,itunes:es,951250544,8,8,2865.333,,2026-10-05 07:23:09
Album30355,Album30355,itunes:us,1450530111,10,10,3652.747,,2026-10-05 06:22:14
Album30364,Album30364,deezer,365301,13,13,2322,,2026-10-04 00:55:57
Album303642,Album303642,itunes:jp,1442459592,11,11,2968.479,,2026-10-05 03:16:25
Album303643,Album303643,youtube,TpRpHnZmXK4,1,8,2694.081,8,2026-10-05 15:51:13
Album303645,Album303645,youtube,VaLQnbUT5Mo,1,8,2864.261,8,2026-10-05 10:08:48
Album303646,Album303646,deezer,548679082,10,10,1936,,2026-10-03 22:46:11
Album30369,Album30369,itunes:se,285601729,10,10,1965.801,,2026-10-05 07:26:38
Album304090,Album304090,youtube,6liH8huRpyo,1,8,3800.041,8,2026-10-04 20:47:57
Album30414,Album30414,itunes:us,725816076,16,16,3231.201,,2026-10-05 08:19:20
Album3041402,Album3041402,deezer,13764144,10,10,2805,,2026-10-03 23:21:32
Album304534,Album304534,youtube,IjbT_pR-qsM,1,8,2258.961,8,2026-10-05 15:58:02
Album304612,Album304612,itunes:se,1443224849,13,13,2120.795,,2026-10-05 06:52:41
Album304789,Album304789,itunes:us,379544670,10,10,1820.628,,2026-10-05 07:14:20
Album30493,Album30493,youtube,I3DsjW64F2g,1,8,3128.341,8,2026-10-05 17:07:19
Album304949,Album304949,itunes:us,207640525,27,27,6503.002,,2026-10-05 04:17:12
Album304955,Album304955,itunes:us,1452626923,18,18,4288.215,,2026-10-05 07:57:05
Album304993,Album304993,deezer,644712511,4,4,952,,2026-10-04 10:53:51
Album30529,Album30529,deezer,600579192,10,10,2432,,2026-10-04 04:49:24
Album3055481,Album3055481,deezer,716165,10,10,2055,,2026-10-03 23:18:40
Album3058012,Album3058012,youtube,vYxWnVIcZeA,1,8,5591.841,8,2026-10-05 09:52:38
Album3058828,Album3058828,itunes:us,821464766,11,11,2918.414,,2026-10-05 05:13:17
Album305946,Album305946,deezer,8418650,14,14,3278,,2026-10-04 04:26:19
Album306207,Album306207,itunes:us,119098374,8,8,2021.212,,2026-10-05 06:19:58
Album306355,Album306355,itunes:ca,150334440,5,5,2351.6,,2026-10-05 05:02:45
Album30666,Album30666,itunes:gb,1485019443,11,11,3100.187,,2026-10-05 06:26:16
Album30668,Album30668,deezer,314318187,7,7,2352,,2026-10-04 00:44:11
Album30669,Album30669,itunes:hu,1621366576,10,10,3585.574,,2026-10-05 06:27:27
Album30670,Album30670,itunes:us,1621375416,8,8,2037.253,,2026-10-05 04:59:46
Album306749,Album306749,youtube,ttltmnbJ1po,1,8,2557.941,8,2026-10-05 17:46:37
Album30720,Album30720,deezer,364884007,13,13,3669,,2026-10-04 04:26:26
Album30723,Album30723,deezer,341695467,0,0,,,2026-10-05 19:53:15
Album307559,Album307559,itunes:ca,1052995151,14,14,2677.294,,2026-10-05 06:29:40
Album3077368,Album3077368,itunes:us,389422164,12,12,3038.852,,2026-10-05 08:20:11
Album30788,Album30788,itunes:us,265632476,5,5,1868.56,,2026-10-05 04:22:24
Album30794,Album30794,itunes:us,949228766,8,8,3587.692,,2026-10-05 06:33:05
Album30803,Album30803,itunes:hu,1657733019,5,5,2258.066,,2026-10-05 03:19:09
Album3081259,Album3081259,deezer,1054447,10,10,1846,,2026-10-03 23:10:39
Album30834,Album30834,itunes:us,711749250,13,13,2166.333,,2026-10-05 06:27:18
Album3085038,Album3085038,deezer,74772962,9,9,2103,,2026-10-04 01:01:58
Album3085494,Album3085494,deezer,404273237,7,7,3668,,2026-10-04 04:16:59
Album308596,Album308596,deezer,234906622,22,22,3672,,2026-10-03 23:21:15
Album308627,Album308627,itunes:us,1452216443,16,16,3464.853,,2026-10-05 04:40:52
Album30878,Album30878,itunes:us,559710299,4,4,3215.733,,2026-10-05 03:55:58
Album308997,Album308997,deezer,6258548,20,20,4224,,2026-10-04 00:47:54
Album309106,Album309106,itunes:us,1838568029,10,10,2270.201,,2026-10-05 08:11:47
Album309447,Album309447,deezer,12194106,10,10,2876,,2026-10-04 10:52:43
Album309586,Album309586,itunes:us,210819347,10,10,2701.599,,2026-10-05 03:28:30
Album309628,Album309628,itunes:us,493651825,12,12,2732.013,,2026-10-05 05:00:55
Album309763,Album309763,itunes:ar,1443371672,11,11,2397.373,,2026-10-05 03:21:17
Album3098736,Album3098736,itunes:us,394777086,12,12,2682.346,,2026-10-05 06:29:02
Album309905,Album309905,deezer,493351881,4,4,2014,,2026-10-03 22:29:56
Album30995,Album30995,itunes:us,54532844,12,12,780.985,,2026-10-05 06:33:32
Album310108,Album310108,deezer,870180332,11,11,4354,,2026-10-03 23:01:45
Album31048,Album31048,itunes:ru,1078780403,20,20,3572.466,,2026-10-05 07:24:32
Album31068,Album31068,itunes:es,1423937176,10,10,2435.213,,2026-10-05 06:57:09
Album3107179,Album3107179,itunes:us,1642185995,6,6,2281.836,,2026-10-05 07:34:14
Album31076,Album31076,itunes:gb,1430198340,10,10,2285.182,,2026-10-05 06:32:13
Album3108252,Album3108252,itunes:us,567635777,8,8,4052.28,,2026-10-05 05:06:34
Album3109705,Album3109705,deezer,368220207,19,19,5636,,2026-10-04 00:23:01
Album311250,Album311250,itunes:us,76064643,4,4,3109.28,,2026-10-05 07:30:15
Album3116332,Album3116332,itunes:us,1438794713,12,12,1470.044,,2026-10-05 07:32:00
Album3118,Album3118,itunes:us,1423269033,11,11,2668.84,,2026-10-05 04:19:41
Album3118512,Album3118512,youtube,BZWlCI5mdnM,1,8,3358.301,8,2026-10-04 20:54:00
Album312054,Album312054,deezer,324614707,11,11,2240,,2026-10-04 00:28:09
Album31242,Album31242,itunes:ru,298463317,7,7,2812.506,,2026-10-05 04:35:40
Album31243,Album31243,deezer,1422724,5,5,2429,,2026-10-03 22:57:38
Album3128,Album3128,deezer,8082924,8,8,2444,,2026-10-03 23:56:12
Album3129107,Album3129107,itunes:gb,1499664103,11,11,4468.014,,2026-10-05 05:12:10
Album3131,Album3131,deezer,8082922,12,12,3780,,2026-10-04 00:41:55
Album313103,Album313103,itunes:ca,273278583,12,12,2319.694,,2026-10-05 07:28:17
Album313368,Album313368,itunes:us,442370884,12,12,1329.265,,2026-10-05 05:05:01
Album3134081,Album3134081,itunes:jp,948527136,25,25,3953.732,,2026-10-05 04:31:59
Album3135121,Album3135121,itunes:us,1452601806,1,1,4252.693,,2026-10-05 07:31:18
Album3135121,Album3135121,youtube,wLqUF3rUoGk,1,8,4252.701,8,2026-10-05 19:24:55
Album31366,Album31366,itunes:fi,1170643787,14,14,6062.654,,2026-10-05 04:48:49
Album313676,Album313676,youtube,ce58nZSe49o,1,8,3929.781,8,2026-10-05 09:07:58
Album31411,Album31411,itunes:us,263588750,96,96,14956.282,,2026-10-05 05:07:01
Album31413,Album31413,deezer,361676,14,14,3725,,2026-10-03 23:25:16
Album3141641,Album3141641,deezer,387765027,11,11,3879,,2026-10-04 04:25:04
Album3142,Album3142,youtube,HEnrLpsNfeQ,1,8,3199.981,8,2026-10-05 16:12:05
Album31420,Album31420,itunes:gb,714573777,21,21,3675.064,,2026-10-05 05:01:10
Album3145564,Album3145564,itunes:us,395469917,21,21,4974.76,,2026-10-05 04:49:49
Album314584,Album314584,deezer,53645912,10,10,2484,,2026-10-03 22:30:38
Album314588,Album314588,youtube,rE7UXRjyYHo,1,8,2066.161,7,2026-10-05 16:48:21
Album314589,Album314589,deezer,53620382,10,10,2620,,2026-10-03 22:47:26
Album31480,Album31480,deezer,323215,12,12,2010,,2026-10-04 01:05:42
Album315113,Album315113,itunes:se,1468205136,12,12,2316.824,,2026-10-05 05:01:20
Album315252,Album315252,itunes:us,1455938163,7,7,1810.6,,2026-10-05 07:52:23
Album3153132,Album3153132,deezer,476720,61,61,13776,,2026-10-03 22:49:00
Album3154833,Album3154833,itunes:us,1839148090,9,9,3007.881,,2026-10-05 04:06:13
Album315675,Album315675,itunes:us,1485975913,8,8,2649.212,,2026-10-05 04:11:19
Album31573,Album31573,itunes:us,1768333620,12,12,1857.987,,2026-10-05 03:28:04
Album3159381,Album3159381,deezer,13664850,7,7,2748,,2026-10-03 23:52:36
Album31618,Album31618,itunes:es,1389653568,16,16,2893.289,,2026-10-05 06:27:22
Album3162334,Album3162334,itunes:gb,498072553,11,11,3722.36,,2026-10-05 07:27:48
Album3162962,Album3162962,deezer,430051637,20,20,6448,,2026-10-03 23:32:34
Album31639,Album31639,deezer,247139,9,9,2215,,2026-10-03 23:25:54
Album316644,Album316644,itunes:pa,1888142280,14,14,2265.091,,2026-10-05 05:14:53
Album3169731,Album3169731,deezer,433678097,10,10,2486,,2026-10-04 00:35:53
Album317598,Album317598,itunes:hu,1443279549,3,3,2538.894,,2026-10-05 08:20:26
Album317598,Album317598,youtube,kqyWHaW9CaA,1,8,2387.781,8,2026-10-05 19:41:34
Album31763,Album31763,itunes:us,1443929425,11,11,2869.999,,2026-10-05 04:39:54
Album317667,Album317667,itunes:se,1404336845,8,8,2433.402,,2026-10-05 04:59:52
Album317668,Album317668,itunes:br,1404021460,10,10,2079.453,,2026-10-05 04:40:57
Album31770,Album31770,itunes:us,2826195,11,11,3842.008,,2026-10-05 05:23:26
Album317915,Album317915,itunes:br,297436329,15,15,2891.653,,2026-10-05 07:08:26
Album317924,Album317924,deezer,838114292,14,14,2387,,2026-10-03 22:50:13
Album3181278,Album3181278,deezer,730217,11,11,2583,,2026-10-03 22:54:22
Album318278,Album318278,deezer,758564,7,7,2583,,2026-10-03 23:45:40
Album3185042,Album3185042,deezer,996438111,31,31,1949,,2026-10-03 23:07:42
Album31893,Album31893,itunes:us,699842852,30,30,8653.32,,2026-10-05 04:11:09
Album31921,Album31921,deezer,82231,10,10,2566,,2026-10-03 23:43:36
Album319255,Album319255,itunes:us,1738064825,9,9,1975.422,,2026-10-05 03:22:02
Album319265,Album319265,itunes:us,1640762723,7,7,5875,,2026-10-05 07:17:33
Album3192698,Album3192698,deezer,59804632,24,24,5759,,2026-10-03 22:57:34
Album31928,Album31928,itunes:us,307797167,6,6,3500.134,,2026-10-05 06:33:18
Album319299,Album319299,itunes:ca,1481276532,5,5,2252.747,,2026-10-05 05:13:03
Album3193582,Album3193582,deezer,912631281,23,23,4670,,2026-10-03 22:44:48
Album3196584,Album3196584,deezer,127794542,11,11,2562,,2026-10-04 00:48:02
Album319854,Album319854,itunes:ca,281674328,15,15,2549.387,,2026-10-05 06:39:50
Album3200945,Album3200945,youtube,hF6NmYB369w,1,8,2244.661,7,2026-10-05 08:55:54
Album3201143,Album3201143,itunes:us,1582021156,14,14,2885.078,,2026-10-05 07:09:44
Album3202356,Album3202356,deezer,502855941,10,10,2834,,2026-10-03 23:18:24
Album3204899,Album3204899,deezer,183708282,9,9,2936,,2026-10-03 22:51:00
Album320779,Album320779,itunes:us,65624838,12,12,3471.36,,2026-10-05 06:31:43
Album320812,Album320812,youtube,El-9BtKb6XU,1,8,2910.981,8,2026-10-05 12:28:32
Album320832,Album320832,youtube,3C7Hfyk8uqc,1,8,2078.861,7,2026-10-05 13:12:09
Album32088,Album32088,youtube,8cd9QK6DSNA,1,8,3466.881,8,2026-10-05 12:11:46
Album3209102,Album3209102,itunes:se,321879883,14,14,2138.092,,2026-10-05 07:35:55
Album3209850,Album3209850,deezer,15733062,29,29,10433,,2026-10-03 22:40:35
Album32102,Album32102,itunes:tr,607178192,13,13,3549.159,,2026-10-05 08:26:55
Album321133,Album321133,itunes:pl,1488960807,6,6,2593.028,,2026-10-05 04:59:14
Album321185,Album321185,deezer,399701787,11,11,3349,,2026-10-03 23:08:17
Album3213466,Album3213466,youtube,z-X6pwmpPkM,1,8,2416.081,8,2026-10-05 14:45:56
Album32162,Album32162,itunes:us,1005042238,32,32,2313.94,,2026-10-05 04:21:21
Album321638,Album321638,deezer,915445981,12,12,2854,,2026-10-03 23:51:21
Album3221,Album3221,deezer,229240,13,13,2422,,2026-10-04 05:00:01
Album322114,Album322114,deezer,122221742,3,3,3730,,2026-10-04 00:36:58
Album322114,Album322114,youtube,ggKZ8ikkHHQ,1,8,3735.041,8,2026-10-05 19:49:57
Album323227,Album323227,deezer,82301,12,12,2102,,2026-10-04 00:11:33
Album323392,Album323392,deezer,863966952,12,12,3663,,2026-10-04 00:37:49
Album3234754,Album3234754,itunes:fi,1491841149,11,11,2948.228,,2026-10-05 05:15:13
Album3234953,Album3234953,youtube,W6pQtHhNIr4,1,8,2904.501,8,2026-10-05 12:06:19
Album3235893,Album3235893,itunes:us,1179206660,48,48,12214.119,,2026-10-05 04:15:13
Album32362,Album32362,deezer,6262724,13,13,3292,,2026-10-04 01:08:11
Album3237498,Album3237498,deezer,356310707,10,10,3177,,2026-10-03 23:22:33
Album3240308,Album3240308,itunes:us,687501131,25,25,4012.907,,2026-10-05 08:24:20
Album324244,Album324244,itunes:us,1504087782,4,4,2848.88,,2026-10-05 05:05:42
Album324245,Album324245,itunes:us,291652381,5,5,2479.133,,2026-10-05 06:31:38
Album324408,Album324408,youtube,iBTYLiemjoQ,1,8,1369.641,5,2026-10-04 20:33:30
Album3250754,Album3250754,itunes:us,431309507,35,35,1667.08,,2026-10-05 07:58:46
Album325183,Album325183,itunes:us,724670452,5,5,2161.16,,2026-10-05 08:05:53
Album325223,Album325223,deezer,161715302,5,5,4025,,2026-10-03 22:46:02
Album3252931,Album3252931,deezer,115388142,14,14,2932,,2026-10-04 04:45:04
Album325359,Album325359,youtube,X7JTbWLeidA,1,8,2396.801,8,2026-10-05 12:34:58
Album325465,Album325465,itunes:hu,716649587,6,6,2427.574,,2026-10-05 07:58:11
Album325646,Album325646,itunes:ca,301707872,5,5,2414.24,,2026-10-05 06:43:58
Album3259759,Album3259759,itunes:gb,1466405469,31,31,3302.841,,2026-10-05 06:39:40
Album3260109,Album3260109,itunes:us,752033492,24,24,5194.401,,2026-10-05 04:14:46
Album3262815,Album3262815,deezer,407722957,6,6,2830,,2026-10-04 00:10:48
Album326335,Album326335,deezer,143068532,17,17,3820,,2026-10-03 23:01:37
Album32643,Album32643,itunes:ca,1443832672,13,13,3965.893,,2026-10-05 06:56:31
Album326489,Album326489,itunes:us,583662106,13,13,2153.453,,2026-10-05 04:44:40
Album326555,Album326555,itunes:es,1442372230,10,10,2581.854,,2026-10-05 06:36:09
Album326595,Album326595,itunes:ca,99434673,8,8,2450.319,,2026-10-05 05:17:31
Album3266194,Album3266194,deezer,985990,68,68,9543,,2026-10-03 22:42:34
Album32688,Album32688,itunes:ca,1443905904,6,6,2546.5,,2026-10-05 07:36:50
Album3270988,Album3270988,deezer,579393631,10,10,1128,,2026-10-04 00:05:59
Album327139,Album327139,deezer,444324515,9,9,2155,,2026-10-03 22:44:55
Album3279054,Album3279054,itunes:us,588000998,10,10,2623.428,,2026-10-05 08:13:15
Album327978,Album327978,itunes:se,1444121658,11,11,1792.92,,2026-10-05 05:02:35
Album3280799,Album3280799,itunes:us,419510514,8,8,3538.666,,2026-10-05 07:45:29
Album328155,Album328155,deezer,253911,3,3,2436,,2026-10-04 04:23:16
Album328155,Album328155,youtube,XczCE8jeTP8,1,8,2433.321,8,2026-10-05 19:23:27
Album328205,Album328205,itunes:us,1452147923,4,4,4763,,2026-10-05 04:33:12
Album3285,Album3285,itunes:br,252119074,18,18,4445.374,,2026-10-05 05:10:46
Album328501,Album328501,deezer,716314071,3,3,1788,,2026-10-04 00:51:24
Album328501,Album328501,youtube,HLVA8vdFaKU,1,8,1787.741,6,2026-10-05 19:32:39
Album3286,Album3286,itunes:es,74769392,10,10,2257.266,,2026-10-05 06:56:59
Album328624,Album328624,deezer,9332516,11,11,3079,,2026-10-04 00:42:19
Album32863,Album32863,deezer,185290862,3,3,4380,,2026-10-04 00:19:19
Album32863,Album32863,youtube,9mIlsMwpxMo,1,8,4423.741,8,2026-10-05 19:18:46
Album32904,Album32904,itunes:gb,1443152732,12,12,4063.509,,2026-10-05 06:42:16
Album329243,Album329243,youtube,dUzyIrVbj0w,1,8,2707.761,8,2026-10-05 15:42:18
Album32931,Album32931,itunes:gb,457583661,11,11,3921.028,,2026-10-05 06:17:27
Album32934,Album32934,itunes:gb,344435106,10,10,2591.806,,2026-10-05 04:17:42
Album32943,Album32943,youtube,-DtqR98Pbl8,1,8,2777.741,8,2026-10-05 09:27:48
Album329431,Album329431,deezer,118537,8,8,2465,,2026-10-04 00:31:21
Album32953,Album32953,itunes:ru,1459589097,4,4,2642.774,,2026-10-05 08:17:56
Album32973,Album32973,itunes:us,1453673037,10,10,3252.706,,2026-10-05 06:50:53
Album33002,Album33002,itunes:se,254143504,5,5,2129,,2026-10-05 03:25:47
Album33005,Album33005,itunes:us,268478075,13,13,3389.587,,2026-10-05 06:58:12
Album33009,Album33009,deezer,6886652,8,8,2269,,2026-10-03 23:07:55
Album33011,Album33011,deezer,241335,13,13,3415,,2026-10-03 23:36:48
Album330247,Album330247,deezer,82006,12,12,3357,,2026-10-03 23:37:13
Album33031,Album33031,itunes:us,393846952,11,11,3246.693,,2026-10-05 07:07:53
Album3303639,Album3303639,itunes:cl,1491390671,17,17,2734.774,,2026-10-05 04:34:43
Album330876,Album330876,itunes:se,1452218585,21,21,2896.673,,2026-10-05 04:54:53
Album3311136,Album3311136,youtube,jekBEMoZN4I,1,8,2246.181,7,2026-10-05 09:16:05
Album33118,Album33118,deezer,83064922,11,11,1660,,2026-10-04 01:09:57
Album3311954,Album3311954,itunes:us,416534823,8,8,2621.625,,2026-10-05 03:17:39
Album3312889,Album3312889,itunes:us,600595555,8,8,2679.453,,2026-10-05 08:15:10
Album3314,Album3314,deezer,175926752,13,13,2251,,2026-10-04 00:51:45
Album3315,Album3315,itunes:us,1045517045,11,11,3171.053,,2026-10-05 07:12:05
Album33159,Album33159,itunes:tr,1830330745,11,11,3266.679,,2026-10-05 07:21:03
Album3317148,Album3317148,deezer,785510521,11,11,2369,,2026-10-04 02:44:49
Album331772,Album331772,itunes:pl,1692938041,18,18,3000.141,,2026-10-05 07:42:47
Album33184,Album33184,deezer,104879,7,7,2957,,2026-10-03 23:15:17
Album3319420,Album3319420,itunes:jp,266285978,12,12,2446.267,,2026-10-05 07:36:45
Album3319986,Album3319986,youtube,Qu5I3wg9OFY,1,8,3677.221,8,2026-10-05 10:23:37
Album332,Album332,deezer,4351431,14,14,3413,,2026-10-04 01:09:16
Album332012,Album332012,deezer,14451116,6,6,2301,,2026-10-04 05:04:07
Album33219,Album33219,itunes:us,4779128,8,8,3091.687,,2026-10-05 08:14:56
Album332222,Album332222,itunes:se,1248969644,14,14,2829.594,,2026-10-05 03:20:10
Album33232,Album33232,deezer,185290802,10,10,2474,,2026-10-04 00:17:32
Album33235,Album33235,itunes:us,1442932000,9,9,2785.625,,2026-10-05 03:22:15
Album33239,Album33239,itunes:se,1444152102,13,13,2368.947,,2026-10-05 08:02:32
Album3324278,Album3324278,itunes:gb,429316869,7,7,2426.281,,2026-10-05 07:52:32
Album3324325,Album3324325,itunes:us,1485049973,12,12,3192.521,,2026-10-05 07:03:39
Album33277,Album33277,deezer,73845692,15,15,2343,,2026-10-04 00:31:55
Album33315,Album33315,itunes:in,1649380863,9,9,2703.878,,2026-10-05 07:41:42
Album33363,Album33363,itunes:us,739004054,2,2,1453.68,,2026-10-05 03:55:40
Album33363,Album33363,youtube,yUNkimxj0Vo,1,8,1454.421,5,2026-10-05 17:18:15
Album33364,Album33364,deezer,7113171,3,3,2378,,2026-10-04 02:59:51
Album33364,Album33364,youtube,EheIXOkbYCE,1,8,2380.601,8,2026-10-05 18:58:20
Album3337961,Album3337961,deezer,929117691,12,12,1647,,2026-10-03 22:37:41
Album334021,Album334021,youtube,tigqOLyEG8o,1,8,2010.061,7,2026-10-04 20:54:17
Album3342137,Album3342137,itunes:us,1448342103,13,13,3495.253,,2026-10-05 03:32:10
Album33440,Album33440,itunes:us,257525374,13,13,4198.027,,2026-10-05 05:09:34
Album3344535,Album3344535,deezer,1016930,9,9,3547,,2026-10-04 00:25:24
Album3345553,Album3345553,youtube,kh_2H6ULA9c,1,8,3416.281,8,2026-10-04 21:00:45
Album334624,Album334624,itunes:ar,1425259073,7,7,2578.334,,2026-10-05 03:30:07
Album33468,Album33468,deezer,679029651,11,11,3136,,2026-10-04 03:17:14
Album33475,Album33475,deezer,179822982,7,7,2502,,2026-10-03 22:46:07
Album335105,Album335105,itunes:ca,1555250726,6,6,4780.707,,2026-10-05 04:30:10
Album335186,Album335186,itunes:br,1636904008,8,8,2556.386,,2026-10-05 06:34:36
Album3352426,Album3352426,youtube,h6ibldFFpO4,1,8,2515.781,8,2026-10-05 12:18:17
Album3353733,Album3353733,itunes:ca,302868085,8,8,2767.021,,2026-10-05 06:43:07
Album335541,Album335541,deezer,64392452,10,10,2706,,2026-10-03 23:23:34
Album33567,Album33567,itunes:us,292663833,6,6,2876.627,,2026-10-05 05:17:18
Album335892,Album335892,itunes:us,1440737329,4,4,2913,,2026-10-05 04:42:09
Album3360383,Album3360383,deezer,1001535471,5,5,2236,,2026-10-03 23:13:56
Album3361456,Album3361456,itunes:us,1576617520,18,18,8157.545,,2026-10-05 04:18:55
Album33650,Album33650,deezer,115587,18,18,3449,,2026-10-04 00:43:29
Album336600,Album336600,youtube,nXIGQB9eFQ4,1,8,2513.781,8,2026-10-05 09:44:42
Album3367081,Album3367081,itunes:sa,1602682325,24,24,5121.453,,2026-10-05 03:19:22
Album33681,Album33681,deezer,252674022,11,11,2876,,2026-10-03 23:38:30
Album336901,Album336901,deezer,124854,10,10,2486,,2026-10-04 00:30:03
Album336987,Album336987,itunes:gb,882410520,20,20,2718.426,,2026-10-05 06:35:44
Album337050,Album337050,deezer,9466296,15,13,3842,,2026-10-03 22:42:21
Album337197,Album337197,deezer,846439022,9,9,3896,,2026-10-04 02:46:18
Album337198,Album337198,itunes:us,1847596721,5,5,2742.546,,2026-10-05 04:58:20
Album3374,Album3374,deezer,43851851,15,15,1576,,2026-10-03 23:59:29
Album3374868,Album3374868,itunes:ca,1439084590,15,15,3282.4,,2026-10-05 07:44:31
Album3375188,Album3375188,itunes:us,1577663926,13,13,2950.399,,2026-10-05 04:55:46
Album337533,Album337533,itunes:us,1607255982,7,7,2053.532,,2026-10-05 04:45:54
Album337535,Album337535,itunes:us,1607437672,10,10,4624.227,,2026-10-05 04:37:39
Album33771,Album33771,itunes:us,1536598806,8,8,2994.183,,2026-10-05 05:22:35
Album3379097,Album3379097,deezer,280402262,7,7,2761,,2026-10-04 00:32:40
Album338244,Album338244,deezer,594463572,36,36,12644,,2026-10-03 22:26:28
Album338464,Album338464,itunes:us,724842792,11,11,2277.882,,2026-10-05 07:23:36
Album33878,Album33878,itunes:us,998296899,11,11,4530.895,,2026-10-05 07:38:15
Album338796,Album338796,itunes:us,318244356,3,3,2547.548,,2026-10-05 04:23:53
Album338878,Album338878,itunes:gb,159470061,8,8,3100.8,,2026-10-05 06:38:54
Album33890,Album33890,deezer,819647941,21,21,3699,,2026-10-03 22:37:00
Album33897,Album33897,itunes:us,882714207,7,7,3972.107,,2026-10-05 07:40:21
Album33919,Album33919,deezer,84344372,9,9,2795,,2026-10-04 03:24:59
Album3394494,Album3394494,itunes:jp,442685710,9,9,3949.04,,2026-10-05 05:06:43
Album3395385,Album3395385,deezer,53600222,14,14,3574,,2026-10-03 22:56:17
Album33961,Album33961,deezer,374654757,17,17,4051,,2026-10-03 22:35:16
Album3396444,Album3396444,deezer,1075281,6,6,2599,,2026-10-03 23:30:22
Album33966,Album33966,deezer,374386927,18,18,3931,,2026-10-04 00:32:59
Album3396980,Album3396980,itunes:pa,1194801716,20,20,2959.655,,2026-10-05 04:50:18
Album3396984,Album3396984,deezer,638515041,8,8,1442,,2026-10-03 23:32:54
Album339814,Album339814,deezer,684789041,12,12,2961,,2026-10-03 22:31:53
Album3400108,Album3400108,deezer,657391681,3,3,1806,,2026-10-03 22:40:59
Album340095,Album340095,itunes:se,1653991916,14,14,2820.054,,2026-10-05 07:24:53
Album34031,Album34031,deezer,932681421,8,8,2843,,2026-10-03 23:32:13
Album340368,Album340368,itunes:us,93552310,31,31,7910.641,,2026-10-05 05:02:51
Album3408848,Album3408848,itunes:us,428174300,7,7,2349.08,,2026-10-05 05:21:02
Album3409680,Album3409680,youtube,9QUvWAiG218,1,8,1660.681,6,2026-10-05 16:18:18
Album341255,Album341255,deezer,855216,14,14,4199,,2026-10-04 00:54:05
Album34138,Album34138,itunes:us,1442208531,12,12,2680.466,,2026-10-05 07:45:57
Album341621,Album341621,itunes:se,1535122521,6,6,1986.822,,2026-10-05 05:05:37
Album341941,Album341941,itunes:ca,303899792,8,8,2403.748,,2026-10-05 05:03:41
Album341951,Album341951,youtube,ktZy3h_Pq5E,1,8,12985.041,8,2026-10-05 08:55:25
Album342304,Album342304,itunes:us,792609761,8,8,2345.374,,2026-10-05 04:01:13
Album34231,Album34231,deezer,209172892,13,13,3759,,2026-10-03 22:41:51
Album3423437,Album3423437,itunes:ru,387058568,27,27,3761.564,,2026-10-05 07:10:26
Album342499,Album342499,itunes:ca,977937829,10,10,2701.68,,2026-10-05 06:53:05
Album3429,Album3429,deezer,14168146,4,4,4755,,2026-10-03 22:27:40
Album34295,Album34295,itunes:us,1783192657,2,2,1935.517,,2026-10-05 04:24:12
Album34295,Album34295,youtube,x_D-Hh0hglk,1,8,1536.341,5,2026-10-05 18:38:45
Album34296,Album34296,itunes:us,1783205715,3,3,1860.506,,2026-10-05 04:00:07
Album34296,Album34296,youtube,amW0M3_xeyE,1,8,1860.521,6,2026-10-05 17:26:50
Album34297,Album34297,youtube,WNFKEwVCe_8,1,8,1650.901,6,2026-10-05 17:33:52
Album3431,Album3431,deezer,1681821,4,4,2204,,2026-10-04 05:00:09
Album3433,Album3433,deezer,1681817,3,3,2434,,2026-10-03 23:11:45
Album3433,Album3433,youtube,YwXLPKVLXpM,1,8,2441.421,8,2026-10-05 18:54:08
Album34333,Album34333,itunes:gb,1442990558,8,8,2527.893,,2026-10-05 08:12:34
Album3434,Album3434,deezer,102684,3,3,2188,,2026-10-03 22:36:32
Album3434,Album3434,youtube,aa6gNwpt5sY,1,8,2192.501,7,2026-10-05 18:37:33
Album34347,Album34347,itunes:pl,1534549783,7,7,2331.573,,2026-10-05 04:44:06
Album3435162,Album3435162,deezer,525315522,15,15,2728,,2026-10-03 23:06:52
Album34368,Album34368,itunes:us,1045112739,11,11,4319.547,,2026-10-05 04:56:38
Album34369,Album34369,deezer,11319258,13,13,4433,,2026-10-03 22:45:04
Album3437074,Album3437074,youtube,tUpluM-hWk0,1,8,2590.141,8,2026-10-05 11:00:33
Album343842,Album343842,deezer,766322,9,9,2879,,2026-10-04 00:33:30
Album343939,Album343939,itunes:de,715978478,9,9,2844.387,,2026-10-05 06:50:05
Album3442658,Album3442658,deezer,7511038,10,10,2369,,2026-10-04 03:23:13
Album34434,Album34434,deezer,400545087,15,15,2752,,2026-10-04 04:42:01
Album3443584,Album3443584,deezer,332166037,14,14,2983,,2026-10-04 00:04:15
Album344454,Album344454,deezer,1029820,10,10,3101,,2026-10-03 23:26:30
Album34528,Album34528,itunes:se,1225390270,11,11,2053.973,,2026-10-05 07:59:48
Album345439,Album345439,itunes:us,278854537,10,10,2823.201,,2026-10-05 08:10:11
Album345481,Album345481,deezer,84846402,12,12,3210,,2026-10-04 03:59:50
Album345567,Album345567,itunes:us,1444201228,15,15,3577.694,,2026-10-05 08:13:43
Album34627,Album34627,deezer,513487,13,13,4666,,2026-10-04 00:09:30
Album3463431,Album3463431,itunes:us,1571014979,4,4,3433.832,,2026-10-05 05:18:11
Album346653,Album346653,deezer,57952202,11,11,3942,,2026-10-04 00:46:38
Album3466683,Album3466683,itunes:us,674008780,12,12,4987.107,,2026-10-05 08:12:29
Album347129,Album347129,deezer,71778802,10,10,935,,2026-10-03 22:29:18
Album347185,Album347185,deezer,711556721,7,7,2157,,2026-10-03 22:35:57
Album347570,Album347570,deezer,133928612,22,22,3240,,2026-10-03 22:43:00
Album3475785,Album3475785,itunes:ru,473041409,4,4,4610.666,,2026-10-05 06:25:48
Album347846,Album347846,itunes:br,1433283627,14,14,3714.614,,2026-10-05 04:47:54
Album347900,Album347900,itunes:us,275867643,9,9,3596.465,,2026-10-05 04:38:23
Album347929,Album347929,itunes:ca,1182180683,16,16,3813.785,,2026-10-05 08:29:37
Album348308,Album348308,deezer,1017199571,11,11,2981,,2026-10-03 23:48:11
Album348392,Album348392,itunes:us,1447486974,11,11,3932.666,,2026-10-05 04:01:04
Album3485914,Album3485914,deezer,575707081,14,14,3970,,2026-10-04 02:54:43
Album349132,Album349132,deezer,7491794,11,11,2314,,2026-10-03 23:54:51
Album349194,Album349194,deezer,1431470,10,10,2595,,2026-10-03 23:02:17
Album349195,Album349195,deezer,226256,11,11,2216,,2026-10-04 00:04:11
Album349450,Album349450,deezer,1046725692,12,12,1776,,2026-10-04 03:40:51
Album34983,Album34983,itunes:gb,1048027838,13,13,3830.399,,2026-10-05 06:41:37
Album349899,Album349899,itunes:us,1517769004,7,7,2367.021,,2026-10-05 05:02:09
Album349900,Album349900,itunes:es,371399053,11,11,1801.977,,2026-10-05 06:42:20
Album3506165,Album3506165,itunes:dk,471213236,14,14,2669.342,,2026-10-05 08:11:16
Album3506805,Album3506805,deezer,153246432,6,6,2817,,2026-10-03 23:44:00
Album350701,Album350701,itunes:us,1674693524,15,15,3845.155,,2026-10-05 04:36:00
Album35096,Album35096,deezer,9414528,10,10,2787,,2026-10-03 23:40:51
Album35127,Album35127,itunes:us,1486114133,1,1,133.605,,2026-10-05 04:03:15
Album3513308,Album3513308,itunes:ru,1525939410,22,22,5032.107,,2026-10-05 04:22:08
Album35139,Album35139,deezer,602735612,10,10,2649,,2026-10-04 00:20:02
Album3515318,Album3515318,deezer,831553491,7,7,2676,,2026-10-04 00:55:32
Album3519090,Album3519090,deezer,178283852,12,12,1856,,2026-10-03 23:51:38
Album3519282,Album3519282,itunes:br,1690488246,11,11,2556.879,,2026-10-05 06:52:18
Album35204,Album35204,itunes:us,308830963,6,6,2653,,2026-10-05 03:26:32
Album3525210,Album3525210,youtube,ZpcZ_agk9rE,1,8,2847.081,8,2026-10-05 09:51:27
Album352522,Album352522,itunes:us,1440954506,8,8,2677.235,,2026-10-05 06:38:10
Album3527998,Album3527998,itunes:us,1576681679,11,11,2852.21,,2026-10-05 07:48:36
Album352994,Album352994,itunes:hn,82003516,9,9,2101.293,,2026-10-05 07:23:31
Album35320,Album35320,deezer,867058,15,15,3225,,2026-10-04 00:50:49
Album353386,Album353386,itunes:ca,1467912271,6,6,7636.413,,2026-10-05 04:37:11
Album353410,Album353410,deezer,394820,7,7,2824,,2026-10-04 01:07:44
Album3535,Album3535,itunes:us,1444056333,22,22,2868.247,,2026-10-05 07:19:26
Album35356,Album35356,deezer,458704935,6,6,2158,,2026-10-04 03:07:37
Album353561,Album353561,deezer,557072802,21,21,4513,,2026-10-03 22:31:22
Album353564,Album353564,deezer,292645732,30,30,5327,,2026-10-03 22:48:33
Album3536965,Album3536965,itunes:us,1695176288,13,13,1998.595,,2026-10-05 07:13:42
Album3537513,Album3537513,youtube,btKpxOLofQQ,1,8,16337.421,8,2026-10-05 10:21:12
Album354,Album354,itunes:gb,1556913225,12,12,2282.974,,2026-10-05 04:37:25
Album354160,Album354160,deezer,123882,8,8,2238,,2026-10-04 04:45:58
Album355,Album355,itunes:gb,1556921230,11,11,2915.253,,2026-10-05 03:54:54
Album355039,Album355039,itunes:us,77237045,8,8,2700.613,,2026-10-05 07:03:26
Album35527,Album35527,deezer,1195979,11,11,2209,,2026-10-04 00:49:11
Album3553,Album3553,itunes:us,193532145,11,11,2654.229,,2026-10-05 06:53:28
Album355576,Album355576,itunes:us,1659472446,8,8,2055.84,,2026-10-05 07:03:53
Album3556628,Album3556628,itunes:us,1628835737,10,10,2222.574,,2026-10-05 05:19:24
Album3556832,Album3556832,deezer,422903577,3,3,646,,2026-10-04 03:52:21
Album355788,Album355788,deezer,98249962,6,6,2157,,2026-10-03 23:12:29
Album3560685,Album3560685,deezer,98821372,9,9,2838,,2026-10-03 23:52:28
Album3561,Album3561,deezer,331659,28,28,4487,,2026-10-03 23:03:46
Album35611,Album35611,deezer,309717,12,12,1248,,2026-10-04 00:03:43
Album3561270,Album3561270,itunes:us,583597214,12,12,4648.534,,2026-10-05 08:23:03
Album356135,Album356135,itunes:us,1452543960,6,6,3511,,2026-10-05 04:39:25
Album3561840,Album3561840,youtube,TsizWB6GK3Q,1,8,4209.421,8,2026-10-05 13:24:03
Album356309,Album356309,deezer,430787,6,6,2162,,2026-10-03 23:42:13
Album356528,Album356528,youtube,ev9TFGQj4rA,1,8,3198.581,8,2026-10-05 17:28:28
Album3565331,Album3565331,itunes:us,299503747,2,2,591.52,,2026-10-05 03:16:22
Album3566,Album3566,deezer,85427,18,18,4647,,2026-10-03 22:54:10
Album357209,Album357209,itunes:us,1435380271,12,12,1587.905,,2026-10-05 06:45:11
Album357230,Album357230,deezer,796038651,16,16,2790,,2026-10-03 23:45:00
Album357492,Album357492,itunes:ca,309302537,10,10,1902.318,,2026-10-05 07:21:22
Album35750,Album35750,itunes:us,1372069554,13,13,2700.733,,2026-10-05 08:28:19
Album357609,Album357609,deezer,709049281,12,12,2565,,2026-10-03 23:05:05
Album3577,Album3577,deezer,192417702,16,16,4794,,2026-10-03 22:26:20
Album357970,Album357970,itunes:us,1052917242,10,10,1841.066,,2026-10-05 08:25:33
Album3579859,Album3579859,itunes:ru,1186401034,16,16,8604.002,,2026-10-05 03:27:46
Album3581,Album3581,itunes:us,310730204,8,8,2366.017,,2026-10-05 03:56:03
Album358112,Album358112,itunes:au,493682591,11,11,2678.227,,2026-10-05 04:41:07
Album358167,Album358167,itunes:ca,401780541,12,12,2098.999,,2026-10-05 08:14:18
Album358290,Album358290,itunes:us,1574151798,15,15,4616.492,,2026-10-05 05:07:58
Album358542,Album358542,deezer,6118330,6,6,3597,,2026-10-04 00:08:08
Album3587,Album3587,itunes:us,259170152,11,11,2730.774,,2026-10-05 06:32:23
Album3588924,Album3588924,deezer,1078650012,11,11,1636,,2026-10-04 04:18:14
Album3592420,Album3592420,youtube,_fyVU7M5WMY,1,8,2604.641,8,2026-10-05 11:20:36
Album35963,Album35963,youtube,oAC5fyvZtAw,1,8,3623.461,8,2026-10-05 16:15:09
Album359691,Album359691,deezer,7604020,8,8,2911,,2026-10-03 22:51:24
Album35994,Album35994,itunes:us,976472109,6,6,2390.894,,2026-10-05 07:01:41
Album3601999,Album3601999,deezer,280246952,7,7,3838,,2026-10-04 00:58:02
Album36041,Album36041,itunes:gb,1421413969,27,27,7548.666,,2026-10-05 04:47:04
Album3604599,Album3604599,deezer,6151747,7,7,5418,,2026-10-03 23:10:10
Album36062,Album36062,itunes:gb,1610812970,17,17,6758.013,,2026-10-05 03:17:27
Album360651,Album360651,deezer,137855502,12,12,2926,,2026-10-04 00:25:58
Album3606590,Album3606590,itunes:sg,470474351,13,13,3490.08,,2026-10-05 07:55:05
Album360767,Album360767,youtube,h8WmWaIn9kU,1,8,5432.161,8,2026-10-05 11:49:30
Album3611,Album3611,deezer,192395112,8,8,2220,,2026-10-04 00:30:24
Album361115,Album361115,itunes:hk,966481932,12,12,3214.801,,2026-10-05 05:06:18
Album361118,Album361118,deezer,641978,10,10,2077,,2026-10-03 23:04:59
Album3613,Album3613,deezer,192390922,9,9,2544,,2026-10-03 23:49:54
Album3615054,Album3615054,deezer,1470225,11,11,3589,,2026-10-04 00:32:20
Album361539,Album361539,deezer,6823358,20,20,4335,,2026-10-03 22:43:30
Album361706,Album361706,itunes:us,1440776813,20,20,2963.402,,2026-10-05 08:04:56
Album3618651,Album3618651,itunes:us,463999388,12,12,2919.889,,2026-10-05 07:16:00
Album362136,Album362136,deezer,998864901,10,10,2468,,2026-10-03 23:30:09
Album362750,Album362750,itunes:se,1444176720,8,8,1720.053,,2026-10-05 06:30:14
Album3631116,Album3631116,itunes:us,820996217,109,109,7361.667,,2026-10-05 04:54:18
Album36322,Album36322,deezer,389872,13,13,24057,,2026-10-03 22:30:04
Album363528,Album363528,itunes:us,1060467611,12,12,2143.027,,2026-10-05 06:31:29
Album363672,Album363672,deezer,92692102,11,11,2779,,2026-10-04 00:42:38
Album36372,Album36372,youtube,A6aKPoDpsf4,1,8,1220.081,4,2026-10-05 18:16:56
Album36376,Album36376,itunes:gb,1452247624,18,18,3290.622,,2026-10-05 08:00:55
Album36384,Album36384,youtube,1sjcHYlmX4k,1,8,2417.561,8,2026-10-05 12:38:34
Album3638658,Album3638658,itunes:br,1451898928,11,11,2330.617,,2026-10-05 04:46:18
Album36403,Album36403,youtube,9DsYfbKdSPI,1,8,2222.901,7,2026-10-05 16:42:35
Album36411,Album36411,itunes:lk,546438335,7,7,3202.68,,2026-10-05 05:22:30
Album3642579,Album3642579,deezer,1303325,17,17,3360,,2026-10-04 03:32:09
Album36436,Album36436,itunes:gb,254295129,10,10,1682.693,,2026-10-05 07:59:55
Album3644,Album3644,itunes:us,1434892914,12,12,2429.134,,2026-10-05 07:40:40
Album36446,Album36446,itunes:us,254261951,10,10,2775,,2026-10-05 06:55:52
Album3645,Album3645,itunes:es,268535055,12,12,2243.588,,2026-10-05 07:53:08
Album36456,Album36456,itunes:it,1297210729,22,22,2951.173,,2026-10-05 08:06:41
Album36458,Album36458,youtube,aXNX2OmIWas,1,8,3743.921,8,2026-10-05 15:18:45
Album36497,Album36497,itunes:es,1444019790,13,13,2398,,2026-10-05 03:28:11
Album36498,Album36498,itunes:ec,1440920866,14,14,3024.268,,2026-10-05 07:06:00
Album36508,Album36508,itunes:se,713099755,6,6,1978.12,,2026-10-05 07:16:10
Album365190,Album365190,itunes:gb,1442222115,8,8,1896.666,,2026-10-05 04:06:28
Album3652132,Album3652132,itunes:us,826534655,30,30,11755.242,,2026-10-05 03:59:42
Album3652951,Album3652951,itunes:gb,456666256,36,36,16742.615,,2026-10-05 04:20:55
Album3654529,Album3654529,itunes:ca,509011304,12,12,2942.2,,2026-10-05 06:19:23
Album3655429,Album3655429,itunes:no,1647304341,7,7,2360.574,,2026-10-05 06:48:51
Album365580,Album365580,deezer,321136167,12,12,3191,,2026-10-03 23:58:49
Album3657820,Album3657820,itunes:us,466423936,24,24,11911.522,,2026-10-05 04:18:41
Album36579,Album36579,deezer,9510820,8,8,2381,,2026-10-04 10:56:34
Album3659722,Album3659722,itunes:us,840159297,149,149,8860.628,,2026-10-05 04:21:06
Album36627,Album36627,itunes:us,1888327845,8,8,3362.187,,2026-10-05 06:45:48
Album36669,Album36669,deezer,901407312,10,10,2831,,2026-10-04 04:47:43
Album36671,Album36671,youtube,E9YrdTGfv1Q,1,8,2553.681,8,2026-10-04 20:37:19
Album367017,Album367017,itunes:gb,1178389605,12,12,3004.001,,2026-10-05 08:29:46
Album36707,Album36707,itunes:us,23157728,14,14,2144.333,,2026-10-05 06:44:09
Album3675,Album3675,deezer,417708637,85,85,16412,,2026-10-03 22:33:42
Album367583,Album367583,itunes:jp,878537461,8,8,3743.266,,2026-10-05 04:13:49
Album367709,Album367709,deezer,1085314,15,15,3609,,2026-10-04 00:21:36
Album3677322,Album3677322,itunes:us,1518263184,11,11,1896.64,,2026-10-05 04:45:19
Album36774,Album36774,deezer,1435357,6,6,2381,,2026-10-04 00:53:47
Album36777,Album36777,deezer,115696,6,6,2706,,2026-10-03 23:52:24
Album3678944,Album3678944,deezer,614332502,6,6,1213,,2026-10-04 00:44:56
Album3679,Album3679,itunes:ru,552413840,12,12,3457.005,,2026-10-05 07:42:09
Album36803,Album36803,itunes:se,1442860798,8,8,3634.293,,2026-10-05 05:18:32
Album368048,Album368048,deezer,14585876,8,8,2211,,2026-10-04 10:53:05
Album36810,Album36810,itunes:gb,808727479,16,16,3528.587,,2026-10-05 03:41:10
Album368128,Album368128,deezer,151861042,12,12,2983,,2026-10-03 23:54:23
Album36830,Album36830,itunes:se,1565031028,12,12,2632.734,,2026-10-05 07:12:56
Album36832,Album36832,itunes:ru,368877141,8,8,2404.598,,2026-10-05 07:11:41
Album36834,Album36834,itunes:us,883364935,14,14,4083.32,,2026-10-05 06:54:42
Album36851,Album36851,youtube,g1X1ftz5SMg,1,8,2065.761,7,2026-10-05 19:44:13
Album368719,Album368719,deezer,513042891,8,8,2074,,2026-10-04 00:58:40
Album3689097,Album3689097,itunes:us,1619379638,3,3,562.928,,2026-10-05 07:52:56
Album3689121,Album3689121,youtube,k_5MWLekZDs,1,8,2096.461,7,2026-10-05 10:22:09
Album368971,Album368971,deezer,686688911,2,2,3181,,2026-10-03 23:28:02
Album368971,Album368971,youtube,c_JHjUFfOs8,1,8,2904.241,8,2026-10-05 19:01:10
Album36899,Album36899,deezer,43852311,14,14,3386,,2026-10-04 00:26:54
Album369079,Album369079,itunes:us,68147513,8,8,2503.787,,2026-10-05 07:09:11
Album3691135,Album3691135,deezer,385455697,11,11,3106,,2026-10-04 01:00:49
Album3693,Album3693,deezer,901446972,9,9,2368,,2026-10-04 00:42:53
Album369322,Album369322,deezer,133135642,13,13,3985,,2026-10-04 00:05:07
Album3695959,Album3695959,deezer,56655532,10,10,1578,,2026-10-04 10:54:03
Album369696,Album369696,deezer,151874922,12,12,2664,,2026-10-04 00:34:21
Album3699490,Album3699490,deezer,6509005,13,13,2812,,2026-10-04 00:51:37
Album37019,Album37019,deezer,8835569,12,12,2728,,2026-10-04 00:36:02
Album3702523,Album3702523,itunes:us,1660292863,2,2,2300.585,,2026-10-05 06:46:30
Album3702523,Album3702523,youtube,_3C2ylXdUF0,1,8,2355.401,8,2026-10-05 19:12:18
Album37026,Album37026,itunes:us,307936171,18,18,11406.495,,2026-10-05 03:15:43
Album370601,Album370601,youtube,6GPdtjZbOfg,1,8,10003.121,8,2026-10-05 11:10:22
Album3706150,Album3706150,itunes:gb,1571062431,80,80,7827.88,,2026-10-05 06:29:31
Album370635,Album370635,itunes:us,1896445425,10,10,2262.035,,2026-10-05 03:21:04
Album370679,Album370679,itunes:pl,1743672696,9,9,3371.028,,2026-10-05 08:16:26
Album3709294,Album3709294,deezer,401927607,8,8,2606,,2026-10-04 00:24:17
Album37097,Album37097,itunes:ca,1444110555,19,19,4065.828,,2026-10-05 04:23:02
Album3710080,Album3710080,itunes:ca,1442808423,8,8,2381.065,,2026-10-05 04:52:18
Album37107,Album37107,itunes:hu,1413449966,10,10,1955.094,,2026-10-05 07:13:00
Album3716361,Album3716361,deezer,254380132,8,8,2030,,2026-10-04 00:11:45
Album37174,Album37174,itunes:nl,1440762537,12,12,2011.29,,2026-10-05 05:09:24
Album3720,Album3720,deezer,48733392,11,11,4437,,2026-10-03 23:24:40
Album372172,Album372172,itunes:us,81156483,11,11,2135.307,,2026-10-05 06:58:53
Album37240,Album37240,itunes:se,1603089049,9,9,2598,,2026-10-05 04:45:24
Album37241,Album37241,deezer,299530,3,3,3287,,2026-10-03 23:15:45
Album37282,Album37282,deezer,13258379,8,8,3542,,2026-10-03 23:45:31
Album37283,Album37283,deezer,13259303,8,8,2849,,2026-10-03 23:36:20
Album3728443,Album3728443,deezer,697676301,8,8,2574,,2026-10-03 23:15:25
Album37286,Album37286,deezer,9414524,17,17,3547,,2026-10-03 23:02:30
Album3730829,Album3730829,deezer,110412332,8,8,2239,,2026-10-04 00:24:33
Album3731166,Album3731166,youtube,6STuGgwEk_4,1,8,7937.021,8,2026-10-05 15:03:06
Album37339,Album37339,itunes:se,1443594142,12,12,2380.587,,2026-10-05 05:10:15
Album37344,Album37344,itunes:hu,1444131209,8,8,2137.559,,2026-10-05 05:10:27
Album37345,Album37345,deezer,321119837,7,7,2386,,2026-10-03 23:19:41
Album37350,Album37350,deezer,100280,9,9,2102,,2026-10-04 03:06:55
Album37365,Album37365,itunes:us,1440936634,34,34,4580.35,,2026-10-05 06:27:51
Album37367,Album37367,itunes:us,1443115749,12,12,1610.176,,2026-10-05 04:01:54
Album3738650,Album3738650,deezer,76091932,10,10,3580,,2026-10-03 22:35:04
Album37390,Album37390,deezer,644689281,15,15,3461,,2026-10-04 10:53:09
Album373935,Album373935,deezer,729861241,16,16,3805,,2026-10-03 23:09:38
Album3746033,Album3746033,deezer,714369721,15,15,3696,,2026-10-03 23:33:57
Album3746299,Album3746299,youtube,1W0QcPuygNA,1,8,13130.101,8,2026-10-05 15:37:09
Album37467,Album37467,itunes:ca,486400177,6,6,1697.467,,2026-10-05 03:19:02
Album37479,Album37479,youtube,JI4keToT1jM,1,8,2647.541,8,2026-10-05 10:53:53
Album375044,Album375044,deezer,71047,12,12,3024,,2026-10-04 00:20:33
Album375089,Album375089,deezer,217494042,12,12,2479,,2026-10-03 23:57:17
Album3752923,Album3752923,deezer,352981437,9,9,2248,,2026-10-04 00:15:29
Album3755386,Album3755386,itunes:us,1630717383,2,2,2180.706,,2026-10-05 04:23:49
Album37574,Album37574,itunes:us,1715994241,11,11,2544.4,,2026-10-05 08:16:17
Album37580,Album37580,itunes:hu,1444212522,9,9,2318.265,,2026-10-05 06:58:48
Album37581,Album37581,itunes:gb,1443737145,11,11,2022.574,,2026-10-05 04:03:55
Album37583,Album37583,itunes:us,1443917782,10,10,1975.427,,2026-10-05 08:12:01
Album37596,Album37596,itunes:us,1534138492,32,32,4776.587,,2026-10-05 03:57:09
Album3765977,Album3765977,deezer,474318035,13,13,5024,,2026-10-03 23:44:08
Album3766133,Album3766133,itunes:us,1470043836,18,18,5295.193,,2026-10-05 05:22:07
Album376623,Album376623,itunes:sa,1401568259,9,9,5629.559,,2026-10-05 04:32:38
Album376850,Album376850,deezer,397767907,7,7,1992,,2026-10-04 00:29:46
Album376858,Album376858,deezer,11396426,10,10,2793,,2026-10-03 23:06:48
Album3771768,Album3771768,youtube,zfRUOKj3JQU,1,8,7902.703,8,2026-10-05 09:06:23
Album3774817,Album3774817,youtube,nS-q8DhrQdo,1,8,1706.061,6,2026-10-05 12:32:00
Album377520,Album377520,itunes:se,1357298626,8,8,2859.854,,2026-10-05 06:58:02
Album377703,Album377703,deezer,50387612,6,6,5979,,2026-10-03 22:41:26
Album3778606,Album3778606,itunes:us,481138176,42,42,4614.168,,2026-10-05 04:18:06
Album37789,Album37789,deezer,13733720,21,21,3292,,2026-10-03 23:15:37
Album3780820,Album3780820,itunes:gr,1456965267,11,11,4538.706,,2026-10-05 03:34:13
Album378091,Album378091,deezer,125611942,16,16,2756,,2026-10-04 10:52:15
Album378192,Album378192,itunes:se,1452569095,16,16,4788.498,,2026-10-05 04:46:09
Album378294,Album378294,youtube,w7d491b6DXE,1,8,2700.101,8,2026-10-05 16:30:56
Album37844,Album37844,itunes:us,386514772,26,26,6151.453,,2026-10-05 06:19:33
Album3784693,Album3784693,itunes:de,523191150,9,9,2257.548,,2026-10-05 04:35:16
Album3788731,Album3788731,itunes:gb,1647130856,8,8,2554.853,,2026-10-05 08:00:30
Album378881,Album378881,itunes:ru,1179880598,4,4,2055.786,,2026-10-05 04:58:59
Album379137,Album379137,youtube,VeGBod2koKk,1,8,3095.421,8,2026-10-05 14:59:20
Album37916,Album37916,itunes:ru,5506844,7,7,3072.826,,2026-10-05 06:44:37
Album379558,Album379558,itunes:us,1611547427,13,13,3364.734,,2026-10-05 06:48:38
Album37973,Album37973,deezer,5941883,6,6,2268,,2026-10-03 23:37:29
Album38,Album38,itunes:us,444828555,19,19,2887.867,,2026-10-05 04:42:34
Album3801881,Album3801881,deezer,125497472,12,12,3111,,2026-10-04 00:19:14
Album3804964,Album3804964,itunes:ca,1519391104,12,12,4175.148,,2026-10-05 04:21:11
Album3807710,Album3807710,itunes:us,1372103593,28,28,1872.027,,2026-10-05 06:31:48
Album38087,Album38087,deezer,49924502,13,13,2015,,2026-10-04 01:04:13
Album381092,Album381092,deezer,10080886,2,2,2465,,2026-10-04 00:33:50
Album3813086,Album3813086,itunes:de,1485046704,14,14,2415.495,,2026-10-05 08:07:36
Album3814973,Album3814973,itunes:us,1485053153,13,13,2496.745,,2026-10-05 07:39:48
Album3815615,Album3815615,deezer,440568027,8,8,3084,,2026-10-04 00:01:43
Album381685,Album381685,itunes:se,1438795703,7,7,3269.545,,2026-10-05 07:12:24
Album3816872,Album3816872,itunes:gb,478172081,13,13,1813.882,,2026-10-05 07:22:53
Album382014,Album382014,itunes:ca,1443279103,7,7,2421.681,,2026-10-05 08:15:01
Album3821075,Album3821075,itunes:au,1515165160,14,14,2071.708,,2026-10-05 04:15:08
Album38216,Album38216,itunes:nz,1872343885,12,12,2626.268,,2026-10-05 07:43:53
Album38232,Album38232,itunes:gb,1443282938,10,10,2271.493,,2026-10-05 08:00:35
Album3824,Album3824,deezer,2794911,11,11,4679,,2026-10-04 00:09:39
Album38249,Album38249,itunes:se,1658793935,8,8,1893.445,,2026-10-05 07:32:45
Album38251,Album38251,deezer,244903582,14,14,4506,,2026-10-03 23:29:16
Album382555,Album382555,youtube,ciFjhdeEa5A,1,8,2450.341,8,2026-10-05 10:40:19
Album38261,Album38261,deezer,1458926,12,12,3448,,2026-10-04 05:04:28
Album38266,Album38266,itunes:gb,1030229278,8,8,2596.515,,2026-10-05 08:27:58
Album38285,Album38285,deezer,2606651,9,9,2254,,2026-10-03 23:05:03
Album38289,Album38289,itunes:us,1443800736,10,10,3642.759,,2026-10-05 04:08:20
Album3831,Album3831,deezer,2795231,9,9,4192,,2026-10-03 23:27:12
Album383102,Album383102,itunes:us,510501905,4,4,2437.12,,2026-10-05 04:08:06
Album38321,Album38321,youtube,PEl55XaquGI,1,8,1718.581,6,2026-10-04 20:40:30
Album38326,Album38326,deezer,673987521,7,7,2351,,2026-10-04 00:52:19
Album383619,Album383619,itunes:sa,430831192,13,13,4120.801,,2026-10-05 06:51:07
Album3838,Album3838,deezer,2795371,11,11,4573,,2026-10-03 22:37:15
Album3838346,Album3838346,itunes:ru,674013181,9,9,3348.36,,2026-10-05 06:39:12
Album38388,Album38388,itunes:us,1442877962,38,38,7155.441,,2026-10-05 04:03:50
Album383998,Album383998,youtube,KRVaN2c8hDA,1,8,4337.701,8,2026-10-05 12:17:45
Album3840088,Album3840088,deezer,9466296,15,13,3842,,2026-10-04 10:51:27
Album384026,Album384026,itunes:ar,1443425137,14,14,3630.36,,2026-10-05 04:50:32
Album384061,Album384061,itunes:ar,1443373849,15,15,3492.731,,2026-10-05 04:53:03
Album384732,Album384732,itunes:us,1443743066,10,10,3257.613,,2026-10-05 07:58:37
Album38529,Album38529,deezer,98188912,11,11,1851,,2026-10-03 23:12:00
Album38571,Album38571,deezer,636193541,7,7,2522,,2026-10-03 22:58:26
Album38574,Album38574,deezer,11119880,5,5,2475,,2026-10-04 00:03:26
Album385781,Album385781,deezer,45445041,9,9,3538,,2026-10-04 04:08:06
Album385868,Album385868,deezer,98672562,7,7,2247,,2026-10-03 23:45:44
Album385914,Album385914,deezer,667133831,6,6,2049,,2026-10-03 23:30:17
Album385933,Album385933,deezer,13777458,5,5,1810,,2026-10-03 22:55:27
Album386623,Album386623,itunes:us,1442832212,7,7,2365.493,,2026-10-05 07:14:29
Album386919,Album386919,deezer,3716991,19,19,3442,,2026-10-03 23:33:36
Album3872926,Album3872926,deezer,120802092,29,29,3707,,2026-10-03 22:39:42
Album387375,Album387375,deezer,614386012,7,7,2770,,2026-10-03 22:32:29
Album38747,Album38747,itunes:gb,159071869,7,7,3249.986,,2026-10-05 08:11:38
Album38755,Album38755,youtube,5jbzdl9isW0,1,8,2721.021,8,2026-10-05 10:09:47
Album3878,Album3878,deezer,301631,10,10,2394,,2026-10-04 00:38:49
Album388204,Album388204,youtube,SNnEpg6KA8g,1,8,2237.021,7,2026-10-05 12:05:49
Album388277,Album388277,itunes:us,292516346,10,10,2935.934,,2026-10-05 03:32:03
Album3887,Album3887,deezer,301775,16,16,4437,,2026-10-04 00:40:06
Album3888174,Album3888174,itunes:us,509665145,10,10,3632.921,,2026-10-05 03:58:48
Album388820,Album388820,itunes:ca,327297738,10,10,1887.219,,2026-10-05 07:28:12
Album388941,Album388941,itunes:se,49854529,15,15,3377.527,,2026-10-05 06:26:40
Album388947,Album388947,itunes:gb,1175542046,10,10,2176.732,,2026-10-05 05:19:48
Album3890290,Album3890290,deezer,385095047,14,14,2455,,2026-10-03 23:51:25
Album38922,Album38922,deezer,804990011,12,12,2987,,2026-10-04 03:51:22
Album38936,Album38936,deezer,1037928,10,10,1488,,2026-10-04 00:12:35
Album389463,Album389463,youtube,yZ_KNLRCl3U,1,8,7977.521,8,2026-10-05 11:02:52
Album38957,Album38957,youtube,xsz_4ShtIFQ,1,8,2276.261,8,2026-10-05 18:13:41
Album389669,Album389669,itunes:us,1535991467,18,18,4097.24,,2026-10-05 04:58:34
Album3898051,Album3898051,itunes:us,839750839,173,173,14270.07,,2026-10-05 04:22:19
Album39011,Album39011,deezer,255872662,2,2,1966,,2026-10-04 00:23:28
Album39011,Album39011,youtube,A5NHlCBdMFs,1,8,1941.761,6,2026-10-05 19:20:19
Album39013,Album39013,deezer,305974717,9,9,1965,,2026-10-03 23:58:06
Album390255,Album390255,deezer,223992,13,13,2854,,2026-10-04 00:32:45
Album390796,Album390796,deezer,524317992,23,23,2596,,2026-10-04 00:21:04
Album390966,Album390966,itunes:us,419044571,6,6,2122.163,,2026-10-05 05:08:13
Album391161,Album391161,deezer,973812201,10,10,1657,,2026-10-04 03:42:33
Album391254,Album391254,itunes:ca,1606977901,12,12,2242.721,,2026-10-05 07:06:56
Album3912645,Album3912645,itunes:gb,1279146013,8,8,3378.12,,2026-10-05 07:27:38
Album3913,Album3913,deezer,98585,10,10,2448,,2026-10-04 00:45:39
Album3914944,Album3914944,youtube,hq_AzXaB_iw,1,8,1360.221,5,2026-10-05 09:45:14
Album391520,Album391520,itunes:us,1553517542,11,11,2307.746,,2026-10-05 06:54:55
Album391994,Album391994,deezer,8303382,4,4,1940,,2026-10-03 22:56:03
Album3920688,Album3920688,deezer,7175461,11,11,2579,,2026-10-03 23:46:46
Album3921483,Album3921483,deezer,349627187,10,10,2041,,2026-10-03 23:19:25
Album3921486,Album3921486,deezer,349587897,10,10,2465,,2026-10-03 23:22:58
Album39222,Album39222,itunes:us,1443223791,11,11,3516.746,,2026-10-05 05:10:06
Album392305,Album392305,deezer,1345756,17,17,4322,,2026-10-03 23:28:21
Album392386,Album392386,deezer,761267261,8,8,2288,,2026-10-03 23:08:29
Album392427,Album392427,itunes:ca,1039378230,3,3,2252.326,,2026-10-05 06:25:26
Album392427,Album392427,youtube,nCv9pXo0bsY,1,8,2258.661,8,2026-10-05 19:06:39
Album3925277,Album3925277,deezer,756168631,11,11,3538,,2026-10-04 00:07:51
Album3925371,Album3925371,youtube,4IcQLsOwiVk,1,8,10702.661,8,2026-10-05 14:46:42
Album39260,Album39260,deezer,8141182,7,7,2063,,2026-10-04 00:58:17
Album392767,Album392767,itunes:us,6789002032,8,8,1893.287,,2026-10-05 04:27:18
Album3931517,Album3931517,youtube,kd8WqoTj0_4,1,8,2808.662,8,2026-10-05 11:36:56
Album3935168,Album3935168,itunes:cl,470399982,13,13,3478.812,,2026-10-05 07:28:57
Album393578,Album393578,deezer,50246322,10,10,3320,,2026-10-03 22:43:21
Album393580,Album393580,itunes:us,1298829819,9,9,2763.492,,2026-10-05 04:26:03
Album39364,Album39364,deezer,6112285,5,5,2527,,2026-10-04 00:30:16
Album3939340,Album3939340,itunes:us,866756031,45,45,8357.122,,2026-10-05 07:04:49
Album394025,Album394025,deezer,98251142,10,10,2643,,2026-10-03 23:05:37
Album394536,Album394536,itunes:kz,80020201,14,14,3932.613,,2026-10-05 05:17:46
Album39454,Album39454,deezer,118494,6,6,2293,,2026-10-03 23:54:39
Album39455,Album39455,itunes:us,1706391817,17,17,5136.213,,2026-10-05 07:55:43
Album3946017,Album3946017,youtube,k8fbIms8_lc,1,8,6620.181,8,2026-10-04 20:53:23
Album3946975,Album3946975,deezer,59825472,5,5,2627,,2026-10-04 00:09:01
Album394703,Album394703,deezer,95089352,3,3,2582,,2026-10-03 23:12:17
Album394703,Album394703,youtube,3utICvF3zbY,1,8,2575.601,8,2026-10-05 18:54:51
Album3948295,Album3948295,deezer,3535971,11,11,3144,,2026-10-03 23:41:50
Album394924,Album394924,deezer,6958417,12,12,2369,,2026-10-04 00:47:22
Album39515,Album39515,deezer,76059,12,12,3360,,2026-10-03 23:40:43
Album39517,Album39517,deezer,75244,12,12,3118,,2026-10-04 00:32:03
Album3952959,Album3952959,youtube,Xu1fLbGcuHE,1,8,5395.721,8,2026-10-05 09:28:29
Album395489,Album395489,itunes:us,1543986255,11,11,3625.481,,2026-10-05 06:50:00
Album39549,Album39549,itunes:se,890944079,15,15,2639.507,,2026-10-05 06:56:40
Album3956159,Album3956159,deezer,169292472,14,14,2578,,2026-10-03 22:50:09
Album39583,Album39583,itunes:br,324917040,10,10,1781.231,,2026-10-05 03:21:30
Album395888,Album395888,itunes:us,291792344,12,12,2491.067,,2026-10-05 07:45:52
Album3959303,Album3959303,itunes:ru,586353550,8,8,3532.053,,2026-10-05 07:38:51
Album396011,Album396011,deezer,10993840,2,2,3135,,2026-10-04 00:40:03
Album396011,Album396011,youtube,QgvyuMl-hLM,1,8,3139.141,8,2026-10-05 19:28:39
Album396200,Album396200,deezer,511575001,9,9,2631,,2026-10-03 23:51:42
Album3963595,Album3963595,deezer,9613726,17,17,4080,,2026-10-03 23:03:08
Album39671,Album39671,deezer,6958536,8,8,2130,,2026-10-04 00:40:29
Album39684,Album39684,deezer,369494807,7,7,2424,,2026-10-04 05:10:11
Album3971515,Album3971515,itunes:us,548738972,10,10,1844.147,,2026-10-05 06:18:32
Album39758,Album39758,itunes:us,1443116570,7,7,2474.08,,2026-10-05 08:24:01
Album39765,Album39765,itunes:ru,1440771795,14,14,3132,,2026-10-05 04:17:37
Album3978252,Album3978252,deezer,12752604,12,12,2766,,2026-10-04 00:55:29
Album3980190,Album3980190,deezer,936980,13,13,2786,,2026-10-03 23:49:46
Album398165,Album398165,itunes:ca,1452241104,12,12,2344,,2026-10-05 04:48:04
Album39848,Album39848,youtube,8iG5pJ96Y4k,1,8,2384.581,8,2026-10-05 17:48:42
Album3986010,Album3986010,itunes:us,1620594019,7,7,2520.611,,2026-10-05 05:15:37
Album39867,Album39867,itunes:us,293742791,7,7,2429.026,,2026-10-05 07:29:48
Album3988852,Album3988852,itunes:ca,1535615300,9,9,2400.612,,2026-10-05 07:46:48
Album398985,Album398985,youtube,3LPqVHW_ytI,1,8,3306.881,8,2026-10-05 11:59:23
Album399,Album399,deezer,320897407,12,12,3258,,2026-10-03 22:47:40
Album399342,Album399342,itunes:nl,350295767,12,12,2105.821,,2026-10-05 06:28:38
Album399712,Album399712,deezer,824328071,9,9,2247,,2026-10-04 05:04:45
Album3999467,Album3999467,deezer,659250881,21,21,5401,,2026-10-04 03:21:33
Album400071,Album400071,itunes:ca,1683870626,14,14,2785.214,,2026-10-05 03:35:24
Album400306,Album400306,deezer,368760927,5,5,3616,,2026-10-04 04:06:48
Album40034,Album40034,itunes:us,300016994,9,9,4103.974,,2026-10-05 06:46:16
Album4004344,Album4004344,itunes:us,543689208,11,11,2598.48,,2026-10-05 03:18:43
Album4005325,Album4005325,itunes:us,1166366990,19,19,16439.065,,2026-10-05 07:41:14
Album4006125,Album4006125,deezer,1705350,11,11,2727,,2026-10-04 00:28:58
Album40067,Album40067,itunes:us,597727915,13,13,2237.282,,2026-10-05 04:38:38
Album400756,Album400756,deezer,320962387,7,7,2359,,2026-10-04 01:01:21
Album4008,Album4008,itunes:us,286930621,11,11,3487.001,,2026-10-05 07:54:22
Album400811,Album400811,itunes:se,1442690745,11,11,2774.481,,2026-10-05 06:49:42
Album400842,Album400842,itunes:se,1400927045,135,135,26336.015,,2026-10-05 07:20:11
Album400847,Album400847,itunes:gb,1442662491,11,11,1391.534,,2026-10-05 08:22:21
Album400852,Album400852,itunes:se,1442669059,10,10,1605.155,,2026-10-05 07:27:58
Album400859,Album400859,itunes:hu,1442341201,11,11,2969.547,,2026-10-05 06:19:53
Album4009105,Album4009105,deezer,802993531,8,8,3366,,2026-10-04 00:26:46
Album4010924,Album4010924,youtube,45uZcuMawTA,1,8,3453.341,8,2026-10-05 14:48:07
Album40111,Album40111,itunes:us,999679826,8,8,2023.468,,2026-10-05 07:46:29
Album40135,Album40135,itunes:ca,762218114,8,8,4290.695,,2026-10-05 07:46:15
Album4014,Album4014,deezer,982041,6,6,3873,,2026-10-03 22:28:49
Album401400,Album401400,itunes:id,1360186616,12,12,3477.973,,2026-10-05 04:54:58
Album4017475,Album4017475,deezer,70694502,7,7,2579,,2026-10-03 22:48:29
Album40213,Album40213,deezer,404626,14,14,2843,,2026-10-03 23:42:16
Album402155,Album402155,youtube,Kl4hF4iIwgk,1,8,2502.421,8,2026-10-05 16:36:05
Album4022137,Album4022137,itunes:us,1682878930,10,10,2708.228,,2026-10-05 06:30:33
Album40225,Album40225,deezer,445688085,9,9,2335,,2026-10-03 23:11:40
Album40227,Album40227,deezer,446719965,10,10,2494,,2026-10-03 23:11:04
Album40240,Album40240,youtube,9rPTvGcdYjo,1,8,3738.261,8,2026-10-05 15:04:15
Album40262,Album40262,deezer,1114612,21,21,13850,,2026-10-03 22:35:48
Album4027147,Album4027147,itunes:us,1666629634,12,12,2597.873,,2026-10-05 06:40:09
Album4027759,Album4027759,itunes:au,1500818325,24,24,3687.039,,2026-10-05 07:22:04
Album40281,Album40281,deezer,317719,9,9,2181,,2026-10-03 23:28:34
Album402900,Album402900,itunes:gb,720515615,13,13,3456.733,,2026-10-05 07:02:58
Album4029336,Album4029336,youtube,HOk8geFtE5I,1,8,4943.041,8,2026-10-04 21:01:28
Album40313,Album40313,deezer,962960,12,12,2061,,2026-10-03 23:16:45
Album403268,Album403268,deezer,368710837,8,8,2512,,2026-10-04 04:52:04
Album4033,Album4033,youtube,ARus_-poevk,1,8,2700.981,8,2026-10-05 12:40:34
Album40334,Album40334,deezer,365597177,9,9,2103,,2026-10-03 23:05:57
Album4034,Album4034,youtube,ZHu_LmvSjB4,1,8,3536.021,8,2026-10-05 12:33:59
Album40345,Album40345,deezer,147653222,11,11,2836,,2026-10-04 01:00:06
Album40355,Album40355,deezer,1211203,5,5,3784,,2026-10-03 23:22:29
Album40357,Album40357,deezer,70200782,13,13,2447,,2026-10-03 23:59:49
Album40359,Album40359,itunes:se,1488850318,10,10,2467.137,,2026-10-05 07:43:10
Album4036,Album4036,youtube,PS87xpm8SoI,1,8,2749.341,8,2026-10-05 11:48:23
Album40371,Album40371,itunes:es,1440098385,51,51,13547.099,,2026-10-05 04:49:55
Album40403,Album40403,deezer,315029657,21,21,4277,,2026-10-04 01:02:42
Album4040456,Album4040456,youtube,6aGEx7fo_WU,1,8,2596.561,8,2026-10-05 13:10:05
Album40407,Album40407,itunes:se,1444160817,12,12,2221.12,,2026-10-05 03:25:03
Album404125,Album404125,itunes:us,1329457232,6,6,2480.374,,2026-10-05 03:16:02
Album40452,Album40452,deezer,493563921,29,29,7316,,2026-10-03 23:20:06
Album40487,Album40487,itunes:hu,79577188,4,4,3403.64,,2026-10-05 05:23:36
Album4049896,Album4049896,itunes:us,558027300,8,8,3527.159,,2026-10-05 03:34:58
Album405013,Album405013,deezer,901480852,10,10,3043,,2026-10-04 04:58:27
Album40523,Album40523,itunes:gb,1440734834,10,10,4308.533,,2026-10-05 04:44:55
Album405397,Album405397,deezer,111035002,13,13,3283,,2026-10-03 23:34:40
Album4054473,Album4054473,itunes:cl,1447532396,10,10,2719.919,,2026-10-05 06:18:05
Album40546,Album40546,deezer,10069674,16,16,3380,,2026-10-04 00:49:00
Album4055986,Album4055986,youtube,UgJbPYDVgwM,1,8,3612.061,8,2026-10-04 20:50:53
Album4061785,Album4061785,deezer,308396187,10,10,3516,,2026-10-03 23:58:41
Album4063,Album4063,itunes:us,607491190,6,6,3307.333,,2026-10-05 06:53:33
Album40631,Album40631,deezer,108578502,8,8,2317,,2026-10-04 00:12:27
Album406351,Album406351,youtube,g3Hm3ZpmC1k,1,8,1652.101,6,2026-10-05 10:01:02
Album406359,Album406359,youtube,mo_S47uPRmo,1,8,1705.641,6,2026-10-05 10:08:15
Album406396,Album406396,itunes:hu,1443458630,7,7,2323.387,,2026-10-05 05:09:04
Album4065,Album4065,itunes:gb,313359088,10,10,2865.174,,2026-10-05 07:48:55
Album406844,Album406844,deezer,148886842,10,10,3150,,2026-10-04 00:19:30
Album4070183,Album4070183,itunes:gb,1455483390,4,4,3364.093,,2026-10-05 06:50:29
Album40733,Album40733,itunes:gb,714030378,7,7,1907.04,,2026-10-05 07:17:47
Album4076,Album4076,itunes:us,93549990,14,14,4463.747,,2026-10-05 06:41:12
Album40765,Album40765,itunes:us,1214493964,8,8,2390.72,,2026-10-05 07:13:51
Album4079953,Album4079953,deezer,929023231,11,11,1971,,2026-10-03 22:34:45
Album40821,Album40821,deezer,166534512,11,11,3017,,2026-10-04 01:03:44
Album408377,Album408377,deezer,1368694,6,6,1609,,2026-10-04 03:08:10
Album408409,Album408409,deezer,10117966,22,22,3900,,2026-10-04 00:39:32
Album408411,Album408411,deezer,356716107,13,13,2758,,2026-10-04 00:43:17
Album40848,Album40848,itunes:ru,714832740,7,7,2440.427,,2026-10-05 08:01:28
Album40875,Album40875,itunes:us,1589193412,13,13,3756.747,,2026-10-05 07:25:04
Album408816,Album408816,itunes:us,292641436,14,14,4591.641,,2026-10-05 06:37:29
Album4089545,Album4089545,itunes:us,556662427,12,12,4358.454,,2026-10-05 05:03:21
Album40909,Album40909,deezer,5374561,1,1,189,,2026-10-03 22:39:37
Album4091367,Album4091367,itunes:ec,557103414,6,6,3639.946,,2026-10-05 06:36:27
Album40946,Album40946,itunes:es,447385665,4,4,4396.492,,2026-10-05 04:30:01
Album4096,Album4096,itunes:ru,211806863,10,10,2175.747,,2026-10-05 06:17:56
Album40969,Album40969,deezer,314423597,6,6,2359,,2026-10-04 03:00:53
Album40970,Album40970,itunes:se,1443494373,6,6,2330.186,,2026-10-05 07:11:24
Album40973,Album40973,itunes:nz,1621377190,4,4,2380.24,,2026-10-05 04:49:05
Album40975,Album40975,itunes:ca,1443767313,14,14,2953.976,,2026-10-05 06:39:04
Album409840,Album409840,itunes:es,1488660484,10,10,2365.147,,2026-10-05 08:04:31
Album4099,Album4099,itunes:us,211807791,8,8,1888.707,,2026-10-05 07:24:02
Album41006,Album41006,deezer,393747817,16,15,2811,,2026-10-04 04:48:32
Album4100668,Album4100668,youtube,OWzkiE4W5Pg,1,8,1129.961,4,2026-10-05 11:17:23
Album410114,Album410114,deezer,78498412,10,10,3555,,2026-10-04 01:05:50
Album4101775,Album4101775,deezer,125001332,11,11,1865,,2026-10-03 23:56:20
Album4102188,Album4102188,itunes:us,1440744386,22,22,4621.398,,2026-10-05 04:09:58
Album41030,Album41030,deezer,1222446,11,11,3314,,2026-10-03 22:36:28
Album410331,Album410331,deezer,441221947,20,20,3324,,2026-10-04 00:54:31
Album4103534,Album4103534,deezer,1030566262,11,11,1887,,2026-10-04 01:02:30
Album410388,Album410388,youtube,O9V5zl6t7gw,1,8,4300.021,8,2026-10-05 16:57:38
Album4109363,Album4109363,deezer,13678740,12,12,3379,,2026-10-04 04:41:04
Album4111,Album4111,deezer,77710052,10,10,1613,,2026-10-03 23:55:31
Album411206,Album411206,itunes:ca,882658777,19,19,2207.602,,2026-10-05 03:19:51
Album4116,Album4116,itunes:ru,290064196,8,8,3272.853,,2026-10-05 07:34:48
Album41160,Album41160,itunes:se,1508956098,19,19,3842.066,,2026-10-05 06:37:01
Album4118898,Album4118898,itunes:ca,1329458465,6,6,2563.64,,2026-10-05 05:16:10
Album4119364,Album4119364,deezer,106874002,8,8,2924,,2026-10-04 00:42:57
Album411984,Album411984,itunes:ca,1443563754,5,5,2575.626,,2026-10-05 08:11:27
Album412210,Album412210,itunes:gb,1800649665,6,6,4238.366,,2026-10-05 07:03:49
Album4122807,Album4122807,deezer,9445722,16,16,4723,,2026-10-04 00:11:56
Album412597,Album412597,deezer,207925152,68,68,9679,,2026-10-03 22:31:06
Album41272,Album41272,deezer,12494344,10,10,1941,,2026-10-04 00:48:37
Album412741,Album412741,itunes:sa,207649816,28,28,4223.093,,2026-10-05 04:31:11
Album412754,Album412754,itunes:sa,497339580,27,27,6609.693,,2026-10-05 04:35:36
Album4128371,Album4128371,itunes:us,680650011,25,25,7344.973,,2026-10-05 06:26:54
Album4129,Album4129,itunes:us,1122666222,7,7,2340.107,,2026-10-05 06:25:10
Album412941,Album412941,itunes:us,65861724,9,9,2383.518,,2026-10-05 03:19:32
Album413142,Album413142,itunes:us,1459183071,35,35,4385.948,,2026-10-05 04:35:50
Album41343,Album41343,deezer,9577100,12,12,1898,,2026-10-04 00:04:18
Album413655,Album413655,itunes:se,321803974,11,11,1881.485,,2026-10-05 04:50:09
Album413684,Album413684,itunes:gb,1039893676,10,10,1835.307,,2026-10-05 07:43:34
Album4138894,Album4138894,itunes:us,1521677933,13,13,2530.879,,2026-10-05 08:29:12
Album4139175,Album4139175,itunes:ca,1232796846,10,10,3010.147,,2026-10-05 07:40:26
Album414131,Album414131,itunes:ua,49626178,5,5,4137.293,,2026-10-05 06:54:29
Album414213,Album414213,itunes:us,208103914,12,12,3370.335,,2026-10-05 04:32:33
Album414275,Album414275,itunes:ca,1025007247,2,2,4551.015,,2026-10-05 03:20:23
Album414275,Album414275,youtube,ekzBO4jDyRM,1,8,4523.381,8,2026-10-05 18:56:12
Album414387,Album414387,itunes:es,637056287,20,20,12052.869,,2026-10-05 04:26:31
Album414488,Album414488,itunes:us,404307552,15,15,3718.806,,2026-10-05 06:47:51
Album4145,Album4145,itunes:us,1713874713,8,8,2262.962,,2026-10-05 03:58:38
Album41482,Album41482,itunes:it,713209816,10,10,2223.279,,2026-10-05 04:42:19
Album4150,Album4150,deezer,81860662,9,9,2806,,2026-10-03 23:39:39
Album4157,Album4157,deezer,48047292,13,13,4459,,2026-10-04 01:09:21
Album41578,Album41578,deezer,1609799,8,8,2548,,2026-10-04 00:23:20
Album41604,Album41604,youtube,1mbRjdsiB68,1,8,3111.101,8,2026-10-05 09:25:53
Album41634,Album41634,deezer,537843182,9,9,1981,,2026-10-04 04:12:58
Album416417,Album416417,itunes:us,1452176730,5,5,3946.187,,2026-10-05 04:48:54
Album41642,Album41642,deezer,1345743,12,12,2874,,2026-10-04 05:01:17
Album41653,Album41653,itunes:us,1506293566,20,20,4052.534,,2026-10-05 08:11:43
Album416536,Album416536,deezer,416905,31,31,4068,,2026-10-03 23:36:57
Album416667,Album416667,itunes:il,276959988,13,13,2278.558,,2026-10-05 07:29:54
Album416669,Album416669,itunes:br,276959982,15,15,2468.333,,2026-10-05 03:37:57
Album41668,Album41668,deezer,1056314712,6,6,2158,,2026-10-04 03:02:14
Album416745,Album416745,itunes:sa,1452187423,5,5,4337,,2026-10-05 04:28:46
Album4168003,Album4168003,itunes:gb,1045612806,21,21,8723.402,,2026-10-05 08:12:10
Album4168054,Album4168054,itunes:ca,571352228,6,6,4055.88,,2026-10-05 06:54:37
Album416862,Album416862,itunes:pl,1452212341,10,10,4711.707,,2026-10-05 04:42:04
Album416953,Album416953,itunes:mx,803833589,5,5,2174.053,,2026-10-05 06:35:17
Album4176416,Album4176416,youtube,MOdDnDtwEAs,1,8,3743.501,8,2026-10-05 11:25:55
Album4178370,Album4178370,youtube,_XZPNOFvDoU,1,8,2621.381,8,2026-10-05 10:46:45
Album417966,Album417966,itunes:gb,1452341842,25,25,9431.681,,2026-10-05 04:44:30
Album418029,Album418029,itunes:ca,1452516762,14,14,4233.002,,2026-10-05 04:29:29
Album418030,Album418030,itunes:us,1452161255,12,12,3347.427,,2026-10-05 06:22:19
Album418077,Album418077,itunes:us,1620634692,13,13,3650.668,,2026-10-05 04:50:43
Album418122,Album418122,itunes:us,305384610,17,17,6388.707,,2026-10-05 08:23:36
Album418153,Album418153,itunes:us,693062507,8,8,4347.228,,2026-10-05 04:38:33
Album4183462,Album4183462,itunes:no,561338971,9,9,4168.266,,2026-10-05 03:38:19
Album418459,Album418459,itunes:se,1452375364,26,26,5957.77,,2026-10-05 07:14:58
Album41848,Album41848,itunes:se,724424919,12,12,2665.559,,2026-10-05 08:01:34
Album41854,Album41854,deezer,364580,11,11,2524,,2026-10-04 00:37:32
Album4185878,Album4185878,deezer,6137148,9,9,4380,,2026-10-03 23:44:16
Album4186,Album4186,itunes:ec,1045445156,13,13,3603.666,,2026-10-05 03:37:43
Album4186222,Album4186222,itunes:us,1653156550,5,5,1759.973,,2026-10-05 06:46:01
Album418698,Album418698,itunes:gb,769412080,16,16,3166.24,,2026-10-05 03:59:07
Album4187965,Album4187965,itunes:ie,1719267216,8,8,3518.667,,2026-10-05 04:33:30
Album4193511,Album4193511,itunes:gb,1444216736,32,32,6707.467,,2026-10-05 04:38:43
Album4194375,Album4194375,deezer,657366091,9,9,2844,,2026-10-03 22:41:47
Album4194425,Album4194425,itunes:jp,1864059347,2,2,3545.16,,2026-10-05 08:17:12
Album4194425,Album4194425,youtube,L_YbUbeUzJM,1,8,3584.961,8,2026-10-05 19:40:24
Album419452,Album419452,itunes:us,399196350,10,10,2532.667,,2026-10-05 08:22:11
Album419524,Album419524,itunes:ru,659734221,3,3,3284.24,,2026-10-05 04:53:13
Album4195721,Album4195721,itunes:ru,608642936,10,10,1058.853,,2026-10-05 04:45:09
Album41979,Album41979,deezer,7045645,14,14,4963,,2026-10-04 00:54:09
Album4199,Album4199,itunes:us,847924059,18,18,5165.986,,2026-10-05 03:58:29
Album4199077,Album4199077,youtube,ILscpClJ9Ic,1,8,3211.041,8,2026-10-05 13:08:06
Album4200,Album4200,deezer,6042345,24,24,6937,,2026-10-04 00:29:18
Album4202327,Album4202327,itunes:us,1753895036,12,12,2837.947,,2026-10-05 07:55:38
Album4204341,Album4204341,deezer,398930327,9,9,3940,,2026-10-04 00:13:48
Album4205,Album4205,itunes:ca,485458173,24,24,7699.908,,2026-10-05 03:19:15
Album421028,Album421028,itunes:ca,1052926055,10,10,1832.866,,2026-10-05 06:54:06
Album42103,Album42103,itunes:us,314732600,10,10,2608.227,,2026-10-05 07:10:13
Album4211984,Album4211984,deezer,52955982,10,10,2623,,2026-10-03 23:39:42
Album421203,Album421203,itunes:us,1480206686,25,25,3071.386,,2026-10-05 03:38:05
Album421333,Album421333,itunes:ca,1102809036,3,3,4607.961,,2026-10-05 07:22:09
Album421333,Album421333,youtube,4eAJEKi4qAk,1,8,4608.321,8,2026-10-05 19:48:45
Album4213674,Album4213674,deezer,159820172,11,11,2002,,2026-10-03 23:15:21
Album421373,Album421373,deezer,11868170,2,2,4266,,2026-10-03 22:48:16
Album421430,Album421430,itunes:ca,1661921824,9,9,4374.063,,2026-10-05 04:43:08
Album421492,Album421492,itunes:hu,723737151,4,4,3169.041,,2026-10-05 07:33:06
Album421543,Album421543,itunes:ca,466979588,5,5,3589.361,,2026-10-05 05:00:30
Album421560,Album421560,deezer,641718121,3,3,4695,,2026-10-03 22:57:46
Album421560,Album421560,youtube,Gvx-t0CJVNE,1,8,4695.741,8,2026-10-05 13:19:22
Album421573,Album421573,deezer,257827,4,4,2702,,2026-10-03 23:31:16
Album42169,Album42169,itunes:us,459830979,12,12,3145.441,,2026-10-05 08:27:33
Album421812,Album421812,deezer,626642161,10,10,3180,,2026-10-04 00:34:37
Album421929,Album421929,deezer,159248332,7,7,2399,,2026-10-03 23:48:19
Album422140,Album422140,deezer,511690801,15,15,9410,,2026-10-03 22:28:16
Album422356,Album422356,itunes:us,1880221753,17,17,4556.54,,2026-10-05 04:55:18
Album4225144,Album4225144,itunes:gb,1808821771,4,4,3915.471,,2026-10-05 06:19:38
Album4225527,Album4225527,itunes:ph,1747795225,14,14,2247.966,,2026-10-05 03:24:57
Album4227,Album4227,itunes:jp,1545807894,12,12,2951.185,,2026-10-05 04:19:26
Album422706,Album422706,deezer,430398757,6,6,2209,,2026-10-03 23:29:25
Album4227831,Album4227831,deezer,297986792,6,6,2205,,2026-10-03 23:33:50
Album423004,Album423004,youtube,HSXPgkS6RPc,1,8,1590.781,5,2026-10-05 11:55:46
Album423341,Album423341,itunes:se,73248542,8,8,2484.774,,2026-10-05 06:34:16
Album423367,Album423367,itunes:pa,73248315,6,6,2457.84,,2026-10-05 04:33:40
Album42338,Album42338,deezer,401702,6,6,4600,,2026-10-04 00:09:18
Album4236,Album4236,deezer,251698862,7,7,3417,,2026-10-03 22:58:42
Album423600,Album423600,itunes:us,520279485,12,12,2106.8,,2026-10-05 04:58:54
Album424072,Album424072,itunes:us,1005047619,30,30,3008.934,,2026-10-05 04:57:14
Album42412,Album42412,itunes:us,1497386512,10,10,3848.26,,2026-10-05 07:35:29
Album4241209,Album4241209,itunes:us,954004531,13,13,4745.64,,2026-10-05 04:50:59
Album42458,Album42458,deezer,43538351,20,20,4372,,2026-10-03 23:15:29
Album42470,Album42470,itunes:nz,80008232,6,6,2562.773,,2026-10-05 06:43:30
Album424934,Album424934,deezer,75130922,17,17,2627,,2026-10-04 04:39:10
Album4251788,Album4251788,deezer,6231296,9,9,2299,,2026-10-03 22:41:39
Album4252050,Album4252050,deezer,739632641,42,42,4550,,2026-10-03 23:28:13
Album42573,Album42573,itunes:se,1440951967,14,14,2623.667,,2026-10-05 06:59:38
Album42584,Album42584,deezer,84752,10,10,2557,,2026-10-04 10:52:03
Album426010,Album426010,itunes:ca,724437794,12,12,1125.225,,2026-10-05 04:58:29
Album42639,Album42639,youtube,EbQzAftZBmY,1,8,2223.221,7,2026-10-05 17:47:21
Album42640,Album42640,deezer,326747,6,6,2394,,2026-10-04 00:22:18
Album42690,Album42690,itunes:us,1575436546,9,9,3909.715,,2026-10-05 07:44:27
Album4269647,Album4269647,youtube,XgjpfdVG5TQ,1,8,2228.561,7,2026-10-05 15:15:50
Album427138,Album427138,itunes:us,1560916494,6,6,2143.458,,2026-10-05 04:49:10
Album427178,Album427178,deezer,229511232,9,9,2195,,2026-10-03 23:47:03
Album4273143,Album4273143,deezer,728061851,6,6,1972,,2026-10-04 03:19:01
Album427739,Album427739,youtube,up9yWDl0jBc,1,8,3150.081,8,2026-10-05 17:18:50
Album4278984,Album4278984,youtube,OOSmU-4g-dE,1,8,1238.321,4,2026-10-05 11:36:20
Album428064,Album428064,itunes:us,1536359470,16,16,4522.866,,2026-10-05 07:56:29
Album4281,Album4281,youtube,zHiU7aF-f_Q,1,8,2335.021,8,2026-10-05 09:33:07
Album428221,Album428221,itunes:us,309580921,27,27,13012.533,,2026-10-05 04:52:43
Album428544,Album428544,itunes:us,1592345971,11,11,1691.194,,2026-10-05 03:24:05
Album4286064,Album4286064,youtube,eNfsAikH9NU,1,8,10676.201,8,2026-10-05 10:31:51
Album42869,Album42869,itunes:se,266191160,10,10,2245.267,,2026-10-05 07:36:03
Album429,Album429,itunes:us,1839155231,27,27,5089.894,,2026-10-05 08:21:09
Album4297888,Album4297888,deezer,151850712,11,11,2287,,2026-10-03 23:14:40
Album4298276,Album4298276,deezer,6866562,15,15,2643,,2026-10-04 01:02:27
Album4303,Album4303,youtube,_1TR9gvEy2Y,1,8,18022.181,8,2026-10-05 10:03:36
Album4303614,Album4303614,itunes:us,624809415,11,11,4662.826,,2026-10-05 07:18:06
Album43095,Album43095,deezer,720533091,10,10,2378,,2026-10-04 04:58:54
Album4310,Album4310,deezer,6406845,6,6,3598,,2026-10-04 00:00:04
Album4310715,Album4310715,deezer,208605792,12,12,3051,,2026-10-03 22:50:05
Album4310781,Album4310781,deezer,208606792,15,15,2456,,2026-10-03 23:26:34
Album431146,Album431146,youtube,UQBIS1ViH0o,1,8,2608.301,8,2026-10-05 09:28:57
Album4311567,Album4311567,youtube,kp-CPmEHqXc,1,8,1008.701,4,2026-10-05 10:07:15
Album4312120,Album4312120,deezer,6388030,17,17,7232,,2026-10-03 23:01:53
Album431304,Album431304,deezer,713928521,14,14,2588,,2026-10-04 00:19:09
Album4315869,Album4315869,itunes:ca,1594298382,9,9,2703.161,,2026-10-05 05:14:23
Album4319730,Album4319730,youtube,PCiIfetfF0Q,1,8,3551.181,8,2026-10-04 20:49:57
Album431977,Album431977,youtube,DRk-4WdsN9w,1,8,1811.601,6,2026-10-05 09:38:10
Album4321152,Album4321152,deezer,210085252,12,12,2678,,2026-10-04 01:08:23
Album4322386,Album4322386,deezer,14107454,8,8,2840,,2026-10-03 23:59:05
Album4323139,Album4323139,deezer,287081732,6,6,4273,,2026-10-04 00:44:07
Album43232,Album43232,itunes:be,1187475015,12,12,2414.467,,2026-10-05 07:50:54
Album4325040,Album4325040,itunes:gb,660528025,10,10,3199.086,,2026-10-05 07:49:16
Album4326,Album4326,deezer,6406754,5,5,4373,,2026-10-04 00:20:46
Album43282,Album43282,itunes:us,1484719359,13,13,4705.039,,2026-10-05 03:29:34
Album433130,Album433130,itunes:ca,724060997,10,10,2044.52,,2026-10-05 07:03:02
Album433135,Album433135,itunes:ca,1442287263,12,12,2246.399,,2026-10-05 04:34:24
Album433136,Album433136,itunes:pl,1442268862,12,12,2245.759,,2026-10-05 04:54:28
Album4337896,Album4337896,deezer,14777895,8,8,3873,,2026-10-03 23:31:29
Album4338,Album4338,deezer,13256493,6,6,2899,,2026-10-04 00:45:30
Album4339273,Album4339273,youtube,oNpJcKedrzU,1,8,3542.721,8,2026-10-05 09:50:57
Album43402,Album43402,itunes:gb,778472252,7,7,2734.114,,2026-10-05 03:24:31
Album434460,Album434460,itunes:us,1122759732,26,26,4073.013,,2026-10-05 07:00:06
Album43508,Album43508,itunes:us,300978118,11,11,2430.441,,2026-10-05 05:15:09
Album4354,Album4354,itunes:us,1476848987,11,11,2440.509,,2026-10-05 05:14:04
Album4355,Album4355,itunes:us,274578955,10,10,2719.694,,2026-10-05 04:53:38
Album4355068,Album4355068,youtube,Bb3lq7l4N8g,1,8,1976.741,7,2026-10-05 12:39:04
Album435681,Album435681,deezer,12134466,13,13,2449,,2026-10-04 03:00:19
Album435788,Album435788,itunes:us,1539106850,20,20,2125.827,,2026-10-05 07:20:01
Album43583,Album43583,youtube,qvh2BV1k66A,1,8,2994.981,8,2026-10-05 16:52:55
Album43605,Album43605,itunes:es,298699318,6,6,2371.308,,2026-10-05 03:38:26
Album43618,Album43618,itunes:pa,1512114298,25,25,4446.666,,2026-10-05 05:00:35
Album4361977,Album4361977,deezer,579061151,40,40,6561,,2026-10-03 22:37:07
Album436251,Album436251,deezer,1018125,10,10,2588,,2026-10-03 23:25:04
Album436264,Album436264,youtube,ZcaGMf92nK0,1,8,1888.541,6,2026-10-05 09:25:21
Album436318,Album436318,deezer,796206881,12,12,1635,,2026-10-03 22:47:13
Album436321,Album436321,itunes:br,1457739907,10,10,1612.212,,2026-10-05 03:18:05
Album436330,Album436330,itunes:us,1457739948,12,12,1940.281,,2026-10-05 04:30:35
Album43686,Album43686,itunes:us,1425167644,7,7,2463.707,,2026-10-05 04:11:37
Album4371345,Album4371345,deezer,157091542,4,4,584,,2026-10-04 10:54:21
Album4372995,Album4372995,itunes:us,1689235963,28,28,2572.101,,2026-10-05 06:20:16
Album43732,Album43732,itunes:us,1434894234,8,8,2036.893,,2026-10-05 08:22:58
Album4374695,Album4374695,itunes:ru,602618482,5,5,3507.251,,2026-10-05 03:34:52
Album43749,Album43749,deezer,6462647,10,10,2173,,2026-10-03 23:42:36
Album43750,Album43750,deezer,7551767,13,13,3643,,2026-10-03 22:46:56
Album4378962,Album4378962,itunes:us,809124028,10,10,4465.026,,2026-10-05 08:21:13
Album4383309,Album4383309,youtube,n2OjMfTi8ak,1,8,1495.061,5,2026-10-04 20:56:31
Album4384682,Album4384682,deezer,151812492,9,9,2253,,2026-10-04 00:39:56
Album43877,Album43877,itunes:es,1440788291,13,13,3580.613,,2026-10-05 07:26:33
Album438894,Album438894,deezer,236997172,12,12,3846,,2026-10-03 23:56:03
Album43900,Album43900,itunes:gb,1443004416,7,7,2488.48,,2026-10-05 05:18:05
Album4394185,Album4394185,itunes:us,1446003273,43,43,8101.719,,2026-10-05 06:29:45
Album439718,Album439718,itunes:us,1472631980,10,10,2571.622,,2026-10-05 07:08:22
Album439939,Album439939,itunes:dk,1377635533,23,23,3795.68,,2026-10-05 06:29:21
Album44004,Album44004,deezer,88632,10,10,2223,,2026-10-03 23:21:40
Album440189,Album440189,deezer,116946,25,25,5554,,2026-10-03 22:52:03
Album4402402,Album4402402,deezer,695652241,7,7,3363,,2026-10-03 23:45:35
Album440325,Album440325,itunes:in,1130322055,6,6,2190.943,,2026-10-05 08:09:47
Album4404079,Album4404079,itunes:us,1440858493,12,12,2415.1,,2026-10-05 07:34:53
Album4404464,Album4404464,itunes:ca,1588878950,14,14,3433.427,,2026-10-05 06:43:16
Album44054,Album44054,deezer,728823621,8,8,2631,,2026-10-04 04:41:00
Album44069,Album44069,deezer,384476527,15,15,3760,,2026-10-03 23:47:58
Album440916,Album440916,itunes:us,1225952989,14,14,3475.252,,2026-10-05 05:19:33
Album440935,Album440935,deezer,50492212,13,13,3035,,2026-10-03 23:25:33
Album440936,Album440936,deezer,50488432,13,13,3388,,2026-10-03 23:06:08
Album4409448,Album4409448,youtube,NXwBOUOORuw,1,8,1885.021,6,2026-10-05 16:26:02
Album44097,Album44097,itunes:us,151627271,13,13,2157.615,,2026-10-05 04:20:15
Album441,Album441,deezer,14167434,11,11,2315,,2026-10-04 00:21:17
Album44102,Album44102,itunes:us,1452385963,12,12,4032.44,,2026-10-05 06:36:47
Album44105,Album44105,itunes:se,714279210,10,10,2963.867,,2026-10-05 07:05:27
Album4411990,Album4411990,itunes:ca,1537078643,10,10,2601.001,,2026-10-05 08:23:13
Album441634,Album441634,deezer,278202292,12,12,3432,,2026-10-04 01:02:59
Album441639,Album441639,itunes:ie,914386722,10,10,2229.694,,2026-10-05 08:08:28
Album441851,Album441851,deezer,685561881,12,12,1900,,2026-10-03 22:32:34
Album44210,Album44210,itunes:ca,990060263,11,11,4623.068,,2026-10-05 08:01:52
Album44211,Album44211,deezer,169622202,11,11,2825,,2026-10-03 22:38:47
Album44252,Album44252,deezer,519728182,10,10,4886,,2026-10-03 23:17:31
Album44253,Album44253,deezer,44081,4,4,2472,,2026-10-03 23:10:59
Album44254,Album44254,itunes:ru,465160025,5,5,4169.906,,2026-10-05 04:17:17
Album44257,Album44257,itunes:us,1536020134,7,7,2330.801,,2026-10-05 07:25:23
Album442576,Album442576,itunes:us,379535167,10,10,2517.507,,2026-10-05 05:14:28
Album4426476,Album4426476,itunes:ru,616886331,22,22,6395.546,,2026-10-05 05:15:04
Album443188,Album443188,deezer,6967610,10,10,3221,,2026-10-04 01:03:53
Album443570,Album443570,deezer,363468907,15,15,4401,,2026-10-03 22:38:22
Album443571,Album443571,deezer,363540547,16,16,4342,,2026-10-04 02:40:46
Album443572,Album443572,deezer,348836997,29,29,8430,,2026-10-03 22:46:22
Album4435853,Album4435853,itunes:us,608755645,27,27,4013.068,,2026-10-05 05:06:28
Album44372,Album44372,itunes:us,1537464827,8,8,2727.933,,2026-10-05 06:43:12
Album443784,Album443784,itunes:ca,1451095020,12,12,4217.021,,2026-10-05 05:21:57
Album44465,Album44465,youtube,pNtxBiLHkqM,1,8,2628.741,8,2026-10-05 11:51:43
Album44476,Album44476,itunes:hu,1621369325,3,3,2433.293,,2026-10-05 07:56:34
Album44476,Album44476,youtube,0hgC69nGeJw,1,8,2458.101,8,2026-10-05 19:33:10
Album444784,Album444784,itunes:us,1769142384,17,17,4778.361,,2026-10-05 04:26:08
Album4448,Album4448,deezer,78417,13,13,3968,,2026-10-03 23:47:23
Album4449298,Album4449298,deezer,484329935,6,6,2390,,2026-10-03 23:08:32
Album4449850,Album4449850,deezer,331594987,3,3,1293,,2026-10-03 23:53:08
Album4449850,Album4449850,youtube,Zm4JPcj996g,1,8,1297.501,4,2026-10-05 19:08:46
Album4450968,Album4450968,itunes:us,626543616,13,13,2938.166,,2026-10-05 05:04:20
Album44542,Album44542,youtube,0wOFT5aiJ0c,1,8,4805.921,8,2026-10-05 17:46:10
Album445451,Album445451,itunes:us,1405938978,10,10,3701.066,,2026-10-05 04:38:03
Album4455223,Album4455223,youtube,dEUnVG-y6Ww,1,8,3045.661,8,2026-10-05 08:59:37
Album4457,Album4457,deezer,4015931,18,18,4182,,2026-10-04 00:23:12
Album4458,Album4458,itunes:mx,1440657497,10,10,3316.933,,2026-10-05 07:09:21
Album44595,Album44595,itunes:mx,1213101015,10,10,3176.5,,2026-10-05 07:08:13
Album4461490,Album4461490,deezer,10767532,10,10,3891,,2026-10-03 22:43:25
Album446225,Album446225,itunes:se,1452501052,6,6,4322.061,,2026-10-05 04:22:43
Album44624,Album44624,deezer,307826,6,6,2192,,2026-10-04 00:37:53
Album446270,Album446270,deezer,7780226,10,10,1971,,2026-10-04 10:54:49
Album44635,Album44635,deezer,310449737,11,11,2374,,2026-10-03 23:14:04
Album446418,Album446418,youtube,8EHc7EWRBPo,1,8,2746.061,8,2026-10-05 10:56:15
Album4464978,Album4464978,deezer,368761377,11,11,5930,,2026-10-03 23:20:02
Album446550,Album446550,itunes:us,83919084,4,4,2454.613,,2026-10-05 04:36:14
Album44662,Album44662,itunes:us,1442935598,6,6,2510.681,,2026-10-05 04:43:36
Album4467198,Album4467198,deezer,368560607,9,9,2478,,2026-10-04 00:59:05
Album447080,Album447080,itunes:us,379529450,8,8,2009.655,,2026-10-05 07:42:42
Album44770,Album44770,itunes:ca,1444063123,9,9,2669.163,,2026-10-05 04:47:09
Album4479234,Album4479234,itunes:us,1447442983,9,9,2893.613,,2026-10-05 07:18:31
Album44808,Album44808,itunes:gb,1423294935,5,5,2042.98,,2026-10-05 06:23:47
Album44821,Album44821,deezer,70208632,5,5,1941,,2026-10-03 23:04:51
Album44836,Album44836,deezer,70193492,16,13,3700,,2026-10-03 23:35:56
Album448576,Album448576,deezer,513524682,4,4,2298,,2026-10-04 00:57:26
Album4487829,Album4487829,itunes:us,672572008,22,22,1429.067,,2026-10-05 06:37:15
Album4487959,Album4487959,deezer,526230742,10,10,4828,,2026-10-03 23:09:02
Album4490,Album4490,itunes:us,719016006,10,10,2512.827,,2026-10-05 07:17:01
Album449067,Album449067,itunes:nz,308006118,19,19,12189.814,,2026-10-05 04:16:16
Album4492,Album4492,deezer,142609372,34,34,4571,,2026-10-04 00:43:47
Album4493018,Album4493018,youtube,nNk4d2HDre4,1,8,3961.961,8,2026-10-05 12:36:34
Album449388,Album449388,itunes:pl,1797529519,15,15,2328.103,,2026-10-05 08:03:56
Album449432,Album449432,deezer,716130091,11,11,2433,,2026-10-04 00:02:20
Album44944,Album44944,itunes:us,1855592600,25,25,4566.159,,2026-10-05 07:55:48
Album449777,Album449777,deezer,108042,8,8,4412,,2026-10-03 23:31:20
Album4499908,Album4499908,youtube,BTS_7V2daUk,1,8,4447.681,8,2026-10-05 16:23:17
Album4501,Album4501,deezer,14590606,24,24,10619,,2026-10-03 22:47:31
Album450392,Album450392,youtube,imFd6doXL-c,1,8,3806.061,8,2026-10-05 14:55:43
Album45042,Album45042,youtube,kCx10lqt0g8,1,8,873.641,4,2026-10-05 16:28:10
Album450798,Album450798,itunes:se,179151935,11,11,2513.976,,2026-10-05 08:25:28
Album4508166,Album4508166,youtube,I8jfCs7p_Kc,1,8,4434.121,8,2026-10-05 09:39:35
Album45116,Album45116,itunes:us,1443594176,8,8,2153.76,,2026-10-05 05:11:58
Album4513447,Album4513447,deezer,399255257,12,12,3664,,2026-10-03 23:16:14
Album45144,Album45144,itunes:se,895643132,5,5,3250.733,,2026-10-05 04:24:07
Album4522053,Album4522053,itunes:us,661050312,16,16,4648.025,,2026-10-05 07:07:58
Album45228,Album45228,itunes:ca,553108335,3,3,4734.574,,2026-10-05 03:34:08
Album45228,Album45228,youtube,i99w2T8nQB4,1,8,4735.821,8,2026-10-05 19:27:32
Album45264,Album45264,itunes:us,714339518,13,13,2435.493,,2026-10-05 08:23:46
Album4531941,Album4531941,itunes:jp,646635786,10,10,3037.359,,2026-10-05 07:39:13
Album453248,Album453248,deezer,75853482,6,6,2855,,2026-10-03 23:12:37
Album453249,Album453249,deezer,61726902,4,4,2961,,2026-10-04 00:08:49
Album45334,Album45334,deezer,1346746,13,13,2195,,2026-10-03 23:54:43
Album453346,Album453346,deezer,10080822,6,6,2500,,2026-10-03 23:53:53
Album453561,Album453561,deezer,64280902,9,9,2400,,2026-10-03 23:41:15
Album453563,Album453563,youtube,GwWv-T4rM0k,1,8,2116.061,7,2026-10-05 13:15:31
Album4536297,Album4536297,itunes:us,6783103542,1,1,2179.667,,2026-10-05 04:13:13
Album4536297,Album4536297,youtube,JrAJZZ_1UBM,1,8,2179.681,7,2026-10-05 18:35:05
Album4540289,Album4540289,deezer,897324092,1,1,367,,2026-10-04 10:51:12
Album4543367,Album4543367,itunes:ca,694491477,6,6,4054.319,,2026-10-05 03:28:37
Album454595,Album454595,itunes:us,211489575,11,11,3227.92,,2026-10-05 05:06:23
Album454614,Album454614,itunes:us,212025912,11,11,2981.3,,2026-10-05 06:46:56
Album45501,Album45501,deezer,86362,12,12,2099,,2026-10-03 23:32:25
Album4551378,Album4551378,youtube,TRgNNuGMv7M,1,8,2910.861,8,2026-10-05 08:46:53
Album45557,Album45557,itunes:se,1443817587,10,10,2511.094,,2026-10-05 07:32:26
Album4558303,Album4558303,itunes:au,1440939811,11,11,2189.732,,2026-10-05 03:24:18
Album4559672,Album4559672,itunes:br,1439324785,70,70,9179.351,,2026-10-05 04:34:19
Album4561,Album4561,itunes:us,875641469,8,8,2481.598,,2026-10-05 08:25:49
Album456200,Album456200,itunes:us,907446476,11,11,2659.307,,2026-10-05 03:26:51
Album456578,Album456578,itunes:us,1590333783,10,10,2699.253,,2026-10-05 04:52:33
Album456819,Album456819,itunes:gb,1452254616,12,12,3360.374,,2026-10-05 04:52:58
Album45693,Album45693,deezer,41416481,8,8,1688,,2026-10-03 23:22:41
Album457238,Album457238,itunes:us,1346890785,8,8,2694.814,,2026-10-05 08:05:59
Album4578166,Album4578166,youtube,4eTPdwBxBEU,1,8,2947.123,8,2026-10-05 16:50:26
Album458214,Album458214,itunes:us,336129788,12,12,3019.643,,2026-10-05 07:20:06
Album4591241,Album4591241,deezer,742642191,12,12,3291,,2026-10-04 00:22:36
Album4591910,Album4591910,itunes:us,840343224,173,173,15744.046,,2026-10-05 04:26:47
Album4593,Album4593,deezer,326573697,11,11,2435,,2026-10-04 00:59:32
Album459330,Album459330,deezer,493645561,7,7,3129,,2026-10-03 23:36:27
Album45941,Album45941,itunes:mx,44416687,9,9,2614.226,,2026-10-05 07:30:40
Album4594304,Album4594304,youtube,V67Eqg_kvaE,1,8,7560.001,8,2026-10-05 15:06:47
Album45960,Album45960,itunes:us,203064435,13,13,4786.999,,2026-10-05 07:52:00
Album459869,Album459869,deezer,263904562,13,13,1809,,2026-10-03 23:17:13
Album4599,Album4599,deezer,1347789,9,9,2213,,2026-10-03 22:30:28
Album459995,Album459995,itunes:ca,965386346,10,10,3465.441,,2026-10-05 08:13:02
Album4600529,Album4600529,itunes:us,1503299965,7,7,3537.286,,2026-10-05 03:29:28
Album4601088,Album4601088,deezer,50387402,5,5,5077,,2026-10-03 22:55:46
Album460128,Album460128,youtube,s_zIi6oK8Yc,1,8,4020.535,8,2026-10-05 16:35:38
Album460135,Album460135,itunes:us,1452203839,29,29,4447.427,,2026-10-05 04:38:47
Album4602306,Album4602306,youtube,TPYqrVDlc_4,1,8,3116.121,8,2026-10-04 20:54:55
Album46031,Album46031,deezer,262203432,9,9,2590,,2026-10-03 22:34:07
Album460412,Album460412,deezer,160678,6,6,2872,,2026-10-03 23:24:28
Album46089,Album46089,itunes:es,1732414301,8,8,3814.587,,2026-10-05 03:23:19
Album460937,Album460937,itunes:us,1515844639,10,10,2647.653,,2026-10-05 06:41:17
Album461,Album461,deezer,1345637,9,9,2085,,2026-10-03 23:53:29
Album4611206,Album4611206,itunes:no,1440777771,14,14,3889.279,,2026-10-05 08:03:18
Album4614614,Album4614614,deezer,6846414,14,14,3136,,2026-10-04 00:40:10
Album461610,Album461610,itunes:us,1101301055,13,13,1773.469,,2026-10-05 07:55:34
Album4616892,Album4616892,youtube,bbPY_YMmE1o,1,8,3696.061,8,2026-10-05 11:47:53
Album46196,Album46196,itunes:us,1443144709,14,14,2979.092,,2026-10-05 04:29:10
Album46199,Album46199,youtube,kT3SGrmrJYU,1,8,2894.361,8,2026-10-05 15:05:12
Album4621,Album4621,itunes:gb,1440814289,13,13,4421.431,,2026-10-05 04:47:44
Album4622660,Album4622660,itunes:dk,1497226670,15,15,5000.829,,2026-10-05 03:32:23
Album4623117,Album4623117,itunes:nz,949575985,7,7,5251.239,,2026-10-05 08:27:48
Album4624,Album4624,deezer,400917567,9,9,2828,,2026-10-04 04:42:05
Album462432,Album462432,deezer,68921081,8,8,1997,,2026-10-04 00:27:27
Album4624753,Album4624753,deezer,6794719,9,9,3256,,2026-10-04 00:40:25
Album462989,Album462989,itunes:ca,1443571591,12,12,1891.547,,2026-10-05 08:26:34
Album4630585,Album4630585,deezer,139971632,5,5,3005,,2026-10-04 00:34:34
Album4634890,Album4634890,itunes:us,1438664728,10,10,2520.501,,2026-10-05 08:28:04
Album4643133,Album4643133,youtube,HityxWmiPlc,1,8,2259.141,8,2026-10-05 11:46:02
Album4645171,Album4645171,itunes:us,1290048349,15,15,3631.691,,2026-10-05 04:56:22
Album46452,Album46452,youtube,ua5S8UmoeWs,1,8,2518.101,8,2026-10-05 11:53:22
Album46456,Album46456,itunes:us,282616468,13,13,2840.853,,2026-10-05 06:34:12
Album4646460,Album4646460,deezer,970055481,1,1,350,,2026-10-04 10:52:38
Album4649145,Album4649145,deezer,106878232,12,12,2444,,2026-10-04 00:46:28
Album46498,Album46498,itunes:us,1364049112,7,7,2864.732,,2026-10-05 06:28:57
Album4650,Album4650,deezer,905335192,21,21,3467,,2026-10-03 22:40:07
Album4650021,Album4650021,itunes:ca,785256904,31,31,2980.588,,2026-10-05 03:27:58
Album4651185,Album4651185,youtube,qcL77Z3rPCU,1,8,3876.481,8,2026-10-05 18:18:26
Album465237,Album465237,itunes:jp,1537381455,12,12,3122.761,,2026-10-05 07:38:57
Album46539,Album46539,itunes:us,1444005041,25,25,6039.359,,2026-10-05 05:04:57
Album4656,Album4656,deezer,793370341,12,12,3384,,2026-10-03 22:48:12
Album46601,Album46601,itunes:es,1389654196,17,17,3402.696,,2026-10-05 08:16:02
Album46615,Album46615,itunes:us,317109311,16,16,7309.573,,2026-10-05 04:18:31
Album466299,Album466299,deezer,904263382,12,12,2215,,2026-10-03 22:46:30
Album466300,Album466300,itunes:be,79118984,8,8,4423.227,,2026-10-05 04:35:21
Album4667842,Album4667842,deezer,7000302,9,9,2750,,2026-10-04 00:08:33
Album46709,Album46709,itunes:es,1485049419,4,4,4624.361,,2026-10-05 06:57:52
Album46720,Album46720,itunes:es,1536057574,3,3,3076.512,,2026-10-05 07:32:36
Album46720,Album46720,youtube,FgOXAIWDt_Q,1,8,3037.801,8,2026-10-05 19:26:03
Album4673,Album4673,itunes:au,930563048,8,8,2291.298,,2026-10-05 04:41:50
Album4673853,Album4673853,youtube,Z67RL56ejuY,1,8,1291.181,4,2026-10-05 10:26:21
Album46743,Album46743,deezer,2795701,10,10,3766,,2026-10-03 23:21:53
Album467856,Album467856,youtube,Lx6JFDnEui8,1,8,2079.921,7,2026-10-05 16:04:23
Album467961,Album467961,deezer,6151867,6,6,3002,,2026-10-03 22:45:29
Album46812,Album46812,deezer,332470,10,10,2552,,2026-10-03 23:58:10
Album46852,Album46852,itunes:us,977915414,12,12,4333.506,,2026-10-05 07:50:41
Album46858,Album46858,itunes:gb,393623384,2,2,355.774,,2026-10-05 06:54:46
Album468975,Album468975,itunes:ru,1491479724,12,12,2693.56,,2026-10-05 04:39:59
Album469119,Album469119,deezer,474997,5,5,2644,,2026-10-03 22:35:36
Album469587,Album469587,youtube,7n94mSsLIDA,1,8,4598.881,8,2026-10-05 11:58:20
Album4696239,Album4696239,deezer,60172102,17,17,3712,,2026-10-04 00:17:16
Album469683,Album469683,itunes:se,1424751097,10,10,2793.324,,2026-10-05 06:25:15
Album4700253,Album4700253,itunes:us,680077190,21,21,10559.783,,2026-10-05 04:12:42
Album470136,Album470136,itunes:us,1259495104,23,23,4306.6,,2026-10-05 03:29:53
Album470369,Album470369,deezer,98250502,9,9,2929,,2026-10-03 23:43:40
Album4706216,Album4706216,itunes:us,687189276,9,9,2919.14,,2026-10-05 07:15:36
Album470626,Album470626,itunes:us,1362935219,45,45,9003.001,,2026-10-05 04:31:43
Album470786,Album470786,itunes:ca,209135924,17,17,3295.094,,2026-10-05 07:27:29
Album470904,Album470904,itunes:us,976225668,9,9,3294.334,,2026-10-05 06:35:40
Album471172,Album471172,itunes:gb,562347619,10,10,2205.534,,2026-10-05 07:18:45
Album47123,Album47123,itunes:ca,1452902328,8,8,5265.033,,2026-10-05 07:54:12
Album471366,Album471366,itunes:us,1383412856,15,15,3092.152,,2026-10-05 07:47:15
Album4719302,Album4719302,deezer,515409702,32,32,3854,,2026-10-04 00:17:40
Album47239,Album47239,itunes:hu,1499018947,5,5,2251.732,,2026-10-05 06:33:23
Album47257,Album47257,deezer,146108302,1,1,195,,2026-10-04 10:56:10
Album4730,Album4730,deezer,76319932,12,12,3141,,2026-10-04 00:57:47
Album4734162,Album4734162,deezer,6909237,10,10,2228,,2026-10-03 23:29:30
Album473550,Album473550,itunes:hk,1781659542,7,7,3709.893,,2026-10-05 04:45:29
Album473672,Album473672,deezer,350137677,12,12,2233,,2026-10-03 23:48:26
Album474000,Album474000,deezer,6490651,26,26,10565,,2026-10-03 23:01:49
Album4743545,Album4743545,deezer,679178941,15,15,3371,,2026-10-03 23:14:56
Album474415,Album474415,deezer,320919647,12,12,4281,,2026-10-04 01:01:17
Album474629,Album474629,deezer,919937851,25,25,4227,,2026-10-03 22:36:35
Album474630,Album474630,deezer,526029092,23,23,4221,,2026-10-03 23:53:33
Album474876,Album474876,itunes:br,1269587621,16,16,4676.24,,2026-10-05 03:16:44
Album474952,Album474952,itunes:hk,966483493,13,13,3391.149,,2026-10-05 04:58:48
Album47540,Album47540,deezer,1667345,18,18,1861,,2026-10-04 03:59:05
Album47567,Album47567,itunes:us,826476706,28,28,6924.559,,2026-10-05 04:31:38
Album4762469,Album4762469,deezer,56884272,64,64,10620,,2026-10-04 00:39:28
Album477368,Album477368,deezer,6987659,10,10,2575,,2026-10-03 22:59:46
Album477400,Album477400,deezer,1422955,10,10,2290,,2026-10-03 22:52:43
Album477745,Album477745,youtube,7BAm1LPEZEk,1,8,3438.781,8,2026-10-05 09:55:52
Album47778,Album47778,itunes:hu,715516295,6,6,3235.614,,2026-10-05 04:51:04
Album4786782,Album4786782,deezer,450327935,11,11,2268,,2026-10-04 00:19:22
Album478763,Album478763,itunes:us,1144917078,16,16,3991.587,,2026-10-05 06:56:49
Album47920,Album47920,deezer,395539547,10,10,1959,,2026-10-04 03:34:23
Album47971,Album47971,youtube,EFM-ITrp6Sc,1,8,4443.601,8,2026-10-05 15:08:57
Album4797960,Album4797960,youtube,PDpUyGV7Zn8,1,8,2702.181,8,2026-10-05 11:31:28
Album4798,Album4798,itunes:us,100982409,4,4,3557.506,,2026-10-05 07:36:19
Album480657,Album480657,itunes:ca,1440761114,28,28,7071.815,,2026-10-05 04:31:29
Album480947,Album480947,deezer,7371939,9,9,2218,,2026-10-04 02:52:23
Album48112,Album48112,deezer,1320854,15,15,4124,,2026-10-04 00:59:48
Album48164,Album48164,deezer,7498575,39,39,27035,,2026-10-03 22:31:45
Album481668,Album481668,itunes:us,1697939203,20,20,7592.826,,2026-10-05 04:24:58
Album481697,Album481697,deezer,864296502,15,15,2196,,2026-10-04 03:00:24
Album4818053,Album4818053,deezer,401025427,8,8,3521,,2026-10-03 22:26:48
Album4818592,Album4818592,itunes:us,1566889640,11,11,3715.2,,2026-10-05 04:03:27
Album482003,Album482003,itunes:us,1038439888,10,10,3243.826,,2026-10-05 07:13:05
Album48201,Album48201,youtube,sNZK1p4AfZA,1,8,2360.021,8,2026-10-05 18:21:09
Album48202,Album48202,deezer,877819912,12,12,3249,,2026-10-04 00:23:42
Album482031,Album482031,itunes:gb,882407903,14,14,2364.826,,2026-10-05 06:35:03
Album48228,Album48228,itunes:mx,715581662,13,13,4309.36,,2026-10-05 06:29:12
Album4826373,Album4826373,deezer,320919457,12,12,2772,,2026-10-04 00:45:12
Album48281,Album48281,itunes:us,1452930325,9,9,2693.493,,2026-10-05 04:11:42
Album4831378,Album4831378,itunes:us,776303371,11,11,1168.47,,2026-10-05 04:47:34
Album483186,Album483186,itunes:se,1452607731,200,200,42588.694,,2026-10-05 05:10:22
Album48330,Album48330,itunes:tr,1443291746,6,6,2614.161,,2026-10-05 08:20:01
Album483388,Album483388,itunes:ca,696169951,24,24,4502.028,,2026-10-05 06:24:13
Album48366,Album48366,itunes:de,1444147144,3,3,4618.803,,2026-10-05 04:32:15
Album48366,Album48366,youtube,T1MZQpkHkbI,1,8,4632.681,8,2026-10-05 18:45:38
Album483861,Album483861,deezer,13855586,11,11,2654,,2026-10-03 23:00:28
Album485189,Album485189,deezer,225954612,1,1,2596,,2026-10-03 23:52:03
Album485189,Album485189,youtube,d0tGLwrCL4g,1,8,2597.081,8,2026-10-05 19:08:18
Album48533,Album48533,itunes:us,489778026,18,18,4244.002,,2026-10-05 07:07:01
Album485439,Album485439,youtube,bzFldPyNxH4,1,8,3538.601,8,2026-10-05 08:53:48
Album4855818,Album4855818,deezer,7038125,12,12,3158,,2026-10-04 00:56:51
Album485639,Album485639,deezer,15009261,29,29,3927,,2026-10-03 22:32:59
Album485660,Album485660,deezer,649308661,8,8,2237,,2026-10-04 00:55:06
Album485661,Album485661,deezer,649331921,8,8,2254,,2026-10-04 00:42:34
Album486436,Album486436,itunes:us,1380694264,14,14,2721.627,,2026-10-05 03:25:16
Album486480,Album486480,itunes:au,615457891,25,25,6597.309,,2026-10-05 04:44:45
Album486560,Album486560,itunes:se,1443838104,12,12,1924.253,,2026-10-05 07:15:02
Album4867,Album4867,deezer,7351433,29,29,4573,,2026-10-04 00:38:42
Album4871,Album4871,deezer,85834,11,11,2217,,2026-10-03 22:32:47
Album4872,Album4872,deezer,218366,14,14,2497,,2026-10-04 00:43:51
Album487282,Album487282,itunes:us,1429193502,26,26,5808.828,,2026-10-05 03:21:55
Album4873,Album4873,deezer,240766,10,10,2213,,2026-10-04 00:16:11
Album487363,Album487363,deezer,383249527,22,22,3283,,2026-10-04 00:01:31
Album48760,Album48760,deezer,846344682,8,8,2895,,2026-10-04 10:57:34
Album4877,Album4877,itunes:au,1440923055,12,12,2353.867,,2026-10-05 07:04:35
Album48789,Album48789,deezer,81919902,19,19,6912,,2026-10-04 00:34:56
Album4881,Album4881,deezer,185282122,11,11,2824,,2026-10-04 01:09:25
Album4883,Album4883,deezer,175790332,12,12,2108,,2026-10-04 00:02:16
Album488436,Album488436,itunes:us,715854469,8,8,2870.919,,2026-10-05 07:27:19
Album48858,Album48858,itunes:us,1864374595,10,10,4028.052,,2026-10-05 04:10:17
Album488988,Album488988,itunes:us,157025612,7,7,3004.173,,2026-10-05 08:18:21
Album489071,Album489071,deezer,13609881,10,10,4036,,2026-10-04 00:38:05
Album489089,Album489089,itunes:ca,159232309,5,5,3407.894,,2026-10-05 08:16:57
Album48915,Album48915,itunes:ru,1234092172,8,8,2363.135,,2026-10-05 07:50:59
Album48930,Album48930,itunes:gb,1444010173,8,8,1940.253,,2026-10-05 04:16:20
Album489381,Album489381,itunes:us,693243595,74,74,9733.667,,2026-10-05 04:46:49
Album489810,Album489810,deezer,1528318,6,6,3219,,2026-10-04 00:59:20
Album489813,Album489813,itunes:pl,1556348683,8,8,3941.014,,2026-10-05 08:13:07
Album4899,Album4899,itunes:us,298512389,9,9,2746.948,,2026-10-05 04:17:07
Album49024,Album49024,itunes:gb,929573426,9,9,3019.04,,2026-10-05 07:57:52
Album490465,Album490465,deezer,15705278,15,14,2866,,2026-10-03 23:11:24
Album49168,Album49168,itunes:us,307800865,25,25,11817.387,,2026-10-05 04:51:28
Album4917567,Album4917567,deezer,7065396,17,17,4690,,2026-10-03 23:29:36
Album4918,Album4918,deezer,43851841,15,15,1567,,2026-10-04 00:36:41
Album49221,Album49221,itunes:hu,274773595,7,7,2453.762,,2026-10-05 05:20:37
Album4929,Album4929,deezer,212382,12,12,3226,,2026-10-04 00:45:23
Album4931109,Album4931109,deezer,14769693,14,14,3066,,2026-10-03 23:43:20
Album49337,Album49337,deezer,476849475,9,9,2280,,2026-10-04 00:15:25
Album4934447,Album4934447,itunes:ca,727851790,13,13,2706.535,,2026-10-05 04:48:24
Album493571,Album493571,itunes:us,1667369118,24,24,4793.079,,2026-10-05 07:06:05
Album49360,Album49360,itunes:nl,1460784548,13,13,4348.692,,2026-10-05 07:48:17
Album49366,Album49366,itunes:de,1444219349,7,7,8295.848,,2026-10-05 04:00:29
Album4937177,Album4937177,deezer,11322534,9,9,4037,,2026-10-03 23:37:58
Album493977,Album493977,itunes:us,1801545201,11,11,2978,,2026-10-05 06:44:52
Album49398,Album49398,deezer,6227632,10,10,3312,,2026-10-03 22:34:37
Album49450,Album49450,youtube,tT6nljdyCf0,1,8,2432.081,8,2026-10-05 11:14:07
Album49468,Album49468,itunes:es,1606492980,6,6,2709.983,,2026-10-05 07:10:45
Album49477,Album49477,deezer,6493270,7,7,2451,,2026-10-04 00:31:25
Album4948090,Album4948090,deezer,1002378911,12,12,2139,,2026-10-04 05:09:42
Album49490,Album49490,itunes:us,14141262,16,16,4055.318,,2026-10-05 04:43:32
Album495038,Album495038,itunes:ru,83164860,68,68,9724.028,,2026-10-05 04:25:53
Album4952874,Album4952874,deezer,7042876,17,17,4180,,2026-10-03 23:29:20
Album495926,Album495926,itunes:gb,1414700364,34,34,11249.312,,2026-10-05 04:18:21
Album4959776,Album4959776,deezer,440568087,8,8,4263,,2026-10-03 23:33:19
Album496138,Album496138,youtube,3sQ-q_qd9dQ,1,8,2513.221,8,2026-10-05 10:34:08
Album4964170,Album4964170,deezer,128471352,4,4,785,,2026-10-04 10:54:35
Album4964649,Album4964649,deezer,7500436,8,8,2152,,2026-10-03 23:06:59
Album496473,Album496473,itunes:us,159712819,12,12,1997.068,,2026-10-05 07:50:32
Album497,Album497,deezer,10966614,15,15,3261,,2026-10-04 01:02:34
Album49701,Album49701,deezer,901404792,16,16,3797,,2026-10-04 04:21:45
Album497129,Album497129,itunes:es,1495092095,6,6,2578.734,,2026-10-05 07:18:55
Album49746,Album49746,deezer,1067430611,2,2,2715,,2026-10-03 22:48:23
Album4978374,Album4978374,deezer,94350442,3,3,896,,2026-10-04 10:52:39
Album498562,Album498562,itunes:us,257253660,14,14,1892.203,,2026-10-05 04:16:06
Album49859,Album49859,itunes:us,169856497,5,5,2461.686,,2026-10-05 06:19:19
Album498763,Album498763,itunes:us,1701382776,11,11,2722.159,,2026-10-05 07:19:37
Album49911,Album49911,itunes:us,719341872,10,10,2855.212,,2026-10-05 03:28:49
Album49927,Album49927,youtube,zDfM7ymclho,1,8,2844.932,8,2026-10-05 16:49:18
Album499439,Album499439,deezer,265132892,8,8,3453,,2026-10-03 23:05:09
Album499686,Album499686,deezer,11321616,7,7,1292,,2026-10-04 00:20:26
Album500,Album500,itunes:us,1452397020,10,10,2144.973,,2026-10-05 07:50:22
Album5000371,Album5000371,youtube,HxVDgxxPZoA,1,8,1341.581,4,2026-10-05 15:11:01
Album5003,Album5003,itunes:us,282700252,25,25,11248.638,,2026-10-05 06:53:42
Album500920,Album500920,itunes:us,401697586,8,8,11635.16,,2026-10-05 04:00:34
Album50113,Album50113,deezer,146661,13,13,3739,,2026-10-03 23:14:00
Album5012250,Album5012250,youtube,MqW4n05lGlU,1,8,5038.661,8,2026-10-05 08:56:29
Album5012584,Album5012584,itunes:us,1096564232,12,12,4093.588,,2026-10-05 05:21:29
Album5017639,Album5017639,deezer,11142456,11,11,4649,,2026-10-04 02:59:02
Album50200,Album50200,itunes:be,347837043,10,10,3400.597,,2026-10-05 08:21:57
Album502645,Album502645,itunes:us,1750005886,13,13,3353.309,,2026-10-05 06:50:48
Album502801,Album502801,itunes:us,695667303,11,11,4768.894,,2026-10-05 04:23:17
Album502921,Album502921,itunes:ca,1050837369,12,12,2428.559,,2026-10-05 05:15:55
Album503021,Album503021,itunes:gb,1443191791,8,8,1574.575,,2026-10-05 04:47:39
Album503434,Album503434,itunes:us,1077872397,12,12,2431.441,,2026-10-05 07:37:16
Album503693,Album503693,deezer,81773,12,12,3091,,2026-10-03 22:52:31
Album503962,Album503962,itunes:ca,1050805751,14,14,3089.212,,2026-10-05 05:10:59
Album504,Album504,itunes:us,1452360024,8,8,2435.86,,2026-10-05 07:22:38
Album504230,Album504230,itunes:ca,716639724,24,24,4668.468,,2026-10-05 07:50:17
Album504329,Album504329,itunes:us,1326108630,8,8,1884.56,,2026-10-05 08:06:50
Album504945,Album504945,itunes:gb,1108785547,15,15,5155.983,,2026-10-05 06:40:04
Album5050972,Album5050972,itunes:us,765568650,10,10,3639.921,,2026-10-05 07:15:07
Album5053004,Album5053004,deezer,7898271,11,11,3065,,2026-10-04 00:21:40
Album505409,Album505409,itunes:us,1443211091,6,6,2262.146,,2026-10-05 04:02:03
Album5054578,Album5054578,deezer,7410128,10,10,2688,,2026-10-03 23:15:41
Album505473,Album505473,itunes:us,723510786,15,15,2577.787,,2026-10-05 06:46:33
Album5057667,Album5057667,deezer,855176142,10,10,1817,,2026-10-03 23:40:07
Album50595,Album50595,itunes:ca,1854896920,10,10,1717.088,,2026-10-05 08:21:24
Album50599,Album50599,deezer,80403002,13,13,11300,,2026-10-04 01:04:17
Album506,Album506,itunes:us,1173536469,30,30,8045.29,,2026-10-05 03:56:41
Album506429,Album506429,itunes:us,1096478700,11,11,3522.453,,2026-10-05 07:35:34
Album506773,Album506773,itunes:dk,1212330333,16,16,2674.946,,2026-10-05 05:19:15
Album507124,Album507124,itunes:br,1530161870,15,15,2378.173,,2026-10-05 06:21:12
Album507151,Album507151,itunes:br,262179503,7,7,1598.439,,2026-10-05 07:17:52
Album507778,Album507778,itunes:ar,1166875909,8,8,3563.227,,2026-10-05 07:41:58
Album5078,Album5078,itunes:gb,1658279822,15,15,2924.865,,2026-10-05 03:38:12
Album507861,Album507861,deezer,493209611,28,28,12072,,2026-10-03 23:57:39
Album508825,Album508825,deezer,383249417,23,23,3383,,2026-10-04 00:48:06
Album5089,Album5089,youtube,xuz45D3cDL4,1,8,3395.021,8,2026-10-05 15:59:10
Album509244,Album509244,itunes:us,1637071511,7,7,1695.034,,2026-10-05 06:31:24
Album5097,Album5097,itunes:us,1184729525,11,11,4069.559,,2026-10-05 05:01:29
Album509881,Album509881,youtube,dC6RC1KtFik,1,8,2221.641,7,2026-10-05 15:48:43
Album510188,Album510188,deezer,284019,13,10,2432,,2026-10-04 02:49:45
Album5105761,Album5105761,deezer,85449212,7,7,2946,,2026-10-04 10:55:52
Album510749,Album510749,itunes:us,1518200855,8,8,3014.921,,2026-10-05 07:42:19
Album51082,Album51082,deezer,1043528,9,9,2096,,2026-10-03 23:22:54
Album511107,Album511107,itunes:gb,1838519681,6,6,1670.587,,2026-10-05 07:16:55
Album5115,Album5115,itunes:us,826492492,4,4,2453.585,,2026-10-05 03:55:22
Album5116,Album5116,itunes:ua,1778643374,15,15,2410.749,,2026-10-05 07:03:16
Album5116106,Album5116106,itunes:es,805520623,10,10,3140.895,,2026-10-05 04:43:27
Album512300,Album512300,deezer,14777635,8,8,4145,,2026-10-04 00:03:56
Album512367,Album512367,deezer,132010002,11,11,2506,,2026-10-03 22:39:28
Album51259,Album51259,itunes:jp,744957175,6,6,4375.96,,2026-10-05 07:17:10
Album5127983,Album5127983,youtube,LYVXI_Ywz_I,1,8,3959.121,8,2026-10-05 12:16:42
Album51293,Album51293,itunes:us,518085654,15,15,3229.52,,2026-10-05 07:17:15
Album51297,Album51297,deezer,1543255,10,10,2545,,2026-10-03 23:02:09
Album5130249,Album5130249,deezer,275177732,23,23,7370,,2026-10-04 00:16:39
Album5137941,Album5137941,deezer,248575062,13,13,2809,,2026-10-04 04:11:44
Album5139003,Album5139003,youtube,XrTZV1oyUMM,1,8,3324.781,8,2026-10-05 12:02:37
Album51435,Album51435,itunes:us,980776238,12,12,2103.759,,2026-10-05 06:51:26
Album514389,Album514389,deezer,709828271,10,10,2351,,2026-10-04 00:04:36
Album51440,Album51440,itunes:mx,214479838,8,8,2508.507,,2026-10-05 08:21:34
Album5144150,Album5144150,itunes:br,834244079,12,12,2326.948,,2026-10-05 06:53:47
Album51446,Album51446,deezer,396603,6,6,2174,,2026-10-03 22:26:58
Album51467,Album51467,deezer,10662108,12,12,1805,,2026-10-03 23:54:54
Album514811,Album514811,youtube,iGcaDlejBec,1,8,2750.541,8,2026-10-05 11:28:47
Album5149281,Album5149281,itunes:no,1061019556,14,14,3461.958,,2026-10-05 07:27:53
Album5155,Album5155,deezer,13540899,14,14,3790,,2026-10-04 04:50:13
Album51586,Album51586,deezer,287831,10,10,1869,,2026-10-04 00:33:14
Album51599,Album51599,deezer,440310497,12,12,2802,,2026-10-04 01:02:15
Album5161,Album5161,youtube,ABbp6AoMCik,1,8,3176.221,8,2026-10-05 15:14:45
Album51610,Album51610,deezer,829921311,14,14,3042,,2026-10-04 00:44:31
Album5163,Album5163,itunes:us,319386437,10,10,2971.073,,2026-10-05 06:31:01
Album5163750,Album5163750,deezer,250454602,11,11,2706,,2026-10-04 00:19:34
Album5164,Album5164,deezer,61283802,10,10,3342,,2026-10-03 23:54:12
Album51664,Album51664,itunes:se,198108476,14,14,3828.599,,2026-10-05 06:49:37
Album51669,Album51669,itunes:us,1442949556,8,8,2253.413,,2026-10-05 04:30:39
Album516879,Album516879,deezer,95065892,8,8,2714,,2026-10-03 23:11:32
Album51727,Album51727,itunes:se,1705985713,6,6,3169.44,,2026-10-05 07:04:54
Album51817,Album51817,deezer,196961,4,4,3413,,2026-10-04 00:50:53
Album5183235,Album5183235,itunes:gb,806334307,31,31,15034.743,,2026-10-05 04:19:56
Album5183988,Album5183988,itunes:us,1681946195,9,9,1802.386,,2026-10-05 07:54:45
Album518645,Album518645,itunes:co,1712811611,8,8,2496.673,,2026-10-05 04:24:34
Album51927,Album51927,deezer,377162207,13,13,5478,,2026-10-04 03:38:41
Album5195713,Album5195713,youtube,cAfute5lEzs,1,8,1736.101,6,2026-10-05 10:14:03
Album519995,Album519995,itunes:us,1511841737,13,13,2342.774,,2026-10-05 07:27:15
Album5200146,Album5200146,itunes:no,797351951,11,11,5463.476,,2026-10-05 19:52:30
Album520192,Album520192,deezer,809175721,17,17,2831,,2026-10-04 03:07:02
Album520196,Album520196,deezer,191905342,16,16,4230,,2026-10-04 00:13:21
Album520830,Album520830,itunes:ca,1072125599,10,10,3885.759,,2026-10-05 07:29:38
Album5209642,Album5209642,itunes:gb,1434450308,7,7,4114.147,,2026-10-05 03:29:40
Album52101,Album52101,itunes:se,1608788297,7,7,1982.373,,2026-10-05 07:57:14
Album522779,Album522779,deezer,7356718,10,10,2888,,2026-10-04 03:15:52
Album52289,Album52289,youtube,KphiJ4EsrLc,1,8,2405.681,8,2026-10-05 11:17:52
Album523132,Album523132,itunes:gb,321851652,7,7,2350.829,,2026-10-05 04:21:16
Album524,Album524,deezer,301663,10,10,2511,,2026-10-04 00:20:06
Album524403,Album524403,itunes:us,1656005613,10,10,1672.868,,2026-10-05 07:49:54
Album524465,Album524465,youtube,bryghq5BUao,1,8,3976.421,8,2026-10-05 11:18:53
Album524533,Album524533,deezer,658714411,5,5,1854,,2026-10-03 23:52:59
Album5246,Album5246,deezer,905265842,12,12,2725,,2026-10-04 01:05:06
Album524648,Album524648,deezer,12995558,4,4,3638,,2026-10-03 23:57:01
Album5246768,Album5246768,deezer,177749642,10,10,3077,,2026-10-03 23:31:08
Album5248,Album5248,itunes:us,1646482253,11,11,2091.053,,2026-10-05 08:28:09
Album524915,Album524915,youtube,kQYUnYZXPGY,1,8,1983.381,7,2026-10-05 11:38:56
Album524927,Album524927,youtube,ttXV2JBgSK8,1,8,1206.661,4,2026-10-05 10:05:01
Album52570,Album52570,itunes:us,210336567,9,9,2369.534,,2026-10-05 07:41:46
Album5259674,Album5259674,deezer,8198764,12,12,3459,,2026-10-04 00:35:09
Album5259980,Album5259980,deezer,411429297,12,12,2424,,2026-10-04 05:15:12
Album5262,Album5262,itunes:cr,1444055244,10,10,2626.279,,2026-10-05 08:29:27
Album526245,Album526245,itunes:ca,1452532320,15,15,3868,,2026-10-05 04:29:39
Album5270,Album5270,deezer,915446951,19,19,3343,,2026-10-04 01:00:22
Album52723,Album52723,itunes:us,1438930812,10,10,3561.959,,2026-10-05 07:18:01
Album52791,Album52791,deezer,11318594,18,18,3947,,2026-10-04 00:25:04
Album52803,Album52803,itunes:us,1440660993,27,27,6440.852,,2026-10-05 05:16:19
Album528577,Album528577,deezer,50257552,11,11,2041,,2026-10-04 03:22:46
Album5286,Album5286,itunes:ca,520398037,14,14,4119.452,,2026-10-05 06:22:28
Album52913,Album52913,deezer,396600,12,12,2265,,2026-10-04 00:38:38
Album52915,Album52915,deezer,396602,8,8,2574,,2026-10-03 22:28:40
Album52931,Album52931,deezer,622796571,14,14,2223,,2026-10-04 03:40:04
Album5294937,Album5294937,deezer,568490801,1,1,217,,2026-10-03 23:21:48
Album5308339,Album5308339,itunes:us,1496495082,7,7,2789.283,,2026-10-05 08:18:26
Album532191,Album532191,deezer,114984482,9,9,2673,,2026-10-04 00:24:29
Album5326,Album5326,deezer,38690691,12,12,2666,,2026-10-03 23:34:21
Album5326879,Album5326879,deezer,7479934,11,11,2570,,2026-10-04 00:08:13
Album5328,Album5328,deezer,69842652,18,18,3920,,2026-10-03 23:19:16
Album53306,Album53306,deezer,711940,12,12,2470,,2026-10-03 23:31:12
Album53311,Album53311,deezer,7434442,5,5,2421,,2026-10-03 23:42:44
Album533397,Album533397,deezer,2910301,11,11,2082,,2026-10-03 23:33:06
Album53341,Album53341,itunes:gb,1444112503,7,7,2559.547,,2026-10-05 04:34:53
Album533483,Album533483,deezer,643323691,11,11,2094,,2026-10-04 00:40:36
Album5335,Album5335,itunes:us,724912383,15,15,4319.999,,2026-10-05 04:06:52
Album533540,Album533540,deezer,206841092,42,42,4531,,2026-10-03 22:49:09
Album5339438,Album5339438,itunes:us,1178538439,14,14,3077.319,,2026-10-05 04:46:28
Album534298,Album534298,itunes:br,1402136980,11,11,2234.826,,2026-10-05 03:23:00
Album53442,Album53442,deezer,338663,15,15,4466,,2026-10-04 00:16:15
Album534815,Album534815,deezer,114452412,11,11,1975,,2026-10-03 22:53:49
Album5348525,Album5348525,deezer,469350355,113,113,16647,,2026-10-03 22:30:53
Album535,Album535,deezer,13994498,10,10,2819,,2026-10-04 00:39:36
Album53578,Album53578,deezer,5222241,20,20,3231,,2026-10-03 23:10:51
Album53584,Album53584,deezer,310450137,10,10,1897,,2026-10-03 23:37:20
Album53586,Album53586,itunes:us,343403727,10,10,2148.733,,2026-10-05 07:22:59
Album53587,Album53587,youtube,wLCtyk9Qrok,1,8,2874.241,8,2026-10-05 17:24:46
Album5359211,Album5359211,deezer,280832841,13,12,3212,,2026-10-03 23:29:53
Album5359356,Album5359356,itunes:us,1895146456,6,6,3479.083,,2026-10-05 04:52:03
Album5359375,Album5359375,deezer,984346441,6,6,3394,,2026-10-03 23:03:00
Album535944,Album535944,deezer,72568382,12,12,2117,,2026-10-04 00:03:14
Album536065,Album536065,itunes:us,1766686848,9,9,3157.348,,2026-10-05 07:52:05
Album53613,Album53613,itunes:se,1081988618,18,18,4098.064,,2026-10-05 06:45:23
Album5366502,Album5366502,youtube,5lLPnQqRdmY,1,8,10531.521,8,2026-10-05 09:46:52
Album536998,Album536998,itunes:us,1536366687,11,11,3051.508,,2026-10-05 05:09:50
Album537333,Album537333,deezer,522555882,9,9,2179,,2026-10-04 00:41:03
Album537336,Album537336,deezer,414476357,10,10,2616,,2026-10-04 01:07:48
Album5377484,Album5377484,deezer,867182,13,13,3143,,2026-10-03 23:43:05
Album537955,Album537955,itunes:us,992926369,10,10,3330.894,,2026-10-05 04:47:19
Album53797,Album53797,youtube,PUn-mHfTTJA,1,8,3564.821,8,2026-10-05 09:57:05
Album538,Album538,deezer,46871442,13,13,4556,,2026-10-04 00:42:46
Album53804,Album53804,itunes:se,1425233469,10,10,2304.627,,2026-10-05 06:37:38
Album5381520,Album5381520,deezer,369465537,9,9,1969,,2026-10-03 23:09:19
Album53816,Album53816,itunes:us,1440918349,9,9,3181.839,,2026-10-05 06:46:51
Album538222,Album538222,itunes:gb,1538800804,9,9,2584.721,,2026-10-05 07:44:56
Album538396,Album538396,itunes:ca,1538797579,9,9,2387.747,,2026-10-05 07:19:46
Album5388535,Album5388535,itunes:jp,456036941,21,21,4728.245,,2026-10-05 04:18:11
Album5389,Album5389,itunes:us,1440853495,6,6,2524.425,,2026-10-05 04:08:53
Album539348,Album539348,deezer,697593671,10,10,3524,,2026-10-04 04:52:50
Album5393981,Album5393981,youtube,akbnkfqMSNc,1,8,3372.481,8,2026-10-05 11:13:00
Album539513,Album539513,itunes:us,1447749985,26,26,4874.307,,2026-10-05 06:47:33
Album5395137,Album5395137,itunes:us,888801614,11,11,2570.894,,2026-10-05 07:28:02
Album539515,Album539515,itunes:gb,1682514768,12,12,1994.799,,2026-10-05 03:21:48
Album539745,Album539745,deezer,315619,11,11,2698,,2026-10-04 00:25:45
Album53980,Album53980,deezer,321118867,9,9,2460,,2026-10-04 00:39:12
Album540634,Album540634,itunes:us,1220777588,15,15,9133.999,,2026-10-05 04:01:58
Album54072,Album54072,itunes:us,1005184882,6,6,2536.067,,2026-10-05 07:18:11
Album54170,Album54170,itunes:gb,1069370714,13,13,4581.799,,2026-10-05 04:45:39
Album54198,Album54198,itunes:es,713428255,10,10,2151.626,,2026-10-05 04:35:26
Album542126,Album542126,deezer,643057771,8,8,1902,,2026-10-04 03:29:31
Album54250,Album54250,itunes:nl,258042828,24,24,4180.6,,2026-10-05 04:31:06
Album542992,Album542992,itunes:us,1098881770,22,22,3546.227,,2026-10-05 08:16:53
Album5431401,Album5431401,itunes:us,905276496,13,13,4087.769,,2026-10-05 06:37:51
Album54335,Album54335,itunes:us,1045550946,8,8,2285.867,,2026-10-05 06:20:35
Album54380,Album54380,youtube,G0I42MkJ9tY,1,8,2358.161,8,2026-10-05 15:15:14
Album54394,Album54394,deezer,11666166,8,8,2514,,2026-10-04 00:03:31
Album5440141,Album5440141,itunes:jp,1810766395,1,1,145.15,,2026-10-05 06:31:52
Album5447983,Album5447983,youtube,EacPrAh3L8g,1,8,2245.421,7,2026-10-05 12:34:28
Album544822,Album544822,itunes:es,1445886273,2,2,2436.067,,2026-10-05 07:53:32
Album544822,Album544822,youtube,HOT0GdfMEeA,1,8,2437.921,8,2026-10-05 19:32:12
Album5450394,Album5450394,itunes:tr,1887707089,10,10,2069.667,,2026-10-05 05:05:23
Album5460261,Album5460261,itunes:us,949577965,4,4,2980.519,,2026-10-05 06:43:49
Album546323,Album546323,itunes:au,718995641,11,11,2758.773,,2026-10-05 05:22:16
Album54678,Album54678,itunes:us,1443997230,15,15,3383.813,,2026-10-05 07:02:49
Album54692,Album54692,itunes:se,589349858,9,9,2475.77,,2026-10-05 07:47:06
Album54693,Album54693,deezer,830959121,24,24,5481,,2026-10-03 22:43:59
Album547911,Album547911,itunes:us,307801946,30,30,16766.482,,2026-10-05 04:29:57
Album548086,Album548086,itunes:us,1536100914,11,11,2354.76,,2026-10-05 07:08:08
Album548277,Album548277,itunes:br,713319004,16,16,3160.359,,2026-10-05 03:15:10
Album548972,Album548972,youtube,nrOL3_5ZJlc,1,8,1410.321,5,2026-10-05 11:11:58
Album5490,Album5490,deezer,326566357,3,3,916,,2026-10-04 05:13:42
Album5493,Album5493,deezer,162147,11,11,2509,,2026-10-04 00:30:28
Album5495147,Album5495147,itunes:ca,1527046457,20,20,1555.991,,2026-10-05 07:24:07
Album5500753,Album5500753,itunes:us,1485059758,10,10,1144.027,,2026-10-05 07:04:26
Album55024,Album55024,youtube,C9nnITxkBJg,1,8,3213.041,8,2026-10-05 11:47:15
Album550432,Album550432,deezer,689003,14,14,2736,,2026-10-04 00:22:41
Album5507072,Album5507072,itunes:ca,1485060329,14,14,2223.555,,2026-10-05 03:41:16
Album55075,Album55075,itunes:us,589344184,12,12,2730.756,,2026-10-05 04:44:01
Album5518353,Album5518353,itunes:ca,1440951773,9,9,4491.026,,2026-10-05 05:07:43
Album5521688,Album5521688,itunes:us,885723019,16,16,4942.16,,2026-10-05 04:39:12
Album553008,Album553008,itunes:us,1282760724,10,10,4240.4,,2026-10-05 07:10:54
Album5532,Album5532,itunes:gb,62444522,110,110,17243.935,,2026-10-05 04:31:53
Album553644,Album553644,deezer,720137241,8,8,2582,,2026-10-04 00:46:04
Album553743,Album553743,itunes:us,1188901673,4,4,2163.574,,2026-10-05 07:51:18
Album55393,Album55393,deezer,112455,7,7,2393,,2026-10-04 00:19:38
Album5541,Album5541,itunes:us,1440917841,12,12,2534.293,,2026-10-05 07:22:17
Album554388,Album554388,itunes:gb,1452871555,23,23,13800.933,,2026-10-05 06:34:54
Album5546,Album5546,deezer,313602,9,9,2526,,2026-10-04 00:49:07
Album5550805,Album5550805,deezer,562847212,15,15,2262,,2026-10-03 23:49:58
Album555192,Album555192,itunes:pl,1056906855,13,13,3080.841,,2026-10-05 06:49:51
Album5552125,Album5552125,deezer,104440832,11,11,3615,,2026-10-03 23:38:02
Album555253,Album555253,youtube,HSrZxSw8Akw,1,8,3123.701,8,2026-10-05 09:16:39
Album555341,Album555341,itunes:mx,583656091,16,16,2130.013,,2026-10-05 07:51:32
Album55541,Album55541,youtube,itAS2ivYdsY,1,8,2554.941,8,2026-10-05 17:40:19
Album55542,Album55542,itunes:es,1443651789,4,4,2653.227,,2026-10-05 05:23:42
Album55554,Album55554,itunes:us,1443549423,10,10,3295.333,,2026-10-05 08:24:36
Album555786,Album555786,youtube,hLsp3LCR_UY,1,8,4231.121,8,2026-10-05 11:51:05
Album556,Album556,itunes:us,31740123,17,17,4662.722,,2026-10-05 08:12:24
Album55609,Album55609,deezer,13435595,10,10,3348,,2026-10-04 00:35:33
Album556323,Album556323,deezer,115470012,7,7,2286,,2026-10-04 01:07:16
Album556327,Album556327,deezer,286400942,8,8,2366,,2026-10-03 23:37:49
Album5566739,Album5566739,itunes:us,1444070512,18,18,4843.706,,2026-10-05 04:15:27
Album5567950,Album5567950,deezer,8449019,10,10,2446,,2026-10-03 23:19:45
Album556911,Album556911,deezer,166805,8,8,3290,,2026-10-03 23:23:06
Album556921,Album556921,itunes:us,271636948,19,19,5748.772,,2026-10-05 04:31:16
Album5569565,Album5569565,deezer,914972671,24,24,4716,,2026-10-03 23:00:41
Album557320,Album557320,youtube,otXh2LfpNio,1,8,1641.141,5,2026-10-05 09:50:28
Album55733,Album55733,deezer,8015718,19,19,3243,,2026-10-04 04:59:47
Album5575619,Album5575619,deezer,319205527,5,5,2736,,2026-10-04 01:03:07
Album557697,Album557697,deezer,317748,13,13,2379,,2026-10-03 23:15:57
Album558291,Album558291,itunes:us,445525147,33,33,5849.758,,2026-10-05 07:52:18
Album5583989,Album5583989,itunes:us,6781077443,41,41,8644.869,,2026-10-05 03:55:36
Album559027,Album559027,deezer,334218,6,6,2640,,2026-10-04 00:00:50
Album5599,Album5599,itunes:us,1435671653,10,10,3186.855,,2026-10-05 04:08:24
Album560273,Album560273,deezer,241093222,8,8,2456,,2026-10-04 00:10:09
Album560626,Album560626,itunes:us,167622312,10,10,3005.359,,2026-10-05 07:18:40
Album5606317,Album5606317,youtube,E5PXYehriYY,1,8,1716.681,6,2026-10-04 20:34:22
Album5611899,Album5611899,itunes:ca,955475421,42,42,4420.867,,2026-10-05 04:42:54
Album5613138,Album5613138,itunes:ca,1523586113,5,5,2341.146,,2026-10-05 06:20:30
Album561693,Album561693,deezer,799672041,20,20,3363,,2026-10-04 10:55:48
Album5619899,Album5619899,youtube,vmh0XyxyySc,1,8,4798.021,8,2026-10-05 16:45:50
Album56228,Album56228,deezer,126089,8,8,2657,,2026-10-04 01:09:37
Album562283,Album562283,itunes:se,715755085,8,8,3442.974,,2026-10-05 07:54:03
Album562392,Album562392,deezer,7113172,2,2,1760,,2026-10-04 03:24:07
Album5630126,Album5630126,deezer,12476134,8,8,2244,,2026-10-04 00:14:04
Album5631188,Album5631188,itunes:us,1609042844,14,14,2842.747,,2026-10-05 03:19:38
Album5631474,Album5631474,itunes:gb,1170506978,48,48,7864.17,,2026-10-05 03:36:04
Album56319,Album56319,itunes:us,1032377006,9,9,3193.681,,2026-10-05 08:00:46
Album564,Album564,deezer,302086,11,11,3538,,2026-10-03 23:46:38
Album56414,Album56414,itunes:ca,917083177,17,17,3266.348,,2026-10-05 07:13:33
Album56471,Album56471,deezer,7702245,7,7,2373,,2026-10-04 01:10:33
Album5654488,Album5654488,itunes:us,902811154,13,13,3767.081,,2026-10-05 07:56:07
Album565937,Album565937,deezer,885526452,12,12,2714,,2026-10-04 05:11:57
Album566467,Album566467,youtube,DVo7La06N1g,1,8,3726.301,8,2026-10-05 16:25:11
Album56648,Album56648,itunes:se,695829688,14,14,3504.293,,2026-10-05 06:48:47
Album5665810,Album5665810,youtube,TEbXULGEOAw,1,8,5615.041,8,2026-10-05 16:46:37
Album56702,Album56702,deezer,779036711,10,10,2205,,2026-10-04 00:20:59
Album5672169,Album5672169,deezer,8797919,19,19,2283,,2026-10-03 23:38:39
Album567364,Album567364,itunes:ae,81999036,7,7,3008.573,,2026-10-05 05:13:59
Album56866,Album56866,deezer,903306142,9,9,2271,,2026-10-04 00:28:34
Album5691,Album5691,itunes:ru,277027473,7,7,2348.626,,2026-10-05 03:33:09
Album569217,Album569217,youtube,NK0L_UkQvBM,1,8,2040.621,7,2026-10-05 15:19:13
Album5695,Album5695,deezer,435566577,9,9,2290,,2026-10-03 23:45:20
Album56970,Album56970,itunes:us,193659795,15,15,2303.454,,2026-10-05 06:49:56
Album56980,Album56980,itunes:au,1441428258,9,9,3220.907,,2026-10-05 04:34:28
Album569891,Album569891,youtube,m__0ypO6n2o,1,8,3570.581,8,2026-10-05 11:29:19
Album56998,Album56998,itunes:se,1448827746,5,5,2518.561,,2026-10-05 08:02:52
Album570141,Album570141,itunes:au,1442493527,13,13,2843.293,,2026-10-05 05:20:12
Album5716112,Album5716112,itunes:us,949456290,16,16,4086.786,,2026-10-05 05:04:28
Album571682,Album571682,itunes:ca,1498700467,12,12,2415.133,,2026-10-05 07:01:59
Album571881,Album571881,itunes:us,1612114421,7,7,10448.053,,2026-10-05 04:37:21
Album5718822,Album5718822,deezer,679016191,8,8,2449,,2026-10-04 04:13:57
Album572501,Album572501,itunes:us,1184712790,7,7,4061.294,,2026-10-05 05:17:50
Album572594,Album572594,deezer,423238,16,16,2542,,2026-10-04 10:55:07
Album5728005,Album5728005,deezer,278914342,3,3,3847,,2026-10-04 04:49:07
Album5728005,Album5728005,youtube,WjvcZTMgjos,1,8,3848.221,8,2026-10-05 19:35:27
Album5730237,Album5730237,itunes:ca,1441613841,12,12,3845.346,,2026-10-05 07:33:31
Album5732749,Album5732749,itunes:gb,895664857,37,37,3164.854,,2026-10-05 06:31:13
Album57328,Album57328,itunes:us,997480285,12,12,1847.989,,2026-10-05 06:27:55
Album573453,Album573453,itunes:us,168752745,3,3,3212.934,,2026-10-05 07:35:59
Album573453,Album573453,youtube,Nfg9WMicoNw,1,8,3213.081,8,2026-10-05 19:28:05
Album574058,Album574058,deezer,597372862,14,13,2373,,2026-10-03 23:56:30
Album5744,Album5744,deezer,15484154,7,7,2392,,2026-10-04 00:42:15
Album57455,Album57455,itunes:us,1615484229,7,7,3287.467,,2026-10-05 08:03:47
Album574770,Album574770,itunes:us,1128592892,3,3,3655.734,,2026-10-05 04:09:54
Album574770,Album574770,youtube,d5IzDuS__1g,1,8,3655.761,8,2026-10-05 13:17:22
Album574860,Album574860,youtube,d7b-cpSpS9A,1,8,7776.661,8,2026-10-04 20:49:21
Album5756437,Album5756437,deezer,8992065,6,6,2891,,2026-10-03 23:02:48
Album5756831,Album5756831,deezer,8664043,12,12,3871,,2026-10-03 23:09:54
Album5758085,Album5758085,deezer,8819477,10,10,3254,,2026-10-04 00:24:22
Album57591,Album57591,itunes:se,252943371,10,10,2242.795,,2026-10-05 08:04:26
Album575962,Album575962,itunes:us,548446315,9,9,2060.933,,2026-10-05 04:44:35
Album57599,Album57599,itunes:us,59389372,13,13,1668.72,,2026-10-05 07:35:19
Album5760593,Album5760593,deezer,122389032,17,17,4485,,2026-10-03 23:28:42
Album576479,Album576479,deezer,725826521,14,14,3072,,2026-10-04 03:13:33
Album57655,Album57655,itunes:se,1667309035,9,9,2312.334,,2026-10-05 08:22:16
Album576638,Album576638,deezer,735531751,10,10,3951,,2026-10-04 00:17:03
Album5767,Album5767,itunes:us,193536238,8,8,3111.787,,2026-10-05 06:48:15
Album5769,Album5769,deezer,96016,12,12,3256,,2026-10-04 00:06:56
Album5770,Album5770,itunes:pl,1563094404,24,24,8902.811,,2026-10-05 05:04:15
Album577268,Album577268,deezer,877848762,8,8,2269,,2026-10-04 05:16:11
Album577761,Album577761,itunes:tr,1446018876,10,10,3598.666,,2026-10-05 04:28:50
Album577763,Album577763,deezer,484104415,14,14,4073,,2026-10-03 22:27:02
Album577767,Album577767,youtube,3QEa2g-sa6I,1,8,2923.941,8,2026-10-04 20:34:46
Album579147,Album579147,deezer,741064401,10,10,2193,,2026-10-03 23:47:34
Album579151,Album579151,youtube,sNYA_ZT9BXo,1,8,2102.821,7,2026-10-05 11:39:57
Album579155,Album579155,youtube,X6heaN2-ONE,1,8,2456.401,8,2026-10-05 09:10:03
Album579162,Album579162,youtube,PJWqwHzEwuc,1,8,2116.741,7,2026-10-05 09:44:06
Album579175,Album579175,itunes:jp,495900774,17,17,4094.453,,2026-10-05 04:31:00
Album579635,Album579635,itunes:us,1199884366,12,12,3706.227,,2026-10-05 05:18:16
Album57976,Album57976,deezer,720625311,5,5,3985,,2026-10-04 03:50:56
Album5799536,Album5799536,deezer,81313912,23,23,4493,,2026-10-03 22:38:14
Album5799724,Album5799724,deezer,403476537,8,8,3589,,2026-10-03 23:13:35
Album5802790,Album5802790,deezer,8760671,12,12,2874,,2026-10-04 00:43:32
Album5803343,Album5803343,deezer,904948592,12,12,3114,,2026-10-04 02:54:01
Album580432,Album580432,itunes:se,1442228691,12,12,2214.911,,2026-10-05 07:21:35
Album5806415,Album5806415,deezer,221501692,10,10,2525,,2026-10-03 22:36:14
Album581092,Album581092,itunes:ru,1452674233,8,8,3100.562,,2026-10-05 04:42:46
Album5811213,Album5811213,youtube,vcyi_xFtgGQ,1,8,2854.421,8,2026-10-05 09:42:32
Album581259,Album581259,deezer,179822992,12,12,2320,,2026-10-03 23:39:30
Album581345,Album581345,itunes:ca,1085155745,2,2,4211.507,,2026-10-05 06:34:50
Album581345,Album581345,youtube,q5trNs7M3MU,1,8,4211.661,8,2026-10-05 19:09:30
Album58190,Album58190,itunes:ru,120992358,8,8,2104.214,,2026-10-05 07:59:01
Album5820674,Album5820674,itunes:us,916076704,17,17,4023.435,,2026-10-05 08:21:04
Album582497,Album582497,youtube,WfUTdRSY8nI,1,8,2760.641,8,2026-10-05 13:23:29
Album582722,Album582722,deezer,264625272,9,9,2695,,2026-10-04 00:45:08
Album583706,Album583706,itunes:ru,1476115355,7,7,2467.961,,2026-10-05 03:25:22
Album583843,Album583843,youtube,xW2hjRO_2DA,1,8,3547.103,8,2026-10-05 16:56:52
Album5841,Album5841,itunes:it,1187655211,17,17,3696.692,,2026-10-05 04:45:14
Album584531,Album584531,deezer,765832301,1,1,924,,2026-10-04 10:54:14
Album584531,Album584531,youtube,2wa7XCWX4Pk,1,8,2642.021,8,2026-10-05 19:16:54
Album5847401,Album5847401,deezer,73529342,10,10,2253,,2026-10-04 00:28:54
Album584935,Album584935,itunes:ca,1452343256,12,12,4751.096,,2026-10-05 04:46:38
Album586262,Album586262,itunes:us,1782235019,10,10,1271.157,,2026-10-05 07:23:46
Album586263,Album586263,deezer,271718692,11,11,1715,,2026-10-04 03:30:54
Album586278,Album586278,deezer,325823467,10,10,1781,,2026-10-04 03:06:06
Album586294,Album586294,deezer,287136922,9,9,2066,,2026-10-04 03:13:20
Album5863234,Album5863234,deezer,507712351,15,15,3417,,2026-10-04 03:07:12
Album5864,Album5864,itunes:us,271664884,15,15,4202.187,,2026-10-05 08:17:25
Album587175,Album587175,itunes:br,203008770,3,3,2514.734,,2026-10-05 03:33:43
Album587175,Album587175,youtube,Pp_rUA89oK4,1,8,2254.441,8,2026-10-05 13:21:07
Album5873234,Album5873234,deezer,278980372,6,6,2538,,2026-10-04 05:09:58
Album587834,Album587834,itunes:us,1882641553,10,10,3549.601,,2026-10-05 08:22:35
Album5882664,Album5882664,youtube,ctbqe9MKMww,1,8,2997.081,8,2026-10-05 09:52:03
Album588868,Album588868,youtube,yOmC7hl0w_g,1,8,3666.141,8,2026-10-05 11:52:18
Album58946,Album58946,deezer,1211181,10,10,2254,,2026-10-03 23:30:05
Album58962,Album58962,itunes:ru,880946368,14,14,7709.385,,2026-10-05 04:42:24
Album589622,Album589622,itunes:us,1532233828,4,4,2342.578,,2026-10-05 06:23:59
Album58964,Album58964,itunes:us,41948113,13,13,3191.201,,2026-10-05 08:13:52
Album58968,Album58968,itunes:us,637155239,13,13,12360.08,,2026-10-05 04:40:27
Album58971,Album58971,itunes:us,1179127769,9,9,7390.519,,2026-10-05 06:33:46
Album589883,Album589883,itunes:us,967636421,7,7,4420.921,,2026-10-05 04:04:15
Album590037,Album590037,itunes:se,1721615383,4,4,4761.92,,2026-10-05 05:03:02
Album5908487,Album5908487,deezer,778113121,2,2,2197,,2026-10-03 22:59:06
Album5910062,Album5910062,youtube,mfI7QNMlFTc,1,8,2549.441,8,2026-10-05 10:56:42
Album5912336,Album5912336,itunes:us,917011662,4,4,2641.035,,2026-10-05 08:05:17
Album5912785,Album5912785,itunes:us,927436612,7,7,2226.27,,2026-10-05 07:49:26
Album591309,Album591309,youtube,IzIrUszUEqs,1,8,4585.081,8,2026-10-05 13:24:41
Album59160,Album59160,itunes:mx,178764871,12,12,2352.826,,2026-10-05 04:44:25
Album5918,Album5918,deezer,1347639,5,5,2803,,2026-10-04 03:40:58
Album5922,Album5922,itunes:us,1694760566,9,9,3056.866,,2026-10-05 07:54:32
Album59252,Album59252,itunes:br,1397877201,14,14,3228.467,,2026-10-05 04:19:00
Album592521,Album592521,youtube,3ct08sRjDEo,1,8,17184.681,8,2026-10-04 20:55:29
Album59253,Album59253,itunes:br,1442228292,11,11,2479.534,,2026-10-05 04:15:46
Album592540,Album592540,youtube,pfz_kIU3KTE,1,8,3288.221,8,2026-10-04 20:59:36
Album59276,Album59276,deezer,215018392,15,15,1832,,2026-10-03 23:04:47
Album5933014,Album5933014,deezer,9602250,10,10,2795,,2026-10-04 00:18:32
Album5934,Album5934,itunes:gb,986723282,8,8,2771.398,,2026-10-05 04:45:00
Album59348,Album59348,itunes:us,358133823,10,10,3582.871,,2026-10-05 06:43:26
Album5940395,Album5940395,itunes:us,880831011,22,22,2644.201,,2026-10-05 04:38:57
Album5946,Album5946,deezer,138183842,6,6,2744,,2026-10-03 22:39:05
Album5952792,Album5952792,youtube,kaOPDWNRPT4,1,8,4411.701,8,2026-10-05 09:15:37
Album595936,Album595936,itunes:us,477140061,8,8,2914.412,,2026-10-05 05:17:41
Album5960255,Album5960255,itunes:lv,1847475897,6,6,28800,,2026-10-05 06:39:59
Album596071,Album596071,itunes:ru,346781531,32,32,5109.283,,2026-10-05 04:30:25
Album596278,Album596278,itunes:br,968876833,12,12,3623.558,,2026-10-05 05:02:04
Album5962844,Album5962844,itunes:us,931563362,11,11,2692.637,,2026-10-05 05:23:05
Album5963,Album5963,deezer,11674498,8,8,2182,,2026-10-04 00:08:25
Album59693,Album59693,youtube,WhTYsBT1WOU,1,8,3355.661,8,2026-10-04 20:40:49
Album597226,Album597226,deezer,50498482,29,29,3637,,2026-10-04 00:15:48
Album5976303,Album5976303,itunes:ru,949086179,5,5,3547.68,,2026-10-05 03:27:21
Album5985120,Album5985120,itunes:id,1756476759,14,14,3903.999,,2026-10-05 08:09:09
Album59873,Album59873,deezer,314292457,24,24,3670,,2026-10-03 23:44:40
Album5991,Album5991,itunes:ru,162452178,12,12,2219.267,,2026-10-05 08:08:14
Album599266,Album599266,itunes:jp,269066719,8,8,3467.199,,2026-10-05 06:41:56
Album59938,Album59938,deezer,52479822,14,14,4083,,2026-10-03 23:50:44
Album5998266,Album5998266,itunes:us,947843632,8,8,3959.397,,2026-10-05 06:19:05
Album5999268,Album5999268,itunes:ru,958697968,10,10,3862.165,,2026-10-05 06:52:09
Album60012,Album60012,itunes:us,715837875,5,5,2401.053,,2026-10-05 04:10:12
Album6003237,Album6003237,youtube,aceGd1oY-vQ,1,8,2317.061,8,2026-10-05 16:09:58
Album600655,Album600655,youtube,b1q45WMF0_k,1,8,1643.207,5,2026-10-05 12:20:57
Album601011,Album601011,itunes:ru,1066525974,10,10,2001.892,,2026-10-05 07:00:48
Album601157,Album601157,itunes:ar,299886637,11,11,4090.827,,2026-10-05 06:57:23
Album6014820,Album6014820,deezer,11222372,19,19,4154,,2026-10-04 00:39:08
Album6016546,Album6016546,deezer,804538061,17,17,5004,,2026-10-05 19:52:22
Album601717,Album601717,itunes:us,1452618050,4,4,2001.907,,2026-10-05 03:56:26
Album60199,Album60199,deezer,335280,8,8,2459,,2026-10-04 01:03:12
Album602872,Album602872,itunes:jp,1538790131,8,8,2317.067,,2026-10-05 07:10:50
Album60308,Album60308,deezer,7960556,8,8,2201,,2026-10-03 23:47:54
Album603223,Album603223,youtube,IRQnHTiUtsc,1,8,3347.841,8,2026-10-05 10:55:45
Album603338,Album603338,deezer,7064237,19,19,6315,,2026-10-03 22:28:37
Album603392,Album603392,itunes:es,968865695,9,9,4250.44,,2026-10-05 04:20:20
Album603401,Album603401,deezer,84853172,16,16,4773,,2026-10-03 22:54:30
Album603497,Album603497,deezer,216120,8,8,4560,,2026-10-04 00:11:51
Album60352,Album60352,deezer,14101142,12,12,1860,,2026-10-03 23:29:32
Album6035344,Album6035344,itunes:us,1454371875,16,16,2211.134,,2026-10-05 08:20:06
Album603703,Album603703,itunes:us,1220940455,6,6,2185.399,,2026-10-05 07:01:26
Album6040792,Album6040792,itunes:us,943961431,11,11,3304.4,,2026-10-05 08:03:24
Album6044,Album6044,itunes:gb,1442913747,5,5,4613.133,,2026-10-05 03:40:09
Album605764,Album605764,itunes:no,1444982629,14,14,3669.94,,2026-10-05 07:17:38
Album6058339,Album6058339,deezer,697676301,8,8,2574,,2026-10-04 02:45:52
Album606105,Album606105,deezer,177977632,8,8,2193,,2026-10-03 22:31:34
Album606106,Album606106,deezer,178057242,9,9,2347,,2026-10-04 00:30:20
Album606108,Album606108,deezer,178057222,8,8,2373,,2026-10-04 00:52:47
Album606115,Album606115,itunes:us,1535035229,9,9,3089.628,,2026-10-05 04:33:54
Album60627,Album60627,itunes:us,1549778988,10,10,2032.118,,2026-10-05 06:38:46
Album60628,Album60628,itunes:us,157314970,21,21,5819.588,,2026-10-05 04:59:29
Album606750,Album606750,itunes:us,1608391515,6,6,2197.439,,2026-10-05 07:03:58
Album60679,Album60679,itunes:us,1813299721,8,8,2340.694,,2026-10-05 04:11:46
Album606868,Album606868,youtube,S-W5wlk8QsI,1,8,1689.301,6,2026-10-05 10:00:36
Album606973,Album606973,itunes:us,1487570953,14,14,1834.573,,2026-10-05 07:57:29
Album6070602,Album6070602,youtube,dnk3VD3DjTY,1,8,2882.981,8,2026-10-05 10:52:22
Album60841,Album60841,itunes:br,1442703975,10,10,2029.001,,2026-10-05 07:11:46
Album60845,Album60845,deezer,227458,10,10,2436,,2026-10-04 04:23:37
Album608680,Album608680,itunes:ca,250675099,8,8,4648.894,,2026-10-05 06:51:02
Album60879,Album60879,deezer,360644,12,12,2647,,2026-10-03 22:53:45
Album60891,Album60891,deezer,1219310,10,10,2399,,2026-10-03 23:37:05
Album60911,Album60911,youtube,AQm5wxT7BGM,1,8,9257.061,8,2026-10-05 09:14:29
Album60949,Album60949,itunes:br,1443350176,9,9,2193.293,,2026-10-05 04:36:42
Album609810,Album609810,itunes:us,1460076082,12,12,2070.8,,2026-10-05 06:27:40
Album61014,Album61014,deezer,220244,15,15,3207,,2026-10-03 23:22:26
Album61016,Album61016,youtube,KrMuPhqRzZg,1,8,2649.801,8,2026-10-04 20:45:39
Album61020,Album61020,itunes:br,1443927045,10,10,1680.798,,2026-10-05 06:19:28
Album61021,Album61021,itunes:us,958052486,11,11,2248.56,,2026-10-05 06:28:52
Album6105,Album6105,deezer,1398617,10,10,2649,,2026-10-04 01:09:46
Album6105877,Album6105877,youtube,_FXQ68ZkWVw,1,8,2450.861,8,2026-10-05 17:45:24
Album6106,Album6106,deezer,1208804,11,11,2773,,2026-10-04 00:54:43
Album6106747,Album6106747,youtube,MGI8Ta6rZKo,1,8,4076.481,8,2026-10-05 09:19:03
Album610932,Album610932,deezer,1077407,10,10,2030,,2026-10-03 23:51:46
Album61102,Album61102,itunes:ca,260951502,7,7,2792.093,,2026-10-05 08:10:53
Album611333,Album611333,deezer,1485923,15,15,2755,,2026-10-03 23:13:31
Album61160,Album61160,itunes:br,379515256,12,12,2127.588,,2026-10-05 04:49:35
Album612092,Album612092,deezer,280635211,9,9,4671,,2026-10-03 22:39:59
Album612768,Album612768,deezer,151902222,19,19,4687,,2026-10-03 23:35:44
Album61306,Album61306,itunes:us,725829554,6,6,2048.04,,2026-10-05 06:47:28
Album61413,Album61413,itunes:hu,1444052768,5,5,2591.894,,2026-10-05 07:55:10
Album614430,Album614430,itunes:au,320707195,8,8,2545.861,,2026-10-05 07:08:03
Album6156,Album6156,itunes:us,826532086,10,10,7280.986,,2026-10-05 03:55:17
Album6157,Album6157,itunes:us,826498531,7,7,2118.038,,2026-10-05 04:08:58
Album6158,Album6158,itunes:us,826494813,4,4,2273.359,,2026-10-05 04:06:03
Album61600,Album61600,itunes:au,723778170,6,6,2469.693,,2026-10-05 05:01:00
Album616211,Album616211,deezer,53622972,14,14,3636,,2026-10-03 22:40:44
Album6164775,Album6164775,deezer,11043486,8,8,4043,,2026-10-03 22:56:33
Album6166698,Album6166698,deezer,10654648,16,16,5492,,2026-10-04 00:53:14
Album6175018,Album6175018,itunes:ca,960905026,12,12,3330.163,,2026-10-05 03:37:18
Album6176139,Album6176139,deezer,153288252,10,10,1806,,2026-10-04 10:51:46
Album617819,Album617819,youtube,Qg5NM1jLr5A,1,8,4478.601,8,2026-10-05 09:29:29
Album617877,Album617877,itunes:us,675477322,10,10,2220.04,,2026-10-05 07:42:56
Album617904,Album617904,itunes:ca,341532732,10,10,3457.527,,2026-10-05 07:16:15
Album617990,Album617990,itunes:ca,160202465,14,14,4135.961,,2026-10-05 04:54:33
Album617991,Album617991,deezer,76224592,14,14,4337,,2026-10-03 23:11:56
Album618004,Album618004,deezer,76224652,11,11,2983,,2026-10-04 00:04:26
Album618019,Album618019,deezer,146550352,12,12,2550,,2026-10-04 00:14:09
Album618245,Album618245,itunes:us,146679978,32,32,5610.279,,2026-10-05 07:11:19
Album6183612,Album6183612,itunes:us,1441803881,14,14,2991.465,,2026-10-05 06:23:43
Album618535,Album618535,youtube,c5EYvAurgJA,1,8,4120.341,8,2026-10-05 11:42:59
Album618776,Album618776,deezer,151829682,10,10,2892,,2026-10-04 03:01:42
Album6187986,Album6187986,deezer,11158438,16,16,5631,,2026-10-03 23:49:11
Album6193160,Album6193160,youtube,fVum31BtOvU,1,8,9767.521,8,2026-10-05 14:49:31
Album619391,Album619391,deezer,43864171,14,14,2496,,2026-10-04 01:01:24
Album6207,Album6207,youtube,IywRgtOl1cw,1,8,2057.221,7,2026-10-05 17:33:09
Album6208,Album6208,itunes:us,1443279357,9,9,2403.028,,2026-10-05 07:41:51
Album62146,Album62146,itunes:ca,1005661262,7,7,2484.56,,2026-10-05 07:26:56
Album6216,Album6216,itunes:us,1734818655,6,6,2565.96,,2026-10-05 03:57:46
Album621946,Album621946,itunes:us,1234411856,5,5,3013.915,,2026-10-05 06:30:28
Album62196,Album62196,itunes:us,1444087854,15,15,2441.828,,2026-10-05 06:24:41
Album6224599,Album6224599,itunes:ca,983278915,9,9,3244.787,,2026-10-05 07:13:38
Album622824,Album622824,itunes:us,1485045575,25,25,5176.761,,2026-10-05 07:34:02
Album6236268,Album6236268,youtube,rQL19t93MJU,1,8,1410.041,5,2026-10-05 11:57:09
Album6240,Album6240,deezer,181609642,9,9,2626,,2026-10-03 23:27:09
Album6240366,Album6240366,deezer,860318972,10,10,1898,,2026-10-04 00:27:14
Album6242,Album6242,deezer,181609542,6,6,2282,,2026-10-04 00:03:47
Album6243867,Album6243867,deezer,912727181,8,8,1327,,2026-10-04 03:25:13
Album62459,Album62459,itunes:us,1443496170,4,4,2599.372,,2026-10-05 07:55:19
Album62460,Album62460,itunes:es,1443636404,5,5,2574.413,,2026-10-05 08:04:16
Album62461,Album62461,itunes:us,1442965622,4,4,2449.733,,2026-10-05 08:24:46
Album624958,Album624958,itunes:us,1432983479,11,11,1558.8,,2026-10-05 06:40:47
Album6256982,Album6256982,deezer,862953172,14,14,3596,,2026-10-03 23:43:24
Album626268,Album626268,itunes:es,306448671,8,8,688.84,,2026-10-05 07:57:24
Album626398,Album626398,itunes:us,1189768781,11,11,3202.322,,2026-10-05 07:46:10
Album626409,Album626409,deezer,956559881,9,9,3885,,2026-10-04 00:54:35
Album6267128,Album6267128,deezer,14436668,8,8,3674,,2026-10-03 23:38:55
Album6273664,Album6273664,deezer,11674750,17,17,4386,,2026-10-03 23:22:45
Album6282799,Album6282799,deezer,42620741,9,9,1998,,2026-10-03 23:55:23
Album62840,Album62840,itunes:br,1442612292,12,12,1693.747,,2026-10-05 04:20:45
Album62897,Album62897,itunes:us,1438867305,23,23,3969.423,,2026-10-05 03:22:09
Album629288,Album629288,deezer,601405152,11,11,1915,,2026-10-04 00:40:56
Album62931,Album62931,itunes:us,1453066590,40,40,6355.695,,2026-10-05 04:19:36
Album6295187,Album6295187,itunes:us,1493926962,11,11,2355.3,,2026-10-05 06:20:02
Album62982,Album62982,itunes:se,1452138355,33,33,8097,,2026-10-05 04:33:07
Album63013,Album63013,deezer,6118318,4,4,2752,,2026-10-03 22:33:37
Album63022,Album63022,deezer,3193091,1,1,3133,,2026-10-04 00:32:11
Album63022,Album63022,youtube,bulibjyaQ0s,1,8,3222.372,8,2026-10-05 19:22:08
Album6302527,Album6302527,deezer,10027018,5,5,2732,,2026-10-04 01:02:45
Album6303083,Album6303083,deezer,713883071,11,11,3726,,2026-10-03 23:37:41
Album63031,Album63031,itunes:us,309656453,12,12,2085.721,,2026-10-05 04:57:20
Album63042,Album63042,deezer,50387932,7,7,3073,,2026-10-03 23:09:15
Album6308282,Album6308282,deezer,119077182,7,7,2294,,2026-10-04 00:30:52
Album6308297,Album6308297,youtube,FNqTWR6SOPk,1,8,2720.081,8,2026-10-05 17:08:58
Album6310517,Album6310517,youtube,BIcayvIMEho,1,8,3340.061,8,2026-10-05 08:54:27
Album631526,Album631526,itunes:ca,1712745437,8,8,2377.095,,2026-10-05 04:52:23
Album6323,Album6323,itunes:nz,1375494588,10,10,2429.599,,2026-10-05 03:37:11
Album63258,Album63258,deezer,636473,6,6,2657,,2026-10-04 00:54:51
Album63269,Album63269,deezer,245504,8,8,2146,,2026-10-04 04:11:40
Album6327,Album6327,deezer,841177262,10,10,2384,,2026-10-04 04:22:09
Album6331807,Album6331807,deezer,10484914,11,11,2564,,2026-10-04 00:38:29
Album6334297,Album6334297,itunes:us,536568102,10,10,3352.807,,2026-10-05 06:34:02
Album6335840,Album6335840,deezer,717205291,8,8,1967,,2026-10-03 23:38:51
Album6338764,Album6338764,itunes:hu,993896716,8,8,4469.089,,2026-10-05 07:30:45
Album633975,Album633975,deezer,331140817,11,11,2357,,2026-10-04 10:53:54
Album634014,Album634014,deezer,161323,12,12,3284,,2026-10-03 22:31:40
Album634373,Album634373,deezer,809175671,16,16,2374,,2026-10-03 23:16:54
Album634887,Album634887,itunes:us,213509293,11,11,2973.121,,2026-10-05 07:24:43
Album6351245,Album6351245,itunes:us,1443536027,8,8,1565.959,,2026-10-05 04:59:09
Album63549,Album63549,itunes:us,1443080638,10,10,4087.747,,2026-10-05 08:04:51
Album6356,Album6356,itunes:us,251637455,10,10,3452.533,,2026-10-05 07:21:54
Album6360990,Album6360990,itunes:ca,1290945629,18,18,3821.36,,2026-10-05 03:32:56
Album63627,Album63627,deezer,1004093,8,8,2137,,2026-10-04 01:07:08
Album63628,Album63628,itunes:gb,46610363,9,9,2450.226,,2026-10-05 05:18:42
Album6363797,Album6363797,deezer,10709540,13,13,3064,,2026-10-03 22:40:28
Album636623,Album636623,deezer,59825142,5,5,3342,,2026-10-03 22:24:59
Album63768,Album63768,itunes:ca,1234646422,4,4,2819.668,,2026-10-05 07:14:15
Album63769,Album63769,itunes:de,723626552,7,7,4671.893,,2026-10-05 03:36:10
Album6380121,Album6380121,deezer,10975314,12,12,2643,,2026-10-03 22:29:44
Album63902,Album63902,itunes:jp,1444020450,10,10,2997.495,,2026-10-05 07:36:55
Album63929,Album63929,deezer,6959861,10,10,3208,,2026-10-04 00:33:07
Album639351,Album639351,itunes:gb,1497367654,19,19,5261.748,,2026-10-05 05:01:24
Album6394417,Album6394417,deezer,135831422,8,8,1925,,2026-10-03 23:19:08
Album6395571,Album6395571,itunes:us,986866335,11,11,2615.266,,2026-10-05 07:16:45
Album640614,Album640614,youtube,yeQxp3kxXj8,1,8,4184.961,8,2026-10-04 20:53:41
Album640863,Album640863,itunes:ca,1833216361,8,8,4313.56,,2026-10-05 06:35:12
Album64147,Album64147,itunes:us,1162428310,7,7,3151.627,,2026-10-05 06:38:05
Album642374,Album642374,itunes:us,1751224940,14,14,2554.893,,2026-10-05 07:25:58
Album64285,Album64285,deezer,7432712,6,6,2312,,2026-10-04 00:52:07
Album64286,Album64286,deezer,7451003,7,7,2379,,2026-10-04 00:20:51
Album643324,Album643324,itunes:us,1474749603,10,10,3664.001,,2026-10-05 06:52:50
Album64354,Album64354,youtube,LqEouEEw6rU,1,8,2032.101,7,2026-10-05 17:19:24
Album643980,Album643980,deezer,331416,5,5,2487,,2026-10-03 22:49:53
Album6445432,Album6445432,itunes:ru,984732844,14,14,3556.882,,2026-10-05 03:18:11
Album64481,Album64481,itunes:us,1443119312,6,6,1933.053,,2026-10-05 07:12:14
Album64485,Album64485,deezer,73608902,7,7,2755,,2026-10-03 23:49:35
Album6449880,Album6449880,deezer,535677592,10,10,2921,,2026-10-03 23:04:02
Album64500,Album64500,deezer,933737241,6,6,2155,,2026-10-04 04:06:25
Album64511,Album64511,itunes:se,1424738333,12,12,1812.63,,2026-10-05 03:39:29
Album64532,Album64532,itunes:us,402160746,12,12,2520.026,,2026-10-05 07:28:07
Album64549,Album64549,itunes:se,626224229,11,11,2118.199,,2026-10-05 06:56:07
Album645507,Album645507,deezer,901490262,8,8,2567,,2026-10-03 23:29:41
Album645619,Album645619,deezer,1075019692,7,7,3304,,2026-10-04 03:50:51
Album645681,Album645681,itunes:us,1781403000,8,8,3723.628,,2026-10-05 03:29:21
Album645721,Album645721,deezer,321171807,10,10,3823,,2026-10-04 05:05:38
Album64577,Album64577,deezer,6967736,15,15,2697,,2026-10-05 19:53:18
Album645882,Album645882,deezer,430049007,12,12,4199,,2026-10-03 23:22:07
Album6459379,Album6459379,deezer,320941677,10,10,2492,,2026-10-04 00:26:27
Album646174,Album646174,itunes:se,1507452445,5,5,2186.88,,2026-10-05 06:34:26
Album64634,Album64634,itunes:ar,1452374284,2,2,1790.667,,2026-10-05 06:54:34
Album64634,Album64634,youtube,DWNJak9R52M,1,8,1774.001,6,2026-10-05 19:15:21
Album6467139,Album6467139,deezer,716200411,10,10,4911,,2026-10-03 23:54:16
Album64697,Album64697,itunes:us,1443228150,5,5,2747.761,,2026-10-05 05:15:23
Album6470579,Album6470579,deezer,725481001,11,11,2043,,2026-10-04 05:00:05
Album64716,Album64716,deezer,459338485,8,8,2964,,2026-10-04 04:36:59
Album6473814,Album6473814,deezer,71552502,12,12,3574,,2026-10-03 22:49:04
Album64768,Album64768,itunes:gb,1442278974,11,11,1654.347,,2026-10-05 04:03:32
Album64769,Album64769,itunes:ca,723889056,12,12,2001.4,,2026-10-05 04:37:44
Album64770,Album64770,itunes:se,1444039486,10,10,1857.348,,2026-10-05 04:58:38
Album64937,Album64937,itunes:us,890319579,29,29,6534.732,,2026-10-05 06:32:56
Album649496,Album649496,deezer,6709179,9,9,2420,,2026-10-03 23:43:48
Album6499514,Album6499514,deezer,10486146,12,12,2173,,2026-10-04 00:56:09
Album6499696,Album6499696,deezer,185280862,9,9,2685,,2026-10-03 22:52:10
Album6504051,Album6504051,youtube,zE3KXgZtXwg,1,8,6239.861,8,2026-10-05 12:13:11
Album651,Album651,itunes:ru,1231989623,11,11,2586.158,,2026-10-05 08:07:17
Album6512,Album6512,deezer,112916,6,6,2662,,2026-10-04 01:09:33
Album65123,Album65123,itunes:fr,1452566934,7,7,3174.333,,2026-10-05 04:23:31
Album651298,Album651298,itunes:cl,1707413053,12,12,2424.173,,2026-10-05 05:02:19
Album6512996,Album6512996,itunes:us,999197620,49,49,27977.49,,2026-10-05 04:18:26
Album6521,Album6521,deezer,887300492,11,11,3179,,2026-10-04 01:08:56
Album6525539,Album6525539,deezer,604022452,11,11,2420,,2026-10-04 04:10:56
Album65289,Album65289,deezer,900580302,11,11,4031,,2026-10-04 03:32:51
Album65304,Album65304,itunes:ca,160985303,11,11,3821.067,,2026-10-05 06:19:00
Album653094,Album653094,itunes:us,1795842395,14,14,3440.761,,2026-10-05 04:58:15
Album65332,Album65332,deezer,9688296,10,10,2701,,2026-10-03 22:59:25
Album653550,Album653550,itunes:se,1442241867,8,8,2287.64,,2026-10-05 06:39:08
Album653766,Album653766,itunes:se,696916117,8,8,4433.254,,2026-10-05 08:03:38
Album6539,Album6539,deezer,89800242,11,11,3122,,2026-10-04 01:09:08
Album6542513,Album6542513,youtube,tGeYmC9bK68,1,8,6512.181,8,2026-10-05 15:02:13
Album654448,Album654448,itunes:us,1452201450,12,12,2549.834,,2026-10-05 04:14:12
Album654474,Album654474,itunes:us,1513485499,31,31,13192.544,,2026-10-05 03:15:29
Album6544749,Album6544749,youtube,wn_oCJQTnyA,1,8,1475.861,5,2026-10-05 16:10:41
Album6545,Album6545,deezer,115631,11,11,2792,,2026-10-04 00:18:45
Album65469,Album65469,itunes:us,1443467986,11,11,1942.346,,2026-10-05 06:45:01
Album65486,Album65486,itunes:ca,723475087,6,6,2383.734,,2026-10-05 05:17:08
Album6549661,Album6549661,deezer,868941772,12,12,3599,,2026-10-04 04:08:55
Album65498,Album65498,deezer,326774,7,7,2139,,2026-10-03 22:54:34
Album6552,Album6552,itunes:pl,1443792207,12,12,2266.201,,2026-10-05 07:00:58
Album65525,Album65525,itunes:us,1144927226,16,16,4504.934,,2026-10-05 08:11:02
Album6552531,Album6552531,youtube,2dbJbOsPorM,1,8,1897.681,6,2026-10-05 11:14:33
Album65570,Album65570,itunes:us,1452293164,24,24,8121.409,,2026-10-05 05:04:05
Album6560292,Album6560292,youtube,0IF1vk0hpbQ,1,8,1892.321,6,2026-10-05 11:03:23
Album65626,Album65626,itunes:mx,1255245478,8,8,2473.719,,2026-10-05 03:40:50
Album6564824,Album6564824,itunes:gb,992300012,14,14,2474.201,,2026-10-05 07:43:59
Album6567094,Album6567094,deezer,977596311,39,39,7428,,2026-10-03 22:34:29
Album6567114,Album6567114,itunes:us,1701408303,6,6,2605.357,,2026-10-05 04:19:46
Album6567124,Album6567124,deezer,977593591,10,10,2212,,2026-10-03 23:50:10
Album657369,Album657369,itunes:us,1527808968,15,15,3207.071,,2026-10-05 08:03:43
Album657405,Album657405,itunes:ca,1452571880,21,21,3145.531,,2026-10-05 06:30:38
Album6579129,Album6579129,itunes:us,1698381946,35,35,4618.847,,2026-10-05 03:58:52
Album658267,Album658267,deezer,940424,12,12,2893,,2026-10-03 22:49:46
Album6583,Album6583,deezer,249353,13,13,3232,,2026-10-03 23:56:59
Album6584,Album6584,itunes:ru,1440823811,11,11,2743.513,,2026-10-05 07:58:41
Album6585,Album6585,deezer,247657,13,13,3394,,2026-10-04 00:35:17
Album658593,Album658593,itunes:us,1549062491,19,19,3270.041,,2026-10-05 06:53:15
Album65867,Album65867,itunes:us,1251037504,10,10,2556.466,,2026-10-05 03:31:49
Album6592383,Album6592383,itunes:ca,1536936525,9,9,2219.46,,2026-10-05 08:14:47
Album6594730,Album6594730,youtube,zUcz3jZSA-c,1,8,9039.201,8,2026-10-05 10:43:11
Album6595712,Album6595712,deezer,62271012,5,5,1335,,2026-10-03 23:24:24
Album6596949,Album6596949,itunes:us,1495669962,8,8,2633.92,,2026-10-05 08:00:19
Album65986,Album65986,itunes:br,1068654295,11,11,3379.247,,2026-10-05 07:14:38
Album65990,Album65990,itunes:au,1458512436,22,22,4606.503,,2026-10-05 04:28:31
Album660477,Album660477,itunes:us,1674482553,11,11,2487.519,,2026-10-05 08:00:09
Album6605910,Album6605910,deezer,10827602,18,18,3641,,2026-10-03 23:57:51
Album660848,Album660848,deezer,7095138,8,8,2866,,2026-10-04 00:33:18
Album66125,Album66125,itunes:es,1452332183,7,7,5510.016,,2026-10-05 04:14:35
Album661383,Album661383,youtube,y8jw-BtNWbU,1,8,2857.061,8,2026-10-05 09:00:49
Album6614892,Album6614892,youtube,K7v_clIFE60,1,8,2341.861,8,2026-10-05 11:52:48
Album661663,Album661663,deezer,107083,8,8,2242,,2026-10-03 23:11:48
Album661719,Album661719,itunes:ca,787464199,16,16,3248.172,,2026-10-05 07:16:40
Album66210,Album66210,youtube,KQ8mRPIC8Y4,1,8,3004.081,8,2026-10-05 09:01:47
Album662354,Album662354,itunes:au,1617960459,11,11,2392.256,,2026-10-05 06:47:42
Album662386,Album662386,itunes:nl,257133770,15,15,2865.227,,2026-10-05 07:24:23
Album6623881,Album6623881,youtube,Pu7bNgu0kuo,1,8,2489.161,8,2026-10-04 20:47:40
Album662418,Album662418,deezer,36963671,10,10,2539,,2026-10-04 00:18:36
Album662513,Album662513,itunes:us,1240904821,10,10,2463.253,,2026-10-05 05:12:25
Album6626201,Album6626201,deezer,123047532,8,8,2068,,2026-10-03 23:48:33
Album6628851,Album6628851,deezer,833289491,8,8,2694,,2026-10-03 23:08:25
Album663047,Album663047,itunes:ca,977473087,7,7,3069.067,,2026-10-05 07:04:03
Album6631440,Album6631440,itunes:ru,1800070666,1,1,566.805,,2026-10-05 07:27:06
Album6636143,Album6636143,itunes:us,1184718236,10,10,4053,,2026-10-05 05:19:57
Album6637,Album6637,itunes:us,115531746,7,7,2551.653,,2026-10-05 03:36:32
Album6644905,Album6644905,deezer,43866551,5,5,2795,,2026-10-04 00:42:43
Album6647569,Album6647569,deezer,467869945,12,12,2589,,2026-10-04 00:04:00
Album6647965,Album6647965,itunes:us,1038434169,9,9,3071.009,,2026-10-05 06:47:24
Album6649377,Album6649377,deezer,89248702,10,10,2301,,2026-10-03 23:10:02
Album66541,Album66541,itunes:ru,53262401,9,9,2803.733,,2026-10-05 07:34:58
Album66542,Album66542,deezer,320972327,11,11,2926,,2026-10-03 23:58:18
Album66579,Album66579,itunes:us,1710180,12,12,2586.132,,2026-10-05 03:21:23
Album66584,Album66584,deezer,524285,9,9,2080,,2026-10-03 23:42:33
Album6659593,Album6659593,itunes:ca,958190834,16,16,3232.332,,2026-10-05 03:22:28
Album66697,Album66697,itunes:us,291847073,14,14,3396.467,,2026-10-05 05:08:39
Album6670282,Album6670282,deezer,59826102,11,11,3112,,2026-10-03 22:32:19
Album66721,Album66721,deezer,319438,14,14,4200,,2026-10-04 01:06:43
Album6676856,Album6676856,itunes:us,1024622564,13,13,2231.309,,2026-10-05 07:12:33
Album6678672,Album6678672,deezer,11015356,7,7,3594,,2026-10-04 00:05:03
Album66804,Album66804,itunes:ca,1439420808,2,2,1950.485,,2026-10-05 07:30:26
Album66804,Album66804,youtube,F4XHmWYgjTI,1,8,1973.301,7,2026-10-05 19:23:54
Album66805,Album66805,itunes:gb,1593466487,5,5,14643.52,,2026-10-05 06:24:17
Album668214,Album668214,itunes:us,1486665853,28,28,5916.887,,2026-10-05 05:08:49
Album668217,Album668217,deezer,387296117,12,11,2558,,2026-10-04 04:04:23
Album6685305,Album6685305,deezer,39856961,12,12,2026,,2026-10-04 00:06:35
Album6689421,Album6689421,itunes:ca,1045922579,21,21,9229.36,,2026-10-05 07:31:51
Album669174,Album669174,youtube,1ZvWOxR48Fw,1,8,2786.681,8,2026-10-04 20:36:15
Album66944,Album66944,itunes:us,1156375925,16,16,3435.299,,2026-10-05 06:21:08
Album669557,Album669557,youtube,Vw0NHy451x4,1,8,4304.061,8,2026-10-05 13:14:39
Album669598,Album669598,deezer,381867967,32,32,6418,,2026-10-04 03:11:42
Album6699400,Album6699400,deezer,119085372,9,9,2810,,2026-10-04 01:00:57
Album670027,Album670027,itunes:us,1487008069,12,12,1779.03,,2026-10-05 05:04:33
Album6710367,Album6710367,deezer,11070042,11,11,2380,,2026-10-04 00:31:00
Album671307,Album671307,itunes:us,1442656840,8,8,2586.373,,2026-10-05 08:13:20
Album6715368,Album6715368,itunes:us,1578465496,10,10,2321.611,,2026-10-05 04:36:47
Album6716848,Album6716848,itunes:us,1694995547,10,10,1963.708,,2026-10-05 07:05:37
Album67170,Album67170,itunes:se,1711087922,5,5,2628.4,,2026-10-05 05:17:23
Album6719,Album6719,itunes:us,1443482125,14,14,2770.788,,2026-10-05 04:10:41
Album67194,Album67194,deezer,880470512,10,10,2578,,2026-10-03 23:23:47
Album67195,Album67195,deezer,880381482,8,8,2808,,2026-10-03 23:41:12
Album67197,Album67197,deezer,81705742,15,15,4361,,2026-10-03 23:08:42
Album67198,Album67198,deezer,874843422,7,7,2482,,2026-10-03 23:10:47
Album6720110,Album6720110,deezer,605977972,13,13,3225,,2026-10-03 23:41:08
Album6729345,Album6729345,itunes:be,1238416122,10,10,4779.121,,2026-10-05 08:11:33
Album6731870,Album6731870,itunes:us,1042748409,2,2,2571.468,,2026-10-05 07:31:26
Album6731870,Album6731870,youtube,llz-ngM9EDU,1,8,2571.481,8,2026-10-05 19:25:24
Album6734614,Album6734614,itunes:ca,1507006076,6,6,2540.168,,2026-10-05 07:11:51
Album67351,Album67351,itunes:us,1442907937,12,12,1936.123,,2026-10-05 07:07:11
Album673573,Album673573,deezer,6863397,19,19,3590,,2026-10-04 10:52:27
Album6740239,Album6740239,deezer,650928491,8,8,2777,,2026-10-04 04:52:11
Album6749962,Album6749962,youtube,jKc9ds3N6g0,1,8,7779.821,8,2026-10-05 11:04:09
Album67526,Album67526,itunes:ca,1443296327,9,9,1744.534,,2026-10-05 06:39:45
Album67527,Album67527,itunes:ca,1005890664,10,10,1744.547,,2026-10-05 07:49:05
Album67529,Album67529,itunes:us,298438214,42,42,7657.654,,2026-10-05 06:25:53
Album6756213,Album6756213,itunes:us,1039754464,9,9,1946.263,,2026-10-05 07:27:24
Album6756333,Album6756333,deezer,43221991,34,34,4427,,2026-10-04 00:06:49
Album676048,Album676048,itunes:us,458363095,13,13,2663.759,,2026-10-05 05:21:16
Album6767613,Album6767613,deezer,49333512,101,101,7791,,2026-10-03 22:27:07
Album6778268,Album6778268,itunes:us,1779145556,9,9,2286.715,,2026-10-05 04:51:10
Album67835,Album67835,deezer,663025171,10,10,3186,,2026-10-03 23:59:53
Album6784654,Album6784654,deezer,893213722,14,14,3087,,2026-10-04 00:13:33
Album6797415,Album6797415,deezer,177978022,7,7,2423,,2026-10-03 23:53:45
Album680278,Album680278,deezer,1029825,10,10,2056,,2026-10-03 23:46:54
Album68049,Album68049,youtube,qsuhCkuMQeg,1,8,3510.801,8,2026-10-05 12:15:55
Album6810560,Album6810560,itunes:us,1511677148,4,4,1910.841,,2026-10-05 08:05:42
Album6810892,Album6810892,deezer,135245182,13,13,641,,2026-10-04 00:13:52
Album681138,Album681138,deezer,6263270,5,5,3439,,2026-10-03 23:18:48
Album681315,Album681315,deezer,280362392,8,8,1831,,2026-10-03 23:15:08
Album6817,Album6817,itunes:mt,695743985,10,10,2313.492,,2026-10-05 07:48:12
Album68172,Album68172,itunes:us,1442957819,10,10,3742.04,,2026-10-05 03:58:19
Album68182,Album68182,itunes:ca,1555715521,13,13,3520.188,,2026-10-05 05:00:10
Album6819437,Album6819437,youtube,bfuNpWKTV7I,1,8,1876.401,6,2026-10-05 09:22:27
Album6823118,Album6823118,deezer,1007322181,19,19,4401,,2026-10-03 22:38:09
Album6826370,Album6826370,itunes:ru,1063967133,9,9,3857.853,,2026-10-05 06:24:22
Album6827041,Album6827041,deezer,314165217,7,7,1994,,2026-10-03 22:54:43
Album68274,Album68274,itunes:hu,1616818131,11,11,2738.411,,2026-10-05 07:38:20
Album6830541,Album6830541,youtube,06vpMfJJu_M,1,8,2694.801,8,2026-10-05 11:50:00
Album683138,Album683138,deezer,94352062,9,9,3295,,2026-10-04 04:27:57
Album68343,Album68343,deezer,302082087,10,10,2323,,2026-10-04 03:11:17
Album683582,Album683582,deezer,542191722,13,13,2113,,2026-10-04 10:52:57
Album68383,Album68383,youtube,0IXqRUWO4jk,1,8,2461.201,8,2026-10-05 15:21:56
Album6841529,Album6841529,deezer,14880621,14,14,2977,,2026-10-03 23:28:17
Album6842245,Album6842245,deezer,11567620,21,21,7436,,2026-10-04 01:05:14
Album6846105,Album6846105,deezer,11645930,52,52,14187,,2026-10-03 23:08:21
Album6849324,Album6849324,itunes:us,1726658692,13,13,4726.976,,2026-10-05 04:30:49
Album685092,Album685092,deezer,393373947,10,10,2004,,2026-10-03 23:59:01
Album685417,Album685417,itunes:us,371412986,1,1,1230.449,,2026-10-05 07:46:58
Album685417,Album685417,youtube,R6rDiyoaRBI,1,8,1230.521,4,2026-10-05 19:30:48
Album68543,Album68543,itunes:us,303879450,10,10,2383.174,,2026-10-05 04:11:05
Album6857874,Album6857874,youtube,4Tlexj4C_m8,1,8,3774.801,8,2026-10-05 16:40:36
Album68623,Album68623,itunes:us,1469580881,31,31,5472.252,,2026-10-05 04:02:18
Album68628,Album68628,itunes:se,1469581412,13,13,2558.676,,2026-10-05 08:07:08
Album68630,Album68630,itunes:se,1434900018,17,17,3569.203,,2026-10-05 04:53:52
Album686421,Album686421,itunes:us,1572105940,15,15,3294.04,,2026-10-05 07:57:19
Album6866,Album6866,deezer,93733532,11,11,2664,,2026-10-04 00:17:28
Album686686,Album686686,youtube,n2E7EtHMe_c,1,8,2630.081,8,2026-10-05 10:31:06
Album68702,Album68702,itunes:se,1444112538,9,9,2501.001,,2026-10-05 08:13:57
Album687758,Album687758,youtube,W5DQ-YYAV3E,1,8,3575.561,8,2026-10-05 17:30:19
Album6883,Album6883,itunes:gb,1443422478,15,15,4448.265,,2026-10-05 04:03:23
Album688501,Album688501,itunes:de,303911278,10,10,1972.708,,2026-10-05 08:15:43
Album6890617,Album6890617,deezer,12119626,2,2,5368,,2026-10-04 00:00:47
Album6890617,Album6890617,youtube,Bpm9_ePCwUs,1,8,5368.061,8,2026-10-05 19:11:36
Album6893,Album6893,itunes:us,1416153023,19,19,4195.892,,2026-10-05 05:12:35
Album6898992,Album6898992,itunes:us,988815514,6,6,1556.034,,2026-10-05 03:27:27
Album690451,Album690451,deezer,522927412,10,10,2592,,2026-10-03 23:56:35
Album690505,Album690505,itunes:pl,1520493151,10,10,3649.839,,2026-10-05 06:42:58
Album690617,Album690617,itunes:ca,696673283,18,18,5619.906,,2026-10-05 03:15:49
Album690952,Album690952,deezer,977031751,12,12,2562,,2026-10-04 10:55:59
Album690976,Album690976,itunes:us,137294342,3,3,2720.266,,2026-10-05 04:02:22
Album690976,Album690976,youtube,Zf8ir_gvbwA,1,8,2721.181,8,2026-10-05 19:43:22
Album6911555,Album6911555,deezer,714387861,13,13,3833,,2026-10-04 04:50:52
Album691682,Album691682,deezer,466665725,11,11,3905,,2026-10-03 23:52:04
Album69190,Album69190,itunes:us,1444115403,12,12,2346.546,,2026-10-05 07:17:24
Album69201,Album69201,deezer,511257691,15,15,3425,,2026-10-04 00:19:02
Album692074,Album692074,deezer,227746202,13,13,2637,,2026-10-04 00:16:31
Album692173,Album692173,deezer,886876762,11,11,3344,,2026-10-03 23:10:35
Album692213,Album692213,deezer,76452972,5,5,2606,,2026-10-03 22:43:34
Album692586,Album692586,deezer,45894572,9,9,2433,,2026-10-04 00:22:32
Album693595,Album693595,deezer,49512782,10,10,2195,,2026-10-04 04:08:30
Album6936853,Album6936853,youtube,VTcw6qP6MYc,1,8,1883.821,6,2026-10-05 12:00:31
Album69432,Album69432,deezer,242793032,20,20,3041,,2026-10-04 04:53:13
Album69442,Album69442,itunes:us,648699475,12,12,2596.296,,2026-10-05 08:26:24
Album694549,Album694549,itunes:us,1446234662,9,9,3413.439,,2026-10-05 08:19:06
Album69460,Album69460,itunes:ca,333448795,11,11,3990.706,,2026-10-05 07:55:57
Album694687,Album694687,deezer,382770,7,6,2824,,2026-10-04 01:10:05
Album694705,Album694705,youtube,4vGnLx7f0aY,1,8,3632.521,8,2026-10-05 11:06:41
Album694802,Album694802,deezer,786581501,25,25,9254,,2026-10-03 22:26:43
Album69490,Album69490,itunes:us,1440799812,13,13,5181.092,,2026-10-05 04:20:59
Album69504,Album69504,itunes:se,1623941021,7,7,2562.441,,2026-10-05 07:45:38
Album69505,Album69505,itunes:gb,1442785237,8,8,2291.001,,2026-10-05 07:16:05
Album69528,Album69528,itunes:us,984516888,11,11,3642.253,,2026-10-05 04:00:53
Album69530,Album69530,itunes:es,79330374,6,6,2178.639,,2026-10-05 08:29:32
Album695564,Album695564,youtube,LDZbVpSJdzc,1,8,2685.241,8,2026-10-04 20:59:54
Album69566,Album69566,itunes:us,1822540865,7,7,2292.589,,2026-10-05 05:15:51
Album69568,Album69568,deezer,218758632,2,2,1793,,2026-10-04 01:03:16
Album69568,Album69568,youtube,t_AHMaUTwxU,1,8,1794.321,6,2026-10-05 19:39:08
Album695930,Album695930,itunes:mx,212057089,14,14,4347.334,,2026-10-05 05:04:10
Album696259,Album696259,deezer,493899361,26,26,3542,,2026-10-03 23:18:33
Album6964012,Album6964012,itunes:us,1457025595,10,10,1308.43,,2026-10-05 06:55:05
Album6967036,Album6967036,itunes:ru,1152475900,8,8,2476.946,,2026-10-05 04:40:08
Album6968965,Album6968965,itunes:ca,1452563396,9,9,3162.34,,2026-10-05 03:15:23
Album696963,Album696963,itunes:ca,152197399,13,13,2830.772,,2026-10-05 07:11:04
Album697152,Album697152,deezer,402579,26,26,3624,,2026-10-04 00:04:23
Album697211,Album697211,itunes:us,1599613420,9,9,2274.534,,2026-10-05 08:13:29
Album697789,Album697789,deezer,10945496,14,14,2381,,2026-10-03 23:20:19
Album698040,Album698040,youtube,gyduNsThvhE,1,8,2585.381,8,2026-10-05 16:00:16
Album698368,Album698368,itunes:co,692218303,13,13,3981.84,,2026-10-05 04:44:50
Album6987763,Album6987763,itunes:ru,1081530463,5,5,4026.334,,2026-10-05 07:02:25
Album69892,Album69892,deezer,1056720,16,16,4330,,2026-10-04 00:25:00
Album699807,Album699807,youtube,HKcrmxA-7JI,1,8,3625.081,8,2026-10-05 09:03:54
Album70031,Album70031,deezer,41037,8,8,2385,,2026-10-03 23:47:41
Album70033,Album70033,deezer,41038,8,8,2066,,2026-10-03 23:16:50
Album700477,Album700477,youtube,eKGdzo0ZpOg,1,8,3128.161,8,2026-10-05 12:11:07
Album70053,Album70053,deezer,6232177,8,8,2402,,2026-10-04 00:25:54
Album700641,Album700641,itunes:gb,1245926006,23,23,5390.732,,2026-10-05 08:03:34
Album700646,Album700646,deezer,803822581,12,12,2210,,2026-10-04 03:17:50
Album7013393,Album7013393,youtube,GENZTmioPyU,1,8,7949.861,8,2026-10-04 20:50:34
Album70181,Album70181,deezer,369514837,11,11,2097,,2026-10-03 22:28:55
Album7020629,Album7020629,deezer,713665161,16,16,3101,,2026-10-03 23:54:01
Album70211,Album70211,itunes:us,724094540,8,8,4693.027,,2026-10-05 07:03:07
Album702495,Album702495,itunes:us,518340531,4,4,3283.16,,2026-10-05 04:57:51
Album70262,Album70262,itunes:us,1554111548,15,15,3725,,2026-10-05 04:02:07
Album70299,Album70299,itunes:us,551339941,5,5,2379.84,,2026-10-05 03:24:25
Album703081,Album703081,itunes:us,203881070,6,6,2517.814,,2026-10-05 04:15:18
Album704,Album704,itunes:us,723783174,10,10,2521.64,,2026-10-05 03:56:13
Album70432,Album70432,youtube,tYTiB-NGISU,1,8,4811.261,8,2026-10-04 20:55:48
Album70438,Album70438,itunes:ru,1045225812,14,14,3597.321,,2026-10-05 07:51:46
Album70455,Album70455,deezer,330056727,10,10,2770,,2026-10-03 22:44:28
Album70457,Album70457,deezer,359304477,10,10,1985,,2026-10-04 00:31:33
Album705,Album705,itunes:us,724602951,10,10,2896.533,,2026-10-05 03:58:24
Album7053784,Album7053784,deezer,69780062,5,5,1876,,2026-10-03 23:15:13
Album705397,Album705397,deezer,4118601,10,10,2573,,2026-10-03 22:58:15
Album705511,Album705511,itunes:fr,1655252937,6,6,3351.161,,2026-10-05 04:27:42
Album70589,Album70589,itunes:ca,135664055,10,10,2323.067,,2026-10-05 07:48:02
Album70590,Album70590,deezer,3141731,8,8,2385,,2026-10-04 00:00:16
Album70608,Album70608,deezer,258661512,5,5,4301,,2026-10-04 01:02:12
Album706279,Album706279,itunes:se,274381151,10,10,2822.47,,2026-10-05 07:53:59
Album706403,Album706403,youtube,Soh_drxC7iw,1,8,1968.301,7,2026-10-05 16:44:13
Album70652,Album70652,itunes:us,955676182,15,15,4099.177,,2026-10-05 04:30:20
Album707108,Album707108,deezer,560702732,36,36,5041,,2026-10-03 22:39:50
Album70718,Album70718,itunes:us,1819663100,14,14,3344.681,,2026-10-05 06:21:31
Album707575,Album707575,deezer,513981032,11,11,2338,,2026-10-04 00:31:51
Album7077,Album7077,deezer,8425606,10,10,2381,,2026-10-04 00:50:33
Album707864,Album707864,itunes:us,1440838184,12,12,2885.521,,2026-10-05 04:40:22
Album70796,Album70796,itunes:pl,307798686,14,14,7509.227,,2026-10-05 06:24:32
Album70802,Album70802,itunes:pl,307802500,26,26,13724.322,,2026-10-05 05:21:34
Album70803,Album70803,itunes:us,307801530,24,24,10624.388,,2026-10-05 04:19:16
Album708491,Album708491,itunes:us,1667021975,15,15,3488.522,,2026-10-05 05:11:34
Album7090,Album7090,deezer,9924730,12,12,2899,,2026-10-04 04:53:03
Album70922,Album70922,deezer,14101604,12,12,1874,,2026-10-04 04:41:11
Album7092365,Album7092365,deezer,304589297,13,13,2502,,2026-10-04 01:06:46
Album710258,Album710258,deezer,591784062,9,9,1398,,2026-10-03 23:57:47
Album71062,Album71062,deezer,508745161,12,12,3666,,2026-10-03 23:03:23
Album710972,Album710972,deezer,676002651,9,9,2360,,2026-10-04 01:10:17
Album7114,Album7114,itunes:us,412453578,11,11,3537.494,,2026-10-05 06:26:02
Album712484,Album712484,youtube,P0u1GziaIlw,1,8,2767.881,8,2026-10-05 10:44:11
Album71292,Album71292,itunes:us,307913269,12,12,2521.253,,2026-10-05 08:22:39
Album712922,Album712922,itunes:us,436349183,9,9,2091.999,,2026-10-05 04:49:40
Album712928,Album712928,itunes:us,436323548,8,8,1983.192,,2026-10-05 05:13:52
Album713,Album713,deezer,116828852,22,22,4782,,2026-10-04 00:25:49
Album7135,Album7135,deezer,1002334951,9,9,3083,,2026-10-04 00:01:12
Album71407,Album71407,itunes:jp,1402139880,10,10,2432.788,,2026-10-05 04:12:51
Album7142431,Album7142431,youtube,_sIWGfMI0G4,1,8,4935.541,8,2026-10-05 17:11:26
Album714245,Album714245,deezer,465835265,6,6,2251,,2026-10-04 03:11:46
Album71455,Album71455,deezer,80267,15,15,4010,,2026-10-04 00:48:21
Album7148370,Album7148370,youtube,LMJrMRxSfNs,1,8,2340.681,8,2026-10-05 11:44:41
Album71488,Album71488,itunes:se,1580171854,9,9,2526.979,,2026-10-05 08:02:37
Album7158561,Album7158561,deezer,929146081,10,10,1837,,2026-10-04 00:09:06
Album715995,Album715995,deezer,918519231,7,7,3492,,2026-10-03 22:32:38
Album716,Album716,deezer,905273412,24,24,8407,,2026-10-03 22:50:29
Album7160,Album7160,deezer,3396791,10,10,3387,,2026-10-04 00:57:55
Album716758,Album716758,youtube,EMaidh-ltJU,1,8,2044.541,7,2026-10-05 11:05:12
Album717073,Album717073,itunes:us,331644655,10,10,2022.64,,2026-10-05 06:23:14
Album71716,Album71716,itunes:us,1805050391,6,6,2147.52,,2026-10-05 04:47:59
Album7172,Album7172,itunes:gb,1492375094,10,10,2563.438,,2026-10-05 04:21:53
Album7173509,Album7173509,deezer,13947868,12,12,3812,,2026-10-03 23:27:34
Album7176,Album7176,itunes:us,1440928474,9,9,2575.147,,2026-10-05 03:57:51
Album717903,Album717903,itunes:us,583574507,10,10,2564.134,,2026-10-05 08:14:23
Album718111,Album718111,itunes:us,675468406,10,10,2418,,2026-10-05 05:21:43
Album7183452,Album7183452,youtube,lLOUnNJgemY,1,8,1890.941,6,2026-10-05 08:59:08
Album718991,Album718991,youtube,iQGsb9RsAmY,1,8,1981.301,7,2026-10-05 16:35:06
Album719103,Album719103,itunes:us,1611230824,8,8,2120.041,,2026-10-05 04:43:12
Album71922,Album71922,itunes:pl,1564711488,8,8,3267.892,,2026-10-05 08:05:37
Album71924,Album71924,itunes:se,1620469759,5,5,2775.027,,2026-10-05 07:00:21
Album719388,Album719388,deezer,516057792,11,11,2022,,2026-10-04 00:55:14
Album72114,Album72114,youtube,A_FSxQucirk,1,8,2713.561,8,2026-10-05 12:24:06
Album72134,Album72134,itunes:gb,1438903422,15,15,3428.401,,2026-10-05 07:18:36
Album72138,Album72138,deezer,74436262,12,12,1851,,2026-10-03 23:44:51
Album72142,Album72142,itunes:ca,1349604303,7,7,2577.146,,2026-10-05 03:40:44
Album7215021,Album7215021,itunes:us,1088518253,9,9,2334.297,,2026-10-05 07:07:40
Album72156,Album72156,itunes:us,1053521016,25,25,6343.849,,2026-10-05 03:57:18
Album7216269,Album7216269,deezer,446135515,12,12,2233,,2026-10-03 23:17:44
Album721790,Album721790,deezer,116450022,8,8,1724,,2026-10-03 22:45:37
Album7233131,Album7233131,youtube,gcECKB9dCfg,1,8,3209.981,8,2026-10-05 09:21:54
Album723449,Album723449,itunes:us,1339697106,22,22,3792.134,,2026-10-05 04:05:53
Album7246871,Album7246871,itunes:us,1541366495,10,10,1499,,2026-10-05 07:13:19
Album724899,Album724899,itunes:ca,1033683039,5,5,3389.809,,2026-10-05 05:20:27
Album726208,Album726208,youtube,tttRSywm9zI,1,8,2615.581,8,2026-10-05 16:13:05
Album7265195,Album7265195,youtube,u1mUiAjHzAI,1,8,2710.701,8,2026-10-05 09:40:12
Album7265712,Album7265712,youtube,deC8Kzr3aUU,1,8,5915.841,8,2026-10-05 15:49:50
Album727,Album727,deezer,123605482,12,12,1980,,2026-10-03 22:59:58
Album727032,Album727032,deezer,526029192,17,17,4085,,2026-10-03 22:45:50
Album7272843,Album7272843,deezer,736783291,13,13,1884,,2026-10-04 00:00:28
Album727291,Album727291,itunes:us,464544454,16,16,3396.548,,2026-10-05 07:21:45
Album727607,Album727607,deezer,317974257,14,14,3832,,2026-10-04 00:30:48
Album727857,Album727857,itunes:au,1277619758,8,8,2029.828,,2026-10-05 08:07:45
Album7284832,Album7284832,itunes:gb,1440832200,10,10,3295.067,,2026-10-05 07:39:32
Album728505,Album728505,itunes:us,1302234805,9,9,1866.92,,2026-10-05 06:47:57
Album728606,Album728606,itunes:sa,1536189422,10,10,3129.6,,2026-10-05 08:20:45
Album729086,Album729086,itunes:us,1783217963,12,12,3441.533,,2026-10-05 08:20:49
Album7299,Album7299,deezer,70821132,16,16,3468,,2026-10-03 22:28:00
Album73010,Album73010,itunes:se,986151597,7,7,2299.266,,2026-10-05 08:04:06
Album73020,Album73020,deezer,304772157,7,7,2188,,2026-10-04 04:18:51
Album73073,Album73073,itunes:pl,1469582687,7,7,2155.471,,2026-10-05 04:26:17
Album73085,Album73085,itunes:ca,209415965,12,12,2168.52,,2026-10-05 08:10:48
Album7308958,Album7308958,deezer,97149882,20,20,4325,,2026-10-03 22:41:31
Album7309686,Album7309686,deezer,749078551,16,16,3571,,2026-10-04 00:19:26
Album73101,Album73101,deezer,6532466,4,4,2321,,2026-10-03 22:44:52
Album73103,Album73103,itunes:gb,518085138,11,11,3587.306,,2026-10-05 08:23:27
Album731247,Album731247,deezer,122367912,11,11,4560,,2026-10-04 01:05:31
Album73165,Album73165,youtube,UnCWWEMRSrs,1,8,2262.181,8,2026-10-04 21:02:40
Album7320304,Album7320304,itunes:ru,1504283269,6,6,2371.998,,2026-10-05 07:27:43
Album7321203,Album7321203,deezer,1018409771,8,8,2564,,2026-10-03 23:43:09
Album732215,Album732215,itunes:jp,1439288245,10,10,2011.148,,2026-10-05 08:22:02
Album7322533,Album7322533,itunes:gb,1443557544,11,11,2872.553,,2026-10-05 05:12:20
Album732264,Album732264,itunes:gb,41257444,14,14,2020.998,,2026-10-05 04:40:32
Album7324,Album7324,itunes:us,1700302172,19,19,4319.744,,2026-10-05 08:22:53
Album73252,Album73252,deezer,340617877,10,10,2423,,2026-10-04 00:44:23
Album73279,Album73279,deezer,299425,12,12,3036,,2026-10-04 00:56:44
Album7334101,Album7334101,deezer,607455082,12,12,2734,,2026-10-03 23:19:29
Album7343747,Album7343747,itunes:us,1172529658,8,8,1960.008,,2026-10-05 06:44:03
Album7343805,Album7343805,itunes:jp,1442852076,12,12,6761.281,,2026-10-05 04:43:46
Album734401,Album734401,itunes:us,258388757,4,4,4559.441,,2026-10-05 06:30:42
Album7344962,Album7344962,deezer,94528282,13,13,2947,,2026-10-04 00:07:24
Album735,Album735,itunes:us,3247035,12,12,2395.506,,2026-10-05 08:12:52
Album735655,Album735655,itunes:us,1709027096,15,15,3046.399,,2026-10-05 05:14:48
Album735751,Album735751,youtube,Bs0CtITl-xY,1,8,1699.861,6,2026-10-05 12:29:30
Album735776,Album735776,itunes:do,921142491,5,5,2388.92,,2026-10-05 07:31:56
Album73623,Album73623,itunes:us,209462056,12,12,2669.147,,2026-10-05 08:15:38
Album736870,Album736870,deezer,75370452,16,16,4295,,2026-10-04 01:10:01
Album7369793,Album7369793,deezer,12502744,10,10,2825,,2026-10-03 23:18:13
Album7371861,Album7371861,deezer,416451687,12,12,2329,,2026-10-04 00:28:51
Album737442,Album737442,youtube,EC-V6c4lNws,1,8,2609.401,8,2026-10-04 21:01:02
Album7381150,Album7381150,deezer,101778542,15,15,2901,,2026-10-05 19:52:58
Album7384,Album7384,deezer,319768,14,14,4515,,2026-10-04 01:09:49
Album738446,Album738446,itunes:us,191836937,5,5,3198.146,,2026-10-05 03:27:01
Album7385,Album7385,deezer,262791212,27,27,7921,,2026-10-03 23:06:45
Album7386,Album7386,itunes:us,1588165443,12,12,3546.426,,2026-10-05 04:04:34
Album7389,Album7389,itunes:us,1443165418,14,14,3684.79,,2026-10-05 07:40:35
Album73909,Album73909,itunes:ca,447193547,16,16,1575.334,,2026-10-05 07:00:43
Album7393583,Album7393583,itunes:us,1447327030,7,7,2152.066,,2026-10-05 07:08:57
Album7395062,Album7395062,itunes:us,1589119277,13,13,2981,,2026-10-05 06:50:43
Album739675,Album739675,itunes:us,1434877729,14,14,2744.04,,2026-10-05 07:46:01
Album739812,Album739812,deezer,43423991,5,5,1522,,2026-10-04 00:27:02
Album7404,Album7404,deezer,7991282,8,8,3253,,2026-10-03 23:30:52
Album7404174,Album7404174,deezer,304590547,12,12,2369,,2026-10-03 23:05:18
Album7407088,Album7407088,deezer,307845807,11,11,4073,,2026-10-04 00:07:43
Album74088,Album74088,deezer,556908,9,9,2309,,2026-10-03 23:58:45
Album7409569,Album7409569,deezer,14082774,5,5,3139,,2026-10-04 01:00:44
Album74121,Album74121,youtube,HQLRHv59qdI,1,8,2557.141,8,2026-10-05 15:56:32
Album7424095,Album7424095,itunes:us,1118071524,8,8,2373.56,,2026-10-05 07:26:07
Album7428,Album7428,deezer,243898762,10,10,3277,,2026-10-04 00:19:54
Album74290,Album74290,deezer,246442,12,12,2374,,2026-10-03 23:53:20
Album7439555,Album7439555,itunes:us,1115790664,10,10,2860.427,,2026-10-05 07:13:29
Album7439765,Album7439765,deezer,13526551,22,22,3844,,2026-10-04 00:27:49
Album7441482,Album7441482,deezer,13302739,11,11,2889,,2026-10-04 01:05:58
Album7446,Album7446,deezer,326558507,9,9,2368,,2026-10-04 00:26:07
Album7448,Album7448,itunes:us,396481968,5,5,4602.373,,2026-10-05 06:42:29
Album745,Album745,deezer,819571501,10,10,1995,,2026-10-04 04:22:44
Album7451,Album7451,itunes:hu,1416495692,24,24,8859.52,,2026-10-05 06:33:52
Album7464,Album7464,deezer,328911,13,13,4193,,2026-10-04 00:14:41
Album7465699,Album7465699,deezer,648405081,8,8,2631,,2026-10-03 22:38:18
Album746654,Album746654,deezer,561547522,59,59,4646,,2026-10-04 00:00:32
Album7469,Album7469,itunes:de,1443191307,12,12,1803.467,,2026-10-05 04:07:49
Album7485295,Album7485295,deezer,43868041,12,12,2101,,2026-10-03 23:06:55
Album7487659,Album7487659,deezer,43868101,15,15,2961,,2026-10-04 03:24:30
Album7489791,Album7489791,deezer,13553593,15,15,4397,,2026-10-03 23:33:32
Album7490994,Album7490994,deezer,713884161,8,8,3251,,2026-10-04 00:37:09
Album7491900,Album7491900,itunes:gb,1126437337,26,26,5436.839,,2026-10-05 07:43:39
Album7493559,Album7493559,itunes:us,1497637330,26,26,3248.189,,2026-10-05 05:13:38
Album7494096,Album7494096,youtube,aRkAvsJYHNQ,1,8,3501.901,8,2026-10-05 09:57:37
Album7500772,Album7500772,deezer,13637942,8,8,3460,,2026-10-03 23:23:26
Album7501211,Album7501211,itunes:ae,1436892401,3,3,2519.552,,2026-10-05 04:50:14
Album7501211,Album7501211,youtube,FVHXLwH71Rs,1,8,2520.081,8,2026-10-05 18:52:01
Album750167,Album750167,deezer,182932062,12,12,1945,,2026-10-04 01:01:32
Album7504608,Album7504608,deezer,206978092,1,1,4273,,2026-10-04 10:51:14
Album7504608,Album7504608,youtube,WHgDRv6NVCI,1,8,4273.161,8,2026-10-05 18:44:09
Album750560,Album750560,deezer,64184292,13,13,3159,,2026-10-03 23:22:01
Album7507244,Album7507244,itunes:ca,720359472,10,10,2402.294,,2026-10-05 06:48:33
Album75114,Album75114,itunes:hu,955848161,7,7,5682.012,,2026-10-05 06:59:43
Album75173,Album75173,deezer,279580472,6,6,2640,,2026-10-04 04:17:54
Album7517775,Album7517775,itunes:gb,1117538060,25,25,3535.562,,2026-10-05 06:28:43
Album752095,Album752095,itunes:us,1579927928,8,8,2335.853,,2026-10-05 08:14:12
Album7521867,Album7521867,deezer,1015024751,14,14,2594,,2026-10-04 04:25:37
Album7522584,Album7522584,itunes:us,1444070512,18,18,4843.706,,2026-10-05 04:12:47
Album7525686,Album7525686,itunes:jp,576624481,12,12,2759.989,,2026-10-05 07:06:39
Album7527217,Album7527217,itunes:us,1524071227,13,13,3136.4,,2026-10-05 07:10:22
Album7531,Album7531,itunes:us,256457644,15,15,2992.358,,2026-10-05 05:23:21
Album7531454,Album7531454,deezer,42274371,5,5,3030,,2026-10-03 23:55:43
Album7539,Album7539,deezer,96844662,23,23,4149,,2026-10-03 22:52:55
Album7539221,Album7539221,itunes:au,1140590996,10,10,2171.613,,2026-10-05 04:40:13
Album754,Album754,itunes:us,299036715,4,4,2190.332,,2026-10-05 04:00:44
Album7541506,Album7541506,itunes:ar,1759181235,25,25,20556.412,,2026-10-05 05:06:49
Album7543,Album7543,deezer,365976,11,11,2892,,2026-10-04 00:53:03
Album754339,Album754339,itunes:us,111802375,10,10,2923.653,,2026-10-05 08:09:28
Album7544,Album7544,deezer,365961,14,14,3422,,2026-10-03 22:57:00
Album75440,Album75440,itunes:se,1564999877,10,10,2742.079,,2026-10-05 06:36:37
Album7546,Album7546,itunes:us,438685011,14,14,4147.425,,2026-10-05 04:09:41
Album754878,Album754878,itunes:jp,720457097,21,21,6018.69,,2026-10-05 04:13:31
Album7552125,Album7552125,youtube,E5l_OYE4ul4,1,8,2662.341,8,2026-10-05 11:00:04
Album7554801,Album7554801,itunes:us,1135031377,20,20,1569,,2026-10-05 04:45:44
Album75561,Album75561,deezer,422961787,12,12,3898,,2026-10-03 23:09:27
Album755720,Album755720,deezer,273235,6,6,2500,,2026-10-03 22:37:53
Album7558344,Album7558344,itunes:us,1591658960,25,25,3359.15,,2026-10-05 07:01:31
Album755873,Album755873,itunes:es,1444174484,14,14,4101,,2026-10-05 04:16:01
Album7559263,Album7559263,itunes:us,1149898605,61,61,7159.682,,2026-10-05 04:46:54
Album75617,Album75617,itunes:us,289904489,25,25,4075.746,,2026-10-05 06:36:43
Album75675,Album75675,itunes:us,1687245418,33,33,5503.686,,2026-10-05 06:49:32
Album756759,Album756759,itunes:us,493680277,14,14,3444.774,,2026-10-05 08:01:18
Album7567974,Album7567974,deezer,368665517,6,6,2532,,2026-10-04 00:12:52
Album7572554,Album7572554,youtube,itiMy5wqfDU,1,8,3374.521,8,2026-10-05 12:07:24
Album7572697,Album7572697,deezer,742669151,8,8,2295,,2026-10-04 00:24:49
Album7575447,Album7575447,deezer,855356642,11,11,3009,,2026-10-03 23:34:37
Album7576907,Album7576907,youtube,jMzsleLasJs,1,8,3610.121,8,2026-10-04 20:48:41
Album757915,Album757915,itunes:ca,1835738570,6,6,2158.221,,2026-10-05 04:16:11
Album7580,Album7580,itunes:us,317564400,15,15,6240.56,,2026-10-05 04:02:50
Album758501,Album758501,deezer,1215328,12,12,1959,,2026-10-03 22:44:15
Album7588668,Album7588668,itunes:us,1419680571,10,10,4382.373,,2026-10-05 07:20:35
Album759430,Album759430,youtube,42DExSSF7jU,1,8,3099.101,8,2026-10-05 11:39:29
Album759617,Album759617,youtube,Gt9C3nrRQos,1,8,3702.481,8,2026-10-05 12:01:39
Album759655,Album759655,deezer,139880862,13,13,4534,,2026-10-04 02:42:33
Album7598750,Album7598750,deezer,52384962,11,11,2991,,2026-10-04 01:00:18
Album75992,Album75992,itunes:ru,1453865672,4,4,2180.227,,2026-10-05 06:48:19
Album760019,Album760019,youtube,fwujtDMRA9M,1,8,2565.021,8,2026-10-05 09:55:19
Album7604238,Album7604238,deezer,125727142,10,10,3756,,2026-10-03 23:35:53
Album76051,Album76051,deezer,719944371,10,10,2328,,2026-10-04 04:58:44
Album761105,Album761105,itunes:au,676798921,8,8,5236.56,,2026-10-05 03:34:27
Album76132,Album76132,itunes:us,1478917744,8,8,2796.052,,2026-10-05 05:00:20
Album76163,Album76163,youtube,oYEkrbXjvpA,1,8,2540.921,8,2026-10-05 16:32:15
Album7622,Album7622,deezer,14765813,9,9,3185,,2026-10-03 23:43:16
Album762283,Album762283,deezer,210809502,13,13,4662,,2026-10-03 23:04:11
Album7632,Album7632,deezer,97051472,8,8,2631,,2026-10-03 23:40:31
Album763639,Album763639,itunes:us,19357352,13,13,4067.839,,2026-10-05 05:10:11
Album7636786,Album7636786,deezer,353182427,12,12,2182,,2026-10-03 23:43:44
Album7637711,Album7637711,deezer,14038232,16,16,3990,,2026-10-04 05:16:04
Album76383,Album76383,deezer,6204302,8,8,2136,,2026-10-03 23:30:01
Album7639562,Album7639562,deezer,124162972,10,10,2054,,2026-10-03 23:30:48
Album764145,Album764145,deezer,1347129,12,12,2236,,2026-10-03 23:25:41
Album76429,Album76429,itunes:us,1595206951,40,40,17528.249,,2026-10-05 03:41:23
Album7644985,Album7644985,youtube,XKSu-wZChcQ,1,8,1739.801,6,2026-10-05 10:47:39
Album76473,Album76473,itunes:ru,157628043,5,5,2469.268,,2026-10-05 07:40:02
Album7647717,Album7647717,deezer,966859691,10,10,2660,,2026-10-04 00:06:19
Album7648,Album7648,deezer,901421892,28,28,7380,,2026-10-04 00:24:52
Album76508,Album76508,itunes:us,1647432083,22,22,2747.718,,2026-10-05 07:46:43
Album7651032,Album7651032,itunes:gb,1440864829,13,13,2856.681,,2026-10-05 08:25:54
Album7651737,Album7651737,itunes:us,1147546837,5,5,3632.756,,2026-10-05 08:24:51
Album7653191,Album7653191,deezer,401973377,11,11,2049,,2026-10-03 23:12:25
Album7654,Album7654,deezer,8290356,8,8,2290,,2026-10-04 00:26:43
Album7656921,Album7656921,itunes:it,1138217713,10,10,2423.77,,2026-10-05 07:12:28
Album765725,Album765725,youtube,ucYhYPFWEbw,1,8,3131.481,8,2026-10-05 09:21:25
Album7660,Album7660,deezer,205537272,10,10,2529,,2026-10-03 22:26:54
Album76741,Album76741,youtube,wmARfBAAI8g,1,8,2503.421,8,2026-10-05 15:12:45
Album7678058,Album7678058,itunes:us,1170513902,23,23,6381.953,,2026-10-05 06:46:11
Album7686548,Album7686548,deezer,219519712,9,9,4530,,2026-10-04 05:09:32
Album76878,Album76878,itunes:us,267979395,8,8,1899.013,,2026-10-05 08:19:35
Album7692561,Album7692561,deezer,502001441,8,8,2052,,2026-10-04 00:04:07
Album76953,Album76953,itunes:us,611740364,16,16,4560.107,,2026-10-05 04:32:23
Album7698803,Album7698803,itunes:pl,1693788337,15,15,2766.491,,2026-10-05 07:45:01
Album7702,Album7702,itunes:us,311195427,14,14,4545.666,,2026-10-05 04:13:37
Album7704,Album7704,itunes:us,266185726,9,9,3283.24,,2026-10-05 07:02:13
Album770435,Album770435,deezer,164332072,25,25,4667,,2026-10-03 23:31:57
Album7707,Album7707,deezer,61421342,16,16,4199,,2026-10-03 23:08:15
Album7707715,Album7707715,itunes:ca,1754590463,5,5,2429.056,,2026-10-05 07:41:18
Album7708858,Album7708858,deezer,1009470631,11,11,1913,,2026-10-04 05:17:14
Album7709225,Album7709225,deezer,513802352,12,12,2483,,2026-10-04 00:52:36
Album7709725,Album7709725,itunes:us,1549975894,40,40,3259.674,,2026-10-05 03:59:51
Album7710,Album7710,itunes:ru,570730791,7,7,2006.494,,2026-10-05 08:18:12
Album7713411,Album7713411,youtube,lEYb2-vGoTE,1,8,15198.241,8,2026-10-05 10:06:05
Album7718466,Album7718466,itunes:us,1163782134,14,14,6008.999,,2026-10-05 04:22:53
Album7719969,Album7719969,deezer,106721502,9,9,1904,,2026-10-04 00:16:56
Album7721703,Album7721703,deezer,14168162,21,21,3103,,2026-10-03 23:58:37
Album772221,Album772221,youtube,LUnV7KdhS5E,1,8,4343.221,8,2026-10-05 15:01:14
Album77223,Album77223,itunes:se,714633007,12,12,1931.175,,2026-10-05 08:04:46
Album7728860,Album7728860,itunes:us,1434448578,4,4,1752.824,,2026-10-05 08:17:31
Album7732162,Album7732162,itunes:us,1611249232,10,10,3853.999,,2026-10-05 05:19:10
Album773343,Album773343,itunes:jp,1439288391,10,10,2148.147,,2026-10-05 06:48:06
Album773348,Album773348,itunes:jp,1439283332,9,9,2094.308,,2026-10-05 04:59:04
Album7735045,Album7735045,youtube,kawmncUl3yg,1,8,3716.701,8,2026-10-05 09:37:03
Album774,Album774,itunes:us,1442260239,8,8,3829.734,,2026-10-05 03:57:41
Album7744,Album7744,deezer,130071062,13,13,2984,,2026-10-04 00:59:24
Album7746,Album7746,deezer,130071112,12,12,2744,,2026-10-04 00:03:01
Album774728,Album774728,deezer,1505830,10,9,4260,,2026-10-04 05:12:29
Album7750,Album7750,itunes:us,1643988439,11,11,3116.454,,2026-10-05 03:32:42
Album7751,Album7751,itunes:us,1669764573,20,20,7288.12,,2026-10-05 05:01:44
Album7753,Album7753,itunes:us,1642732385,15,15,3818.759,,2026-10-05 04:53:43
Album7754150,Album7754150,itunes:pl,1212562986,6,6,2621.692,,2026-10-05 06:30:51
Album775507,Album775507,itunes:us,1733114651,11,11,3715.651,,2026-10-05 04:05:34
Album7757347,Album7757347,itunes:us,1162897438,10,10,2541.095,,2026-10-05 07:41:29
Album7759,Album7759,itunes:us,663665016,7,7,2652.318,,2026-10-05 07:22:12
Album77600,Album77600,itunes:us,1446840702,14,14,3508.691,,2026-10-05 04:32:05
Album776043,Album776043,itunes:ar,1592088845,18,18,2907.51,,2026-10-05 03:25:35
Album7760461,Album7760461,deezer,14334844,8,8,2245,,2026-10-03 22:45:58
Album776185,Album776185,youtube,zTwKJ3kahkY,1,8,3271.561,8,2026-10-05 10:27:54
Album7769,Album7769,itunes:ru,1180047913,10,10,3859.457,,2026-10-05 04:25:13
Album7772593,Album7772593,deezer,915446551,26,26,4645,,2026-10-03 22:50:17
Album777355,Album777355,deezer,66232432,9,9,1746,,2026-10-03 22:45:08
Album77811,Album77811,deezer,7113174,2,2,1835,,2026-10-04 03:19:24
Album77812,Album77812,youtube,kjEObOMRJJE,1,8,1293.301,4,2026-10-05 17:41:41
Album77813,Album77813,youtube,HwLYHCCwGT0,1,8,1362.461,5,2026-10-05 17:53:11
Album77814,Album77814,itunes:ca,561807092,3,3,4498.533,,2026-10-05 08:01:48
Album77815,Album77815,youtube,3T1_tGLbTIs,1,8,1440.481,5,2026-10-05 17:22:56
Album77816,Album77816,deezer,679202861,3,3,2202,,2026-10-04 04:17:06
Album77816,Album77816,youtube,en88_IEcQwU,1,8,2209.101,7,2026-10-05 13:20:37
Album77817,Album77817,deezer,679200111,4,4,2391,,2026-10-03 22:45:17
Album778378,Album778378,youtube,_02agUduoyM,1,8,1529.721,5,2026-10-05 10:14:59
Album778830,Album778830,deezer,46050302,16,16,3125,,2026-10-04 02:41:42
Album779,Album779,deezer,250263,21,21,4195,,2026-10-03 23:32:45
Album779032,Album779032,deezer,1004055,15,15,2323,,2026-10-04 00:07:00
Album77928,Album77928,itunes:ru,1045503314,10,10,3016.44,,2026-10-05 08:07:50
Album77929,Album77929,itunes:us,1601086849,10,10,2112.201,,2026-10-05 04:41:45
Album7793,Album7793,deezer,71151,13,13,3478,,2026-10-03 22:33:08
Album77968,Album77968,deezer,713355181,10,10,2496,,2026-10-03 23:14:12
Album7797701,Album7797701,deezer,829881311,7,7,1500,,2026-10-04 00:57:30
Album7800120,Album7800120,deezer,270276552,13,13,3287,,2026-10-04 03:46:47
Album78011,Album78011,itunes:us,1628646655,12,12,3096.281,,2026-10-05 06:19:10
Album7801341,Album7801341,deezer,42433841,16,16,1352,,2026-10-03 23:55:59
Album780931,Album780931,deezer,11328788,10,10,2746,,2026-10-03 23:57:13
Album781150,Album781150,itunes:be,456385415,10,10,4778.5,,2026-10-05 06:42:39
Album7813,Album7813,itunes:us,1677550660,31,31,9138.348,,2026-10-05 06:23:24
Album7814,Album7814,itunes:us,1677550660,31,31,9138.348,,2026-10-05 03:19:58
Album7815,Album7815,itunes:us,1677823084,51,51,11659.546,,2026-10-05 07:01:17
Album7816,Album7816,itunes:us,1677823084,51,51,11659.546,,2026-10-05 07:59:41
Album7817275,Album7817275,itunes:us,1160493032,8,8,2572.02,,2026-10-05 05:16:24
Album781755,Album781755,deezer,141424282,12,12,1961,,2026-10-03 22:59:42
Album781756,Album781756,itunes:us,1796587075,6,6,3017.359,,2026-10-05 07:12:51
Album7817885,Album7817885,deezer,650764601,11,11,2937,,2026-10-04 00:42:08
Album781847,Album781847,itunes:pa,254459180,17,17,4287.24,,2026-10-05 05:20:07
Album7820428,Album7820428,deezer,278572322,17,17,3067,,2026-10-04 04:16:52
Album7823,Album7823,deezer,387163867,25,25,7418,,2026-10-04 01:10:22
Album78258,Album78258,itunes:us,953194639,11,11,2326.613,,2026-10-05 06:24:50
Album7826,Album7826,itunes:us,403095986,16,16,4602.013,,2026-10-05 07:47:53
Album783,Album783,itunes:ru,1443478913,11,11,2568.214,,2026-10-05 05:11:44
Album783303,Album783303,itunes:br,1415236693,9,9,2142.778,,2026-10-05 06:33:00
Album7833683,Album7833683,itunes:us,1206121764,11,11,2493.912,,2026-10-05 07:29:02
Album78346,Album78346,itunes:us,549193444,2,2,1864.053,,2026-10-05 04:09:50
Album78346,Album78346,youtube,A6xrVWF12FE,1,8,1865.101,6,2026-10-05 13:16:48
Album7837231,Album7837231,itunes:au,1143213241,7,7,3211.307,,2026-10-05 05:07:33
Album7839794,Album7839794,deezer,369462847,10,10,2629,,2026-10-04 04:05:48
Album784197,Album784197,youtube,YIlShUI3GxY,1,8,3533.721,8,2026-10-05 12:00:04
Album7851168,Album7851168,itunes:gb,1157121049,15,15,5657.767,,2026-10-05 04:15:22
Album785228,Album785228,itunes:us,1452551745,7,7,3131.067,,2026-10-05 04:48:14
Album7853,Album7853,itunes:ua,455000377,6,6,2061.08,,2026-10-05 08:11:12
Album785887,Album785887,itunes:us,152319126,9,9,3689.026,,2026-10-05 03:24:38
Album786,Album786,itunes:us,111189479,15,15,2601.613,,2026-10-05 06:41:42
Album786281,Album786281,deezer,48621572,5,5,2529,,2026-10-03 22:56:08
Album7863,Album7863,itunes:us,497511569,17,17,2292.56,,2026-10-05 05:20:32
Album7869,Album7869,itunes:us,1222122974,8,8,2997.495,,2026-10-05 06:20:07
Album7874,Album7874,deezer,11328148,11,11,2553,,2026-10-04 00:28:30
Album787423,Album787423,itunes:us,260163265,13,13,2582.894,,2026-10-05 06:47:38
Album78796,Album78796,itunes:hu,690484590,9,9,2611.68,,2026-10-05 08:15:28
Album78830,Album78830,itunes:us,1746335817,22,22,6533.228,,2026-10-05 04:37:16
Album7894165,Album7894165,youtube,jrQ8TB8Zpqw,1,8,2757.021,8,2026-10-05 12:20:28
Album789425,Album789425,itunes:us,1442889049,12,12,2822.507,,2026-10-05 06:52:46
Album789451,Album789451,itunes:us,216644977,17,17,4058.213,,2026-10-05 04:12:57
Album7896224,Album7896224,deezer,192039062,16,16,5004,,2026-10-03 22:50:22
Album789635,Album789635,itunes:us,1406198264,12,12,4314.333,,2026-10-05 08:06:46
Album789949,Album789949,youtube,K0A0rpABLt8,1,8,4790.781,8,2026-10-05 15:00:35
Album79008,Album79008,itunes:us,1452811954,31,31,6736,,2026-10-05 04:24:20
Album790148,Album790148,deezer,392634667,7,7,2097,,2026-10-03 23:34:02
Album7901617,Album7901617,deezer,56721642,13,13,2515,,2026-10-04 03:41:02
Album7904061,Album7904061,deezer,321273,31,31,9322,,2026-10-03 22:29:40
Album7906,Album7906,itunes:gb,352495994,9,9,2591.176,,2026-10-05 07:33:54
Album79159,Album79159,itunes:se,713635889,13,13,2619.106,,2026-10-05 08:14:02
Album79171,Album79171,deezer,118583,9,9,2726,,2026-10-04 00:48:14
Album791778,Album791778,deezer,535302,6,6,4795,,2026-10-04 01:02:19
Album7919550,Album7919550,deezer,14781289,30,30,3170,,2026-10-05 19:52:18
Album79197,Album79197,itunes:us,1166748055,7,7,2840.932,,2026-10-05 07:38:26
Album79341,Album79341,deezer,753580271,14,14,3071,,2026-10-04 04:31:15
Album7936335,Album7936335,youtube,W0iSgbSKc8E,1,8,2100.661,7,2026-10-04 20:38:33
Album7937,Album7937,itunes:us,29168532,18,18,4635.746,,2026-10-05 03:56:31
Album793864,Album793864,itunes:fr,1650387312,24,24,4300.518,,2026-10-05 04:33:45
Album7939,Album7939,deezer,86156,7,7,2168,,2026-10-04 00:28:47
Album7939530,Album7939530,deezer,734203871,13,13,1990,,2026-10-04 01:06:07
Album794153,Album794153,itunes:cy,1403577445,2,2,4423.12,,2026-10-05 08:16:35
Album794555,Album794555,youtube,MR-wKOdmsfY,1,8,1660.521,6,2026-10-05 16:12:31
Album7946787,Album7946787,itunes:au,1451767721,6,6,3871.787,,2026-10-05 08:00:14
Album7955166,Album7955166,deezer,14317952,8,8,2327,,2026-10-04 00:02:33
Album7973,Album7973,itunes:us,1440744889,6,6,2574.453,,2026-10-05 07:20:20
Album7973475,Album7973475,youtube,9N9vTyuKUtY,1,8,4001.481,8,2026-10-05 12:36:00
Album797363,Album797363,deezer,14430532,9,9,2417,,2026-10-04 00:17:24
Album7976759,Album7976759,deezer,485469255,5,5,10025,,2026-10-03 23:37:16
Album798466,Album798466,itunes:us,1278455549,15,15,4677.6,,2026-10-05 06:31:05
Album798598,Album798598,deezer,6481337,12,12,2564,,2026-10-03 23:07:47
Album7987105,Album7987105,deezer,47982252,6,6,2579,,2026-10-03 23:34:13
Album798734,Album798734,deezer,42865511,11,11,3097,,2026-10-04 00:38:21
Album798742,Album798742,youtube,ufwiawIz990,1,8,3331.041,8,2026-10-05 09:20:53
Album798904,Album798904,deezer,148194502,19,19,6423,,2026-10-03 22:42:30
Album79920,Album79920,itunes:us,1575618230,12,12,2620.878,,2026-10-05 04:44:11
Album7998671,Album7998671,deezer,208605972,110,110,13595,,2026-10-03 22:33:55
Album799939,Album799939,itunes:us,1685534386,10,10,1266.999,,2026-10-05 06:57:33
Album8000675,Album8000675,itunes:jp,1180450037,11,11,3316.399,,2026-10-05 07:20:30
Album80010,Album80010,deezer,8760669,12,12,2899,,2026-10-04 04:06:29
Album8004191,Album8004191,itunes:us,1637568185,13,13,2630.148,,2026-10-05 03:33:37
Album8017628,Album8017628,youtube,GylD--QDRBg,1,8,3413.261,8,2026-10-05 16:43:25
Album80195,Album80195,youtube,QORNBOhTtWg,1,8,1165.021,4,2026-10-05 18:13:08
Album802475,Album802475,itunes:br,1045200719,12,12,2451.362,,2026-10-05 05:04:00
Album80274,Album80274,deezer,426196937,19,19,1149,,2026-10-03 23:19:12
Album80286,Album80286,itunes:hu,1682382020,4,4,2418.96,,2026-10-05 07:40:17
Album80296,Album80296,deezer,45894752,10,10,2540,,2026-10-03 23:10:43
Album8030513,Album8030513,deezer,39286711,12,12,2744,,2026-10-03 23:03:42
Album8031686,Album8031686,deezer,139511282,9,9,1701,,2026-10-04 00:34:49
Album80371,Album80371,itunes:hu,1075264078,12,12,7645.48,,2026-10-05 04:39:21
Album8037435,Album8037435,deezer,1030563412,13,13,2550,,2026-10-04 00:58:06
Album804,Album804,itunes:us,1867817686,10,10,3017.093,,2026-10-05 03:36:55
Album80427,Album80427,itunes:us,451766694,4,4,2001.626,,2026-10-05 07:58:24
Album8046804,Album8046804,deezer,368430747,4,4,3863,,2026-10-04 04:50:28
Album80503,Album80503,deezer,440531237,5,5,2448,,2026-10-03 23:45:23
Album80505,Album80505,deezer,78115692,5,5,4209,,2026-10-04 00:13:17
Album805229,Album805229,deezer,387282,15,15,1666,,2026-10-04 00:00:12
Album805263,Album805263,itunes:es,281155878,8,8,3468.161,,2026-10-05 06:40:42
Album806,Album806,itunes:us,847972873,14,14,1745.322,,2026-10-05 04:00:25
Album8063395,Album8063395,itunes:us,1438943353,3,3,3429.073,,2026-10-05 04:30:54
Album8063395,Album8063395,youtube,E-6zC1kvcHc,1,8,3429.061,8,2026-10-05 18:43:10
Album80660,Album80660,deezer,285539532,5,5,2288,,2026-10-03 23:28:52
Album8072900,Album8072900,deezer,548412362,4,4,2126,,2026-10-03 23:04:39
Album80731,Album80731,itunes:pl,292665391,2,2,2821,,2026-10-05 04:35:03
Album80731,Album80731,youtube,2WSO0uqSM58,1,8,2820.981,8,2026-10-05 18:46:23
Album8073300,Album8073300,deezer,40698361,13,13,2596,,2026-10-04 05:11:50
Album8075199,Album8075199,itunes:us,1209665487,16,16,6448.507,,2026-10-05 04:51:33
Album807805,Album807805,deezer,50489072,14,14,2248,,2026-10-03 22:58:54
Album80783,Album80783,itunes:us,1483864982,11,11,1867.268,,2026-10-05 03:37:50
Album8081318,Album8081318,deezer,375545567,7,7,2711,,2026-10-03 23:39:04
Album8082182,Album8082182,deezer,417822547,46,46,12821,,2026-10-03 22:29:32
Album8083,Album8083,itunes:us,158000892,12,12,2971.308,,2026-10-05 06:37:11
Album808488,Album808488,itunes:us,1485055724,12,12,3474.559,,2026-10-05 08:15:23
Album8087168,Album8087168,itunes:us,1229922129,6,6,3864.395,,2026-10-05 06:26:30
Album80874,Album80874,itunes:gb,78981447,9,9,3743.986,,2026-10-05 04:42:29
Album80912,Album80912,deezer,6595869,6,6,3519,,2026-10-04 00:34:59
Album8094846,Album8094846,itunes:es,1199073413,6,6,4230.199,,2026-10-05 04:23:36
Album80956,Album80956,deezer,8295918,7,7,3540,,2026-10-04 01:01:13
Album80968,Album80968,itunes:us,724466044,7,7,2791.2,,2026-10-05 04:08:11
Album80973,Album80973,deezer,99088532,12,12,2669,,2026-10-04 01:08:59
Album80974,Album80974,itunes:se,1443800456,11,11,2154.279,,2026-10-05 06:53:55
Album80980,Album80980,deezer,11302880,8,8,2591,,2026-10-04 01:06:25
Album80993,Album80993,youtube,SDeuYY3Hi_I,1,8,2419.161,8,2026-10-05 18:15:03
Album81021,Album81021,deezer,2910011,9,9,2050,,2026-10-03 23:13:15
Album81072,Album81072,deezer,6968698,7,7,3249,,2026-10-04 00:46:31
Album8108,Album8108,itunes:ru,724370662,12,12,2844.999,,2026-10-05 04:28:21
Album81097,Album81097,deezer,1200837,5,5,2144,,2026-10-03 23:50:37
Album81107,Album81107,deezer,464610,9,9,2854,,2026-10-04 00:17:44
Album8114171,Album8114171,deezer,380436677,8,8,1873,,2026-10-04 00:09:23
Album81170,Album81170,itunes:us,1463553533,22,22,8041.879,,2026-10-05 03:17:33
Album8121845,Album8121845,deezer,734340061,18,18,3578,,2026-10-03 22:57:54
Album8123629,Album8123629,deezer,911265551,10,10,2022,,2026-10-04 04:24:33
Album812723,Album812723,itunes:us,493465268,12,12,2734.227,,2026-10-05 07:12:42
Album8129170,Album8129170,deezer,98224022,62,62,11513,,2026-10-03 23:13:52
Album8129176,Album8129176,deezer,98223252,53,53,9501,,2026-10-03 23:04:31
Album8130256,Album8130256,youtube,NooCL1bVw-U,1,8,5453.101,8,2026-10-05 10:36:27
Album8135740,Album8135740,deezer,43224341,12,12,2163,,2026-10-03 23:08:46
Album8137229,Album8137229,itunes:us,1216344634,10,10,2422.334,,2026-10-05 07:05:42
Album8137937,Album8137937,itunes:us,1473858007,9,9,2470.852,,2026-10-05 07:45:33
Album813825,Album813825,deezer,43043781,11,11,2490,,2026-10-03 23:39:11
Album8139633,Album8139633,deezer,650962461,8,8,3084,,2026-10-04 03:16:12
Album8142739,Album8142739,deezer,140733492,14,14,3628,,2026-10-03 23:33:02
Album8143331,Album8143331,itunes:us,1891388870,33,33,3932.109,,2026-10-05 03:58:15
Album8148,Album8148,deezer,314744,9,9,2911,,2026-10-04 00:35:06
Album8149,Album8149,deezer,309213,15,15,3794,,2026-10-04 01:05:27
Album81493,Album81493,itunes:us,1506289575,10,10,1926.199,,2026-10-05 08:26:49
Album8150,Album8150,itunes:us,724918051,17,17,4795.228,,2026-10-05 05:01:49
Album8155903,Album8155903,deezer,48240552,4,4,3048,,2026-10-04 00:35:37
Album8157154,Album8157154,itunes:us,1333316660,10,10,1676.111,,2026-10-05 03:29:46
Album81644,Album81644,itunes:us,77854229,12,12,2950.999,,2026-10-05 06:53:24
Album8176548,Album8176548,youtube,-f4ZNYvgOgs,1,8,2498.801,8,2026-10-05 10:46:15
Album8177051,Album8177051,itunes:us,1508054045,8,8,2305.819,,2026-10-05 07:32:51
Album8179093,Album8179093,deezer,166808102,13,13,2651,,2026-10-03 22:58:46
Album8179778,Album8179778,itunes:ca,1239706770,33,33,8953.425,,2026-10-05 04:40:37
Album8180412,Album8180412,deezer,1009476051,16,16,2525,,2026-10-04 04:30:00
Album818133,Album818133,itunes:br,1663949613,10,10,1752.745,,2026-10-05 03:20:27
Album81814,Album81814,itunes:se,1565054638,12,12,2737.894,,2026-10-05 08:25:22
Album81845,Album81845,itunes:us,313909133,6,6,2641.733,,2026-10-05 06:52:36
Album81855,Album81855,itunes:hu,724917730,6,6,2383.613,,2026-10-05 06:53:10
Album8185719,Album8185719,deezer,254196942,8,8,2082,,2026-10-04 10:57:10
Album8188260,Album8188260,deezer,599473642,11,11,2500,,2026-10-04 00:05:55
Album818848,Album818848,itunes:it,1445731324,15,15,6263.4,,2026-10-05 05:02:40
Album8194,Album8194,youtube,qRkiCb64Xp0,1,8,1037.461,4,2026-10-05 17:43:47
Album8196,Album8196,deezer,99688672,7,7,4616,,2026-10-04 10:54:08
Album819638,Album819638,deezer,214182092,9,9,3688,,2026-10-04 00:52:03
Album819684,Album819684,itunes:se,1442700756,13,13,3604.559,,2026-10-05 04:20:06
Album8196884,Album8196884,deezer,577323721,13,13,2947,,2026-10-04 03:56:14
Album82048,Album82048,itunes:us,1079241896,11,11,3943.401,,2026-10-05 05:03:55
Album8206,Album8206,deezer,892838552,8,8,2224,,2026-10-03 22:54:26
Album8206862,Album8206862,deezer,349027007,12,12,2963,,2026-10-04 04:08:36
Album8207,Album8207,deezer,892838572,10,10,3290,,2026-10-03 22:42:05
Album8208819,Album8208819,deezer,39588381,10,10,2641,,2026-10-03 23:39:19
Album8209,Album8209,deezer,901410412,12,12,3677,,2026-10-04 03:39:46
Album821,Album821,deezer,273467,11,11,1861,,2026-10-03 22:44:32
Album821286,Album821286,deezer,433702257,10,10,5998,,2026-10-04 03:02:57
Album8213,Album8213,deezer,663013651,15,15,3914,,2026-10-04 04:24:53
Album82154,Album82154,itunes:us,1440667932,11,11,2518.04,,2026-10-05 06:30:56
Album8217,Album8217,deezer,898460762,10,10,2856,,2026-10-04 04:57:14
Album821761,Album821761,youtube,ExPhZxYREEc,1,8,3456.481,8,2026-10-05 16:16:29
Album8218,Album8218,youtube,twnILnA8kxw,1,8,3028.301,8,2026-10-05 18:20:35
Album822,Album822,deezer,2492261,10,10,2142,,2026-10-03 22:52:27
Album8220,Album8220,youtube,8tV5Q9WlIZ8,1,8,3560.081,8,2026-10-05 17:44:27
Album8220981,Album8220981,deezer,41232611,12,12,2551,,2026-10-04 00:11:42
Album8221,Album8221,youtube,7MPPNxUP0Gk,1,8,1545.021,5,2026-10-05 18:11:32
Album8224953,Album8224953,deezer,106731792,9,9,2107,,2026-10-04 00:50:13
Album82258,Album82258,deezer,368815997,10,10,4304,,2026-10-04 00:53:34
Album8227,Album8227,deezer,1461058,16,16,3620,,2026-10-04 01:01:04
Album82287,Album82287,deezer,2019051,16,16,4128,,2026-10-03 23:49:38
Album8229610,Album8229610,itunes:ca,1216194268,11,11,2378.941,,2026-10-05 07:41:00
Album823,Album823,deezer,89438,12,12,1902,,2026-10-04 01:03:40
Album82329,Album82329,itunes:us,1162946028,12,12,4723.919,,2026-10-05 07:31:01
Album82333,Album82333,deezer,507969311,8,8,1969,,2026-10-04 00:12:16
Album8235290,Album8235290,itunes:ca,1451125475,6,6,2192.604,,2026-10-05 06:24:27
Album82379,Album82379,itunes:us,1617047265,9,9,2387.16,,2026-10-05 07:15:52
Album823914,Album823914,youtube,6RweRZZ3BBM,1,8,2850.821,8,2026-10-04 20:37:38
Album82404,Album82404,itunes:mx,1005311439,8,8,2555.292,,2026-10-05 08:05:22
Album82436,Album82436,deezer,368820777,11,11,3429,,2026-10-04 00:53:50
Album82446,Album82446,deezer,285874512,12,12,2625,,2026-10-03 23:36:00
Album82447,Album82447,deezer,286646852,11,11,2619,,2026-10-04 02:53:35
Album824670,Album824670,itunes:ca,1542323077,12,12,2252.334,,2026-10-05 05:04:47
Album825053,Album825053,deezer,517976892,14,14,4136,,2026-10-03 23:52:45
Album825192,Album825192,deezer,75364652,12,12,2755,,2026-10-03 23:44:43
Album825448,Album825448,itunes:no,1290661189,13,13,2944.413,,2026-10-05 04:53:33
Album825460,Album825460,itunes:us,1443595653,12,12,2164.226,,2026-10-05 06:52:27
Album825478,Album825478,deezer,1118608,5,5,2445,,2026-10-04 02:44:13
Album82549,Album82549,itunes:pl,1444125007,13,13,4461.652,,2026-10-05 03:38:50
Album8256417,Album8256417,deezer,42756741,17,17,3058,,2026-10-04 00:33:38
Album825769,Album825769,deezer,369989867,4,4,3597,,2026-10-03 23:59:21
Album8263855,Album8263855,deezer,96636772,11,11,2777,,2026-10-04 04:54:22
Album8266197,Album8266197,deezer,125044202,7,7,1230,,2026-10-04 00:56:59
Album826793,Album826793,youtube,p6Kzv3kqEIE,1,8,2545.141,8,2026-10-05 12:08:21
Album8269827,Album8269827,itunes:de,1238951783,6,6,3313.675,,2026-10-05 07:20:40
Album8270415,Album8270415,youtube,TxxP5iYCpCY,1,8,1800.681,6,2026-10-05 11:34:14
Album8270491,Album8270491,deezer,239287772,12,12,2606,,2026-10-04 00:27:31
Album8277704,Album8277704,deezer,626073591,18,18,3331,,2026-10-04 04:19:23
Album82787,Album82787,itunes:us,591312644,12,12,2657.894,,2026-10-05 04:03:37
Album82802,Album82802,deezer,70205742,14,14,2071,,2026-10-03 23:31:41
Album82812,Album82812,deezer,12407492,11,11,982,,2026-10-04 10:52:52
Album82818,Album82818,itunes:us,1081152415,10,10,2464.8,,2026-10-05 07:01:36
Album8282,Album8282,itunes:us,995157199,11,11,1969.904,,2026-10-05 03:56:18
Album8284,Album8284,deezer,6445366,12,12,1754,,2026-10-03 23:45:48
Album8288,Album8288,deezer,158435,11,11,4008,,2026-10-04 00:47:38
Album828822,Album828822,itunes:ca,1080059564,5,5,1182.507,,2026-10-05 07:06:33
Album82884,Album82884,deezer,324165,12,12,2737,,2026-10-04 00:31:59
Album829055,Album829055,itunes:es,208201011,12,12,3041.182,,2026-10-05 05:22:26
Album829056,Album829056,deezer,398613747,12,12,3174,,2026-10-03 23:44:31
Album829070,Album829070,deezer,923526701,8,7,2910,,2026-10-03 23:16:18
Album8291404,Album8291404,deezer,987628081,7,7,9303,,2026-10-03 22:29:07
Album82938,Album82938,deezer,1552380,18,18,1045,,2026-10-04 00:03:10
Album830807,Album830807,itunes:us,1708940858,35,35,7162.389,,2026-10-05 08:28:58
Album8309978,Album8309978,deezer,130563562,6,6,1765,,2026-10-04 00:30:35
Album83112,Album83112,itunes:us,161062517,10,10,3574.426,,2026-10-05 05:00:25
Album8313423,Album8313423,itunes:us,1242940533,18,18,4632.001,,2026-10-05 04:32:28
Album83145,Album83145,deezer,310449587,17,17,3133,,2026-10-03 23:08:54
Album831766,Album831766,itunes:us,501774736,5,5,3512.533,,2026-10-05 07:06:24
Album832042,Album832042,itunes:ca,1452515400,9,9,4009.441,,2026-10-05 04:27:08
Album83277,Album83277,deezer,69269152,10,10,2407,,2026-10-03 23:56:51
Album83351,Album83351,deezer,108213,16,16,3374,,2026-10-04 10:52:20
Album833523,Album833523,deezer,703969021,11,11,2435,,2026-10-04 03:07:06
Album83506,Album83506,itunes:us,274243513,6,6,1830,,2026-10-05 08:05:27
Album83528,Album83528,itunes:hu,83146601,17,17,4275.973,,2026-10-05 08:02:57
Album83550,Album83550,deezer,445936135,8,8,1284,,2026-10-04 00:22:52
Album8356542,Album8356542,itunes:us,1264031539,11,11,4024.41,,2026-10-05 06:54:20
Album83570,Album83570,itunes:us,210279971,12,12,4263.933,,2026-10-05 05:19:53
Album8359646,Album8359646,deezer,742539401,12,12,2898,,2026-10-04 03:45:12
Album836126,Album836126,itunes:us,718768975,9,9,2554.56,,2026-10-05 07:51:27
Album8362613,Album8362613,deezer,725450761,11,11,1662,,2026-10-04 04:46:36
Album836894,Album836894,itunes:us,296822599,8,8,3243.894,,2026-10-05 08:19:01
Album8370447,Album8370447,deezer,44267881,10,10,2167,,2026-10-03 23:05:41
Album837057,Album837057,deezer,10320132,11,11,2582,,2026-10-03 23:20:54
Album837479,Album837479,deezer,9806800,16,16,4432,,2026-10-03 23:27:46
Album8375260,Album8375260,itunes:us,1506994699,6,6,2746.214,,2026-10-05 07:20:44
Album83792,Album83792,itunes:us,412434822,10,10,1962.106,,2026-10-05 08:02:47
Album8382529,Album8382529,deezer,711047881,9,9,2133,,2026-10-04 10:55:25
Album838324,Album838324,itunes:us,1118672313,14,14,2213.458,,2026-10-05 08:27:22
Album8393752,Album8393752,itunes:gb,1333859431,47,47,5277.986,,2026-10-05 04:54:07
Album8394722,Album8394722,deezer,697753111,16,13,4584,,2026-10-04 00:47:13
Album8395071,Album8395071,itunes:us,1250563294,10,10,2475.243,,2026-10-05 07:04:30
Album84,Album84,deezer,901493712,9,9,2726,,2026-10-03 22:35:21
Album84059,Album84059,deezer,78617,41,41,8339,,2026-10-04 00:14:28
Album84082,Album84082,youtube,O3Sq1Ud1z90,1,8,3187.681,8,2026-10-05 10:50:13
Album8408220,Album8408220,deezer,106075752,5,5,2681,,2026-10-04 04:20:14
Album84098,Album84098,itunes:us,339628040,10,10,2727.083,,2026-10-05 05:09:29
Album8413794,Album8413794,itunes:us,1765290280,8,8,2022.795,,2026-10-05 03:28:18
Album8415839,Album8415839,itunes:us,1241483617,10,10,2245.44,,2026-10-05 03:23:13
Album8417,Album8417,deezer,5909551,12,12,1688,,2026-10-03 23:51:04
Album842268,Album842268,itunes:us,1440776206,6,6,3597.441,,2026-10-05 04:15:56
Album84231,Album84231,deezer,1217367,5,5,1904,,2026-10-03 23:17:36
Album8425478,Album8425478,deezer,46673272,11,11,2654,,2026-10-03 23:25:45
Album842610,Album842610,deezer,98253682,7,7,2496,,2026-10-03 22:40:03
Album84299,Album84299,deezer,1004031,25,25,2298,,2026-10-03 23:58:29
Album8430,Album8430,itunes:gb,1443642797,8,8,2527,,2026-10-05 06:42:25
Album8431905,Album8431905,deezer,48883662,14,14,3226,,2026-10-03 23:24:04
Album843376,Album843376,deezer,141424442,9,9,1660,,2026-10-04 03:22:58
Album8436,Album8436,deezer,5808821,30,30,5940,,2026-10-04 00:02:52
Album8436300,Album8436300,itunes:us,1594540581,9,9,2239.69,,2026-10-05 07:02:53
Album844173,Album844173,itunes:ca,309824718,12,12,2045.267,,2026-10-05 04:28:41
Album844285,Album844285,itunes:se,724303165,9,9,2910.827,,2026-10-05 08:16:07
Album84496,Album84496,deezer,226707972,15,15,4213,,2026-10-03 23:39:23
Album845146,Album845146,deezer,5302401,8,8,7769,,2026-10-03 22:54:47
Album8459684,Album8459684,itunes:us,1265279668,6,6,2756.267,,2026-10-05 07:22:23
Album846656,Album846656,itunes:ru,691910264,40,40,5712.531,,2026-10-05 08:01:43
Album846780,Album846780,itunes:jp,265661213,10,10,2934.267,,2026-10-05 05:09:55
Album846826,Album846826,itunes:es,1616114585,11,11,1990.236,,2026-10-05 08:04:11
Album84686,Album84686,itunes:ca,157329594,14,14,3871.559,,2026-10-05 07:01:07
Album8472318,Album8472318,deezer,1034011612,12,12,2351,,2026-10-04 03:34:45
Album84727,Album84727,itunes:us,1443884642,16,16,3754.222,,2026-10-05 06:28:47
Album84798,Album84798,itunes:us,1233876231,14,14,1828.399,,2026-10-05 08:08:37
Album848,Album848,deezer,7291375,16,16,3046,,2026-10-03 23:47:26
Album84856,Album84856,deezer,74906,16,16,2918,,2026-10-04 00:50:20
Album84874,Album84874,deezer,861597032,2,2,4314,,2026-10-03 22:35:02
Album84874,Album84874,youtube,Br3-VcGi4a8,1,8,4370.041,8,2026-10-05 18:37:03
Album8491734,Album8491734,deezer,45979112,11,11,2460,,2026-10-04 00:21:43
Album8496760,Album8496760,itunes:us,1570187494,7,7,2991.81,,2026-10-05 06:18:27
Album849936,Album849936,itunes:se,1452145248,6,6,4256,,2026-10-05 04:25:22
Album8503028,Album8503028,deezer,607455112,12,12,2884,,2026-10-03 23:06:04
Album8510167,Album8510167,deezer,159111012,12,12,3681,,2026-10-04 04:10:11
Album85121,Album85121,itunes:gb,510129517,3,3,2090.392,,2026-10-05 04:01:31
Album8514,Album8514,itunes:hu,41373447,16,16,6999.773,,2026-10-05 04:16:49
Album8516,Album8516,itunes:hu,43387660,9,9,4692.694,,2026-10-05 06:38:27
Album8518,Album8518,deezer,308586,10,10,2407,,2026-10-03 23:40:15
Album85242,Album85242,itunes:us,959708044,22,22,5040.564,,2026-10-05 04:03:45
Album85243,Album85243,itunes:us,959610774,33,33,5332.636,,2026-10-05 08:16:43
Album8526,Album8526,itunes:ar,723892763,10,10,2399.774,,2026-10-05 06:55:43
Album8527774,Album8527774,deezer,53043162,15,15,2776,,2026-10-03 22:43:38
Album853,Album853,deezer,369059967,10,10,3875,,2026-10-03 23:11:15
Album8530259,Album8530259,deezer,319207047,4,4,2793,,2026-10-04 03:15:05
Album8535391,Album8535391,deezer,1047960892,14,14,2320,,2026-10-03 23:34:10
Album85418,Album85418,deezer,713761661,12,12,2458,,2026-10-04 10:51:32
Album8542414,Album8542414,itunes:us,1027469884,4,4,2058.947,,2026-10-05 07:35:45
Album8544359,Album8544359,deezer,45999592,11,11,2376,,2026-10-03 23:56:55
Album8549,Album8549,youtube,q8DTuRdcy0k,1,8,2730.021,8,2026-10-05 11:24:47
Album8549640,Album8549640,youtube,Z3m7HXeiHpg,1,8,2283.881,8,2026-10-04 20:33:45
Album855,Album855,itunes:us,259593354,12,12,4057.478,,2026-10-05 07:41:33
Album85514,Album85514,itunes:us,1088459213,22,22,4605.066,,2026-10-05 07:31:45
Album85517,Album85517,deezer,823912491,8,8,2612,,2026-10-03 22:54:14
Album85533,Album85533,deezer,5942032,4,4,2293,,2026-10-04 00:26:11
Album85534,Album85534,itunes:ca,1443099112,3,3,2067.36,,2026-10-05 06:35:36
Album85534,Album85534,youtube,kWBVlfcPXho,1,8,2133.501,7,2026-10-05 19:10:00
Album855438,Album855438,deezer,6262756,1,1,2825,,2026-10-03 22:54:51
Album855438,Album855438,youtube,MvABt2uXRzY,1,8,2825.621,8,2026-10-05 18:47:07
Album8555268,Album8555268,itunes:us,1312798013,21,21,9358.097,,2026-10-05 03:17:08
Album85557,Album85557,deezer,960632,9,9,2118,,2026-10-03 23:08:58
Album856633,Album856633,deezer,597372822,12,12,2300,,2026-10-04 00:32:12
Album8569804,Album8569804,deezer,49276692,19,19,3974,,2026-10-03 23:49:50
Album857214,Album857214,itunes:ph,326546474,18,18,3582.139,,2026-10-05 07:12:19
Album8576,Album8576,deezer,858223732,4,4,2649,,2026-10-03 22:39:08
Album8581827,Album8581827,deezer,513896572,16,16,2735,,2026-10-03 23:21:50
Album85834,Album85834,deezer,82733302,7,7,2029,,2026-10-03 23:45:12
Album8587,Album8587,deezer,858223752,7,7,2303,,2026-10-03 22:33:29
Album858750,Album858750,youtube,6nl6ZKjBWrw,1,8,2449.881,8,2026-10-05 10:25:26
Album859257,Album859257,deezer,703969301,11,11,1857,,2026-10-04 03:12:12
Album859298,Album859298,deezer,1004141,11,11,3402,,2026-10-04 00:04:48
Album8595841,Album8595841,youtube,_VKN8hTiEo4,1,8,2028.021,7,2026-10-05 12:10:01
Album86,Album86,deezer,891183182,13,13,3644,,2026-10-04 02:55:47
Album860011,Album860011,itunes:us,288638412,17,17,4446.745,,2026-10-05 07:31:21
Album86007,Album86007,deezer,6959621,9,9,2589,,2026-10-03 23:39:46
Album86075,Album86075,deezer,378252427,10,10,2563,,2026-10-03 22:44:24
Album860766,Album860766,youtube,JA8lR8YzJOI,1,8,2074.041,7,2026-10-05 12:09:28
Album86079,Album86079,itunes:us,1640446854,8,8,3430.387,,2026-10-05 03:39:10
Album8608346,Album8608346,itunes:ca,1772612424,10,10,2469.72,,2026-10-05 07:04:13
Album86118,Album86118,itunes:ca,307509926,10,10,3756.427,,2026-10-05 07:59:28
Album8612,Album8612,itunes:us,1443185382,31,31,7253.734,,2026-10-05 04:00:58
Album86120,Album86120,itunes:hu,1443084968,4,4,2273.44,,2026-10-05 07:39:18
Album861368,Album861368,itunes:us,1024776102,16,16,4927.08,,2026-10-05 07:10:31
Album8615980,Album8615980,itunes:us,1752574120,158,158,56721.358,,2026-10-05 06:50:24
Album861756,Album861756,youtube,QwP-NFQQOIc,1,8,2521.501,8,2026-10-05 12:13:40
Album8619,Album8619,deezer,6253433,9,9,2132,,2026-10-03 23:34:44
Album862147,Album862147,itunes:us,273201535,14,14,2466.653,,2026-10-05 06:18:46
Album8624,Album8624,itunes:se,253700051,10,10,2750.04,,2026-10-05 07:08:48
Album86260,Album86260,deezer,368768857,7,7,2613,,2026-10-03 23:47:37
Album862967,Album862967,itunes:us,1243671055,10,10,2075.774,,2026-10-05 07:43:20
Album86348,Album86348,deezer,251539652,10,10,2043,,2026-10-04 00:17:49
Album8636302,Album8636302,deezer,767948461,7,7,2568,,2026-10-04 00:33:26
Album8636962,Album8636962,youtube,uIllFTnZ4Dc,1,8,2208.981,7,2026-10-05 11:48:52
Album8642770,Album8642770,deezer,728060881,6,6,2204,,2026-10-04 00:37:28
Album8645959,Album8645959,itunes:ie,1464515031,4,4,2619.689,,2026-10-05 08:25:02
Album86559,Album86559,itunes:us,6769518816,15,15,1523.001,,2026-10-05 04:27:57
Album86560,Album86560,itunes:us,6769520331,16,16,1498.027,,2026-10-05 05:10:01
Album86579,Album86579,itunes:gb,731963763,13,13,2144.52,,2026-10-05 07:38:00
Album866481,Album866481,deezer,57206292,16,16,3347,,2026-10-03 23:46:12
Album866482,Album866482,youtube,X0gyUOoS4n8,1,8,3167.061,8,2026-10-05 10:28:57
Album86707,Album86707,itunes:se,398912032,13,13,1832.413,,2026-10-05 03:26:25
Album86709,Album86709,itunes:my,1444179208,10,10,2911.879,,2026-10-05 03:22:48
Album86713,Album86713,itunes:ru,1470686409,21,21,3243.041,,2026-10-05 07:53:27
Album86724,Album86724,itunes:sa,206931011,15,15,3225,,2026-10-05 05:00:15
Album8683,Album8683,deezer,664137471,48,48,9670,,2026-10-03 23:10:30
Album868316,Album868316,itunes:hu,1385847978,9,9,3940.024,,2026-10-05 06:58:22
Album868553,Album868553,deezer,323497227,6,6,2570,,2026-10-04 04:02:32
Album8686986,Album8686986,youtube,egICE86n3xA,1,8,1849.181,6,2026-10-05 16:16:57
Album8687117,Album8687117,itunes:us,1281821853,52,52,6818.132,,2026-10-05 03:59:31
Album869303,Album869303,youtube,1tWoJJv6hys,1,8,3031.061,8,2026-10-05 09:47:54
Album869506,Album869506,deezer,1004219,13,13,2306,,2026-10-03 23:27:54
Album869771,Album869771,itunes:ru,544445052,9,9,3278.722,,2026-10-05 08:18:36
Album869879,Album869879,itunes:ar,583583946,9,9,3055.239,,2026-10-05 07:30:29
Album8700,Album8700,itunes:ca,1103002969,10,10,2305.026,,2026-10-05 07:30:10
Album870584,Album870584,itunes:us,1508288450,5,5,2616.293,,2026-10-05 05:03:50
Album87059,Album87059,itunes:gb,194025826,19,19,5615.812,,2026-10-05 04:25:48
Album87060,Album87060,deezer,301905,4,4,2409,,2026-10-03 22:48:19
Album8712599,Album8712599,itunes:us,1449797947,4,4,2212.652,,2026-10-05 06:58:07
Album8712751,Album8712751,itunes:us,1666630302,11,11,2940.853,,2026-10-05 03:30:19
Album871458,Album871458,itunes:gb,723146491,6,6,2568.648,,2026-10-05 04:07:57
Album871956,Album871956,itunes:gb,1296746883,8,8,2839,,2026-10-05 04:33:59
Album8725755,Album8725755,deezer,106714952,9,9,1856,,2026-10-04 00:18:38
Album87259,Album87259,itunes:us,121051922,11,11,2381.108,,2026-10-05 05:21:21
Album873781,Album873781,itunes:us,79577208,5,5,3384.254,,2026-10-05 08:14:27
Album8746,Album8746,deezer,903770162,12,12,3776,,2026-10-04 05:04:51
Album874757,Album874757,itunes:us,1435032195,8,8,2596.392,,2026-10-05 04:24:15
Album87478,Album87478,deezer,820098021,16,16,2589,,2026-10-04 03:22:10
Album875344,Album875344,itunes:us,1671200489,2,2,462.139,,2026-10-05 08:07:04
Album8754,Album8754,deezer,93733552,10,10,2295,,2026-10-04 01:06:19
Album875743,Album875743,itunes:hk,1533959284,10,10,2652.334,,2026-10-05 06:41:27
Album8758,Album8758,itunes:us,1422655717,8,8,2022.462,,2026-10-05 03:56:22
Album8759989,Album8759989,deezer,148656322,10,10,1290,,2026-10-03 23:04:55
Album87697,Album87697,deezer,4577391,12,12,3912,,2026-10-04 01:07:04
Album8770138,Album8770138,deezer,258850712,42,42,5666,,2026-10-04 02:42:03
Album8773318,Album8773318,deezer,53490122,8,8,2209,,2026-10-03 23:41:55
Album877334,Album877334,itunes:us,1667432044,15,15,3991.652,,2026-10-05 04:25:18
Album87767,Album87767,itunes:au,839814822,8,8,3370.667,,2026-10-05 07:23:14
Album877742,Album877742,deezer,56128062,10,10,2738,,2026-10-03 23:33:11
Album8777741,Album8777741,itunes:us,1328131455,48,48,5888.558,,2026-10-05 04:23:45
Album8778911,Album8778911,youtube,PLiL-EhqJaCG5sXdVktkb1emT_e2XuiYh6,19,8,2816.099,8,2026-10-06 01:18:43
Album878054,Album878054,youtube,R-5koLtMy98,1,8,3362.461,8,2026-10-05 08:52:24
Album87821,Album87821,deezer,652041081,8,8,2242,,2026-10-04 00:08:29
Album8786836,Album8786836,youtube,Jd6f_8DQ0xI,1,8,4008.301,8,2026-10-04 20:56:52
Album87880,Album87880,deezer,320194727,13,13,2656,,2026-10-04 00:43:25
Album87881,Album87881,itunes:us,1733184419,9,9,2388.227,,2026-10-05 06:21:45
Album87896,Album87896,itunes:se,987070615,10,10,1993.56,,2026-10-05 06:33:57
Album879011,Album879011,deezer,320891327,19,19,3541,,2026-10-04 00:55:20
Album87902,Album87902,youtube,pfWVfH9NbW0,1,8,5508.661,8,2026-10-05 10:41:21
Album879584,Album879584,itunes:ca,475798588,2,2,2588.84,,2026-10-05 03:37:01
Album8799,Album8799,deezer,122901,6,6,3246,,2026-10-03 22:49:26
Album880520,Album880520,itunes:gb,278710398,8,8,2200.373,,2026-10-05 07:09:30
Album881551,Album881551,youtube,88h5noIWACg,1,8,3170.761,8,2026-10-05 09:00:07
Album8817339,Album8817339,deezer,868065112,14,14,3031,,2026-10-03 23:04:19
Album8825,Album8825,itunes:us,724148107,8,8,2793.106,,2026-10-05 07:17:05
Album8826,Album8826,itunes:se,1615203231,6,6,2532.753,,2026-10-05 06:32:18
Album8826370,Album8826370,deezer,55790622,84,84,28529,,2026-10-03 22:30:57
Album88271,Album88271,youtube,zyrefoqcBLc,1,8,3086.141,8,2026-10-05 15:44:02
Album882993,Album882993,itunes:us,693720856,11,11,2915.588,,2026-10-05 08:19:56
Album883024,Album883024,itunes:ca,1522953725,10,10,2164.108,,2026-10-05 05:05:58
Album8833667,Album8833667,youtube,ml6H7LEjoaE,1,8,2927.107,8,2026-10-05 14:48:38
Album883454,Album883454,deezer,180086,7,7,2405,,2026-10-03 22:37:46
Album883653,Album883653,itunes:us,285630526,12,12,2457.52,,2026-10-05 05:19:00
Album88413,Album88413,itunes:us,1562580557,14,14,2598.433,,2026-10-05 04:39:45
Album8847517,Album8847517,deezer,89230112,11,11,2288,,2026-10-04 00:13:44
Album88508,Album88508,deezer,181915142,21,21,3591,,2026-10-03 22:41:15
Album885312,Album885312,itunes:jp,265660438,11,11,3103.334,,2026-10-05 07:37:26
Album88579,Album88579,itunes:us,365400149,12,12,4170.571,,2026-10-05 06:39:17
Album88584,Album88584,itunes:gb,1385305936,13,13,3355.334,,2026-10-05 03:58:57
Album88585,Album88585,itunes:gb,1385320232,11,11,2788.68,,2026-10-05 03:56:36
Album885925,Album885925,deezer,329142557,11,11,3041,,2026-10-03 23:30:36
Album885927,Album885927,deezer,57232992,9,9,4137,,2026-10-04 00:37:20
Album885930,Album885930,deezer,140030982,15,15,4042,,2026-10-03 23:41:05
Album8860693,Album8860693,youtube,6s0_soasAtA,1,8,2910.261,8,2026-10-04 20:51:28
Album8861,Album8861,deezer,860834922,17,17,4973,,2026-10-03 22:57:30
Album88663,Album88663,itunes:gb,1705730537,4,4,2321.601,,2026-10-05 04:07:40
Album8869273,Album8869273,deezer,950759321,11,11,1819,,2026-10-04 00:54:01
Album886985,Album886985,deezer,956766411,9,9,2740,,2026-10-04 03:36:42
Album88710,Album88710,itunes:us,257209718,7,7,2063.547,,2026-10-05 07:25:38
Album8872,Album8872,deezer,350542,11,11,3007,,2026-10-04 00:33:02
Album8873,Album8873,itunes:us,724688750,10,10,2478.893,,2026-10-05 08:23:52
Album8874,Album8874,itunes:us,724742911,12,12,2612.079,,2026-10-05 07:20:25
Album887432,Album887432,itunes:us,394774149,12,12,3309.788,,2026-10-05 07:37:31
Album887673,Album887673,deezer,50492282,19,19,4049,,2026-10-03 23:30:13
Album88802,Album88802,itunes:jp,6811755868,19,19,3478.2,,2026-10-05 03:30:58
Album88839,Album88839,deezer,520381732,18,18,8440,,2026-10-04 00:25:37
Album88882,Album88882,itunes:es,1296520837,14,14,1753.753,,2026-10-05 07:58:15
Album888907,Album888907,youtube,cx-kmQUVHas,1,8,4130.021,8,2026-10-05 17:01:18
Album8891,Album8891,itunes:es,730848986,11,11,2533.547,,2026-10-05 08:08:09
Album88930,Album88930,itunes:us,214073280,20,20,4583.866,,2026-10-05 08:19:51
Album8893294,Album8893294,itunes:us,1496271426,40,40,7192.61,,2026-10-05 07:13:15
Album889845,Album889845,deezer,996645311,7,7,1619,,2026-10-03 22:40:31
Album89010,Album89010,deezer,231835,14,14,2348,,2026-10-04 00:00:54
Album89031,Album89031,deezer,493440621,5,5,3356,,2026-10-03 22:42:48
Album890498,Album890498,youtube,JZr68gP_Mss,1,8,2480.741,8,2026-10-05 12:23:07
Album89063,Album89063,itunes:gb,336036941,13,13,2109.124,,2026-10-05 05:03:17
Album8909653,Album8909653,youtube,5P1Q2jzteYk,1,8,4344.361,8,2026-10-05 09:09:03
Album8910922,Album8910922,itunes:ru,1336801198,6,6,4789.511,,2026-10-05 03:38:39
Album891106,Album891106,itunes:us,1447188617,18,18,5687.095,,2026-10-05 04:47:29
Album891139,Album891139,itunes:us,720113157,10,10,8061.494,,2026-10-05 05:06:54
Album89120,Album89120,youtube,8iaOmN-8pco,1,8,3632.881,8,2026-10-05 11:09:27
Album8912249,Album8912249,itunes:us,1334270507,6,6,2615.899,,2026-10-05 07:04:21
Album89137,Album89137,itunes:us,855019687,13,13,2031.36,,2026-10-05 08:07:54
Album8917472,Album8917472,itunes:jp,1615260012,9,9,2214.218,,2026-10-05 07:38:41
Album891829,Album891829,youtube,AkWoWHY3q5A,1,8,2164.921,7,2026-10-05 11:41:23
Album89265,Album89265,deezer,246877,8,8,1970,,2026-10-04 00:56:05
Album89278,Album89278,itunes:us,276134045,10,10,2435.708,,2026-10-05 07:28:37
Album892791,Album892791,youtube,zQXohAyTV0Q,1,8,5754.001,8,2026-10-05 09:13:34
Album89288,Album89288,deezer,40761691,12,12,3211,,2026-10-03 23:47:50
Album892911,Album892911,itunes:pl,1608908077,6,6,2633.52,,2026-10-05 04:56:17
Album893014,Album893014,youtube,lU6PbEg6YRk,1,8,5153.261,8,2026-10-05 09:42:04
Album893485,Album893485,youtube,NymFMiZa9ww,1,8,3894.961,8,2026-10-05 09:26:31
Album89422,Album89422,itunes:us,265676560,9,9,2600.227,,2026-10-05 07:51:36
Album89424,Album89424,itunes:se,808275311,9,9,2218.6,,2026-10-05 04:38:13
Album89427,Album89427,itunes:br,808272908,9,9,2475.292,,2026-10-05 04:57:26
Album894278,Album894278,deezer,176655632,11,11,2893,,2026-10-04 00:10:32
Album89429,Album89429,itunes:br,713990882,9,9,2000.934,,2026-10-05 07:29:07
Album89431,Album89431,deezer,7371945,10,10,2440,,2026-10-03 22:55:19
Album89474,Album89474,itunes:se,1570201226,12,12,2890.19,,2026-10-05 07:44:51
Album8953258,Album8953258,deezer,68746501,9,9,2837,,2026-10-04 00:24:45
Album895331,Album895331,itunes:us,1005044674,16,16,2087.567,,2026-10-05 06:58:29
Album89550,Album89550,deezer,11661456,2,2,2006,,2026-10-04 01:03:52
Album89550,Album89550,youtube,2WbR8M7nHp8,1,8,2007.221,7,2026-10-05 19:39:42
Album89582,Album89582,itunes:us,161064001,14,14,3105.093,,2026-10-05 03:35:37
Album89596,Album89596,itunes:jp,486688742,10,10,2271.627,,2026-10-05 06:26:11
Album896,Album896,itunes:gb,1444083914,12,12,2589.553,,2026-10-05 07:50:50
Album89602,Album89602,deezer,617346311,14,14,4438,,2026-10-04 03:18:25
Album89603,Album89603,deezer,617346361,9,9,2303,,2026-10-04 03:21:40
Album89605,Album89605,itunes:jp,1405884295,11,11,2232.827,,2026-10-05 08:29:18
Album896694,Album896694,deezer,67177962,6,6,2776,,2026-10-03 22:38:01
Album89677,Album89677,deezer,328370,9,9,1765,,2026-10-03 23:39:27
Album8971847,Album8971847,deezer,53193062,10,10,3398,,2026-10-04 00:59:52
Album8981309,Album8981309,deezer,787654061,47,47,6391,,2026-10-03 22:49:42
Album8996,Album8996,deezer,75099372,10,10,3000,,2026-10-03 23:07:11
Album899785,Album899785,itunes:us,270942590,8,8,2192.227,,2026-10-05 05:09:45
Album8998702,Album8998702,deezer,785530641,10,10,3588,,2026-10-03 22:40:21
Album8998788,Album8998788,deezer,513896542,4,4,5240,,2026-10-04 00:20:13
Album8999,Album8999,itunes:us,311005836,9,9,2688.242,,2026-10-05 08:06:08
Album900,Album900,itunes:us,1251495447,15,15,2385.908,,2026-10-05 03:33:55
Album901332,Album901332,itunes:us,724359122,7,7,2372.6,,2026-10-05 06:43:35
Album9014,Album9014,itunes:us,1439695951,27,27,6129.893,,2026-10-05 06:55:09
Album901577,Album901577,itunes:us,1191604913,39,39,8924.255,,2026-10-05 03:57:56
Album901578,Album901578,deezer,95719542,23,23,4519,,2026-10-03 23:08:11
Album9022132,Album9022132,deezer,663030591,12,12,4189,,2026-10-04 00:50:45
Album90237,Album90237,itunes:se,1583961717,6,6,2058.91,,2026-10-05 07:28:22
Album90261,Album90261,deezer,160677,5,5,2659,,2026-10-04 00:06:23
Album9030695,Album9030695,deezer,831189171,9,9,2650,,2026-10-04 01:03:19
Album903349,Album903349,deezer,618039611,4,4,4052,,2026-10-04 04:00:58
Album90361,Album90361,youtube,rN1x-C8uAAo,1,8,2610.141,8,2026-10-05 11:29:47
Album90362,Album90362,itunes:cz,5510817,10,10,2581.074,,2026-10-05 07:24:27
Album9048853,Album9048853,deezer,102692612,7,7,2718,,2026-10-04 00:18:15
Album9055221,Album9055221,itunes:us,511832920,50,50,7056.824,,2026-10-05 04:57:05
Album905552,Album905552,deezer,1014781,7,7,3879,,2026-10-04 00:17:00
Album906124,Album906124,itunes:us,1661439739,2,2,2248.806,,2026-10-05 07:33:17
Album906124,Album906124,youtube,ZLMmhTq3VdY,1,8,2249.141,7,2026-10-05 19:26:57
Album90704,Album90704,deezer,368711027,7,7,2396,,2026-10-04 00:58:13
Album90705,Album90705,itunes:us,1570084770,16,16,4774.893,,2026-10-05 03:57:00
Album907284,Album907284,itunes:ca,1570618015,15,15,3091.76,,2026-10-05 04:33:02
Album90753,Album90753,itunes:ca,215524840,8,8,3178.946,,2026-10-05 06:28:15
Album907582,Album907582,deezer,503981761,9,9,3971,,2026-10-04 00:44:18
Album9076030,Album9076030,deezer,59907822,17,17,2904,,2026-10-03 23:31:24
Album9085437,Album9085437,deezer,614334032,10,10,2495,,2026-10-03 23:59:09
Album9085516,Album9085516,deezer,60322892,15,15,2785,,2026-10-03 23:32:41
Album9086,Album9086,itunes:ru,214136665,9,9,3830.266,,2026-10-05 08:03:29
Album90904,Album90904,itunes:us,929341878,14,14,2816.466,,2026-10-05 07:08:35
Album9093,Album9093,itunes:us,79773890,10,10,2497.827,,2026-10-05 07:36:24
Album9097015,Album9097015,itunes:us,1339356298,10,10,2299.804,,2026-10-05 07:51:23
Album910136,Album910136,deezer,544751202,13,13,1489,,2026-10-04 00:15:21
Album911195,Album911195,deezer,473893,24,24,3744,,2026-10-03 23:55:47
Album91171,Album91171,deezer,321913,10,10,3776,,2026-10-03 23:48:15
Album9126496,Album9126496,deezer,10746614,15,15,3959,,2026-10-03 23:08:07
Album9129504,Album9129504,itunes:ca,1355743287,18,18,3188.475,,2026-10-05 04:24:25
Album9130405,Album9130405,deezer,523995092,11,11,2364,,2026-10-04 03:19:57
Album91325,Album91325,deezer,901404962,3,3,6159,,2026-10-04 03:34:20
Album91325,Album91325,youtube,I1nKVExbewM,1,8,6155.821,8,2026-10-05 19:10:44
Album9134,Album9134,deezer,382919757,23,23,3769,,2026-10-03 22:37:33
Album914292,Album914292,itunes:us,1452540560,15,15,3726.467,,2026-10-05 04:33:22
Album9147599,Album9147599,deezer,63977342,12,12,3893,,2026-10-03 22:57:08
Album915,Album915,itunes:us,335254356,12,12,1953.236,,2026-10-05 07:23:56
Album9151198,Album9151198,deezer,513899432,4,4,5157,,2026-10-03 22:52:39
Album9159282,Album9159282,deezer,70963242,10,10,7195,,2026-10-04 00:07:47
Album9159294,Album9159294,deezer,70963252,5,5,7198,,2026-10-03 23:26:13
Album91638,Album91638,deezer,720624491,9,9,3655,,2026-10-04 02:56:14
Album91642,Album91642,deezer,7269985,12,12,2236,,2026-10-04 04:08:10
Album91648,Album91648,itunes:se,1442305002,10,10,1977.24,,2026-10-05 05:10:54
Album91650,Album91650,deezer,334812,11,11,2195,,2026-10-03 22:40:11
Album91651,Album91651,itunes:se,1231409179,10,10,1958.413,,2026-10-05 05:20:47
Album9168800,Album9168800,youtube,ISqgJcRVGcs,1,8,1977.621,7,2026-10-05 09:59:07
Album916948,Album916948,itunes:ca,1007550755,12,12,3037.241,,2026-10-05 07:07:49
Album91785,Album91785,youtube,SV4Uy-3b0c8,1,8,6827.581,8,2026-10-05 11:26:36
Album9181349,Album9181349,deezer,67208802,7,7,3696,,2026-10-04 01:04:55
Album9186577,Album9186577,deezer,861498342,6,6,3183,,2026-10-04 00:35:58
Album919,Album919,deezer,129165772,10,10,2331,,2026-10-03 22:27:56
Album919372,Album919372,itunes:us,1720704718,10,10,2779.131,,2026-10-05 03:26:07
Album91941,Album91941,itunes:se,1452552773,12,12,2276.599,,2026-10-05 04:25:03
Album919624,Album919624,deezer,361863617,25,22,3672,,2026-10-03 23:27:41
Album9197277,Album9197277,deezer,287504492,16,16,2905,,2026-10-04 00:54:39
Album9199605,Album9199605,deezer,778050431,47,47,6228,,2026-10-03 23:03:11
Album92035,Album92035,itunes:us,1719851587,10,10,3187.695,,2026-10-05 08:25:07
Album92046,Album92046,youtube,K7L3ZlkJT8M,1,8,4498.121,8,2026-10-04 20:37:58
Album9207722,Album9207722,itunes:us,1378300346,25,25,9728.168,,2026-10-05 06:21:22
Album9211168,Album9211168,youtube,jjDknFLE1Uk,1,8,1877.881,6,2026-10-05 09:35:11
Album921350,Album921350,deezer,660230921,10,10,2782,,2026-10-03 22:52:35
Album921893,Album921893,deezer,251656,12,12,2591,,2026-10-04 00:53:29
Album92192,Album92192,itunes:ru,298724886,4,4,3293.907,,2026-10-05 06:56:26
Album922179,Album922179,itunes:gb,1442236625,9,9,2411.639,,2026-10-05 05:14:38
Album9223916,Album9223916,itunes:ru,1478768237,8,8,3363.705,,2026-10-05 08:18:01
Album9234383,Album9234383,deezer,60776942,11,11,1652,,2026-10-03 23:42:20
Album9238865,Album9238865,itunes:ru,1382590748,10,10,2316.279,,2026-10-05 05:09:40
Album924143,Album924143,deezer,55849422,9,9,3308,,2026-10-03 22:56:37
Album9242758,Album9242758,itunes:us,1395958473,15,15,5067.941,,2026-10-05 04:49:59
Album925,Album925,deezer,636080331,10,10,2876,,2026-10-04 04:20:04
Album9251176,Album9251176,youtube,BpE__TdvDBc,1,8,10260.541,8,2026-10-05 11:23:45
Album9252665,Album9252665,deezer,68052032,14,14,1954,,2026-10-04 00:20:09
Album9256728,Album9256728,deezer,73227952,11,11,1813,,2026-10-03 23:24:32
Album926344,Album926344,deezer,623292171,25,25,1661,,2026-10-03 22:55:08
Album9264945,Album9264945,deezer,299372622,6,6,2053,,2026-10-04 03:24:26
Album92735,Album92735,deezer,848289142,3,3,3013,,2026-10-03 22:41:23
Album92735,Album92735,youtube,QE9vsRunCyU,1,8,3028.041,8,2026-10-05 18:39:45
Album92748,Album92748,deezer,440532397,3,3,2412,,2026-10-03 23:31:33
Album92748,Album92748,youtube,b_ZU9PzX39c,1,8,2437.481,8,2026-10-05 19:02:34
Album92767,Album92767,itunes:us,553696849,23,23,7628.921,,2026-10-05 03:30:00
Album92804,Album92804,itunes:us,170349527,6,6,3135.6,,2026-10-05 07:11:08
Album928808,Album928808,deezer,848301102,7,7,2594,,2026-10-03 22:49:18
Album929,Album929,deezer,72086162,19,19,3869,,2026-10-04 04:33:23
Album9294334,Album9294334,itunes:au,1370149326,13,13,3746.309,,2026-10-05 07:52:28
Album9295281,Album9295281,deezer,625353241,15,15,2819,,2026-10-03 23:20:23
Album9304732,Album9304732,itunes:us,1387533638,11,11,2747.993,,2026-10-05 07:13:47
Album9305977,Album9305977,deezer,620183461,16,16,3733,,2026-10-04 00:51:09
Album9311019,Album9311019,itunes:ru,1432170369,7,7,2868.039,,2026-10-05 05:08:29
Album93140,Album93140,deezer,569383871,9,9,2895,,2026-10-04 01:08:45
Album9323570,Album9323570,itunes:ca,1412006984,14,14,5326.426,,2026-10-05 07:44:17
Album9324566,Album9324566,itunes:pl,1391898131,11,11,2935.596,,2026-10-05 07:54:27
Album933443,Album933443,itunes:us,485497132,12,12,4052.068,,2026-10-05 06:28:24
Album934,Album934,deezer,708679,11,11,2782,,2026-10-03 23:12:09
Album9340411,Album9340411,deezer,65411712,4,4,4079,,2026-10-04 00:53:53
Album9349,Album9349,itunes:us,1439223872,13,13,2412.507,,2026-10-05 04:22:48
Album9351,Album9351,deezer,671037,12,12,3398,,2026-10-04 01:03:48
Album93518,Album93518,deezer,440738267,11,11,2249,,2026-10-03 23:01:33
Album935343,Album935343,itunes:us,1438422692,23,23,4386.629,,2026-10-05 03:31:37
Album9354850,Album9354850,deezer,49004632,19,19,3138,,2026-10-03 23:07:32
Album93594,Album93594,itunes:gb,343051313,6,6,3089.783,,2026-10-05 07:29:43
Album9370,Album9370,deezer,5909501,11,11,1620,,2026-10-04 00:47:26
Album9375533,Album9375533,itunes:ru,1449032341,8,8,3273.641,,2026-10-05 03:33:24
Album937868,Album937868,deezer,523006022,14,14,3592,,2026-10-03 23:09:29
Album9384,Album9384,deezer,84945052,14,14,3588,,2026-10-04 00:10:27
Album93842,Album93842,deezer,494018451,7,7,3040,,2026-10-04 00:13:13
Album938913,Album938913,itunes:do,1221853662,9,9,2029.2,,2026-10-05 06:21:03
Album93931,Album93931,itunes:us,1485027242,11,11,2240.492,,2026-10-05 05:10:32
Album939489,Album939489,deezer,302819,13,13,3583,,2026-10-04 00:41:17
Album939556,Album939556,deezer,250227702,13,13,3402,,2026-10-03 23:08:02
Album939559,Album939559,deezer,250228372,11,11,2944,,2026-10-04 00:38:25
Album939575,Album939575,deezer,252236252,20,20,5165,,2026-10-03 22:53:04
Album9395895,Album9395895,deezer,69352202,13,13,3514,,2026-10-03 22:40:52
Album9396105,Album9396105,itunes:us,1664274462,5,5,1832.066,,2026-10-05 06:29:35
Album939741,Album939741,itunes:au,1460293363,7,7,3056.467,,2026-10-05 07:03:12
Album9402,Album9402,itunes:us,6561953,13,13,3280.108,,2026-10-05 07:05:46
Album94035,Album94035,deezer,912091601,12,12,2329,,2026-10-03 23:26:18
Album9410,Album9410,itunes:us,1585357196,9,9,3105.879,,2026-10-05 06:57:42
Album9411,Album9411,deezer,2795081,12,12,3827,,2026-10-03 23:32:37
Album9413241,Album9413241,deezer,70434182,16,16,2963,,2026-10-04 01:08:26
Album94153,Album94153,deezer,310451407,13,13,3590,,2026-10-04 00:47:43
Album94167,Album94167,itunes:us,1448827657,14,14,2858.52,,2026-10-05 07:37:46
Album941752,Album941752,itunes:ca,1511457279,9,9,5180.474,,2026-10-05 06:57:19
Album94179,Album94179,itunes:ca,318240621,4,4,2593.774,,2026-10-05 04:39:30
Album94186,Album94186,itunes:us,1443231484,6,6,2394.494,,2026-10-05 07:37:06
Album942759,Album942759,itunes:jp,177322283,15,15,2576.115,,2026-10-05 03:25:28
Album9428661,Album9428661,itunes:us,1451170074,5,5,2871.739,,2026-10-05 03:20:33
Album94297,Album94297,deezer,413122057,13,13,3022,,2026-10-03 23:25:12
Album943238,Album943238,itunes:us,1447489167,11,11,4345.519,,2026-10-05 03:37:05
Album94331,Album94331,youtube,BM-meJ0SnRs,1,8,2490.841,8,2026-10-05 16:11:10
Album94334,Album94334,youtube,jiwkS_YHcNo,1,8,3238.681,8,2026-10-05 10:00:08
Album94335,Album94335,youtube,LrXKSDd5GRA,1,8,4199.421,8,2026-10-05 10:39:50
Album943474,Album943474,deezer,768276221,7,7,2060,,2026-10-04 02:53:39
Album9436,Album9436,deezer,819907731,13,13,2628,,2026-10-04 00:15:09
Album9441,Album9441,itunes:us,1473856760,4,4,4412.961,,2026-10-05 04:09:17
Album94411,Album94411,itunes:us,159445420,8,8,2852.56,,2026-10-05 06:46:42
Album9441326,Album9441326,deezer,100535262,8,8,2645,,2026-10-03 22:28:32
Album9446198,Album9446198,youtube,HMvsr_HGzsI,1,8,2693.021,8,2026-10-05 09:24:14
Album944687,Album944687,itunes:se,1428811891,44,44,22462.599,,2026-10-05 04:24:02
Album9447720,Album9447720,itunes:us,93372644,12,12,3081.428,,2026-10-05 04:22:13
Album9448189,Album9448189,itunes:us,1435516513,41,41,13180.966,,2026-10-05 04:17:27
Album94507,Album94507,youtube,buGWI32e9sc,1,8,4314.701,8,2026-10-05 10:37:34
Album94519,Album94519,itunes:ca,1533707240,12,12,2119.52,,2026-10-05 04:17:02
Album9452913,Album9452913,itunes:ca,260841629,15,15,3636.906,,2026-10-05 04:57:31
Album9456,Album9456,itunes:se,251465704,12,12,2968.734,,2026-10-05 07:00:26
Album9456637,Album9456637,deezer,725459731,10,10,1943,,2026-10-04 04:31:35
Album9459,Album9459,deezer,816415011,8,8,1987,,2026-10-03 23:36:04
Album9460063,Album9460063,deezer,824385551,10,10,2018,,2026-10-04 00:26:31
Album946560,Album946560,itunes:us,675920423,10,10,2168.4,,2026-10-05 07:56:16
Album946562,Album946562,itunes:us,675526572,11,11,2065.96,,2026-10-05 07:32:31
Album946567,Album946567,itunes:us,675470538,10,10,2071.707,,2026-10-05 05:19:05
Album947336,Album947336,deezer,387562727,10,10,2847,,2026-10-04 00:52:39
Album9483451,Album9483451,deezer,911387941,6,6,4785,,2026-10-04 03:13:13
Album9484731,Album9484731,deezer,903505932,6,6,1903,,2026-10-04 05:16:06
Album9489238,Album9489238,itunes:us,1423180467,10,10,1967.652,,2026-10-05 05:09:19
Album94954,Album94954,deezer,523207232,4,4,2455,,2026-10-04 00:37:40
Album9499072,Album9499072,youtube,ZW42-tMm5gs,1,8,2973.381,8,2026-10-05 14:52:04
Album95102,Album95102,itunes:hu,59390633,6,6,2654.36,,2026-10-05 07:05:23
Album951109,Album951109,itunes:us,1452907231,18,18,2492.425,,2026-10-05 04:51:23
Album95142,Album95142,itunes:us,1786209503,7,7,3142.616,,2026-10-05 06:23:19
Album95144,Album95144,deezer,703964561,9,9,2540,,2026-10-04 00:38:01
Album9522851,Album9522851,itunes:cl,1164410728,10,10,3678.381,,2026-10-05 04:36:32
Album9525868,Album9525868,itunes:gb,1425627253,15,15,2023.862,,2026-10-05 04:53:17
Album95260,Album95260,itunes:gb,1443511561,8,8,2707.493,,2026-10-05 08:29:41
Album9527161,Album9527161,youtube,9ZTPn5u5gdM,1,8,2793.021,8,2026-10-05 09:36:32
Album95282,Album95282,itunes:us,1444078504,8,8,2466,,2026-10-05 06:36:13
Album9528585,Album9528585,deezer,304589327,9,9,2202,,2026-10-04 00:13:09
Album95337,Album95337,deezer,89203572,11,11,1721,,2026-10-04 00:47:09
Album9539024,Album9539024,itunes:us,1429971639,10,10,2520.48,,2026-10-05 07:08:40
Album954260,Album954260,deezer,494170671,11,11,3325,,2026-10-03 23:39:00
Album9542871,Album9542871,deezer,67996652,8,8,1835,,2026-10-03 23:16:34
Album9545524,Album9545524,itunes:ca,1399137312,14,14,3205.028,,2026-10-05 07:35:49
Album9550232,Album9550232,deezer,552829992,17,17,3524,,2026-10-04 03:39:08
Album9551856,Album9551856,deezer,68214801,22,22,5399,,2026-10-04 01:04:01
Album95559,Album95559,deezer,329661,4,4,2431,,2026-10-03 23:33:41
Album9564798,Album9564798,itunes:ca,1745118370,43,43,8814.893,,2026-10-05 04:38:28
Album9565861,Album9565861,deezer,89730212,10,10,3639,,2026-10-03 23:58:53
Album9573,Album9573,deezer,404708,11,11,2556,,2026-10-04 00:09:10
Album957597,Album957597,deezer,548659902,30,30,4381,,2026-10-03 22:40:55
Album9579858,Album9579858,itunes:us,1437454217,4,4,1882.805,,2026-10-05 08:21:52
Album95821,Album95821,itunes:us,41375898,9,9,2499.534,,2026-10-05 06:26:07
Album9587158,Album9587158,itunes:fr,1438509953,17,17,3725.558,,2026-10-05 07:19:56
Album9589746,Album9589746,itunes:us,1505514916,17,17,1847.392,,2026-10-05 06:37:20
Album95916,Album95916,itunes:gb,966489223,12,12,3429.959,,2026-10-05 05:04:38
Album960225,Album960225,youtube,8kDG_8Pyc8U,1,8,2194.601,7,2026-10-05 09:07:24
Album96091,Album96091,itunes:hu,277069240,6,6,3740.026,,2026-10-05 08:16:39
Album9612515,Album9612515,deezer,79692212,6,6,2851,,2026-10-04 00:20:17
Album9615203,Album9615203,youtube,6BeWMUMzInI,1,8,4089.681,8,2026-10-05 09:19:37
Album961648,Album961648,itunes:hu,723586940,6,6,2429.466,,2026-10-05 07:50:04
Album96182,Album96182,itunes:gb,1445881281,8,8,2337.587,,2026-10-05 06:55:19
Album962161,Album962161,deezer,53395732,13,13,2253,,2026-10-04 00:16:23
Album96265,Album96265,itunes:us,1636944910,19,19,3666.174,,2026-10-05 06:34:45
Album96382,Album96382,itunes:us,674029177,10,10,3537.281,,2026-10-05 07:16:35
Album9641028,Album9641028,itunes:fi,1435313423,21,21,8783.865,,2026-10-05 04:37:54
Album964271,Album964271,deezer,69856462,8,8,2757,,2026-10-03 22:35:12
Album9642901,Album9642901,itunes:ca,1440643250,11,11,1282.625,,2026-10-05 06:38:13
Album96436,Album96436,itunes:ru,1111288099,14,14,3105.902,,2026-10-05 03:16:57
Album96560,Album96560,itunes:hu,696916117,8,8,4433.254,,2026-10-05 06:54:00
Album96615,Album96615,itunes:us,1444007897,10,10,2704.921,,2026-10-05 07:49:35
Album9662313,Album9662313,youtube,4tbXisC4Gw0,1,8,1862.241,6,2026-10-05 14:59:59
Album96636,Album96636,deezer,755717781,17,17,4626,,2026-10-04 04:04:13
Album96641,Album96641,deezer,413338487,12,12,2239,,2026-10-04 00:40:18
Album96679,Album96679,itunes:hu,1443215206,8,8,2377.973,,2026-10-05 06:48:42
Album967237,Album967237,youtube,mwmFe_Jt3RE,1,8,2930.341,8,2026-10-05 16:34:37
Album9675839,Album9675839,deezer,369462167,9,9,2192,,2026-10-04 00:41:09
Album9676,Album9676,youtube,OLAK5uy_kushs4cemsyi45bVouP3lePrXAI75S7XM,52,8,15043.872,8,2026-10-06 01:26:45
Album968480,Album968480,itunes:us,1044651079,11,11,2680.958,,2026-10-05 06:55:57
Album968738,Album968738,deezer,111036742,12,12,3026,,2026-10-03 22:55:54
Album969142,Album969142,itunes:ru,266822682,14,14,5029.68,,2026-10-05 07:15:27
Album96956,Album96956,deezer,1494985,9,9,2417,,2026-10-04 03:08:26
Album9697112,Album9697112,deezer,219514722,5,5,2676,,2026-10-04 05:10:07
Album9701730,Album9701730,deezer,236883962,40,40,2438,,2026-10-03 23:31:04
Album9703273,Album9703273,itunes:de,1440226271,23,23,3211.395,,2026-10-05 06:43:44
Album9707029,Album9707029,itunes:us,1492031885,10,10,2290.953,,2026-10-05 08:01:06
Album9710415,Album9710415,itunes:us,1459697165,12,12,2567.159,,2026-10-05 06:49:11
Album971149,Album971149,itunes:us,6779893135,12,12,1826.614,,2026-10-05 07:23:26
Album971523,Album971523,itunes:us,264391243,10,10,3201.974,,2026-10-05 07:44:22
Album97183,Album97183,itunes:us,1488015313,13,13,3437.693,,2026-10-05 07:33:26
Album97348,Album97348,itunes:us,1440832384,13,13,1863.534,,2026-10-05 07:57:00
Album9736228,Album9736228,deezer,345243097,16,16,3713,,2026-10-04 00:57:14
Album97390,Album97390,deezer,110259,10,10,3386,,2026-10-03 23:42:07
Album9739595,Album9739595,deezer,232931922,10,10,2444,,2026-10-04 04:43:40
Album97396,Album97396,itunes:ru,593713345,60,60,10587.147,,2026-10-05 04:52:13
Album97457,Album97457,itunes:us,339089237,10,10,3541.565,,2026-10-05 07:07:26
Album9755583,Album9755583,youtube,rMfIsWc2LV8,1,8,14641.341,8,2026-10-05 10:42:23
Album9763,Album9763,itunes:tr,93548793,8,8,8732.773,,2026-10-05 07:31:35
Album9766765,Album9766765,deezer,888615682,8,8,1946,,2026-10-04 00:08:21
Album97717,Album97717,itunes:us,410702942,13,13,2250.735,,2026-10-05 06:22:23
Album97776,Album97776,deezer,72396,10,10,2005,,2026-10-03 23:27:01
Album978099,Album978099,itunes:se,1442319385,12,12,2204.027,,2026-10-05 04:47:14
Album9783254,Album9783254,deezer,75543182,8,8,1248,,2026-10-04 00:22:25
Album9797,Album9797,deezer,13259333,9,9,3346,,2026-10-03 23:07:08
Album9797449,Album9797449,itunes:ca,1444780543,4,4,4918.321,,2026-10-05 06:31:20
Album98007,Album98007,itunes:gb,1533732036,4,4,1926.226,,2026-10-05 04:56:49
Album980534,Album980534,deezer,6988036,10,10,2001,,2026-10-03 22:56:47
Album9806,Album9806,itunes:ru,1120154769,6,6,2625.96,,2026-10-05 08:12:20
Album98068,Album98068,deezer,199060,15,15,2741,,2026-10-04 00:38:34
Album9811802,Album9811802,deezer,81089152,43,43,9513,,2026-10-04 00:06:27
Album9820,Album9820,deezer,755717771,18,18,4564,,2026-10-03 23:57:59
Album98229,Album98229,itunes:us,648564241,10,10,2481.786,,2026-10-05 06:28:10
Album982762,Album982762,itunes:us,1571406209,6,6,2190.32,,2026-10-05 03:59:21
Album984048,Album984048,itunes:it,334270451,12,12,3303.093,,2026-10-05 07:55:14
Album9842,Album9842,deezer,864663922,10,10,2858,,2026-10-03 23:20:30
Album9844021,Album9844021,youtube,la1I0pBhq7Y,1,8,2268.041,8,2026-10-05 12:41:09
Album98442,Album98442,deezer,900573592,11,11,2764,,2026-10-03 23:49:22
Album9853,Album9853,itunes:ca,480188303,8,8,3503.226,,2026-10-05 06:47:19
Album9854,Album9854,itunes:es,6562076,17,17,4422.467,,2026-10-05 08:23:41
Album98557,Album98557,deezer,480028475,12,12,2667,,2026-10-03 23:56:23
Album98582,Album98582,itunes:nl,1359113770,10,10,1815.227,,2026-10-05 05:18:21
Album98591,Album98591,itunes:gb,1101800620,22,22,5155.599,,2026-10-05 05:03:31
Album986162,Album986162,itunes:us,1223369728,8,8,2983.655,,2026-10-05 07:25:48
Album9878674,Album9878674,deezer,244673732,8,8,3499,,2026-10-04 04:38:37
Album988,Album988,itunes:us,1440769047,14,14,3200.065,,2026-10-05 08:09:14
Album9885,Album9885,deezer,6469654,25,24,4186,,2026-10-04 01:02:38
Album9886413,Album9886413,deezer,6491392,14,14,3450,,2026-10-04 00:44:35
Album9890933,Album9890933,deezer,71112242,13,13,3340,,2026-10-03 23:57:36
Album98936,Album98936,deezer,113544,5,5,5306,,2026-10-04 00:29:34
Album98958,Album98958,itunes:us,1189272391,25,25,7700.385,,2026-10-05 06:18:37
Album991912,Album991912,itunes:us,1440793493,12,12,3729.091,,2026-10-05 07:11:33
Album9923936,Album9923936,deezer,89927592,9,9,2749,,2026-10-04 00:42:49
Album99273,Album99273,itunes:us,1184113831,8,8,3158.587,,2026-10-05 07:11:56
Album99310,Album99310,itunes:se,1443454275,5,5,1932.999,,2026-10-05 08:15:33
Album99351,Album99351,itunes:us,1452238761,17,17,3572.213,,2026-10-05 04:26:13
Album99387,Album99387,itunes:ar,1135673370,22,22,2288.077,,2026-10-05 07:38:36
Album994077,Album994077,itunes:ca,321807617,12,12,2006.75,,2026-10-05 04:30:30
Album994456,Album994456,itunes:se,321852394,9,9,3146.1,,2026-10-05 04:16:34
Album995,Album995,itunes:us,1445890022,10,10,2860.923,,2026-10-05 04:57:56
Album9950218,Album9950218,deezer,86167112,11,11,5680,,2026-10-04 00:19:06
Album9958,Album9958,deezer,906139012,12,12,2191,,2026-10-03 22:42:13
Album996006,Album996006,itunes:ca,1444060377,9,9,1907.893,,2026-10-05 05:13:12
Album9962,Album9962,deezer,904928012,11,11,2876,,2026-10-03 23:50:17
Album9969,Album9969,deezer,13853092,12,12,2860,,2026-10-04 00:55:49
Album99764,Album99764,deezer,903306102,12,12,3029,,2026-10-03 23:07:15
Album9985713,Album9985713,itunes:au,1816597368,9,9,795.038,,2026-10-05 06:56:35
Album9987568,Album9987568,deezer,236877272,45,45,14403,,2026-10-03 22:38:43
Album999115,Album999115,deezer,8270346,13,13,4172,,2026-10-03 23:34:57
Album9993,Album9993,itunes:ru,1440847288,9,9,2626.601,,2026-10-05 07:50:13
Album9996,Album9996,deezer,700816,10,10,2458,,2026-10-04 00:13:37
sp:0FVpa0kZMT8Bhks7Sg7Jz9,sp:0FVpa0kZMT8Bhks7Sg7Jz9,itunes:us,1880972003,4,4,2760.716,,2026-10-05 04:11:23
sp:0LW2FwC8ay4hXNDzaw7jWY,sp:0LW2FwC8ay4hXNDzaw7jWY,youtube,qnFVMkTWaBw,1,8,1100.601,4,2026-10-05 18:22:49
sp:0TCO2EcOh5ZyKqOHSKDSTm,sp:0TCO2EcOh5ZyKqOHSKDSTm,youtube,yldX3_p8Sao,1,8,1372.041,5,2026-10-05 18:27:45
sp:0Upl3YeSZcM8vmqJfV9Wql,sp:0Upl3YeSZcM8vmqJfV9Wql,itunes:gb,286118837,6,6,2186.76,,2026-10-05 04:12:18
sp:0beYW3oI7CfCv3uYVMjp6V,sp:0beYW3oI7CfCv3uYVMjp6V,youtube,GE8zQEShT7w,1,8,1807.041,6,2026-10-05 18:33:14
sp:0bwlrhBRjtqdy4eTlfg2UD,sp:0bwlrhBRjtqdy4eTlfg2UD,youtube,Cu5CmInZ7xI,1,8,2214.281,7,2026-10-05 15:28:00
sp:0ka72x65Pev7XmsNBRxhf3,sp:0ka72x65Pev7XmsNBRxhf3,youtube,-Ygt_L2YLFg,1,8,673.401,4,2026-10-05 17:07:58
sp:0vo1E52Ii1yW8aD11Rn7yk,sp:0vo1E52Ii1yW8aD11Rn7yk,itunes:us,1611746040,2,2,440.087,,2026-10-05 04:12:10
sp:10c97X3beLEDlzFvyeUR7s,sp:10c97X3beLEDlzFvyeUR7s,youtube,DZwfEzTohD8,1,8,3968.341,8,2026-10-05 15:09:50
sp:11RrIE8R4WdmybwaItRa97,sp:11RrIE8R4WdmybwaItRa97,itunes:us,1440773535,18,18,4675.399,,2026-10-05 04:05:58
sp:12NPAGlRcT3HK0DFL1MT1N,sp:12NPAGlRcT3HK0DFL1MT1N,youtube,I3Vbusx7mNM,1,8,1353.001,5,2026-10-05 18:25:56
sp:12mc6H3V7xyUtxycPiKz88,sp:12mc6H3V7xyUtxycPiKz88,itunes:us,458870117,68,68,7471.761,,2026-10-05 04:12:05
sp:18up6NykzEl2aS94I6TVDg,sp:18up6NykzEl2aS94I6TVDg,itunes:us,1625367911,22,22,9197.682,,2026-10-05 04:06:33
sp:1DnaxL3inEUJLHphEuNGN2,sp:1DnaxL3inEUJLHphEuNGN2,itunes:us,544038489,6,6,1253.026,,2026-10-05 04:12:23
sp:1DqmjjZWSoD8786dZ0mHWV,sp:1DqmjjZWSoD8786dZ0mHWV,itunes:us,1445732923,12,12,2788.613,,2026-10-05 04:10:46
sp:1GYG80diXFWYwH7FJB7KeC,sp:1GYG80diXFWYwH7FJB7KeC,itunes:us,1705348153,16,16,3118.161,,2026-10-05 04:04:53
sp:1JTk60wb4CTAaX6TaCfpPU,sp:1JTk60wb4CTAaX6TaCfpPU,itunes:us,1444160683,12,12,2478.668,,2026-10-05 04:09:22
sp:1OXMhwIwZ1TfHt9A9P8KTa,sp:1OXMhwIwZ1TfHt9A9P8KTa,itunes:us,316411060,4,4,837.066,,2026-10-05 04:12:27
sp:1UTUaGgazW903gGukLzLe5,sp:1UTUaGgazW903gGukLzLe5,youtube,_0SR0-GfXts,1,8,1242.641,4,2026-10-05 18:29:13
sp:1chTX690N6Rji3vsdKaiJM,sp:1chTX690N6Rji3vsdKaiJM,itunes:us,338244927,29,29,7421.653,,2026-10-05 04:09:08
sp:1lq3Kqo4e1oiVE1LwZV7M0,sp:1lq3Kqo4e1oiVE1LwZV7M0,youtube,oNkkWE8YGhI,1,8,4298.561,8,2026-10-05 15:33:18
sp:1zwEN9cLtWg39zFJnj8brt,sp:1zwEN9cLtWg39zFJnj8brt,youtube,8J1lmuchz7o,1,8,3700.521,8,2026-10-05 18:16:30
sp:21zdv4QjuegVPhA9tro0HF,sp:21zdv4QjuegVPhA9tro0HF,itunes:us,1625368022,28,28,9135.625,,2026-10-05 04:04:10
sp:25tczUJCFdB5GBfqqahoOq,sp:25tczUJCFdB5GBfqqahoOq,youtube,OBTSLzctn0E,1,8,601.141,4,2026-10-05 18:27:17
sp:26wR9tU6FSzJcLNSCz83XM,sp:26wR9tU6FSzJcLNSCz83XM,youtube,jBJRwb7em84,1,8,2515.721,8,2026-10-05 18:30:20
sp:29PSyE1ZD0XUgqm5yqC33x,sp:29PSyE1ZD0XUgqm5yqC33x,itunes:us,1452590637,25,25,3761.853,,2026-10-05 04:11:14
sp:2AI3nzCa2kgdoiaygVrMIj,sp:2AI3nzCa2kgdoiaygVrMIj,youtube,vW9nuQ2rRrs,1,8,1374.641,5,2026-10-05 15:26:12
sp:2AqzvX37cFHXH5eW7PIlQZ,sp:2AqzvX37cFHXH5eW7PIlQZ,youtube,Y2ud_Y49ZUk,1,8,1575.521,5,2026-10-05 13:09:15
sp:2HGQJZb8cMX6GlLCdNuciB,sp:2HGQJZb8cMX6GlLCdNuciB,youtube,d06_Yl-mHE0,1,8,1391.441,5,2026-10-05 15:23:50
sp:2XPh6gonHl6tBC4VATPlwp,sp:2XPh6gonHl6tBC4VATPlwp,itunes:us,396044980,47,47,8934.68,,2026-10-05 04:06:58
sp:2qgL0xRuWEv0zX865Hykte,sp:2qgL0xRuWEv0zX865Hykte,youtube,vr5uqoaudyk,1,8,644.901,4,2026-10-05 18:28:33
sp:2vz9bOelnO5EoDBPkzEJjt,sp:2vz9bOelnO5EoDBPkzEJjt,itunes:us,1469619207,59,59,11673.54,,2026-10-05 04:07:17
sp:38pbe0Co6uxej8v82U2D4d,sp:38pbe0Co6uxej8v82U2D4d,itunes:us,1438788039,3,3,2990.374,,2026-10-05 04:07:27
sp:38pbe0Co6uxej8v82U2D4d,sp:38pbe0Co6uxej8v82U2D4d,youtube,9fwtNs7zzWE,1,8,2970.061,8,2026-10-05 17:49:18
sp:3BF0m3llpGGYFpjK7BlrSL,sp:3BF0m3llpGGYFpjK7BlrSL,itunes:us,1436132067,30,30,8005.962,,2026-10-05 04:12:37
sp:3Fp8eyamYD70UHc4VCQFsc,sp:3Fp8eyamYD70UHc4VCQFsc,youtube,vZuiJ4u4HM0,1,8,4069.921,8,2026-10-05 15:14:12
sp:3JUf505JsGISBx0YZ4qMFW,sp:3JUf505JsGISBx0YZ4qMFW,youtube,CEThLDPJF-Y,1,8,1017.241,4,2026-10-05 15:26:54
sp:3Mv0s0P5Oe21zuSCHS6kmG,sp:3Mv0s0P5Oe21zuSCHS6kmG,itunes:us,716227694,6,6,1152.426,,2026-10-05 04:12:32
sp:3OQshkQDiLAMxFKCfw7H6o,sp:3OQshkQDiLAMxFKCfw7H6o,youtube,X7i8bIhJY8c,1,8,2758.041,8,2026-10-05 15:30:56
sp:3ayMAU7t3Dba50X6b9YKrY,sp:3ayMAU7t3Dba50X6b9YKrY,youtube,rrzWtA8SAAg,1,8,687.161,4,2026-10-05 18:30:57
sp:3gEqq6EYr32lyb63XEKBqK,sp:3gEqq6EYr32lyb63XEKBqK,itunes:gb,1439554076,18,18,7028.721,,2026-10-05 03:57:32
sp:3jp2nBhfeHODGumUVPeyHK,sp:3jp2nBhfeHODGumUVPeyHK,youtube,TNINebDTscs,1,8,4394.501,8,2026-10-05 15:25:23
sp:3zyih0MTiwrEUbJLS03saH,sp:3zyih0MTiwrEUbJLS03saH,itunes:us,921017245,24,24,3981.906,,2026-10-05 04:06:18
sp:40aLMQTxbukx6EckyfWkSM,sp:40aLMQTxbukx6EckyfWkSM,youtube,OvM9xJjgHgI,1,8,1314.061,4,2026-10-05 15:28:55
sp:41x44rV5KQYRIFUmFJwmW5,sp:41x44rV5KQYRIFUmFJwmW5,youtube,Vpj5jAAKOxY,1,8,1379.941,5,2026-10-05 17:08:26
sp:42nhTxeaxPiqdi6VHBz08f,sp:42nhTxeaxPiqdi6VHBz08f,youtube,2WWkHzk8Ij8,1,8,2192.401,7,2026-10-05 18:23:44
sp:43lTJdWh1mIO5mnQzJhCrY,sp:43lTJdWh1mIO5mnQzJhCrY,youtube,r1zCmeLlb0Y,1,8,929.421,4,2026-10-05 15:28:26
sp:4Bp4JbmlVdpt1i2TdpadG6,sp:4Bp4JbmlVdpt1i2TdpadG6,itunes:us,6770520673,36,36,5206.73,,2026-10-05 04:10:03
sp:4F3gOs3FDgTOUUHjA4xnLj,sp:4F3gOs3FDgTOUUHjA4xnLj,youtube,wJfUa8MdJw4,1,8,769.281,4,2026-10-05 14:44:28
sp:4IuvFHlZQM7urIcMuGwJxF,sp:4IuvFHlZQM7urIcMuGwJxF,itunes:us,956714274,8,8,3603.787,,2026-10-05 04:06:38
sp:4LWewX01YWWghyjOWbuFXr,sp:4LWewX01YWWghyjOWbuFXr,itunes:us,669711833,35,35,6793.839,,2026-10-05 03:58:01
sp:4ZImzDF35hQWiN5FdAqQbN,sp:4ZImzDF35hQWiN5FdAqQbN,itunes:us,1327174731,21,21,4644.162,,2026-10-05 04:09:03
sp:4l0xO28Y37MBBXQEcBIbXQ,sp:4l0xO28Y37MBBXQEcBIbXQ,itunes:us,1441145645,50,50,8739.336,,2026-10-05 03:59:37
sp:4n8GtrqMTNsmBMr7Yx28Kr,sp:4n8GtrqMTNsmBMr7Yx28Kr,youtube,9wsrvTSDrp8,1,8,3244.201,8,2026-10-05 15:18:05
sp:4pSCGZfWXF7z8QBwUFZ4eU,sp:4pSCGZfWXF7z8QBwUFZ4eU,itunes:us,1045605788,16,16,3647.746,,2026-10-05 04:02:55
sp:56scO5M9TpZ9ateCi0nmDf,sp:56scO5M9TpZ9ateCi0nmDf,youtube,gHSU8AiSOas,1,8,543.061,4,2026-10-05 18:31:50
sp:59IyvFBBMpdcBbdCveb9mz,sp:59IyvFBBMpdcBbdCveb9mz,itunes:us,1833047780,28,28,3451.429,,2026-10-05 04:10:07
sp:5N8xk0eJqlZjzDdPFIWaUN,sp:5N8xk0eJqlZjzDdPFIWaUN,itunes:us,1776755242,12,12,3856.534,,2026-10-05 04:09:31
sp:5UDAJbDljEo9F1G6JU80EB,sp:5UDAJbDljEo9F1G6JU80EB,itunes:us,1222223526,10,10,2393.332,,2026-10-05 04:12:13
sp:5Vxc9B6az1b2nrAALBaOwF,sp:5Vxc9B6az1b2nrAALBaOwF,itunes:us,1727180392,12,12,4172.535,,2026-10-05 04:05:02
sp:5WRdRVpptWX2cRw5r6dTVU,sp:5WRdRVpptWX2cRw5r6dTVU,youtube,i0gGOPbeO8o,1,8,2033.061,7,2026-10-05 19:46:36
sp:5XgEM5g3xWEwL4Zr6UjoLo,sp:5XgEM5g3xWEwL4Zr6UjoLo,itunes:us,1440563157,17,17,3698.295,,2026-10-05 04:10:50
sp:5etzySknik0gycSFgcakQz,sp:5etzySknik0gycSFgcakQz,itunes:us,182088027,15,15,2732.933,,2026-10-05 04:07:07
sp:5qCkA62utmPQEVNKVBGeDz,sp:5qCkA62utmPQEVNKVBGeDz,youtube,nwnRJ4miXgc,1,8,1955.981,7,2026-10-05 18:32:24
sp:5uV5cai6VPXvq9fmtvlRWn,sp:5uV5cai6VPXvq9fmtvlRWn,youtube,QY2axROV1MY,1,8,671.801,4,2026-10-05 15:24:52
sp:5ucvCY0hFIAL95DVKohEiB,sp:5ucvCY0hFIAL95DVKohEiB,itunes:us,331545598,21,21,3210.515,,2026-10-05 04:06:48
sp:5w3wNBSUiCEzUX1cRQHebg,sp:5w3wNBSUiCEzUX1cRQHebg,itunes:us,692001176,8,8,2610.668,,2026-10-05 04:04:05
sp:65AZCCjT1TuGGW7wUWnQop,sp:65AZCCjT1TuGGW7wUWnQop,youtube,K27VtLCyT6U,1,8,7148.521,8,2026-10-05 14:58:36
sp:67sUOjUevVJGgfCj1N2e4N,sp:67sUOjUevVJGgfCj1N2e4N,youtube,GXH-Ds6Tub0,1,8,2526.321,8,2026-10-05 15:30:01
sp:6CvjbqbUiGCpAYnrvDKtAj,sp:6CvjbqbUiGCpAYnrvDKtAj,youtube,dlwYzCQfvuw,1,8,920.101,4,2026-10-05 18:33:51
sp:6ZmIx15nnYBTLvyG1LaTaA,sp:6ZmIx15nnYBTLvyG1LaTaA,youtube,9mEVzJrC0po,1,8,1172.821,4,2026-10-05 18:25:30
sp:6f2DZKdpDMpENF1n0dFnIF,sp:6f2DZKdpDMpENF1n0dFnIF,youtube,YG9te3F_tF4,1,8,6137.161,8,2026-10-05 15:31:40
sp:6leWdHYCaLZNmnNcd6JHj4,sp:6leWdHYCaLZNmnNcd6JHj4,youtube,H4a5P1iGFTM,1,8,2348.601,8,2026-10-05 15:32:36
sp:70qW8u5D3htj4ALS9lDfof,sp:70qW8u5D3htj4ALS9lDfof,deezer,1347639,5,5,2803,,2026-10-05 19:52:51
sp:71l7qijDCtngANjrxmkNwd,sp:71l7qijDCtngANjrxmkNwd,youtube,I5TWIptCgW4,1,8,1989.441,7,2026-10-05 18:29:44
sp:7C58OTvaGOkDzc3yp4gsyc,sp:7C58OTvaGOkDzc3yp4gsyc,youtube,rH7U1U5lJII,1,8,1358.241,5,2026-10-05 18:24:10
sp:7H1fdyzaLwztj1WOcwLEfA,sp:7H1fdyzaLwztj1WOcwLEfA,itunes:us,283379708,23,23,1781.319,,2026-10-05 04:07:31
sp:7J7sZIPRWHxt3eVPGKsfi6,sp:7J7sZIPRWHxt3eVPGKsfi6,itunes:us,330824125,98,98,18066.35,,2026-10-05 03:55:27
sp:7Jkv05qDgXZynnNaYcxY5W,sp:7Jkv05qDgXZynnNaYcxY5W,itunes:us,41228773,33,33,3069.506,,2026-10-05 04:07:35
sp:7LmjJC5DuAFZGhYo6bq0FQ,sp:7LmjJC5DuAFZGhYo6bq0FQ,youtube,2JnuNcjDs2I,1,8,531.381,4,2026-10-05 18:34:15
sp:7eB8a0ypQTeibu0w3nG1o3,sp:7eB8a0ypQTeibu0w3nG1o3,youtube,OYbsjTVKGjA,1,8,2180.861,7,2026-10-05 14:52:28
sp:7rVNabMVrk4eBO5upSBDBr,sp:7rVNabMVrk4eBO5upSBDBr,youtube,jZ4wMu5e-fo,1,8,2534.461,8,2026-10-05 18:26:52
