key,source,url,class,duration_s,title,uploader,n_windows,status,matched_by,reason,query,score,runner_up,note
Album2424365,youtube,https://www.youtube.com/watch?v=AfChn_NjI9w,full_album,9582,Natural Snow Buildings - Shadow Kingdom (2009) [Full Album],IDreamOfNaturalSnow,8,embedded,link,no_audio,,,,
Album215491,youtube,https://www.youtube.com/watch?v=EqU6sJWrMlQ,full_album,3257,Myslovitz - Korova Milky Bar (2002) FULL ALBUM,Polish music,8,embedded,link,no_audio,,,,
Album11172630,youtube,https://www.youtube.com/watch?v=z9KfvYVSfHY,full_album,2528,Farazi V Kayra - Sarhoş Palavraları ve Nahoş Nidalar ( Full Albüm ),Yunus Emre Baran,8,embedded,link,no_audio,,,,
Album324408,youtube,https://www.youtube.com/watch?v=iBTYLiemjoQ,full_album,1370,BLEACH - 起爆剤 (Kibakuzai) [2000.11.11] (Full Album),Electric Young President,5,embedded,link,no_audio,,,,
Album8549640,youtube,https://www.youtube.com/watch?v=Z3m7HXeiHpg,full_album,2284,Hiroshi Yoshimura (吉村弘) - Wet Land (1993) [Full Album],should be asleep,8,embedded,link,no_audio,,,,
Album1530295,youtube,https://www.youtube.com/watch?v=KJQppKI28FY,full_album,3899,"Juicy J - Volume 9mm ""It's On"" (1994) [OG Tape Rip] (With Full Version Of Side B Intro)",SorenP,8,embedded,link,no_audio,,,,
Album5606317,youtube,https://www.youtube.com/watch?v=E5PXYehriYY,full_album,1717,Buckethead Pike 65 - Hold Me Forever (In memory of my mom Nancy York Carroll),Zoran Lozanoski,6,embedded,link,no_audio,,,,
Album274144,youtube,https://www.youtube.com/watch?v=LyYMu-GxnaU,unavailable,,,,,skipped,link,no_audio,,,,
Album577767,youtube,https://www.youtube.com/watch?v=3QEa2g-sa6I,full_album,2924,[平沢進] Susumu Hirasawa - Switched-On Lotus [2004],TwizzyBroke,8,embedded,link,no_audio,,,,
Album1421694,youtube,https://www.youtube.com/watch?v=hTeVG6hmTLQ,unavailable,,,,,skipped,link,no_audio,,,,
Album22816,youtube,https://www.youtube.com/watch?v=Zi4xKBfL3hY,unavailable,,,,,skipped,link,no_audio,,,,
Album15693400,youtube,https://www.youtube.com/watch?v=APTB3bSMaG0,full_album,3886,Harry Gorski-Brown - Durt Dronemaker After Dreamboats [2024],AVARCHIVE,8,embedded,link,no_audio,,,,
Album2245351,youtube,https://www.youtube.com/watch?v=MHZo2XnrcW0,full_album,9240,James Ferraro - Jarvid 9: Kava Jar Race [Full album],AAAAAAAAAA42,8,embedded,link,no_audio,,,,
Album669174,youtube,https://www.youtube.com/watch?v=1ZvWOxR48Fw,full_album,2787,Sacramentary Abolishment - River of Corticone (1996) [HQ] FULL ALBUM,Metal Supplier,8,embedded,link,no_audio,,,,
Album14348,youtube,https://www.youtube.com/watch?v=1y8UWlhUP4M,full_album,2043,Jonathan Richman & The Modern Lovers ‎– Rockin' and Romance (1985),Pedro Nóbrega,7,embedded,link,no_audio,,,,
Album8860242,youtube,https://www.youtube.com/watch?v=Zk4bmqSeqbM,unavailable,,,,,skipped,link,no_audio,,,,
Album36671,youtube,https://www.youtube.com/watch?v=E9YrdTGfv1Q,full_album,2554,"Spirogyra - Bells, Boots And Shambles 1973  (full album)",Thebestdream I had,8,embedded,link,no_audio,,,,
Album823914,youtube,https://www.youtube.com/watch?v=6RweRZZ3BBM,full_album,2851,"Alfonia Tims and His Flying Tigers  - Future Funk/Uncut! (1982, Cassette)",jazzvocate,8,embedded,link,no_audio,,,,
Album92046,youtube,https://www.youtube.com/watch?v=K7L3ZlkJT8M,full_album,4498,不失者 -  悲愴 [Fushitsusha - Hisou/Pathétique/4] FULL ALBUM,lazlo74,8,embedded,link,no_audio,,,,
Album15068379,youtube,https://www.youtube.com/watch?v=OKGIllX8cTM,full_album,4995,Крюкокрест (Russia) - Ауфидерзейн (Full Length) 2022,No Gleaming Light,8,embedded,link,no_audio,,,,
Album7936335,youtube,https://www.youtube.com/watch?v=W0iSgbSKc8E,full_album,2101,Mobbyn - Mobbyn [cała płyta] [2017],MrBoss2432,7,embedded,link,no_audio,,,,
Album164235,youtube,https://www.youtube.com/watch?v=KtBn5lHYHKk,full_album,3277,C.C.C.C. - Love & Noise (Full Album),Harshnoise Channel,8,embedded,link,no_audio,,,,
Album273763,youtube,https://www.youtube.com/watch?v=a9cxNtppt0E,unavailable,,,,,skipped,link,no_audio,,,,
Album12388944,youtube,https://www.youtube.com/watch?v=OnSgIikz1K0,full_album,2287,"HATE FOREST ""Hour Of The Centaur"" (Full Album)",OSMOSE PRODUCTIONS - Medias,8,embedded,link,no_audio,,,,
Album158975,youtube,https://www.youtube.com/watch?v=y0s4s5XZNVs,single_track,882,LOS CRUDOS - Canciones Para Liberar Nuestras Fronteras [USA - 1996],No Punks In K-Town,,skipped,link,no_audio,,,,
Album2729404,youtube,https://www.youtube.com/watch?v=ASZ3EwDhags,full_album,3879,Graveyard Productions - The Havoc (1995) [full album],Félix R.,8,embedded,link,no_audio,,,,
Album272188,youtube,https://www.youtube.com/watch?v=5UqYkZZ7O6w,unavailable,,,,,skipped,link,no_audio,,,,
Album15517924,youtube,https://www.youtube.com/watch?v=-N9suPxYZyE,full_album,6769,TECHDOG 5,Patricia Taxxon,8,embedded,link,no_audio,,,,
Album38321,youtube,https://www.youtube.com/watch?v=PEl55XaquGI,full_album,1719,Zeke - Death Alley (Full Album),Happy Spaztik,6,embedded,link,no_audio,,,,
Album59693,youtube,https://www.youtube.com/watch?v=WhTYsBT1WOU,full_album,3356,The Rite Of Strings,Arte Ruido,8,embedded,link,no_audio,,,,
Album124755,youtube,https://www.youtube.com/watch?v=ZB51taDpPZg,full_album,4230,flood,Release - Topic,8,embedded,link,no_audio,,,,
Album13394,youtube,https://www.youtube.com/watch?v=zdPCt5ZEf40,full_album,4193,Boredoms - Vision Creation Newsun,ErrorIsProgress,8,embedded,link,no_audio,,,,
Album1157813,youtube,https://www.youtube.com/watch?v=WS0l0o45IUw,full_album,3573,Gris - Il Était Une Forêt... (Full Album),Black Metal Promotion,8,embedded,link,no_audio,,,,
Album100544,youtube,https://www.youtube.com/watch?v=mnjH-ZYe59c,full_album,4571,Weakling - Dead As Dreams [Full - HD],OdiumNostrum,8,embedded,link,no_audio,,,,
Album16118670,youtube,https://www.youtube.com/watch?v=bMzJpIYb5BM,full_album,5264,AE_LYON_070524,icari,8,embedded,link,no_audio,,,,
Album16178173,youtube,https://www.youtube.com/watch?v=ZAZNObHtGB8,full_album,15129,Odun - ×三星天洋～夏ノ日ニ獏ハ浜辺デ夢見ル…,-saff-,8,embedded,link,no_audio,,,,
Album61016,youtube,https://www.youtube.com/watch?v=KrMuPhqRzZg,full_album,2650,John Fahey - Fare Forward Voyagers (Full Album),Jackson Brown,8,embedded,link,no_audio,,,,
Album4409218,youtube,https://www.youtube.com/watch?v=Sp5Zxhxocz0,unavailable,,,,,skipped,link,no_audio,,,,
Album15712476,youtube,https://www.youtube.com/watch?v=_LJi5na897Y,full_album,7342,Cindy Lee - Diamond Jubilee (2024) Full Album HQ,REALISTIK,8,embedded,link,no_audio,,,,
Album22920,youtube,https://www.youtube.com/watch?v=riCyyVPkGeI,full_album,7201,The Legend of Zelda - Majora's Mask FULL SOUNDTRACK,shek,8,embedded,link,no_audio,,,,
Album13019053,youtube,https://www.youtube.com/watch?v=THjekE5p2aw,full_album,4081,PORTER ROBINSON NURTURE LIVE @ SECRET SKY 2021,Porter Robinson,8,embedded,link,no_audio,,,,
Album2158656,youtube,https://www.youtube.com/watch?v=BHgTVDHCpqo,full_album,3119,Donkey Kong Country 2: Diddy's Kong Quest Original Soundtrack (1995),Axel Stone,8,embedded,link,no_audio,,,,
Album10854021,youtube,https://www.youtube.com/watch?v=RxcRiPApBZQ,full_album,3256,Black Midi | Boiler Room London: Battles & Black Midi,Boiler Room,8,embedded,link,no_audio,,,,
Album6623881,youtube,https://www.youtube.com/watch?v=Pu7bNgu0kuo,full_album,2489,Steve Hiett - Down On The Road By The Beach (1983),High Notes Archives,8,embedded,link,no_audio,,,,
Album304090,youtube,https://www.youtube.com/watch?v=6liH8huRpyo,full_album,3800,Coil - And The Ambulance Died In His Arms (2005),Kinetic Engineers,8,embedded,link,no_audio,,,,
Album286654,youtube,https://www.youtube.com/watch?v=xuR2T2DvcAQ,full_album,6888,Mount Eerie - Live in Copenhagen (Full Album) (2004),Rare Music,8,embedded,link,no_audio,,,,
Album7576907,youtube,https://www.youtube.com/watch?v=jMzsleLasJs,full_album,3610,Hailu Mergia & Walias Band - ኃይሉ መርጊያ ና ዋሊያስ ባንድ - ዘራፌ - FULL ALBUM REMASTERED,Jazz Obscurities,8,embedded,link,no_audio,,,,
Album16602981,youtube,https://www.youtube.com/watch?v=Y5MFV9XGZ-c,full_album,2759,Tadzungaira yepasi – Forward Kwenda (1997 Nyamaropa Tuning),Morilles,8,embedded,link,no_audio,,,,
Album574860,youtube,https://www.youtube.com/watch?v=d7b-cpSpS9A,full_album,7777,Kingdom Hearts 2 OST Collection,Chirithy,8,embedded,link,no_audio,,,,
Album283240,youtube,https://www.youtube.com/watch?v=9tk6WjfdLpw,full_album,2349,György Ligeti- Requiem; Lontano; Continuum,099wil,8,embedded,link,no_audio,,,,
Album4319730,youtube,https://www.youtube.com/watch?v=PCiIfetfF0Q,full_album,3551,MARIA & THE MIRRORS 'Vision Quest' CD 2012 (Compilation - Japanese Release),blackoperations,8,embedded,link,no_audio,,,,
Album10758,youtube,https://www.youtube.com/watch?v=7LLiZ_0-mLo,full_album,3315,Naked City - Naked City (Full Album),Rakshas,8,embedded,link,no_audio,,,,
Album7013393,youtube,https://www.youtube.com/watch?v=GENZTmioPyU,full_album,7950,"t e l e p a t h テレパシー能力者 - 星間性交 [Slushwave, Ambient, Vaporwave]",GEOMETRIC LULLABY,8,embedded,link,no_audio,,,,
Album4055986,youtube,https://www.youtube.com/watch?v=UgJbPYDVgwM,full_album,3612,Full Evergrace OST,F4m1LyGuy10,8,embedded,link,no_audio,,,,
Album15237,youtube,https://www.youtube.com/watch?v=MIuA8rHI5GY,full_album,3000,Malice Mizer -merveilles  full album,malice mizer jrock music,8,embedded,link,no_audio,,,,
Album8860693,youtube,https://www.youtube.com/watch?v=6s0_soasAtA,full_album,2910,"V.O.S. - Come-N-2 My World (1997 Memphis, TN)",White White,8,embedded,link,no_audio,,,,
Album2770135,youtube,https://www.youtube.com/watch?v=Q0ReyoYlVqI,full_album,2899,Chauchat - Songs For Scaffolding,Sarrus95 Jukebox,8,embedded,link,no_audio,,,,
Album16111,youtube,https://www.youtube.com/watch?v=CO1VKARclM4,full_album,3225,Songs: Ohia ~ Mi Sei Apparso Come un Fantasma (entire album),unibrow ghost,8,embedded,link,no_audio,,,,
Album2365936,youtube,https://www.youtube.com/watch?v=XBRwElXhG-0,full_album,10684,Roland Kayn - Infra [full album],Exhaustive Lore,8,embedded,link,no_audio,,,,
Album14197,youtube,https://www.youtube.com/watch?v=Q9Mc83zlIq0,full_album,6318,Pink Floyd - The Wall (Live 1980-81) (46th Anniversary - 2026 Remaster) (Full Concert),Diego Sebastián,8,embedded,link,no_audio,,,,
Album3946017,youtube,https://www.youtube.com/watch?v=k8fbIms8_lc,full_album,6620,[2010] 素晴らしき日々～不連続存在～(Subahibi) - Original Soundtrack,Yuri 2356,8,embedded,link,no_audio,,,,
Album640614,youtube,https://www.youtube.com/watch?v=yeQxp3kxXj8,full_album,4185,NOKTURNAL MORTUM The Voice Of Steel (Full album),OSMOSE PRODUCTIONS - Medias,8,embedded,link,no_audio,,,,
Album3118512,youtube,https://www.youtube.com/watch?v=BZWlCI5mdnM,full_album,3358,Chuck Persons - Eccojams Vol. 1,Broken Tech Records,8,embedded,link,no_audio,,,,
Album334021,youtube,https://www.youtube.com/watch?v=tigqOLyEG8o,full_album,2010,Djeli Moussa Diawara - Yasimika (Full Album),OLiVER,7,embedded,link,no_audio,,,,
Album1297119,youtube,https://www.youtube.com/watch?v=oQ0-1aG-tiE,full_album,2346,Tomasz Stańko Quintet - Purple Sun (1973) FULL ALBUM,Psychedelic Underground,8,embedded,link,no_audio,,,,
Album4602306,youtube,https://www.youtube.com/watch?v=TPYqrVDlc_4,full_album,3116,Mikgazer vol.1 (2012 Full Album),Ema “BadSound” Tank,8,embedded,link,no_audio,,,,
Album592521,youtube,https://www.youtube.com/watch?v=3ct08sRjDEo,full_album,17185,Roland Kayn - Tektra (Full Album),io,8,embedded,link,no_audio,,,,
Album70432,youtube,https://www.youtube.com/watch?v=tYTiB-NGISU,full_album,4811,LYKATHEA AFLAME - Elvenefris (remastered version) - 25th Anniversary,Obscene Extreme Fest,8,embedded,link,no_audio,,,,
Album185980,youtube,https://www.youtube.com/watch?v=hfGr3lGuuGY,full_album,2174,Molested - Blod-Draum (1995) [Full Album],OSDM4Life,7,embedded,link,no_audio,,,,
Album170602,youtube,https://www.youtube.com/watch?v=_4EjGXRDOH0,mismatch,3968,Donkey Kong Country Soundtrack Full OST,Yes Guy Gaming,,skipped,link,no_audio,,,,
Album4383309,youtube,https://www.youtube.com/watch?v=n2OjMfTi8ak,full_album,1495,James Ferraro - Live at Primavera Sound 2012,AAAAAAAAAA42,5,embedded,link,no_audio,,,,
Album8786836,youtube,https://www.youtube.com/watch?v=Jd6f_8DQ0xI,full_album,4008,Ichiko Aoba + Jun Miyake + Tatsuhisa Yamamoto + Hitoshi Watanabe - Pneuma (2017) [Full Album],CrushingDreams,8,embedded,link,no_audio,,,,
Album26421,youtube,https://www.youtube.com/watch?v=f8Nk691Gxxg,full_album,3375,London 1986 (full live album) - Talk Talk,Blue Bamboo Music,8,embedded,link,no_audio,,,,
Album4551378,youtube,https://www.youtube.com/watch?v=TRgNNuGMv7M,full_album,2911,河名伸江 (Nobue Kawana) - のぶえの海 (Nobue No Umi),Esoteric,8,embedded,link,no_audio,,,,
Album648563,youtube,https://www.youtube.com/watch?v=tEJ7C8Wd59A,mismatch,7875,Killer 7 (Full Soundtrack),Crimson Cloud,,skipped,link,no_audio,,,,
Album3898049,youtube,https://www.youtube.com/watch?v=wTrA9L8St8Q,mismatch,12886,Full Pokémon HeartGold & SoulSilver OST,F4m1LyGuy10,,skipped,link,no_audio,,,,
Album1126056,youtube,https://www.youtube.com/watch?v=GxJrrueJ0zQ,full_album,3572,Yellow Swans - Drowner Yellow Swans,Gunnison,8,embedded,link,no_audio,,,,
Album14782,youtube,https://www.youtube.com/watch?v=qPslczm0V_Y,mismatch,37154,Albert Ayler - Holy Ghost: Rare & Unissued Recordings (1962–70),Gordon Shumway,,skipped,link,no_audio,,,,
Album1819704,youtube,https://www.youtube.com/watch?v=QIaDEx_6kbs,full_album,5663,"Yosuke Yamashita Trio, Gerald Oshita – Arashi (嵐)",GENOCIDE2070,8,embedded,link,no_audio,,,,
Album1530403,youtube,https://www.youtube.com/watch?v=mj9T_cOMO1E,full_album,3688,"Tommy Wright III - Ashes 2 Ashes, Dust 2 Dust (1994)",Watkins Brown,8,embedded,link,no_audio,,,,
Album15562317,youtube,https://www.youtube.com/watch?v=z81o2Zx6cSo,full_album,4005,[2015] SpaceGhostPurrp - Dark Angels (Bonus Tracks),dismiss yourself,8,embedded,link,no_audio,,,,
Album288172,youtube,https://www.youtube.com/watch?v=L__jruvYuCg,full_album,2616,Dmitri Shostakovich - Symphony No. 5,olla-vogala,8,embedded,link,no_audio,,,,
Album592540,youtube,https://www.youtube.com/watch?v=pfz_kIU3KTE,full_album,3288,Eliane Radigue ‎– L'Île Re-Sonante,Skeleton Archives,8,embedded,link,no_audio,,,,
Album695564,youtube,https://www.youtube.com/watch?v=LDZbVpSJdzc,full_album,2685,"Louis Moholo Octet (Sudáfrica, 1978) -  Spirits Rejoice!",Nicolás.Gordon,8,embedded,link,no_audio,,,,
Album238689,youtube,https://www.youtube.com/watch?v=9eLonInenCM,full_album,4008,"Chris Morris - Blue Jam (2000) [Sketch Comedy, Electronic]",wockstantinople,8,embedded,link,no_audio,,,,
Album733314,youtube,https://www.youtube.com/watch?v=0ZdPWB2z8jA,unavailable,,,,,skipped,link,no_audio,,,,
Album3345553,youtube,https://www.youtube.com/watch?v=kh_2H6ULA9c,full_album,3416,Sussie 4  - Música Moderna (Full Album),Oscar Kotan,8,embedded,link,no_audio,,,,
Album737442,youtube,https://www.youtube.com/watch?v=EC-V6c4lNws,full_album,2609,Cephalic - Blasted Into Lunacy (FULL ALBUM/2003),Unexysted,8,embedded,link,no_audio,,,,
Album4029336,youtube,https://www.youtube.com/watch?v=HOk8geFtE5I,full_album,4943,"Tommy Wright III - Runnin-N-Gunnin [FULL ALBUM, 1995]",Underworld Library,8,embedded,link,no_audio,,,,
Album88271,youtube,https://www.youtube.com/watch?v=8aL0Z4TCdO0,single_track,530,"Eskaton ► Pitié [HQ Audio] 4 Visions, 1979",Suha Önder,,skipped,link,no_audio,,,,
Album2153505,youtube,https://www.youtube.com/watch?v=ommO1vOqMCE,full_album,2542,Krzysztof Penderecki - Dies irae (Auschwitz Oratorium); Polymorphia; De natura sonoris,babybirch18,8,embedded,link,no_audio,,,,
Album122603,youtube,https://www.youtube.com/watch?v=FMfGLNrLvGA,full_album,3682,Kyema (Intermediate States),Éliane Radigue - Topic,8,embedded,link,no_audio,,,,
Album73165,youtube,https://www.youtube.com/watch?v=UnCWWEMRSrs,full_album,2262,Eddie Henderson - Realization (Full Album),Bitches Brew,8,embedded,link,no_audio,,,,
Album2855083,youtube,https://www.youtube.com/watch?v=JeUZkn3GA9I,full_album,1787,Murmuüre - Murmuüre [2010][Full Album],Speaking the Truth,6,embedded,link,no_audio,,,,
Album11172663,youtube,https://www.youtube.com/watch?v=47inX4pyMZY,unavailable,,,,,skipped,link,no_audio,,,,
Album878054,youtube,https://www.youtube.com/watch?v=R-5koLtMy98,full_album,3363,The Tuss - Rushup Edge (Full Album - 2017 Reissue with Bonus Tracks),Holly Hotfoot,8,embedded,link,no_audio,,,,
Album1438986,youtube,https://www.youtube.com/watch?v=7TFo9zLdY2I,full_album,2994,FLCL Fooly Cooly FULL OST 1 Addict,axa NK,8,embedded,link,no_audio,,,,
Album2654298,youtube,https://www.youtube.com/watch?v=8lKZiDK-Gl0,full_album,1902,[1996] N.O.D - Niggaz of Destruction (HQ/FLAC),dismiss yourself,6,embedded,link,no_audio,,,,
Album485439,youtube,https://www.youtube.com/watch?v=bzFldPyNxH4,full_album,3539,Chauchat - Unhappiness (higher-quality rip),bert,8,embedded,link,no_audio,,,,
Album4692416,youtube,https://www.youtube.com/watch?v=UKrxyDw36OY,single_track,675,Zappa/Mothers ► Echidna's Arf & Don't You Ever Wash That Thing [HQ Audio] Roxy By Proxy 1973,Suha Önder,,skipped,link,no_audio,,,,
Album6310517,youtube,https://www.youtube.com/watch?v=BIcayvIMEho,full_album,3340,Ad Nauseam - Nihil Quam Vacuitas Ordinatum Est [Full HD - taken from the original CD],Ad Nauseam Official,8,embedded,link,no_audio,,,,
Album341951,youtube,https://www.youtube.com/watch?v=ktZy3h_Pq5E,full_album,12984,"Henri Pousseur, Paysages planétaires (2000)",hu,8,embedded,link,no_audio,,,,
Album3200945,youtube,https://www.youtube.com/watch?v=hF6NmYB369w,full_album,2245,"Odz Manouk ‎""Odz Manouk"" Full Album",The Record Library,7,embedded,link,no_audio,,,,
Album5012250,youtube,https://www.youtube.com/watch?v=MqW4n05lGlU,full_album,5039,"Bull Of Heaven - 299: Self-Traitor, I Do Bring the Spider Love (Higher Quality)",BrokenMindMusic,8,embedded,link,no_audio,,,,
Album2503852,youtube,https://www.youtube.com/watch?v=pkF7Xum5TKU,full_album,3923,"Bull of Heaven - 029 - ""Lions On A Banner""",Alef Infini (Channull of Heaven),8,embedded,link,no_audio,,,,
Album10679167,youtube,https://www.youtube.com/watch?v=q2S3FRIAtBw,full_album,4345,Date of Birth - Planet DOB [Full Album],kettleonwater's music archive,8,embedded,link,no_audio,,,,"title+artist; 72 min, says full album; 1 file(s), 66.1 MB, 8 windows embedded, 8 in the mean"
Album15699650,youtube,https://www.youtube.com/watch?v=SDg1Dv7dDEU,full_album,14114,[Ahmed] أحمد - Giant Beauty (2024) [Full Album],themilkhole,8,embedded,link,no_audio,,,,
Album7183452,youtube,https://www.youtube.com/watch?v=lLOUnNJgemY,full_album,1891,虚拟梦想广场 : 无限渴望,Vapor Memory,6,embedded,link,no_audio,,,,
Album4455223,youtube,https://www.youtube.com/watch?v=dEUnVG-y6Ww,full_album,3046,戸張大輔(Daisuke Tobari) - ドラム(2009) [Full Album],CrushingDreams,8,embedded,link,no_audio,,,,
Album881551,youtube,https://www.youtube.com/watch?v=88h5noIWACg,full_album,3171,白虎野 - 平沢進,shima kubo,8,embedded,link,no_audio,,,,
Album2484698,youtube,https://www.youtube.com/watch?v=inwiA8bz02g,mismatch,86400,028 - Even to the Edge of Doom (FULL),<CarlTheYoutuber10k>,,skipped,link,no_audio,,,,
Album661383,youtube,https://www.youtube.com/watch?v=y8jw-BtNWbU,full_album,2857,Ewa Demarczyk – Śpiewa Piosenki Zygmunta Koniecznego,Menephy,8,embedded,link,no_audio,,,,
Album15401548,youtube,https://www.youtube.com/watch?v=RcOc9mdfSpA,full_album,3573,Autechre Live London B 07.10.2022,Victor P,8,embedded,link,no_audio,,,,
Album66210,youtube,https://www.youtube.com/watch?v=KQ8mRPIC8Y4,full_album,3004,Deep Turtle - There's a Vomitsprinkler in My Liverriver (1994) [Full Album],Santiago Bernhardt,8,embedded,link,no_audio,,,,
Album16383741,youtube,https://www.youtube.com/watch?v=aVuEQxqL33Y,full_album,3643,"Los Thuthanaka ""Los Thuthanaka"" Album Completo 2025 Oficial",Los Thuthanaka,8,embedded,link,no_audio,,,,
Album11308865,youtube,https://www.youtube.com/watch?v=jO-xwALzKe0,full_album,4334,Dick Slessig Combo – Wichita Lineman / Guinnevere,Sound Bait,8,embedded,link,no_audio,,,,
Album130514,youtube,https://www.youtube.com/watch?v=Q1m_etjWDEM,full_album,2983,"Giacinto Scelsi - Quattro pezzi per Orchestra (1959), Anahit (1965), Uaxuctum (1966)",Neurozer,8,embedded,link,no_audio,,,,
Album699807,youtube,https://www.youtube.com/watch?v=HKcrmxA-7JI,full_album,3625,Aki Takahashi - Triadic Memories,se146np,8,embedded,link,no_audio,,,,
Album582497,youtube,https://www.youtube.com/watch?v=WfUTdRSY8nI,full_album,2761,Natsumen -  NEVER WEAR OUT yOUR SUMMER xxx!!! (2006) [Full album],Cool Beans,8,embedded,link,no_audio,,,,"title+artist; 46 min, says full album; 1 file(s), 42.9 MB, 8 windows embedded, 8 in the mean"
Album11307792,youtube,https://www.youtube.com/watch?v=GQ85neMQhjA,full_album,4367,The Sleepwalk - The Forest Of Foss Darya ～フォス・ダーリャの森～ [Full Album],AxeWorld's Dump,8,embedded,link,no_audio,,,,
Album1521673,youtube,https://www.youtube.com/watch?v=ZnWnp6rO5sw,full_album,3245,BOaT - Listening Suicidal,MajorasMaxine,8,embedded,link,no_audio,,,,
Album1323838,youtube,https://www.youtube.com/watch?v=IUZy-Ql_nbY,full_album,2794,Demetori - 如臨深遠 ～雨縒煙柳～ (FULL ALBUM/2006),Unexysted,8,embedded,link,no_audio,,,,
Album3771768,youtube,https://www.youtube.com/watch?v=zfRUOKj3JQU,full_album,7903,Sonic Rush OST; Original Groove Rush,Philip J. Fry II,8,embedded,link,no_audio,,,,
Album293791,youtube,https://www.youtube.com/watch?v=wg6ZuQEC-_c,full_album,3658,Lunatic   Mauvais Oeil Full Album,romulux aieee,8,embedded,link,no_audio,,,,
Album960225,youtube,https://www.youtube.com/watch?v=8kDG_8Pyc8U,full_album,2195,[平沢進] Susumu Hirasawa - ICE-9 [2005],TwizzyBroke,7,embedded,link,no_audio,,,,
Album313676,youtube,https://www.youtube.com/watch?v=ce58nZSe49o,full_album,3930,Albert Ayler - Lörrach / Paris 1966 (Full Album),Germán Betti,8,embedded,link,no_audio,,,,
Album130515,youtube,https://www.youtube.com/watch?v=ol6Ucy-atik,full_album,2831,Giacinto Scelsi – Hurqualia - Hymnos - Chukrum,むちゃうま現代音楽チャンネル,8,embedded,link,no_audio,,,,
Album8909653,youtube,https://www.youtube.com/watch?v=5P1Q2jzteYk,full_album,4344,The Sleepwalk - Phantasmagoria II [Full Album],AxeWorld's Dump,8,embedded,link,no_audio,,,,
Album27923,youtube,https://www.youtube.com/watch?v=cnSkGoHEmOo,full_album,2699,"Drive Like Jehu - Drive Like Jehu [1991, FULL ALBUM]",Gilpow,8,embedded,link,no_audio,,,,
Album579155,youtube,https://www.youtube.com/watch?v=X6heaN2-ONE,full_album,2456,"P-MODEL / P-MODEL (Full Album, Remastered 2004)",Alessandro Pigaiani,8,embedded,link,no_audio,,,,
Album12858151,youtube,https://www.youtube.com/watch?v=weYekRewoOE,full_album,5454,"Krystal Jesus - For Liza, beyond the event horizon. (2021)",jaiden,8,embedded,link,no_audio,,,,
Album2979409,youtube,https://www.youtube.com/watch?v=2F2MDEUsXGM,full_album,3933,Pospulenn — Sun People Sleepwalker,Life ?,8,embedded,link,no_audio,,,,
Album2245353,youtube,https://www.youtube.com/watch?v=I2A3_NmkeTE,full_album,9547,James Ferraro - Jarvid 9: Gecko [Full Album],Rainwater Enema,8,embedded,link,no_audio,,,,
Album27871,youtube,https://www.youtube.com/watch?v=nul3A0pS_oc,full_album,2634,Various Artists - No New York,MrNoWave,8,embedded,link,no_audio,,,,
Album892791,youtube,https://www.youtube.com/watch?v=zQXohAyTV0Q,full_album,5754,Sylvie Lacroix - Morton Feldmann - Crippled symmetry,Sylvie Lacroix,8,embedded,link,no_audio,,,,
Album8462430,youtube,https://www.youtube.com/watch?v=oNFnwGL9ti4,mismatch,49394,Roland Kayn – A Little Electronic Milky Way Of Sound (Full Album),no way,,skipped,link,no_audio,,,,
Album60911,youtube,https://www.youtube.com/watch?v=AQm5wxT7BGM,full_album,9257,The Legend of Zelda: The Wind Waker Full Soundtrack,Game Soundtracks,8,embedded,link,no_audio,,,,
Album15371285,youtube,https://www.youtube.com/watch?v=YT1k1xdGaEY,full_album,3601,[2023] leroy - Grave Robbing,dismiss yourself,8,embedded,link,no_audio,,,,
Album5952792,youtube,https://www.youtube.com/watch?v=kaOPDWNRPT4,full_album,4412,The Sleepwalk - Phantasmagoria I [Full Album],AxeWorld's Dump,8,embedded,link,no_audio,,,,
Album3311136,youtube,https://www.youtube.com/watch?v=jekBEMoZN4I,full_album,2246,[2004.10.04] 核P-Model – Vistoron (Full Album),jonkk,7,embedded,link,no_audio,,,,
Album555253,youtube,https://www.youtube.com/watch?v=HSrZxSw8Akw,full_album,3124,Haibane Renmei Hanenone ORIGINAL SOUNDTRACK,vhs,8,embedded,link,no_audio,,,,
Album11448771,youtube,https://www.youtube.com/watch?v=YJRzRzt9iNI,full_album,3594,Bladee & Ecco2K | NTS Session,NTS,8,embedded,link,no_audio,,,,
Album13395,youtube,https://www.youtube.com/watch?v=fUSGujidgns,full_album,4115,Boredoms - Super æ (Full Album),q0zi,8,embedded,link,no_audio,,,,
Album195629,youtube,https://www.youtube.com/watch?v=hFSfEsglbl0,unavailable,,,,,skipped,link,no_audio,,,,
Album15475847,youtube,https://www.youtube.com/watch?v=t38oII8Ek6M,full_album,4212,Les Rallizes Dénudés - BAUS '93 (Full Album),inxy,8,embedded,link,no_audio,,,,
Album6106747,youtube,https://www.youtube.com/watch?v=MGI8Ta6rZKo,full_album,4076,t e l e p a t h テレパシー能力者 : 現実を超えて,Vapor Memory,8,embedded,link,no_audio,,,,
Album9615203,youtube,https://www.youtube.com/watch?v=6BeWMUMzInI,full_album,4090,The Sleepwalk - Phantasmagoria III [Full Album],AxeWorld's Dump,8,embedded,link,no_audio,,,,
Album3561840,youtube,https://www.youtube.com/watch?v=TsizWB6GK3Q,full_album,4209,Various Artists ‎– Odour Of Dust & Rot [Full Album],setdifference,8,embedded,link,no_audio,,,,"title+artist; 70 min, says full album; 1 file(s), 61.7 MB, 8 windows embedded, 8 in the mean"
Album21121,youtube,https://www.youtube.com/watch?v=xW7lrDo9T2Q,full_album,3120,Malice Mizer Bara No Seidou full album,malice mizer jrock music,8,embedded,link,no_audio,,,,
Album798742,youtube,https://www.youtube.com/watch?v=ufwiawIz990,full_album,3331,Salle Gaveau - Alloy,BlueSpagoot,8,embedded,link,no_audio,,,,
Album765725,youtube,https://www.youtube.com/watch?v=ucYhYPFWEbw,full_album,3132,Katharsis - VVorldVVithoutEnd (full album),WARGOAT.666,8,embedded,link,no_audio,,,,
Album7233131,youtube,https://www.youtube.com/watch?v=gcECKB9dCfg,full_album,3210,The Gerogerigegege- 燃えない灰 (Moenai Hai),099wil,8,embedded,link,no_audio,,,,
Album6819437,youtube,https://www.youtube.com/watch?v=bfuNpWKTV7I,full_album,1876,虚拟梦想广场 : 一见钟情,Vapor Memory,6,embedded,link,no_audio,,,,
Album169628,youtube,https://www.youtube.com/watch?v=hoMwVrNT2Cs,full_album,8610,Alan Silva and the Celestial Communication Orchestra - Seasons [full album],David Selig,8,embedded,link,no_audio,,,,
Album191097,youtube,https://www.youtube.com/watch?v=wrTLIFYPFus,full_album,2291,Iannis Xenakis: Metastasis • Pithoprakta • Eonta,△ thoHk ▽,8,embedded,link,no_audio,,,,
Album9446198,youtube,https://www.youtube.com/watch?v=HMvsr_HGzsI,full_album,2693,KAI = KAI - Kaku P-MODEL (2018) [FULL ALBUM],Dr. Flanger,8,embedded,link,no_audio,,,,
Album143164,youtube,https://www.youtube.com/watch?v=aVX7WlyXkhg,unavailable,,,,,skipped,link,no_audio,,,,
Album123436,youtube,https://www.youtube.com/watch?v=kSqr66nXHH8,full_album,2848,Behexen - By the Blessing of Satan (Full Album),Black Metal Promotion,8,embedded,link,no_audio,,,,
Album436264,youtube,https://www.youtube.com/watch?v=ZcaGMf92nK0,full_album,1889,"Beto Guedes, Danilo Caymmi, Novelli e Toninho Horta",DJ Cliffy,6,embedded,link,no_audio,,,,
Album41604,youtube,https://www.youtube.com/watch?v=1mbRjdsiB68,full_album,3111,"Änglagård - Hybris (Remastered Full Album, HQ)",Ahmet Emin Erdoğan,8,embedded,link,no_audio,,,,
Album893485,youtube,https://www.youtube.com/watch?v=NymFMiZa9ww,full_album,3895,Colosseum   Chapter 1  Delirium  2007 full album,IMPL EXO,8,embedded,link,no_audio,,,,
Album14086529,youtube,https://www.youtube.com/watch?v=sJ9EoIFlTH0,full_album,7123,Bekëth Nexëhmü - De Fornas Likgaldrar (Full album) 2021,Ancient Records,8,embedded,link,no_audio,,,,
Album32943,youtube,https://www.youtube.com/watch?v=-DtqR98Pbl8,full_album,2778,Manuel Göttsching ‎– Inventions For Electric Guitar (1975),Skeleton Archives,8,embedded,link,no_audio,,,,
Album3952959,youtube,https://www.youtube.com/watch?v=Xu1fLbGcuHE,full_album,5396,Dean Blunt And Inga Copeland - The Attitude Era  [ High Sound Quality ],Räphäel Øne,8,embedded,link,no_audio,,,,
Album431146,youtube,https://www.youtube.com/watch?v=UQBIS1ViH0o,full_album,2608,"Taiguara - Imyra, Tayra, Ipy, Taiguara (1976) - Completo/Full Album",Pimalves,8,embedded,link,no_audio,,,,
Album617819,youtube,https://www.youtube.com/watch?v=Qg5NM1jLr5A,full_album,4479,Bloodthirsty Butchers - Kocorono,Music,8,embedded,link,no_audio,,,,
Album1168690,youtube,https://www.youtube.com/watch?v=WYiFlvz8J8c,full_album,2831,Michio Miyagi ‎– 宮城道雄名曲選集 = Masterpieces Of Koto 1956 Nivico ‎– JL 7,INVIGORATION,8,embedded,link,no_audio,,,,
Album15231367,youtube,https://www.youtube.com/watch?v=T7BrQL8-TKI,single_track,334,幼虫社 - 夏の虫,fluffy bunnies,,skipped,link,no_audio,,,,
Album2514574,youtube,https://www.youtube.com/watch?v=8nJRMhs2npo,full_album,10608,Bull of Heaven - I'm Not Here Anymore,Tom Bombadil of Everything,8,embedded,link,no_audio,,,,
Album2480088,youtube,https://www.youtube.com/watch?v=hSlh_2jKwkU,mismatch,41943,Bull of Heaven - 045: The Wicked Cease from Struggling - Part 1/15,Progect,,skipped,link,no_audio,,,,
Album14994238,youtube,https://www.youtube.com/watch?v=OzldqENNDPQ,full_album,2230,[東方 Shoegaze] last little while - fade (Full Album),Travelers Of Musical Dreams,7,embedded,link,no_audio,,,,
Album13113853,youtube,https://www.youtube.com/watch?v=3rH_GK9TqiY,full_album,3061,"Ichiko Aoba - Live at Ginza Sony Park (July 3, 2020)",ICHIKO AOBA,8,embedded,link,no_audio,,,,
Album1080157,youtube,https://www.youtube.com/watch?v=qwS3h8-zF18,full_album,1946,セカンド - ミドリ Second - Midori [ALBUM],In An Expression Of The Inexpressible,6,embedded,link,no_audio,,,,
Album4281,youtube,https://www.youtube.com/watch?v=zHiU7aF-f_Q,full_album,2335,The gerogerigegege - 1994. Instruments disorder,TheSUNRA21,8,embedded,link,no_audio,,,,
Album1425010,youtube,https://www.youtube.com/watch?v=k7frd2ZxPoY,full_album,3500,"Deus Ex GOTY Edition Full Soundtrack by Alexander Brandon, Michiel van den Bos, Dan Gardopee [OST]",Sounds of Video Game Music,8,embedded,link,no_audio,,,,
Album18712,youtube,https://www.youtube.com/watch?v=98NwVTXP4nY,full_album,3221,Henry Threadgill ‎- Too Much Sugar For A Dime (1993) [Full Album],Saint Coltrane,8,embedded,link,no_audio,,,,
Album1975767,youtube,https://www.youtube.com/watch?v=F6Rv0nG_81Q,full_album,2687,Deathspell Omega & S.V.E.S.T. - Veritas Diaboli Manet In Aeternum (Full Split Album),Slaanesh AMSG II,8,embedded,link,no_audio,,,,
Album9211168,youtube,https://www.youtube.com/watch?v=jjDknFLE1Uk,full_album,1878,"𝕬𝖑.𝕯𝖎𝖛𝖎𝖓𝖔 𝖝 𝕰𝖘𝖙𝖊𝖊 𝕹𝖆𝖈𝖐 - 𝕬𝖇𝖗𝖆𝖐𝖆𝖉𝖆𝖇𝖗𝖆, 𝕬𝖑𝖆𝖐𝖆𝖟𝖆𝖒!",Muggl£,6,embedded,link,no_audio,,,,
Album195606,youtube,https://www.youtube.com/watch?v=B3loHRwBaas,full_album,2126,Order From Chaos - Stillbirth Machine (Full),Fifth Column Metal,7,embedded,link,no_audio,,,,
Album16507684,youtube,https://www.youtube.com/watch?v=MAW84RRNw84,full_album,2190,Musical Transients (Full Album),Psynwav,7,embedded,link,no_audio,,,,
Album9527161,youtube,https://www.youtube.com/watch?v=9ZTPn5u5gdM,full_album,2793,Car Seat Headrest - Lowfidelity (2014-08-25 Cassette Recording),goombapatrol,8,embedded,link,no_audio,,,,
Album7735045,youtube,https://www.youtube.com/watch?v=kawmncUl3yg,full_album,3717,/f - friendshipis love withouthis wings,Certain People,8,embedded,link,no_audio,,,,
Album1656627,youtube,https://www.youtube.com/watch?v=4f_opE_lSdU,full_album,3144,静香 (Shizuka) - 伝承美学 (Traditional Aesthetics),alice e,8,embedded,link,no_audio,,,,
Album591309,youtube,https://www.youtube.com/watch?v=IzIrUszUEqs,full_album,4585,His Name Is Alive - Love Can't Buy Happiness,6fortyproject,8,embedded,link,no_audio,,,,"title+artist; 76 min; 1 file(s), 75.1 MB, 8 windows embedded, 8 in the mean"
Album431977,youtube,https://www.youtube.com/watch?v=DRk-4WdsN9w,full_album,1812,Pedro Santos Krishnanda (Album Completo - Full Album),Davi Stroligo,6,embedded,link,no_audio,,,,
Album698040,youtube,https://www.youtube.com/watch?v=8O1lhPELaG0,unavailable,,,,,skipped,link,no_audio,,,,
Album2128287,youtube,https://www.youtube.com/watch?v=_1W5vnEwPvA,full_album,7246,Xiphiidae ‎– Crystal Marvelous Fruit (Full Album),H E A D S P A C E,8,embedded,link,no_audio,,,,
Album4508166,youtube,https://www.youtube.com/watch?v=I8jfCs7p_Kc,full_album,4434,VICTROLA – 1982-1983,ITALIAN TAPES ARCHIVE,8,embedded,link,no_audio,,,,
Album402891,youtube,https://www.youtube.com/watch?v=hl5zOoHZ7TE,single_track,222,Zbigniew Preisner  -- Requiem  For My Friend  --  Lacrimosa,Alicja,,skipped,link,no_audio,,,,
Album7265195,youtube,https://www.youtube.com/watch?v=u1mUiAjHzAI,full_album,2711,pilotredsun - Achievement (full album),PilotRedSun,8,embedded,link,no_audio,,,,
Album2507581,youtube,https://www.youtube.com/watch?v=YRovtLBF5Ps,full_album,4079,"PRESENT - Barbaro (Ma Non Troppo) (2009) FULL ALBUM - Avantgarde, Prog Rock",DIG IT! Rusty Grooves,8,embedded,link,no_audio,,,,
Album225366,youtube,https://www.youtube.com/watch?v=_HsWDA28hLE,full_album,5625,Rainbow Live in Germany 1976 Full Album Hard Rock Heavy Metal Blues Prog,Wishful Thinking,8,embedded,link,no_audio,,,,
Album893014,youtube,https://www.youtube.com/watch?v=lU6PbEg6YRk,full_album,5153,Jason Lescalleet - The Pilgrim (Remastered),idunnomaybe,8,embedded,link,no_audio,,,,
Album5811213,youtube,https://www.youtube.com/watch?v=vcyi_xFtgGQ,full_album,2854,Bekëth Nexëhmü - De Svarta Riterna (Full demo) 2013,Ancient Records,8,embedded,link,no_audio,,,,
Album215666,youtube,https://www.youtube.com/watch?v=IPhHcp4KD7M,full_album,4206,Evan Parker - Conic Sections,춘자,8,embedded,link,no_audio,,,,
Album17703,youtube,https://www.youtube.com/watch?v=oPI3n3J7BuE,full_album,4748,God - The Anatomy Of Addiction [1994 - Full Album],LaScucchia,8,embedded,link,no_audio,,,,
Album579162,youtube,https://www.youtube.com/watch?v=PJWqwHzEwuc,full_album,2117,big body - P-MODEL,shima kubo,7,embedded,link,no_audio,,,,
Album5802243,youtube,https://www.youtube.com/watch?v=gpHk0yY5WV8,mismatch,22062,断片化された友人 : Ｆｒａｇｍｅｎｔｅｄ Ｍｅｍｏｒｉｅｓ,Vapor Memory,,skipped,link,no_audio,,,,
Album336600,youtube,https://www.youtube.com/watch?v=nXIGQB9eFQ4,full_album,2514,StarGazer - The Scream That Tore the Sky ∙ FULL ALBUM,Metal Supplier,8,embedded,link,no_audio,,,,
Album4994419,youtube,https://www.youtube.com/watch?v=2BRbm0yezNk,unavailable,,,,,skipped,link,no_audio,,,,
Album3914944,youtube,https://www.youtube.com/watch?v=hq_AzXaB_iw,full_album,1360,Rhinocervs - RH-12 (Full EP),Unseen Constellations,5,embedded,link,no_audio,,,,
Album165437,youtube,https://www.youtube.com/watch?v=ek9C_vIsgB8,full_album,7541,Pearl Jam - Benaroya Hall Live (Complete),Project Zombie,8,embedded,link,no_audio,,,,
Album92323,youtube,https://www.youtube.com/watch?v=AZSw73DLq-0,unavailable,,,,,skipped,link,no_audio,,,,
Album5366502,youtube,https://www.youtube.com/watch?v=5lLPnQqRdmY,full_album,10532,"Nothing Changes, No One Can Change Anything, I Am Ever-Changing, Only You Can Change Yourself",ErrorIsProgress,8,embedded,link,no_audio,,,,
Album2158066,youtube,https://www.youtube.com/watch?v=qH3J6Tum1Ws,full_album,1633,Sanford Clark - They Call Me Country [Full Album],Augustus,5,embedded,link,no_audio,,,,
Album182773,youtube,https://www.youtube.com/watch?v=6SPTwffvSHg,unavailable,,,,,skipped,link,no_audio,,,,
Album869303,youtube,https://www.youtube.com/watch?v=1tWoJJv6hys,full_album,3031,Mi'Gauss - Open Season ∙ FULL ALBUM,Metal Supplier,8,embedded,link,no_audio,,,,
Album237666,youtube,https://www.youtube.com/watch?v=wXCaGER389Q,full_album,2491,Protector - A Shedding of Skin ∙ FULL ALBUM ∙ DEATH METAL,Metal Supplier,8,embedded,link,no_audio,,,,
Album2160648,youtube,https://www.youtube.com/watch?v=u7zdZNiT4u0,full_album,2160,Black Unity Trio - Al - Fatihah,avishv,7,embedded,link,no_audio,,,,
Album16319895,youtube,https://www.youtube.com/watch?v=DJmAVWzOV_Y,full_album,3045,"alice protozoa smoke (Jasmine Smoke) - opulent familiarity, lotus horizon",ivo,8,embedded,link,no_audio,,,,
Album11679666,youtube,https://www.youtube.com/watch?v=fZWzS218GLQ,full_album,4239,Horace Tapscott & The PAPA  -  Ancestral Echoes (The Covina Sessions 1976) (2020),Danton Aparicio,8,embedded,link,no_audio,,,,"title+artist; 71 min; 1 file(s), 69.5 MB, 8 windows embedded, 8 in the mean"
Album10251308,youtube,https://www.youtube.com/watch?v=6H9CRnnpLhA,full_album,4431,The Sleepwalk - Upon A Brown ～エルフの死～ [Full Album],AxeWorld's Dump,8,embedded,link,no_audio,,,,
Album557320,youtube,https://www.youtube.com/watch?v=otXh2LfpNio,full_album,1641,"Disclose - Yesterday's Fairytale, Tomorrow's Nightmare (full album)",lejapeja,5,embedded,link,no_audio,,,,
Album4339273,youtube,https://www.youtube.com/watch?v=oNpJcKedrzU,full_album,3543,Alice Coltrane - Divine Songs (Full Album),Draconian Lemonade,8,embedded,link,no_audio,,,,
Album3525210,youtube,https://www.youtube.com/watch?v=ZpcZ_agk9rE,full_album,2847,"Touming Magazine | 透明雜誌 — 我們的靈魂樂 / OUR SOUL MUSIC (LP, 2010)",drifting with the ice,8,embedded,link,no_audio,,,,
Album328910,youtube,https://www.youtube.com/watch?v=af83BS4JCWY,unavailable,,,,,skipped,link,no_audio,,,,
Album5882664,youtube,https://www.youtube.com/watch?v=ctbqe9MKMww,full_album,2997,Daisuke Tobari - Guitar,Andrés Quezada,8,embedded,link,no_audio,,,,
Album3058012,youtube,https://www.youtube.com/watch?v=vYxWnVIcZeA,full_album,5592,Thoughts on Air - Mallo Yallo (2010),malwarehistorian,8,embedded,link,no_audio,,,,
Album1846236,youtube,https://www.youtube.com/watch?v=HL13tiI2HCw,full_album,3464,Ten Wanted Men - Wanted Dead Or Alive [1995] [Full Album],pramiracetam,8,embedded,link,no_audio,,,,
Album253601,youtube,https://www.youtube.com/watch?v=ae3F0wcot-M,full_album,1787,Luciano Cilio - Dialoghi del presente (Full Album),Jackson Brown,6,embedded,link,no_audio,,,,
Album225273,youtube,https://www.youtube.com/watch?v=jylwKQ6nGx0,full_album,2741,NOKTURNAL MORTUM Lunar Poetry (Full Album),OSMOSE PRODUCTIONS - Medias,8,embedded,link,no_audio,,,,
Album138298,youtube,https://www.youtube.com/watch?v=HqL8w4w_3_A,full_album,2265,Robbie Basho - Falconer's Arm [FULL ALBUM],K4SHMIR,8,embedded,link,no_audio,,,,"title+artist; 38 min, says full album; 1 file(s), 36.2 MB, 8 windows embedded, 8 in the mean"
Album16028106,youtube,https://www.youtube.com/watch?v=Hc5Mh3PThvU,full_album,2554,"Auld Ridge - For Death and Glory, to the Gods I Cry (Full Album 2024)",Dark Adversary,8,embedded,link,no_audio,,,,
Album760019,youtube,https://www.youtube.com/watch?v=fwujtDMRA9M,full_album,2565,Windy & Carl - Drawing Of Sound (full album),When Dubs Cry,8,embedded,link,no_audio,,,,
Album477745,youtube,https://www.youtube.com/watch?v=7BAm1LPEZEk,full_album,3439,'Out To Lunch (full album) - Otomo Yoshihide's New Jazz Orchestra (2005),Blue Bamboo Music,8,embedded,link,no_audio,,,,
Album2514436,youtube,https://www.youtube.com/watch?v=tzEahueSin0,full_album,5023,"Bull of Heaven -- ""Like the First Pine Cone""",KGB (Galen Evan Kowalski Buttitta),8,embedded,link,no_audio,,,,"title+artist; 84 min; 1 file(s), 79.6 MB, 8 windows embedded, 8 in the mean"
Album2149539,youtube,https://www.youtube.com/watch?v=dMCQhJSzzFs,full_album,3720,"Shoji Aketagawa, Kan Mikami, Toshiaki Ishizuka - Daikanjyo (Full Album)",Koncertowe Opowieści,8,embedded,link,no_audio,,,,
Album53797,youtube,https://www.youtube.com/watch?v=PUn-mHfTTJA,full_album,3565,Memories [1975] - Doc Watson,Take's Bluegrass Album Channel,8,embedded,link,no_audio,,,,
Album7494096,youtube,https://www.youtube.com/watch?v=aRkAvsJYHNQ,full_album,3502,Eric Lou Root - Don't Worry FULL ALBUM,Hoe Productions,8,embedded,link,no_audio,,,,
Album15966719,youtube,https://www.youtube.com/watch?v=kjwPzCmE5gM,full_album,4345,3776 - The Birth and Death of the Universe Through Mount Fuji (Full Album),Maizy,8,embedded,link,no_audio,,,,
Album189786,youtube,https://www.youtube.com/watch?v=zr4UMXuMYB0,full_album,2865,Adramelch - Irae Melanox (Full Album),VultureLivesAgain,8,embedded,link,no_audio,,,,
Album9168800,youtube,https://www.youtube.com/watch?v=ISqgJcRVGcs,full_album,1978,Al.divino ‎- Monumentality (Full Album),Nyla Vi,7,embedded,link,no_audio,,,,
Album229616,youtube,https://www.youtube.com/watch?v=y9lMwvtpm3c,full_album,2752,THUNDERSTORM - Witchunter Tales (2003),Italian Metal Band,8,embedded,link,no_audio,,,,
Album94334,youtube,https://www.youtube.com/watch?v=jiwkS_YHcNo,full_album,3239,Juno - This Is The Way It Goes And Goes And Goes (Full Album) (1999),Drain Me Filter,8,embedded,link,no_audio,,,,
Album606868,youtube,https://www.youtube.com/watch?v=S-W5wlk8QsI,full_album,1689,Patife Band - Corredor Polonês - 1987 (Álbum Completo) (Full Album),Ângelo Sousa,6,embedded,link,no_audio,,,,
Album406351,youtube,https://www.youtube.com/watch?v=g3Hm3ZpmC1k,full_album,1652,Digested Flesh  - The Answer To Infection (Full Album),HigherHammersOfHate,6,embedded,link,no_audio,,,,
Album110589,youtube,https://www.youtube.com/watch?v=hb2_39AhjMk,full_album,724,Charles Bronson ‎– Youth Attack! [FULL ALBUM],FAST FAST FAST FAST!,4,embedded,link,no_audio,,,,
Album116553,youtube,https://www.youtube.com/watch?v=7Zn_4u-p1pE,full_album,1983,Ceremonium - No Longer Silent (2000) [HQ] FULL ALBUM,Metal Supplier,7,embedded,link,no_audio,,,,
Album1206261,youtube,https://www.youtube.com/watch?v=Crt2c_YKssY,full_album,2033,Su Tissue - Salon de Musique (full album),Germán Cipriano,7,embedded,link,no_audio,,,,
Album4303,youtube,https://www.youtube.com/watch?v=_1TR9gvEy2Y,full_album,18022,Merzbow - Metalvelodrome (Definitive version) Full Album 1993,Boardstechre09,8,embedded,link,no_audio,,,,
Album230634,youtube,https://www.youtube.com/watch?v=S_aFuu--73g,full_album,2898,Shizuka - Live Shizuka (Full Album) 静香,Rokko Keep,8,embedded,link,no_audio,,,,
Album524927,youtube,https://www.youtube.com/watch?v=ttXV2JBgSK8,full_album,1207,In/Humanity - The Nutty Anti-Christ LP 1996,CanadianWasteland,4,embedded,link,no_audio,,,,
Album7713411,youtube,https://www.youtube.com/watch?v=lEYb2-vGoTE,full_album,15198,untitled [Nikita Bondarev] - untitled,Spite Goblin,8,embedded,link,no_audio,,,,
Album157729,youtube,https://www.youtube.com/watch?v=Vo1J_1s0DJE,unavailable,,,,,skipped,link,no_audio,,,,
Album4311567,youtube,https://www.youtube.com/watch?v=kp-CPmEHqXc,full_album,1009,D-clone - Creation And Destroy [FULL ALBUM],LAbean Distort,4,embedded,link,no_audio,,,,
Album197045,youtube,https://www.youtube.com/watch?v=cv4dvi3NvNU,full_album,2898,Modry Efekt & Radim Hladik - Blue Effect 1974 FULL VINYL ALBUM,emBLICko,8,embedded,link,no_audio,,,,
Album406359,youtube,https://www.youtube.com/watch?v=mo_S47uPRmo,full_album,1706,Reinfection (POL) - They Die for Nothing (2000) Full Album,Horns Up Metal,6,embedded,link,no_audio,,,,
Album303645,youtube,https://www.youtube.com/watch?v=VaLQnbUT5Mo,full_album,2864,Susumu Hirasawa - Blue Limbo (Full Album),Hombre Alterado,8,embedded,link,no_audio,,,,
Album2178338,youtube,https://www.youtube.com/watch?v=esyMQiRsS7s,full_album,2393,Johnny Foreigner - We Left You Sleeping and Gone Now,emi's archive,8,embedded,link,no_audio,,,,
Album38755,youtube,https://www.youtube.com/watch?v=5jbzdl9isW0,full_album,2721,Fela Kuti - Live With Ginger Baker (LP),Fela Kuti,8,embedded,link,no_audio,,,,
Album132593,youtube,https://www.youtube.com/watch?v=iA6zHiLz32M,full_album,2254,Funeral Diner - Difference Of Potential (Full Album),Cristian Camilo,8,embedded,link,no_audio,,,,
Album195609,youtube,https://www.youtube.com/watch?v=xLxfatLvZ44,full_album,2270,Order From Chaos - An Ending In Fire (Full Album),Fifth Column Metal,8,embedded,link,no_audio,,,,
Album10546924,youtube,https://www.youtube.com/watch?v=i2FWA1cBvTU,full_album,8666,/f - recovered files (2016) FULL ALBUM,Free Forgotten Music,8,embedded,link,no_audio,,,,
Album829172,youtube,https://www.youtube.com/watch?v=1CNGeMT8PE0,unavailable,,,,,skipped,link,no_audio,,,,
Album2106541,youtube,https://www.youtube.com/watch?v=XjZVpVvad-c,full_album,4777,James Ferraro - Genie Head Gas In The Tower Of Dreams (Jesters Midnight Toys) [Full Album],Rainwater Enema,8,embedded,link,no_audio,,,,
Album13722592,youtube,https://www.youtube.com/watch?v=Q4KGeDDWt-w,full_album,11324,Irini - Lost in Dreams,Givi Gelashvili,8,embedded,link,no_audio,,,,
Album94331,youtube,https://www.youtube.com/watch?v=1zsCrKTZn4s,unavailable,,,,,skipped,link,no_audio,,,,
Album2841705,youtube,https://www.youtube.com/watch?v=Hsc7YcyuGXc,full_album,2363,Ecstatic Music of the Jemaa El Fna - Various Artists (2010) (Sublime Frequencies),Sinister Resonance,8,embedded,link,no_audio,,,,
Album5195713,youtube,https://www.youtube.com/watch?v=cAfute5lEzs,full_album,1736,Elysia Crampton - The Light That You Gave Me To See You [2013],everythinghealing,6,embedded,link,no_audio,,,,
Album1955989,youtube,https://www.youtube.com/watch?v=cfMwxKQ-F74,full_album,2438,"角松敏生 Toshiki Kadomatsu - After 5 Clash (1984, full album)",mono life,8,embedded,link,no_audio,,,,
Album778378,youtube,https://www.youtube.com/watch?v=_02agUduoyM,full_album,1530,"TRAUMASIDE - Force Fed (FULL ALBUM, HQ SOUND!!!) 2000",IndiVideous,5,embedded,link,no_audio,,,,
Album15396481,youtube,https://www.youtube.com/watch?v=iyX2AKTsp1I,full_album,5564,TECHDOG 4,Patricia Taxxon,8,embedded,link,no_audio,,,,
Album1656760,youtube,https://www.youtube.com/watch?v=1oTaLCe6pQU,full_album,2317,Ștefan Niculescu – Ison Ia / Echos / Ison II,むちゃうま現代音楽チャンネル,8,embedded,link,no_audio,,,,
Album15966685,youtube,https://www.youtube.com/watch?v=Ua5rdjYY24Q,full_album,2162,Fellwinter (US) - In Night’s Eternal Grasp (Full Length) 2024,No Gleaming Light,7,embedded,link,no_audio,,,,
Album130439,youtube,https://www.youtube.com/watch?v=RLYc-AdU3M4,full_album,1898,Naked City - 凌遲 (Leng tch'e) ∙ FULL ALBUM ∙ HQ,Metal Supplier,6,embedded,link,no_audio,,,,
Album133238,youtube,https://www.youtube.com/watch?v=d0LWv4J7ARc,full_album,13382,Hermann Nitsch — Island: Eine Sinfonie In 10 Sätzen (1980/1998),roseau pensant,8,embedded,link,no_audio,,,,
Album10503320,youtube,https://www.youtube.com/watch?v=Bv-V9tD8gdc,full_album,4396,3776 - 歳時記 (Saijiki),Bram van Kooten,8,embedded,link,no_audio,,,,
Album15761105,youtube,https://www.youtube.com/watch?v=ZthXK2kJz4o,single_track,627,The Failsafe Device - Self Titled (2003),x_x,,skipped,link,no_audio,,,,
Album186841,youtube,https://www.youtube.com/watch?v=9UQK70IZ6PI,full_album,2974,Infernäl Mäjesty - None Shall Defy (Full Album),AnthologyOfDeath,8,embedded,link,no_audio,,,,
Album195175,youtube,https://www.youtube.com/watch?v=W36iAoH_FSs,mismatch,3518,Koenjihyakkei - Viva Koenji!! (弐),nickos,,skipped,link,no_audio,,,,
Album1661255,youtube,https://www.youtube.com/watch?v=pQN99Y8mE1Y,full_album,4737,Natural Snow Buildings - Between the Real and the Shadow (2008),Shokai Shokai,8,embedded,link,no_audio,,,,
Album3537513,youtube,https://www.youtube.com/watch?v=btKpxOLofQQ,full_album,16337,Cornelius Cardew / Nima Gousheh - The Great Learning [2010],Industrial World,8,embedded,link,no_audio,,,,
Album10942414,youtube,https://www.youtube.com/watch?v=tvhe3_lDJpg,full_album,2415,The Gerogerigegege - (decrescendo) (FULL ALBUM),GEROGERIGEGEGE ARCHIVE,8,embedded,link,no_audio,,,,
Album3689121,youtube,https://www.youtube.com/watch?v=k_5MWLekZDs,full_album,2097,Rhinocervs - RH-11 (Full Demo),Atmospheric Black Metal Music,7,embedded,link,no_audio,,,,
Album11710842,youtube,https://www.youtube.com/watch?v=1qlEphlrNgA,full_album,4680,Vothana – Biệt Động Quân | Commando [2020],𝐌𝐔𝐙𝐈𝐊𝐊𝐄𝐑𝐀𝐙⛓️,8,embedded,link,no_audio,,,,
Album3319986,youtube,https://www.youtube.com/watch?v=Qu5I3wg9OFY,full_album,3677,ramleh - soundcheck changeling,teenytinyasshole,8,embedded,link,no_audio,,,,
Album10317082,youtube,https://www.youtube.com/watch?v=P8-k6rDtvZ4,full_album,14027,Sutcliffe Jugend - Relentless (2019),jaiden,8,embedded,link,no_audio,,,,
Album15278966,youtube,https://www.youtube.com/watch?v=ou0z9kX-_Tc,full_album,579,SHITSTORM - ONLY IN DADE (2023) FULL ALBUM,Rick S,4,embedded,link,no_audio,,,,
Album858750,youtube,https://www.youtube.com/watch?v=6nl6ZKjBWrw,full_album,2450,Infernal Dominion - Salvation Through Infinite Suffering (2000) [Full Album] Corpse Gristle Records,BrutalDeathMetalTV,8,embedded,link,no_audio,,,,
Album100048,youtube,https://www.youtube.com/watch?v=vyy1p30qbg8,full_album,2963,The Shizit - Soundtrack for the Revolution (FULL ALBUM) (2001),Extreme Music Promotion,8,embedded,link,no_audio,,,,
Album4673853,youtube,https://www.youtube.com/watch?v=Z67RL56ejuY,full_album,1291,Framtid – Defeat Of Civilization [FULL ALBUM],LAbean Distort,4,embedded,link,no_audio,,,,
Album61875,youtube,https://www.youtube.com/watch?v=v3HuHV00DMI,single_track,654,Sandy Bull - Blend Part One,jm neilson,,skipped,link,no_audio,,,,
Album1946575,youtube,https://www.youtube.com/watch?v=qB5UK5bOG3I,unavailable,,,,,skipped,link,no_audio,,,,
Album1710075,youtube,https://www.youtube.com/watch?v=bx9jcWvAJyc,full_album,2833,Horațiu Rădulescu - Clepsydra; Astray,babybirch18,8,embedded,link,no_audio,,,,
Album138213,youtube,https://www.youtube.com/watch?v=FlUx5cPLAM0,full_album,2448,"Asylum Party - Borderline (1989) Coldwave, Post Punk",In Depth Music,8,embedded,link,no_audio,,,,"title+artist; 41 min; 1 file(s), 38.2 MB, 8 windows embedded, 8 in the mean"
Album776185,youtube,https://www.youtube.com/watch?v=zTwKJ3kahkY,full_album,3272,Disinterment - Endless [Full Album] (Remastered),Deathmetalmaniac96,8,embedded,link,no_audio,,,,
Album294729,youtube,https://www.youtube.com/watch?v=TvalS4bRp7A,full_album,2495,S.V.E.S.T. - Urfaust [Full - HD],OdiumNostrum,8,embedded,link,no_audio,,,,
Album866482,youtube,https://www.youtube.com/watch?v=X0gyUOoS4n8,full_album,3167,Coaltar of The Deepers - Newave FULL ALBUM (2002) HQ,R,8,embedded,link,no_audio,,,,
Album250756,youtube,https://www.youtube.com/watch?v=a30rkGN9oO4,full_album,3601,"Throbbing Gristle - At the Factory, Manchester [FULL ALBUM]",ofstsld,8,embedded,link,no_audio,,,,
Album15481333,youtube,https://www.youtube.com/watch?v=5R5e-_ytfj0,full_album,2965,"greenhouse - arc,regn [ALBUM STREAM]",HALLEY LABS,8,embedded,link,no_audio,,,,
Album15011959,youtube,https://www.youtube.com/watch?v=TlTXRl1a-oI,full_album,4637,Purl - Winter (1996),k1d,8,embedded,link,no_audio,,,,
Album686686,youtube,https://www.youtube.com/watch?v=n2E7EtHMe_c,full_album,2630,ማሕሙድ ኣሕመድ - ማሕሙድ ኣሕመድ (Mahmoud Ahmed) (Full Album),No Face,8,embedded,link,no_audio,,,,
Album4286064,youtube,https://www.youtube.com/watch?v=eNfsAikH9NU,full_album,10676,Miles Davis Quintet - Live in Europe 1969: The Bootleg Series Vol. 2,The Kivster,8,embedded,link,no_audio,,,,
Album14344807,youtube,https://www.youtube.com/watch?v=4PIv7g6HASs,full_album,2669,Organ Tapes - Christ On Your Neck,Acid Goom,8,embedded,link,no_audio,,,,
Album1360913,youtube,https://www.youtube.com/watch?v=EZtRmics7Ng,full_album,2637,The Raymond Brake ~ Piles of Dirty Winters (1995) [full album],Sebastián Ayala,8,embedded,link,no_audio,,,,
Album10023486,youtube,https://www.youtube.com/watch?v=t0XzofXRiQg,full_album,2450,"Vothana - Crown Of Victory (2008) [OLD RIP, NEW UPLOAD SOON]",Evangeline,8,embedded,link,no_audio,,,,
Album496138,youtube,https://www.youtube.com/watch?v=3sQ-q_qd9dQ,full_album,2513,Anthony Davis - Epistēmē (Full Album),Germán Betti,8,embedded,link,no_audio,,,,
Album15003203,youtube,https://www.youtube.com/watch?v=JaIndGDPnxo,full_album,3355,Hi Posi - 身体と歌だけの関係 (Body Meets Sing) [1995.08.25] (Full Album),Electric Young President,8,embedded,link,no_audio,,,,
Album7858221,youtube,https://www.youtube.com/watch?v=AvQDAVs8iWc,single_track,392,Prince of Denmark - Intro [FORUM V],Neighbour,,skipped,link,no_audio,,,,
Album15986977,youtube,https://www.youtube.com/watch?v=f2jqzBhvIIs,full_album,1457,renamon - such sweet sorrow (2024),jaiden,5,embedded,link,no_audio,,,,
Album15055739,youtube,https://www.youtube.com/watch?v=GSTM7OHr40g,full_album,5177,Planet Uterus - Life,Givi Gelashvili,8,embedded,link,no_audio,,,,
Album8130256,youtube,https://www.youtube.com/watch?v=NooCL1bVw-U,full_album,5453,Áine O'Dwyer - Music For Church Cleaners Vol. I & II // Full Album,CrateToWeb,8,embedded,link,no_audio,,,,
Album205963,youtube,https://www.youtube.com/watch?v=h7uOg9Wz36M,full_album,1736,Ekkaia - Manos que estrechan planes de muerte y sometimiento (Full Album),Brutalchrist,6,embedded,link,no_audio,,,,
Album227114,youtube,https://www.youtube.com/watch?v=3kHUyh_sHbI,full_album,3110,[ZDR 069 / BR 008] Sortsind - Sår [Official Full Album Stream],ZERO DIMENSIONAL RECORDS,8,embedded,link,no_audio,,,,"title+artist; 52 min, says full album; 1 file(s), 40.3 MB, 8 windows embedded, 8 in the mean"
Album94507,youtube,https://www.youtube.com/watch?v=buGWI32e9sc,full_album,4315,Incapacitants - As Loud As Possible (Full Album),Harshnoise Channel,8,embedded,link,no_audio,,,,
Album274090,youtube,https://www.youtube.com/watch?v=MSDXyNxYlnM,full_album,2866,Anthony Davis - Lady of the Mirrors,Green Vikram,8,embedded,link,no_audio,,,,
Album2660886,youtube,https://www.youtube.com/watch?v=AhmwUb2CoFg,full_album,3576,WML 5185 Klênêngan Session of Solonese Gamelan I,TalkativeOldFart,8,embedded,link,no_audio,,,,
Album2869328,youtube,https://www.youtube.com/watch?v=KNkoSzRkJek,full_album,2961,Megurine Luka and Hatsune Miku - Solitude Freak (Full Album),Hagane Miku,8,embedded,link,no_audio,,,,
Album94335,youtube,https://www.youtube.com/watch?v=LrXKSDd5GRA,full_album,4199,Juno: A Future Lived in Past Tense,Ivy Nelson,8,embedded,link,no_audio,,,,
Album382555,youtube,https://www.youtube.com/watch?v=ciFjhdeEa5A,full_album,2450,"""Town Hall, New York City, June 22, 1945"" w/ Max Roach & Sidney Catlett (FULL ALBUM)",Billy Ponzio,8,embedded,link,no_audio,,,,
Album17023531,youtube,https://www.youtube.com/watch?v=aKB04O4zC98,full_album,1191,"Fake Dust - ""Decrepitizing Din Of The Cerebral Psyopticon"" (Full Album 2026) [Grindcore]",HEADSPLIT RECORDS,4,embedded,link,no_audio,,,,
Album87902,youtube,https://www.youtube.com/watch?v=pfWVfH9NbW0,full_album,5509,FILIGRANSKI PLOČNICI,PETROVICPETAR,8,embedded,link,no_audio,,,,
Album9755583,youtube,https://www.youtube.com/watch?v=rMfIsWc2LV8,full_album,14641,"Michael Pisaro- ""Nature Denatured And Found Again"" (2019) [FULL ALBUM]",Little Known Albums,8,embedded,link,no_audio,,,,
Album6594730,youtube,https://www.youtube.com/watch?v=zUcz3jZSA-c,full_album,9039,Mario Kart Band - Mario Kart 8 Original Sound Track 2015,The Kivster,8,embedded,link,no_audio,,,,
Album188894,youtube,https://www.youtube.com/watch?v=aLsIj102PjQ,full_album,2217,Sweep the Leg Johnny - Sto Cazzo! (2000) [Full Album],Expedient Self,7,embedded,link,no_audio,,,,
Album712484,youtube,https://www.youtube.com/watch?v=P0u1GziaIlw,full_album,2768,Shrubbies - Memphis in Texas,John Crawfish,8,embedded,link,no_audio,,,,
Album5608936,youtube,https://www.youtube.com/watch?v=esyPXwBxLms,unavailable,,,,,skipped,link,no_audio,,,,
Album593336,youtube,https://www.youtube.com/watch?v=1trU5GGCD1k,single_track,475,Steel Mill ► Mijo and the Laying of the Witch [HQ Audio] Green Eyed God 1971,Suha Önder,,skipped,link,no_audio,,,,
Album15020780,youtube,https://www.youtube.com/watch?v=SRdKXM4ZsPo,full_album,3195,greenhouse - _SNDWRK​/​gh [ALBUM STREAM],HALLEY LABS,8,embedded,link,no_audio,,,,
Album113542,youtube,https://www.youtube.com/watch?v=3iEMcNtOU4I,full_album,6199,Kreator - Live Kreation (FULL LIVE ALBUM),ThrashMetalAttack,8,embedded,link,no_audio,,,,
Album8176548,youtube,https://www.youtube.com/watch?v=-f4ZNYvgOgs,full_album,2499,Լուսինե Զաքարյան - Կոմիտասի երգերը և հայկական հինավուրց մեղեդիներ,미미,8,embedded,link,no_audio,,,,
Album4178370,youtube,https://www.youtube.com/watch?v=_XZPNOFvDoU,full_album,2621,八十八ヶ所巡礼 - ○△□,MrKatzUp,8,embedded,link,no_audio,,,,
Album202436,youtube,https://www.youtube.com/watch?v=ztfjpwtXY3g,full_album,4064,":Zoviet-France: ‎– Shouting At The Ground (Experimental ambient, 1988) / Full album",Electro jungle,8,embedded,link,no_audio,,,,"title+artist; 68 min, says full album; 1 file(s), 64.2 MB, 8 windows embedded, 8 in the mean"
Album53314,youtube,https://www.youtube.com/watch?v=zp_sOssMU1s,unavailable,,,,,skipped,link,no_audio,,,,
Album7644985,youtube,https://www.youtube.com/watch?v=XKSu-wZChcQ,full_album,1740,Secret Stairways - Enchantment of the Ring (1997) (Dungeon Synth),The Dungeon Synth Archives,6,embedded,link,no_audio,,,,
Album128376,youtube,https://www.youtube.com/watch?v=WnGkz21KyHI,full_album,4084,Coil - The Remote Viewer,Virgil pinK,8,embedded,link,no_audio,,,,
Album134752,youtube,https://www.youtube.com/watch?v=rl4DnYwjjuU,full_album,1600,"The Plot To Blow Up The Eiffel Tower - Dissertation, Honey [FULL ALBUM]",Musical Novelties,5,embedded,link,no_audio,,,,
Album16401981,youtube,https://www.youtube.com/watch?v=JU0m5VsaWaM,full_album,4018,death's dynamic shroud - 4k god projected on the smoldering ashes,Keith Rankin,8,embedded,link,no_audio,,,,"title+artist; 67 min; 1 file(s), 62.5 MB, 8 windows embedded, 8 in the mean"
Album11380333,youtube,https://www.youtube.com/watch?v=iqD45KgKGr0,full_album,2299,나의머리카락뭉치(Myhairball) - 빨간플러그(Redplug) (2007) [Full Album],CrushingDreams,8,embedded,link,no_audio,,,,
Album84082,youtube,https://www.youtube.com/watch?v=O3Sq1Ud1z90,full_album,3188,Hemdale & Exhumed  -  In The Name Of Gore (Full Split) 1996,Tago Laro,8,embedded,link,no_audio,,,,
Album195033,youtube,https://www.youtube.com/watch?v=fNMkmOwsv5Q,full_album,3481,Something Like Elvis - Cigarette Smoke Phantom (Full Album),ECHtoplasm,8,embedded,link,no_audio,,,,
Album169620,youtube,https://www.youtube.com/watch?v=jMeAZF4OoRA,full_album,2352,Aliene Maφriage - Les Soirée 夜の舞踏会／断罪の章～神罰篇,Malformed Box,8,embedded,link,no_audio,,,,
Album123951,youtube,https://www.youtube.com/watch?v=3XYwRL53Dp8,full_album,4203,Леонид Фёдоров - Четыресполовинойтонны (1997),Chebupeli,8,embedded,link,no_audio,,,,
Album6070602,youtube,https://www.youtube.com/watch?v=dnk3VD3DjTY,full_album,2883,Jun Konagaya - Travel (2014) [Full Album],CrushingDreams,8,embedded,link,no_audio,,,,
Album2137634,youtube,https://www.youtube.com/watch?v=SvvSrIpxBWQ,unavailable,,,,,skipped,link,no_audio,,,,
Album3004132,youtube,https://www.youtube.com/watch?v=eINjp785y5A,full_album,1377,The Spirit of Versailles - Self Titled CDr (full),Simon B.,5,embedded,link,no_audio,,,,
Album12350568,youtube,https://www.youtube.com/watch?v=Wi6SA-YW308,full_album,2991,Chiyono Ide - みんなの高校生活 (Min'na no koukou seikatsu) [2020 - Full Album],edu,8,embedded,link,no_audio,,,,
Album37479,youtube,https://www.youtube.com/watch?v=JI4keToT1jM,full_album,2648,Rapeman - Two Nuns And a Pack Mule Full Album (1988),XStevexLOxFIxIrwinX,8,embedded,link,no_audio,,,,
Album118151,youtube,https://www.youtube.com/watch?v=J35iWAYFqMw,full_album,5838,Fushitsusha - First Live/不失者 (1989),whitedude877,8,embedded,link,no_audio,,,,
Album2032896,youtube,https://www.youtube.com/watch?v=CVAyzCn2UjM,mismatch,3685,Kirby 64: The Crystal Shards - Full Soundtrack,VGOSTproject,,skipped,link,no_audio,,,,
Album118048,youtube,https://www.youtube.com/watch?v=DwvuzfsgX4w,full_album,2772,Sonic Sum - The Sanity Annex (1999),Abic,8,embedded,link,no_audio,,,,
Album603223,youtube,https://www.youtube.com/watch?v=IRQnHTiUtsc,full_album,3348,Origami (降神) – 望 ~月を亡くした王様~ (2004) Full Album,JoAshido,8,embedded,link,no_audio,,,,
Album446418,youtube,https://www.youtube.com/watch?v=8EHc7EWRBPo,full_album,2746,John Surman - How Many Clouds Can You See ? (1969),Benoît Germet,8,embedded,link,no_audio,,,,
Album5910062,youtube,https://www.youtube.com/watch?v=mfI7QNMlFTc,full_album,2549,Vicarivs Filii Dei - Non Cogitant Sed Tamen Sunt (Full Album),Exuro Sanctus,8,embedded,link,no_audio,,,,
Album14481930,youtube,https://www.youtube.com/watch?v=OfkWvFE0wt0,full_album,4071,jalen - tha piña da nina and the santamaria,karoline,8,embedded,link,no_audio,,,,
Album15520852,youtube,https://www.youtube.com/watch?v=zHJBOtpNRaE,full_album,16390,TECHDOG 7,Patricia Taxxon,8,embedded,link,no_audio,,,,
Album1721611,youtube,https://www.youtube.com/watch?v=psgzGoAPiUg,full_album,3021,SYSTEM SHOCK 2 OST [Full] OFFICIAL GAME SOUNDTRACK,ORDOVIZIUM VIDEOGAME-OST CHANNEL,8,embedded,link,no_audio,,,,
Album1298555,youtube,https://www.youtube.com/watch?v=k5ykiaNFS8I,unavailable,,,,,skipped,link,no_audio,,,,
Album213979,youtube,https://www.youtube.com/watch?v=0UTFzd6CWxU,full_album,3547,Ścianka - Białe Wakacje (2002) FULL ALBUM,Polish music,8,embedded,link,no_audio,,,,
Album7552125,youtube,https://www.youtube.com/watch?v=E5l_OYE4ul4,full_album,2662,暗い自然 - 氷床 Earth,🇺🇦 Jim Jaba,8,embedded,link,no_audio,,,,
Album3437074,youtube,https://www.youtube.com/watch?v=tUpluM-hWk0,full_album,2590,Meth Drinker - Meth Drinker (Full Album),Toil and Trouble,8,embedded,link,no_audio,,,,
Album10104185,youtube,https://www.youtube.com/watch?v=0uVOzkJB-QM,full_album,3258,Ken-Ichiro Isoda (磯田健一郎): ナチュラル・トリップ マジエルの星 (Natural Trip・ Majel's Star) (1990) [Full Album],FOND/SOUND,8,embedded,link,no_audio,,,,
Album23381,youtube,https://www.youtube.com/watch?v=UE_2pd_rwiA,full_album,3577,John Zorn • Masada - Gimel (1994) Full Album,Lucas Ferreira,8,embedded,link,no_audio,,,,
Album164507,youtube,https://www.youtube.com/watch?v=VG4djY4OSKc,full_album,2412,Jan Dukes De Grey - Mice And Rats In The Loft (Full Album),Ken Shabby,8,embedded,link,no_audio,,,,
Album389463,youtube,https://www.youtube.com/watch?v=yZ_KNLRCl3U,full_album,7978,Metal Gear Solid 3: Snake Eater (PS2) Complete Soundtrack,Stormx360,8,embedded,link,no_audio,,,,
Album6560292,youtube,https://www.youtube.com/watch?v=0IF1vk0hpbQ,full_album,1892,仮想夢プラザ : 一緒に海岸を歩きます,Vapor Memory,6,embedded,link,no_audio,,,,
Album45042,youtube,https://www.youtube.com/watch?v=yLjnCxnFaQ8,unavailable,,,,,skipped,link,no_audio,,,,
Album6749962,youtube,https://www.youtube.com/watch?v=jKc9ds3N6g0,full_album,7780,Bekëth Nexëhmü - De Fördolda Klangorna (Full Album),Black Metal Promotion,8,embedded,link,no_audio,,,,
Album716758,youtube,https://www.youtube.com/watch?v=EMaidh-ltJU,full_album,2045,Tuca - LP Dracula I Love You - Album Completo/Full Album,Brazilian Rare Grooves,7,embedded,link,no_audio,,,,
Album16128033,youtube,https://www.youtube.com/watch?v=z5YCRt1RKtU,full_album,2416,Gauntlet Ring (US) - Phantoms of Dark Symmetry (Full Length) 2024,No Gleaming Light,8,embedded,link,no_audio,,,,
Album118173,youtube,https://www.youtube.com/watch?v=sWwrztPU6Ck,full_album,1890,Keiji Haino - ここ (Here),Tristan Ludlow,6,embedded,link,no_audio,,,,
Album694705,youtube,https://www.youtube.com/watch?v=4vGnLx7f0aY,full_album,3633,Selda Bağcan - Selda (1976),Sound Dealer,8,embedded,link,no_audio,,,,
Album15239,youtube,https://www.youtube.com/watch?v=t6jiuWsRiZQ,full_album,2670,Malice Mizer -Voyage ~Sans Retour~ full album,malice mizer jrock music,8,embedded,link,no_audio,,,,
Album17704,youtube,https://www.youtube.com/watch?v=7kLRoePsggU,full_album,3178,Mortem - The Devil Speaks In Tongues [Full Album],gianni cilla (Putrid Stench),8,embedded,link,no_audio,,,,
Album159704,youtube,https://www.youtube.com/watch?v=b4WgqN1jXnw,full_album,2982,"Various - This Is Boston, Not L.A. Full Album  (1982)",XStevexLOxFIxIrwinX,8,embedded,link,no_audio,,,,
Album10871,youtube,https://www.youtube.com/watch?v=RH-TCJ_zinw,full_album,4578,Cecil Taylor – Air Above Mountains,Menephy,8,embedded,link,no_audio,,,,
Album2377113,youtube,https://www.youtube.com/watch?v=HQ-DJd-57Lo,full_album,2900,Full Bomberman Hero OST,F4m1LyGuy10,8,embedded,link,no_audio,,,,"title; 48 min; 1 file(s), 42.8 MB, 8 windows embedded, 8 in the mean"
Album89120,youtube,https://www.youtube.com/watch?v=8iaOmN-8pco,full_album,3633,John Zorn • Masada - Alef (1994) Full Album,Lucas Ferreira,8,embedded,link,no_audio,,,,
Album370601,youtube,https://www.youtube.com/watch?v=6GPdtjZbOfg,full_album,10003,M.I.M.E.O. - Lifting Concrete Lightly (full album),knfczae,8,embedded,link,no_audio,,,,
Album151388,youtube,https://www.youtube.com/watch?v=0gwRG9uForA,full_album,3241,Tetsuo: The Iron Man - Original Soundtrack [Full],solidcake,8,embedded,link,no_audio,,,,
Album194443,youtube,https://www.youtube.com/watch?v=wV-JUODjk1Y,full_album,3895,"Coil – Selvaggina, Go Back Into The Woods (2004) CD FULL ALBUM",WhoWillCutOurVinyl,8,embedded,link,no_audio,,,,
Album548972,youtube,https://www.youtube.com/watch?v=nrOL3_5ZJlc,full_album,1410,Unruh - Setting Fire to Sinking Ships ∙ FULL ALBUM,Metal Supplier,5,embedded,link,no_audio,,,,
Album26905,youtube,https://www.youtube.com/watch?v=R4rQvaL9qxE,full_album,2251,SAVOY BROWN - RAW SIENNA [FULL ALBUM],JIMBLUESROCK Vol2,8,embedded,link,no_audio,,,,
Album5393981,youtube,https://www.youtube.com/watch?v=akbnkfqMSNc,full_album,3373,Itoh Masyitoh & Rineka Swara – Naon Margina,Menephy,8,embedded,link,no_audio,,,,
Album123651,youtube,https://www.youtube.com/watch?v=fGzg3BfkSyg,full_album,3645,G.I.S.M - Sonicrime Therapy (FULL ALBUM)  1995,JAPANDCRUSTPUNK,8,embedded,link,no_audio,,,,
Album3213466,youtube,https://www.youtube.com/watch?v=z-X6pwmpPkM,full_album,2416,SeaLifePark - S/T (1999),k1d,8,embedded,link,no_audio,,,,"title+artist; 40 min; 1 file(s), 43.5 MB, 8 windows embedded, 8 in the mean"
Album49450,youtube,https://www.youtube.com/watch?v=tT6nljdyCf0,full_album,2432,Barrit - Smiles Upon the Strokes That Murders Me (Full Album),no baccus,8,embedded,link,no_audio,,,,
Album6552531,youtube,https://www.youtube.com/watch?v=2dbJbOsPorM,full_album,1898,仮想夢プラザ : 水中夢,Vapor Memory,6,embedded,link,no_audio,,,,
Album16236637,youtube,https://www.youtube.com/watch?v=n_RBsBLM7CU,full_album,2461,ELUCID - INTERFERENCE PATTERN (2024),ka$palaces,8,embedded,link,no_audio,,,,
Album226884,youtube,https://www.youtube.com/watch?v=ajMM5Plq0SU,unavailable,,,,,skipped,link,no_audio,,,,
Album2664116,youtube,https://www.youtube.com/watch?v=AZF8u8FUrFU,full_album,1763,"Bull of Heaven - 123 - ""Eighty Thousand Species of Mischievous Sprites""",Alef Infini (Channull of Heaven),6,embedded,link,no_audio,,,,
Album16540584,youtube,https://www.youtube.com/watch?v=FOebMAx-GVI,full_album,3769,KIDNAMEDFINGER [ALBUM STREAM] (flashing colors),HALLEY LABS,8,embedded,link,no_audio,,,,
Album11418,youtube,https://www.youtube.com/watch?v=KNYW276VxPQ,full_album,2267,Virginia Astley - From Gardens Where We Feel Secure [Full Album],Will Dudarov,8,embedded,link,no_audio,,,,
Album4100668,youtube,https://www.youtube.com/watch?v=OWzkiE4W5Pg,full_album,1130,Vib-Ribbon - Soundtrack (Full) (Lyrics),Ta2,4,embedded,link,no_audio,,,,
Album52289,youtube,https://www.youtube.com/watch?v=KphiJ4EsrLc,full_album,2406,Power of Zeus - The Gospel According to Zeus  1970  (full album),Thebestdream I had,8,embedded,link,no_audio,,,,
Album1089983,youtube,https://www.youtube.com/watch?v=MxEbYeXIz20,full_album,2462,Mentality - Teonanacatl (Full Album) 1998,JPMN77,8,embedded,link,no_audio,,,,
Album524465,youtube,https://www.youtube.com/watch?v=bryghq5BUao,full_album,3976,Earth & Stone - Kool Roots - 1978 (Full LP),Blitz3677,8,embedded,link,no_audio,,,,
Album259394,youtube,https://www.youtube.com/watch?v=rLTcm6Yg638,full_album,3879,Ścianka - Statek Kosmiczny Ścianka (1998) FULL ALBUM,Polish music,8,embedded,link,no_audio,,,,
Album8785650,youtube,https://www.youtube.com/watch?v=MaEmjammJIM,mismatch,2802,Qebrus - ◙◙◙◙◙◙◙◙◙◙◙◙◙◙◙◙◙◙◙◙◙◙◙◙◙◙◙◙◙◙◙◙◙◙◙◙◙◙◙◙◙◙◙◙◙◙◙◙◙◙◙◙◙◙◙◙◙◙◙◙◙◙◙◙◙◙◙◙◙◙ [full album],hsfq,,skipped,link,no_audio,,,,
Album3592420,youtube,https://www.youtube.com/watch?v=_fyVU7M5WMY,full_album,2605,The Necks - Mindset,Cat Cheese,8,embedded,link,no_audio,,,,
Album15465573,youtube,https://www.youtube.com/watch?v=hdfPqNfLPaw,full_album,1900,仮想夢プラザ : 夢を越えて,Vapor Memory,6,embedded,link,no_audio,,,,
Album16026453,youtube,https://www.youtube.com/watch?v=ACEtFFGAwHA,full_album,2401,Arbor (US) - Eventide Primitivism (Full Length) 2024,No Gleaming Light,8,embedded,link,no_audio,,,,
Album3925371,youtube,https://www.youtube.com/watch?v=4IcQLsOwiVk,full_album,10703,Fremde Zeit Addendum [2012],gajo,8,embedded,link,no_audio,,,,"title; 178 min; 1 file(s), 174.6 MB, 8 windows embedded, 8 in the mean"
Album209766,youtube,https://www.youtube.com/watch?v=4mHrYNZqWLk,unavailable,,,,,skipped,link,no_audio,,,,
Album2106545,youtube,https://www.youtube.com/watch?v=_cUb-W-7Dtk,full_album,4499,James Ferraro - Edward Flex Presents: Do You Believe In Hawaii? [Full Album],Rainwater Enema,8,embedded,link,no_audio,,,,
Album1955250,youtube,https://www.youtube.com/watch?v=ypIr9fGoUbU,full_album,2199,Lucy Van Pelt - in Harmony,Crate,7,embedded,link,no_audio,,,,
Album9251176,youtube,https://www.youtube.com/watch?v=BpE__TdvDBc,full_album,10261,DJ Healer - Planet Lonely,Givi Gelashvili,8,embedded,link,no_audio,,,,
Album285040,youtube,https://www.youtube.com/watch?v=ChBCww96RKo,full_album,2080,Yonin Bayashi - Ishoku Sokuhatsu 1974 (Full Album),Mario Freitas,7,embedded,link,no_audio,,,,
Album8549,youtube,https://www.youtube.com/watch?v=q8DTuRdcy0k,full_album,2730,John Cale - Sabotage/Live (Full Album) (1979),Rafael Piñeyro,8,embedded,link,no_audio,,,,
Album2256299,youtube,https://www.youtube.com/watch?v=_-LZudHEk7k,full_album,4385,The Adventure of Kohsuke Kindaichi (1977) Soundtrack - The Mystery Kindaichi Band ミステリー金田一バンド,Yum Yam,8,embedded,link,no_audio,,,,
Album4176416,youtube,https://www.youtube.com/watch?v=MOdDnDtwEAs,full_album,3744,Dave Gilden - Texas Chainsaw Dopefiend [Full Cassette Rip],Active Abuse,8,embedded,link,no_audio,,,,
Album91785,youtube,https://www.youtube.com/watch?v=SV4Uy-3b0c8,full_album,6828,Karlheinz Stockhausen ‎– Hymnen,k.csángó,8,embedded,link,no_audio,,,,
Album22205,youtube,https://www.youtube.com/watch?v=bWph7PoODuw,full_album,2960,Abyssic Hate - S*icidal Emotions - [Full Album],One Man Bands,8,embedded,link,no_audio,,,,
Album196668,youtube,https://www.youtube.com/watch?v=JOhMSqhCxNU,full_album,2508,Paso Inferior - Corrupted (FULL ALBUM),Mateus Henrique,8,embedded,link,no_audio,,,,
Album14800772,youtube,https://www.youtube.com/watch?v=UH6y4gtpY7U,full_album,6251,Bekëth Nexëhmü - De Dunklas Sorgeakt (Full album) 2022,Ancient Records,8,embedded,link,no_audio,,,,
Album402155,youtube,https://www.youtube.com/watch?v=IU5v5WwrFLk,unavailable,,,,,skipped,link,no_audio,,,,
Album514811,youtube,https://www.youtube.com/watch?v=iGcaDlejBec,full_album,2751,Anthony Davis - Variations in Dream-Time (Full Album 1983),Alifib,8,embedded,link,no_audio,,,,
Album569891,youtube,https://www.youtube.com/watch?v=m__0ypO6n2o,full_album,3571,Love for Sale - Bilal (2006),Critical Time,8,embedded,link,no_audio,,,,
Album90361,youtube,https://www.youtube.com/watch?v=rN1x-C8uAAo,full_album,2610,Fennesz || Live In Japan (2003) Full Album,Photon Swim Break,8,embedded,link,no_audio,,,,
Album11818938,youtube,https://www.youtube.com/watch?v=sCr1fBWiflg,full_album,2862,Chiyono Ide - わたしの高校生活 (Watashi no koukou seikatsu) [2020 - Full Album],edu,8,embedded,link,no_audio,,,,
Album15396480,youtube,https://www.youtube.com/watch?v=f0CGBSrQlCA,full_album,4295,TECHDOG 3,Patricia Taxxon,8,embedded,link,no_audio,,,,
Album4797960,youtube,https://www.youtube.com/watch?v=PDpUyGV7Zn8,full_album,2702,Bilskirnir - Wotan Redivivus (Full Album),MrThor2004,8,embedded,link,no_audio,,,,
Album15519424,youtube,https://www.youtube.com/watch?v=AA1fa7lh5dY,full_album,8040,TECHDOG 6,Patricia Taxxon,8,embedded,link,no_audio,,,,
Album28829,youtube,https://www.youtube.com/watch?v=8S5PCFJpVk4,full_album,2108,Monstrosity - Imperial Doom (Full Album),Dana War,7,embedded,link,no_audio,,,,
Album2996646,youtube,https://www.youtube.com/watch?v=A59T-qgHqyc,full_album,2678,[Full Album] Toshiki Kadomatsu - Sea Is A Lady,AUGHGGUAA,8,embedded,link,no_audio,,,,
Album15393347,youtube,https://www.youtube.com/watch?v=Hrl0OKVgpA4,full_album,2365,Arbor (US) - Behold... The Age of Pagan Blood (Full Length) 2023,No Gleaming Light,8,embedded,link,no_audio,,,,"title+artist; 39 min, says full album; 1 file(s), 27.8 MB, 8 windows embedded, 8 in the mean"
Album8270415,youtube,https://www.youtube.com/watch?v=TxxP5iYCpCY,full_album,1801,roadside.picnic - Harekete Kimse Mani Olamaz (Full Album),iced out helix,6,embedded,link,no_audio,,,,
Album1008765,youtube,https://www.youtube.com/watch?v=TRS9Bz0IH54,full_album,1487,Johnny Hobo and The Freight Trains - Love Songs for the Apocalypse | FULL ALBUM,Horace Renardeau,5,embedded,link,no_audio,,,,
Album177805,youtube,https://www.youtube.com/watch?v=B9JBXqB6y1A,single_track,390,Tonton Macoute ► Flying South In Winter [HQ Audio] 1971,Suha Önder,,skipped,link,no_audio,,,,
Album15634573,youtube,https://www.youtube.com/watch?v=Mn8glKgcR0o,full_album,2655,Iron Firmament (US) - S/T (Album 2024),Rites of Pestilence,8,embedded,link,no_audio,,,,
Album2245356,youtube,https://www.youtube.com/watch?v=lFdR-kurs1k,full_album,7594,James Ferraro - Jarvid 9: Flushpipe [Full Album],Rainwater Enema,8,embedded,link,no_audio,,,,
Album4278984,youtube,https://www.youtube.com/watch?v=OOSmU-4g-dE,full_album,1238,Hype Williams - London 2012,dovic,4,embedded,link,no_audio,,,,
Album173796,youtube,https://www.youtube.com/watch?v=dEmwGZXa0LE,unavailable,,,,,skipped,link,no_audio,,,,
Album3931517,youtube,https://www.youtube.com/watch?v=kd8WqoTj0_4,full_album,2809,Demetori - 曼衍珠汝華 ～ Nada Upasana Pundarika {Full Album} (Man'enjushaka ~ Nada Upasana Pundarika),Blossoms InTheWind,8,embedded,link,no_audio,,,,
Album1690519,youtube,https://www.youtube.com/watch?v=pR6Cs267orI,full_album,4273,"ensemble für experimentelle musik 2006 / jakob ullmann - voice, books and fire 3 (2008)",donaldduckfan28,8,embedded,link,no_audio,,,,
Album10992345,youtube,https://www.youtube.com/watch?v=KbRja7KKTdg,full_album,4142,Dream Dolphin - The Seventh Dream (1997),Remi Beats,8,embedded,link,no_audio,,,,
Album15591564,youtube,https://www.youtube.com/watch?v=FaLANJMaxqs,full_album,1363,MONEY MARDRAGON (SPACEGHOSTPURRP) - BELAIRE BLACK BOTTLE BOYZ (CAROL CITY TO WEST ATLANTA ZONE 1),VODECI,5,embedded,link,no_audio,,,,
Album524915,youtube,https://www.youtube.com/watch?v=kQYUnYZXPGY,full_album,1983,Honeywell | Industry LP,posthemosmis,7,embedded,link,no_audio,,,,
Album759430,youtube,https://www.youtube.com/watch?v=42DExSSF7jU,full_album,3099,BRANIKALD - Blikk av Kald,Black Winter Ritual,8,embedded,link,no_audio,,,,
Album579151,youtube,https://www.youtube.com/watch?v=sNYA_ZT9BXo,full_album,2103,Ziyo - Ziyo [Full Album],CANNED,7,embedded,link,no_audio,,,,
Album191734,youtube,https://www.youtube.com/watch?v=xnZya0e1APo,full_album,2228,Music Revelation Ensemble - No Wave (Full Album),Germán Betti,7,embedded,link,no_audio,,,,
Album15058321,youtube,https://www.youtube.com/watch?v=dX8sxiDB5Ec,full_album,2431,NÉCROPOLE - Yoga (2022),Alaskan Bergwanderer,8,embedded,link,no_audio,,,,
Album891829,youtube,https://www.youtube.com/watch?v=AkWoWHY3q5A,full_album,2165,Slapp Happy ‎– Slapp Happy or Slapp Happy [Acnalbasac Noom] (1980),Pedro Nóbrega,7,embedded,link,no_audio,,,,
Album11982529,youtube,https://www.youtube.com/watch?v=b_3VdvTibCI,full_album,1840,KITCALIBER - HALCYONDAZE [album stream],HALLEY LABS,6,embedded,link,no_audio,,,,
Album1588061,youtube,https://www.youtube.com/watch?v=CbdGZwf7-Os,full_album,2513,Sabicas with Joe Beck - Rock Encounter (1970) [Full album],Rock around Spain,8,embedded,link,no_audio,,,,"artist; 42 min, says full album; 1 file(s), 40.8 MB, 8 windows embedded, 8 in the mean"
Album14808496,youtube,https://www.youtube.com/watch?v=ET_MOQqrx9g,full_album,3243,Helio - ...Until I Wake Up Bleeding... [Full Album],NB36,8,embedded,link,no_audio,,,,
Album618535,youtube,https://www.youtube.com/watch?v=c5EYvAurgJA,full_album,4120,C.C.C.C. - Rocket Shrine (1997),jazz joyce,8,embedded,link,no_audio,,,,
Album17730,youtube,https://www.youtube.com/watch?v=_L2GganmrAw,full_album,3164,Arto Lindsay - Noon Chill(1998)(Bossa Nova)(Experimental)(MPB)NoteWorthy!!,Mr. Kpm,8,embedded,link,no_audio,,,,
Album41471,youtube,https://www.youtube.com/watch?v=Wx1ihpoiBlA,unavailable,,,,,skipped,link,no_audio,,,,
Album296426,youtube,https://www.youtube.com/watch?v=vnDKvgo7-6I,full_album,4620,Parmegiani ‎– La Création Du Monde (1986) [Full Album],Tejat Prior,8,embedded,link,no_audio,,,,
Album7148370,youtube,https://www.youtube.com/watch?v=LMJrMRxSfNs,full_album,2341,DREAM DOLPHIN - LOVE EATING ALIEN,凹凸,8,embedded,link,no_audio,,,,
Album1299439,youtube,https://www.youtube.com/watch?v=f116YZsKuAU,full_album,2618,Nyktalgia - Peisithanatos (Full Album),SerenitySorrow Occult,8,embedded,link,no_audio,,,,
Album4643133,youtube,https://www.youtube.com/watch?v=HityxWmiPlc,full_album,2259,Lindsheaven Virtual Plaza - Transversal Worldwide Shopping,FROG,8,embedded,link,no_audio,,,,
Album10216920,youtube,https://www.youtube.com/watch?v=bp_6awT-vr8,full_album,4006,"김석출 – 무악 동해무속사물 (Full Album, 1994)",zephral,8,embedded,link,no_audio,,,,
Album170766,youtube,https://www.youtube.com/watch?v=1ETOERr5sGU,single_track,370,Eskaton ► Eskaton [HQ Audio] Ardeur 1980,Suha Önder,,skipped,link,no_audio,,,,
Album55024,youtube,https://www.youtube.com/watch?v=C9nnITxkBJg,full_album,3213,"THREE MAN ARMY (Full Album) £200 1971 UK LP Pegasus Label RARE Heavy Rock GUN, GURVITZ",Rarest Records,8,embedded,link,no_audio,,,,
Album36403,youtube,https://www.youtube.com/watch?v=S-4vAA9Ad3Y,unavailable,,,,,skipped,link,no_audio,,,,
Album4616892,youtube,https://www.youtube.com/watch?v=bbPY_YMmE1o,full_album,3696,Torture Chain - Mutilating Astral Entities (Full Album),NoFunNoMoshNoCoreNoTrends,8,embedded,link,no_audio,,,,
Album4036,youtube,https://www.youtube.com/watch?v=PS87xpm8SoI,full_album,2749,Devil Doll - Dies Irae,Ugo P.,8,embedded,link,no_audio,,,,
Album8636962,youtube,https://www.youtube.com/watch?v=uIllFTnZ4Dc,full_album,2209,GOATPENIS - ANESTHETIC VAPOR - FULL ALBUM 2017,Unholywarlust !!,7,embedded,link,no_audio,,,,
Album360767,youtube,https://www.youtube.com/watch?v=h8WmWaIn9kU,full_album,5432,Mtume Umoja Ensemble - Alkebu-Lan: Land of the Blacks (Live at the East) (Full Album),Discord67,8,embedded,link,no_audio,,,,
Album6830541,youtube,https://www.youtube.com/watch?v=06vpMfJJu_M,full_album,2695,トリニティー無限大 : 二二二七,Vapor Memory,8,embedded,link,no_audio,,,,
Album302773,youtube,https://www.youtube.com/watch?v=-BC255_Qnzk,full_album,3496,Vontel - Vision Of A Dream (Full album) 1998,mickael kessler,8,embedded,link,no_audio,,,,
Album555786,youtube,https://www.youtube.com/watch?v=hLsp3LCR_UY,full_album,4231,"3 Chairs ‎""Three Chairs 3"" Full Album",The Record Library,8,embedded,link,no_audio,,,,
Album8017628,youtube,https://www.youtube.com/watch?v=m0nIVGoFh8I,unavailable,,,,,skipped,link,no_audio,,,,
Album44465,youtube,https://www.youtube.com/watch?v=pNtxBiLHkqM,full_album,2629,Änglagård - Epilog [full album] 1994,Yakirovich,8,embedded,link,no_audio,,,,
Album588868,youtube,https://www.youtube.com/watch?v=yOmC7hl0w_g,full_album,3666,Wormphlegm — Tomb of the Ancient King (2006),___ fuNereal ___,8,embedded,link,no_audio,,,,
Album6614892,youtube,https://www.youtube.com/watch?v=K7v_clIFE60,full_album,2342,"Rajie (ラジ) - Espresso (エスプレッソ, 1985 - Art Pop, New Wave, City Pop)",Karvelplus,8,embedded,link,no_audio,,,,
Album46452,youtube,https://www.youtube.com/watch?v=ua5S8UmoeWs,full_album,2518,"Ornette Coleman - ""Body Meta"" (full LP) - 1978",Anonymous Listener 13,8,embedded,link,no_audio,,,,
Album1090426,youtube,https://www.youtube.com/watch?v=qfKDfgNk7JU,unavailable,,,,,skipped,link,no_audio,,,,
Album16282210,youtube,https://www.youtube.com/watch?v=8bFlXzPDF7M,full_album,2452,BRUIT ≤ THE AGE OF EPHEMERALITY - Full Album Stream -,Pelagic Records,8,embedded,link,no_audio,,,,
Album267240,youtube,https://www.youtube.com/watch?v=HqQyTBcz3og,full_album,2263,Scientifik - Criminal (Full Album) (1994),Destro,8,embedded,link,no_audio,,,,
Album1413511,youtube,https://www.youtube.com/watch?v=cjTsvATQH0o,full_album,3076,Ленина Пакет - Ленина Пакет (2008) (весь альбом),aeternal asociality,8,embedded,link,no_audio,,,,
Album423004,youtube,https://www.youtube.com/watch?v=HSXPgkS6RPc,full_album,1591,João Gilberto - LP En Mexico - Album Completo/Full Album,Brazilian Rare Grooves,5,embedded,link,no_audio,,,,
Album19402,youtube,https://www.youtube.com/watch?v=gx_4n0MpuUQ,full_album,9964,Spock's Beard - Snow 2002 [FULL ALBUM + BONUS CD],The Kivster,8,embedded,link,no_audio,,,,
Album4010924,youtube,https://www.youtube.com/watch?v=45uZcuMawTA,full_album,3453,Anglagard - Viljans Oga (FULL ALBUM),NeoProgressif,8,embedded,link,no_audio,,,,"title+artist; 58 min, says full album; 1 file(s), 57.3 MB, 8 windows embedded, 8 in the mean"
Album6236268,youtube,https://www.youtube.com/watch?v=rQL19t93MJU,full_album,1410,Daddy's Hands - Self Titled (1996) (full album),unEven,5,embedded,link,no_audio,,,,
Album136327,youtube,https://www.youtube.com/watch?v=_ksrYXmie84,full_album,3677,Wuthering Heights _ Far from the madding crowd (2004) Full Album,Witcher,8,embedded,link,no_audio,,,,
Album469587,youtube,https://www.youtube.com/watch?v=7n94mSsLIDA,full_album,4599,The 7th Plain - The 4 Cornered Room (1994) [FULL ALBUM],Kacy Cyryn,8,embedded,link,no_audio,,,,
Album215664,youtube,https://www.youtube.com/watch?v=EUIbnQEnWTE,full_album,2683,Evan Parker - The Snake Decides [Full Album],"i upload albums john, that's what i do",8,embedded,link,no_audio,,,,
Album398985,youtube,https://www.youtube.com/watch?v=3LPqVHW_ytI,full_album,3307,Tim Berne - Tim Berne's Fractured Fairy Tales (1989) [Full Album],Santiago Bernhardt,8,embedded,link,no_audio,,,,
Album784197,youtube,https://www.youtube.com/watch?v=YIlShUI3GxY,full_album,3534,Super Metroid Sound in Action,SNES Music Factory,8,embedded,link,no_audio,,,,
Album6936853,youtube,https://www.youtube.com/watch?v=VTcw6qP6MYc,full_album,1884,仮想夢プラザ : 再びお会い,Vapor Memory,6,embedded,link,no_audio,,,,
Album13986,youtube,https://www.youtube.com/watch?v=OGQBdEAo9RM,full_album,2349,Jeff Mills – Waveform Transmission Vol. 1,Menephy,8,embedded,link,no_audio,,,,
Album136650,youtube,https://www.youtube.com/watch?v=oHDs-fAG5XM,single_track,164,AL VERTE LAS FLORES LLORAN ***** CAMARON DE LA ISLA,Flamenco de la Historia,,skipped,link,no_audio,,,,
Album759617,youtube,https://www.youtube.com/watch?v=Gt9C3nrRQos,full_album,3703,"Smar SW - Samobójstwo (FULL ALBUM, QQRYQ 1997)",StudioMelina,8,embedded,link,no_audio,,,,
Album14117712,youtube,https://www.youtube.com/watch?v=6AusQa0ZSlA,full_album,1456,chang s - Furl Retail UR/UX [2014],anna,5,embedded,link,no_audio,,,,
Album5139003,youtube,https://www.youtube.com/watch?v=XrTZV1oyUMM,full_album,3325,[1996] 寺田創一 (Soichi Terada) - Sumo Jungle GRANDEUR - Full Album (HQ),ONIBUREI,8,embedded,link,no_audio,,,,
Album12334584,youtube,https://www.youtube.com/watch?v=eve71DbyQ8U,full_album,3591,Gonin-Ish - 死人贊歌 (Anthem Of The Dead) (2020),Mike F,8,embedded,link,no_audio,,,,
Album10878148,youtube,https://www.youtube.com/watch?v=FUgVX5Olxmk,full_album,5656,[1997] アツオ (Atsuo) - 作品集 (Works) Full Album,havemoicy,8,embedded,link,no_audio,,,,
Album117717,youtube,https://www.youtube.com/watch?v=8V4qCXlB1XY,unavailable,,,,,skipped,link,no_audio,,,,
Album1156745,youtube,https://www.youtube.com/watch?v=4rwjsTkWc6g,full_album,3126,Bernd Kistenmacher - Head-Visions (Bureau B) [Full Album],Bureau B,8,embedded,link,no_audio,,,,
Album8833667,youtube,https://www.youtube.com/watch?v=ml6H7LEjoaE,full_album,2927,Pola - Pola Meets Lyrica [Full Album],OnAScaleof1to10,8,embedded,link,no_audio,,,,"title+artist; 49 min, says full album; 1 file(s), 45.2 MB, 8 windows embedded, 8 in the mean"
Album314588,youtube,https://www.youtube.com/watch?v=f7LuVDO5hA8,unavailable,,,,,skipped,link,no_audio,,,,
Album2346947,youtube,https://www.youtube.com/watch?v=eBP_iAyycDo,full_album,1171,Fuckmorgue | Down Forever LP [full],1/4 DEAD,4,embedded,link,no_audio,,,,
Album166393,youtube,https://www.youtube.com/watch?v=D9_UG1eBeDk,full_album,2819,Robbie Basho - Song of the Stallion (1971) Full Album,Magic Window,,failed,link,no_audio,,,,ERROR: unable to download video data: HTTP Error 403: Forbidden
Album388204,youtube,https://www.youtube.com/watch?v=SNnEpg6KA8g,full_album,2237,Target - Master Project Genesis ∙ FULL ALBUM,Metal Supplier,7,embedded,link,no_audio,,,,
Album3234953,youtube,https://www.youtube.com/watch?v=W6pQtHhNIr4,full_album,2905,James Ferraro's Night Dolls With Hairspray,alteredzones,8,embedded,link,no_audio,,,,
Album107566,youtube,https://www.youtube.com/watch?v=zuJMIxjvJWc,full_album,2842,Tank – Honour & Blood (1984 Full Album Remastered),Fabrício Gabriel The Channel,8,embedded,link,no_audio,,,,
Album7572554,youtube,https://www.youtube.com/watch?v=itiMy5wqfDU,full_album,3375,Lindsheaven Virtual Plaza : Nordwrong,Vapor Memory,8,embedded,link,no_audio,,,,
Album2869316,youtube,https://www.youtube.com/watch?v=BtbPJg4qQ20,full_album,2815,For A Sick Boy Full album,BIOshotz,8,embedded,link,no_audio,,,,
Album826793,youtube,https://www.youtube.com/watch?v=p6Kzv3kqEIE,full_album,2545,Katharsis - Kruzifixxion - Full - HQ,Unholy Growls,8,embedded,link,no_audio,,,,
Album6193160,youtube,https://www.youtube.com/watch?v=fVum31BtOvU,full_album,9768,t e l e p a t h テレパシー能力者 : 向かい合って,Vapor Memory,8,embedded,link,no_audio,,,,"title+artist; 163 min; 1 file(s), 165.6 MB, 8 windows embedded, 8 in the mean"
Album669557,youtube,https://www.youtube.com/watch?v=VXgRHNWWAQo,unavailable,,,,,skipped,link,no_audio,,,,
Album860766,youtube,https://www.youtube.com/watch?v=JA8lR8YzJOI,full_album,2074,Nerorgasmo LP (1993) Full Album,Happy Spaztik,7,embedded,link,no_audio,,,,
Album6185038,youtube,https://www.youtube.com/watch?v=zLJW4lBlNAY,single_track,290,Festivals (Shiukusai/祝祭) - Higurashi no Naku Koro ni Kai,Jenny McLesbian,,skipped,link,no_audio,,,,
Album8595841,youtube,https://www.youtube.com/watch?v=_VKN8hTiEo4,full_album,2028,Standing On The Corner - Standing On The Corner [Full Album],Nice Guys,7,embedded,link,no_audio,,,,
Album227059,youtube,https://www.youtube.com/watch?v=39H2SK-b0sU,full_album,3601,"Guruh Gipsy (Indonesia, 1977) - Full Album",Nicolás Guzmán (Raúl Gordon),8,embedded,link,no_audio,,,,
Album700477,youtube,https://www.youtube.com/watch?v=eKGdzo0ZpOg,full_album,3128,"advantage Lucy - Echo Park (Album, 2005)",John Suzuki,8,embedded,link,no_audio,,,,
Album122154,youtube,https://www.youtube.com/watch?v=m0tq9wE2hd0,single_track,655,Deep Purple ► Speed King  Live 1970 [HQ Audio] Scandinavian Nights,Suha Önder,,skipped,link,no_audio,,,,
Album32088,youtube,https://www.youtube.com/watch?v=8cd9QK6DSNA,full_album,3467,The Moon Lay Hidden Beneath A Cloud ‎– Amara Tanta Tyri,Grave Dick,8,embedded,link,no_audio,,,,
Album2501375,youtube,https://www.youtube.com/watch?v=4tliO2m6f4o,full_album,2526,"Bull of Heaven - 013 - ""Elsa, Are You In There?""",Alef Infini (Channull of Heaven),8,embedded,link,no_audio,,,,"title+artist; 42 min; 1 file(s), 38.0 MB, 8 windows embedded, 8 in the mean"
Album15350044,youtube,https://www.youtube.com/watch?v=myzd67ovPZM,full_album,2920,Odz Manouk - Bosoragazan (Բոսորագազան) [2023 - Full],OdiumNostrum,8,embedded,link,no_audio,,,,
Album10032613,youtube,https://www.youtube.com/watch?v=8OrIsuf4WVg,mismatch,22840,天気予報  – ひまわり画像 (Full Album),auticre,,skipped,link,no_audio,,,,
Album6504051,youtube,https://www.youtube.com/watch?v=zE3KXgZtXwg,full_album,6240,t e l e p a t h テレパシー能力者 : 永遠の愛,Vapor Memory,8,embedded,link,no_audio,,,,
Album861756,youtube,https://www.youtube.com/watch?v=QwP-NFQQOIc,full_album,2522,Armoured Angel – Angel of the Sixth Order (Full Album),Boul God,8,embedded,link,no_audio,,,,
Album7796521,youtube,https://www.youtube.com/watch?v=OU9sbOEEQeE,unavailable,,,,,skipped,link,no_audio,,,,
Album148524,youtube,https://www.youtube.com/watch?v=2WGKrebtEE8,full_album,2766,T2 - T.2.  1970 (full album),Thebestdream I had,8,embedded,link,no_audio,,,,
Album71736,youtube,https://www.youtube.com/watch?v=1q5Rhrl3acA,single_track,1,the last - 01 - she don´t know why i´m here,Ron Diramone,,skipped,link,no_audio,,,,
Album186774,youtube,https://www.youtube.com/watch?v=NWeX55jrjUg,full_album,2737,Robbie Basho - Zarthus (1974) (Full Album) [VINYL RIP],Rivmic ,8,embedded,link,no_audio,,,,
Album165095,youtube,https://www.youtube.com/watch?v=Q1nrfaX7eHc,full_album,2421,Evan Parker - Monoceros (1978),Santiago Bogacz,8,embedded,link,no_audio,,,,
Album68049,youtube,https://www.youtube.com/watch?v=qsuhCkuMQeg,full_album,3511,maudlin of the Well - My Fruit Psychobells... a Seed Combustible [Full Album],SkaisAltair,8,embedded,link,no_audio,,,,
Album1522374,youtube,https://www.youtube.com/watch?v=ybSPDfCSrBw,unavailable,,,,,skipped,link,no_audio,,,,
Album146772,youtube,https://www.youtube.com/watch?v=FDE6EfruFuI,unavailable,,,,,skipped,link,no_audio,,,,
Album5127983,youtube,https://www.youtube.com/watch?v=LYVXI_Ywz_I,full_album,3959,"New Dreams Ltd. - Initiation Tape: Isle of Avalon Edition [Full Album, gapless]",Punchy's Music Hole,8,embedded,link,no_audio,,,,
Album16747875,youtube,https://www.youtube.com/watch?v=UmcaiHuGoqs,full_album,2317,"Clandestine Blaze - Consecration of the Blood (bm, finland, 2025)",idontknowshark,8,embedded,link,no_audio,,,,
Album383998,youtube,https://www.youtube.com/watch?v=KRVaN2c8hDA,full_album,4338,Manilla Road - Gates of Fire (Full album),Rare Metal Albums,8,embedded,link,no_audio,,,,
Album3352426,youtube,https://www.youtube.com/watch?v=h6ibldFFpO4,full_album,2516,"""Wings of Africa"" (Zambia, 1975) de Rikki Ililonga & Musi O Tunya",Nicolás Guzmán (Raúl Gordon),8,embedded,link,no_audio,,,,
Album2266449,youtube,https://www.youtube.com/watch?v=JZR7LYATh54,full_album,4478,麓健一(Kenichi Fumoto) - 美化(Bika) (2008) [Full Album],CrushingDreams,8,embedded,link,no_audio,,,,
Album2072436,youtube,https://www.youtube.com/watch?v=uorVoWL0CuM,full_album,2102,Kimio Eto  - Koto Music,Dana Patchick,7,embedded,link,no_audio,,,,
Album15137311,youtube,https://www.youtube.com/watch?v=XZQYWDoI-oU,unavailable,,,,,skipped,link,no_audio,,,,
Album5560678,youtube,https://www.youtube.com/watch?v=qm5CHeajoFQ,unavailable,,,,,skipped,link,no_audio,,,,
Album101398,youtube,https://www.youtube.com/watch?v=rFNNVcuNlos,full_album,982,Infest - No Man's Slave LP Full Album (2002),XStevexLOxFIxIrwinX,4,embedded,link,no_audio,,,,
Album7894165,youtube,https://www.youtube.com/watch?v=jrQ8TB8Zpqw,full_album,2757,Drum and Bass Archives: Sumo Jungle - Soichi Terada (1996),nervous tracks,8,embedded,link,no_audio,,,,
Album600655,youtube,https://www.youtube.com/watch?v=b1q45WMF0_k,full_album,1643,鴉 - 血涙 [CROW - BLOODY TEAR] [FULL ALBUM],bluzzy,5,embedded,link,no_audio,,,,
Album1049256,youtube,https://www.youtube.com/watch?v=cvg1o9rthxs,full_album,4373,"WORSHIP ""Dooom""",Black Winter Ritual,8,embedded,link,no_audio,,,,"title+artist; 73 min; 1 file(s), 70.9 MB, 8 windows embedded, 8 in the mean"
Album1276546,youtube,https://www.youtube.com/watch?v=cVwOWbT5bR8,full_album,3070,Li Jianhong - San Sheng Shi (2008),Momentary Stir,8,embedded,link,no_audio,,,,
Album150118,youtube,https://www.youtube.com/watch?v=YCxdBePtFyc,full_album,2046,Bob Marley And The Wailers - Soul Revolution Part II,Deep Roots,7,embedded,link,no_audio,,,,
Album2279322,youtube,https://www.youtube.com/watch?v=LLb-jJF0nlg,full_album,3122,Mo*Te ~ Life in a Peaceful New World,The Binary Epidemic,8,embedded,link,no_audio,,,,
Album1142850,youtube,https://www.youtube.com/watch?v=QsrutVPMJ_E,unavailable,,,,,skipped,link,no_audio,,,,
Album890498,youtube,https://www.youtube.com/watch?v=JZr68gP_Mss,full_album,2481,Trist – Stíny (Full album),Umbasa,8,embedded,link,no_audio,,,,
Album15345916,youtube,https://www.youtube.com/watch?v=0v8XOs8wjC0,full_album,2100,Clandestine Blaze - Resacralize the Unknown,𝕮𝖍𝖆𝖗𝖓𝖊𝖑 𝕬𝖗𝖈𝖍𝖒𝖆𝖌𝖚𝖘,7,embedded,link,no_audio,,,,
Album72114,youtube,https://www.youtube.com/watch?v=A_FSxQucirk,full_album,2714,Fantasy [Symphonic Prog - UK] __Paint A Picture 1973 Full Album,Joy Setiawan,8,embedded,link,no_audio,,,,
Album15857020,youtube,https://www.youtube.com/watch?v=aQQGSDOH-Qk,full_album,3106,우륵과 풍각쟁이들 ㅡ '23 - '24 (2024),우륵과 풍각쟁이들,8,embedded,link,no_audio,,,,
Album2502657,youtube,https://www.youtube.com/watch?v=fYBMOxaNmYk,full_album,4544,Bull of Heaven - Tale of an Earth Man,Tom Bombadil of Everything,8,embedded,link,no_audio,,,,
Album14760985,youtube,https://www.youtube.com/watch?v=IRzj0ogqlC4,full_album,2176,[2022] leroy - Dariacore 3​.​.​. At least I think that's what it's called?,dismiss yourself,7,embedded,link,no_audio,,,,"title+artist; 36 min; 1 file(s), 35.3 MB, 8 windows embedded, 7 in the mean"
Album2526175,youtube,https://www.youtube.com/watch?v=tWeQ_NXkC0Q,full_album,5063,DJ Yo-Yo Dieting - Dormant Mirrors / Drum (FULL ALBUM),Ecco,8,embedded,link,no_audio,,,,
Album2106533,youtube,https://www.youtube.com/watch?v=lzGpWfFB7aw,full_album,4345,James Ferraro - KFC City 3099: Pt.1 Toxic Spill [Full album],AAAAAAAAAA42,8,embedded,link,no_audio,,,,
Album14234,youtube,https://www.youtube.com/watch?v=mjmNJodRqLE,full_album,2424,Arto Lindsay - Mundo Civilizado (full album),Serious Penguin,8,embedded,link,no_audio,,,,
Album15044532,youtube,https://www.youtube.com/watch?v=E5MadagyMMM,full_album,2119,HATE FOREST Innermost (full album),OSMOSE PRODUCTIONS - Medias,7,embedded,link,no_audio,,,,
Album320812,youtube,https://www.youtube.com/watch?v=El-9BtKb6XU,full_album,2911,dilute - Grape Blueprints Pour Spinach Olive Grape,pepeelgras,8,embedded,link,no_audio,,,,
Album161133,youtube,https://www.youtube.com/watch?v=1OehOLjlSws,full_album,2002,Despondency - God On Acid (Full Album),HigherHammersOfHate,7,embedded,link,no_audio,,,,
Album735751,youtube,https://www.youtube.com/watch?v=Bs0CtITl-xY,full_album,1700,"ΑΚΟΛΟΥΘΙΑ - Ξυλούρης, Χρύσανθος, Γαλάνη (Χριστόδουλου Χάλαρη - Γιάννη Κακουλίδη)",Historial ,6,embedded,link,no_audio,,,,
Album2856410,youtube,https://www.youtube.com/watch?v=9OJaVvnYzYA,full_album,1631,Drunkdriver - Drunkdriver (2010) Full Album,Not Here,5,embedded,link,no_audio,,,,
Album144510,youtube,https://www.youtube.com/watch?v=CjcJouhNH3o,full_album,1805,Alienation Mental - Ball Spouter (Full Album),Brutal MuSICK,6,embedded,link,no_audio,,,,
Album106776,youtube,https://www.youtube.com/watch?v=9Fkgwkzgef8,full_album,3124,Bodychoke - Mindshaft (1994) [Full Album],Dios,8,embedded,link,no_audio,,,,
Album19531,youtube,https://www.youtube.com/watch?v=0VqZLisfego,full_album,2999,Finch = Glory Of The Inner Force - 1975 - (Full Album),The Gladiator Of Rock,8,embedded,link,no_audio,,,,
Album3774817,youtube,https://www.youtube.com/watch?v=nS-q8DhrQdo,full_album,1706,BP. - Golden BP. [Full Album],Slowly Submerge,6,embedded,link,no_audio,,,,
Album131039,youtube,https://www.youtube.com/watch?v=wDPLW6MjdT4,full_album,3310,Nehëmah - Requiem Tenebrae (Full Album),Anti-Human Anti-Life Black Metal,8,embedded,link,no_audio,,,,
Album184811,youtube,https://www.youtube.com/watch?v=kcAqzi4nNUM,full_album,10920,Hijokaidan - 雑音伝説: The Neverending Story of the King of Noise (Full Album),Kaoru K,8,embedded,link,no_audio,,,,
Album194982,youtube,https://www.youtube.com/watch?v=8iu6rEnWN-Q,full_album,4670,Igra Staklenih Perli - Igra Staklenih Perli + Bonus Tracks (1979) Full Album.,Alejandro Peña Pineda,8,embedded,link,no_audio,,,,"title+artist; 78 min, says full album; 1 file(s), 75.7 MB, 8 windows embedded, 8 in the mean"
Album4034,youtube,https://www.youtube.com/watch?v=ZHu_LmvSjB4,full_album,3536,Devil Doll - Sacrilegium (Subtitulado),Hernan Rocco R.,8,embedded,link,no_audio,,,,
Album5447983,youtube,https://www.youtube.com/watch?v=EacPrAh3L8g,full_album,2245,'지혜롭고아름다운사람을포기하는법 (To Forget) Full Album' - 모임 별 (Byul.org) / 2006,Byul.org Official,7,embedded,link,no_audio,,,,
Album325359,youtube,https://www.youtube.com/watch?v=X7JTbWLeidA,full_album,2397,"Denison Marrs - Holding Hands (@ 35,000 Feet) (FULL ALBUM 1999)",gusic,8,embedded,link,no_audio,,,,
Album139181,youtube,https://www.youtube.com/watch?v=HvL4JwYkE5I,full_album,2676,HATE FOREST Purity (Full Album),OSMOSE PRODUCTIONS - Medias,8,embedded,link,no_audio,,,,
Album7973475,youtube,https://www.youtube.com/watch?v=9N9vTyuKUtY,full_album,4002,La Torture Des Ténèbres - Civilization Is The Tomb Of Our Noble Gods (Full Album),Atmospheric Black Metal Music,8,embedded,link,no_audio,,,,
Album4493018,youtube,https://www.youtube.com/watch?v=nNk4d2HDre4,full_album,3962,Jakob Ullmann - Solo III für Orgel (Fremde Zeit Addendum 4),4deep dat. 8u,8,embedded,link,no_audio,,,,
Album2111681,youtube,https://www.youtube.com/watch?v=2P_54fr_lZI,full_album,2035,Skyramps - Days of Thunder,CyberTractor,7,embedded,link,no_audio,,,,
Album293004,youtube,https://www.youtube.com/watch?v=A8w21380Jn4,full_album,3694,Hank & Slim - The World Turned Gingham (2000),IamHomosex,8,embedded,link,no_audio,,,,
Album196405,youtube,https://www.youtube.com/watch?v=yFkVPQl1nes,full_album,2884,UP-TIGHT - UP-TIGHT,lerevolver66,8,embedded,link,no_audio,,,,
Album36384,youtube,https://www.youtube.com/watch?v=1sjcHYlmX4k,full_album,2418,Metamorfosi - Inferno -Full Album  HQ,MassiveObsession,8,embedded,link,no_audio,,,,
Album4355068,youtube,https://www.youtube.com/watch?v=Bb3lq7l4N8g,full_album,1977,Blunt Force Trauma (JPN) - Vengeance for Nothing (Full Album 2012),Death Metal Promotion,7,embedded,link,no_audio,,,,
Album104622,youtube,https://www.youtube.com/watch?v=IKhyfbtTPrU,full_album,2863,"Thingy — Songs About Angels, Evil and Running Around On Fire (1997) FULL ALBUM",Cande Roldan,8,embedded,link,no_audio,,,,
Album4033,youtube,https://www.youtube.com/watch?v=ARus_-poevk,full_album,2701,DEVIL DOLL - Eliogabalus [1990] Full Album,skoolbus,8,embedded,link,no_audio,,,,
Album8882429,youtube,https://www.youtube.com/watch?v=imZ6rTgETWU,unavailable,,,,,skipped,link,no_audio,,,,
Album9844021,youtube,https://www.youtube.com/watch?v=la1I0pBhq7Y,full_album,2268,Death Fortress - Reign of the Unending (Full Album),Black Metal Promotion,8,embedded,link,no_audio,,,,
Album15168659,youtube,https://www.youtube.com/watch?v=9qibmZu8IxU,unavailable,,,,,skipped,link,no_audio,,,,
Album10506478,youtube,https://www.youtube.com/watch?v=ByTBYdjRC6c,full_album,3256,Farazi V Kayra - Hayalet Islığı ( Full Albüm ),Yunus Emre Baran,8,embedded,search,no_audio,Farazi v Kayra Hayalet Islığı full album,92.0,,"title+artist; 54 min, says full album; 1 file(s), 50.2 MB, 8 windows embedded, 8 in the mean"
Album4199077,youtube,https://www.youtube.com/watch?v=ILscpClJ9Ic,full_album,3211,Godspeed You Black Emperor - Allelujah! Don't Bend! Ascend! (Full Album) HQ,MusicArchives22,8,embedded,search,no_audio,Godspeed You! Black Emperor 'Allelujah! Don't Bend! Ascend! full album,83.0,58.5,"title+artist; 54 min, says full album; 1 file(s), 49.7 MB, 8 windows embedded, 8 in the mean"
Album267819,youtube,https://www.youtube.com/watch?v=au0zD03va5U,full_album,4004,david s. ware - godspelized [1998] álbum completo,Matheus Sena,8,embedded,search,no_audio,David S. Ware Quartet Godspelized full album,81.0,,"title+artist; 67 min, says full album; 1 file(s), 64.5 MB, 8 windows embedded, 8 in the mean"
Album1762787,youtube,https://www.youtube.com/watch?v=pb2Pf8KbD5Q,,68,Dil Cosby Interlude,Madlib Invazion,,search_none,search,no_audio,Beat Konducta Vol. 5: Dil Cosby Suite full album,,,the title does not have the album's title
sp:2AqzvX37cFHXH5eW7PIlQZ,youtube,https://www.youtube.com/watch?v=Y2ud_Y49ZUk,full_album,1576,Axe  -  Axe Music 1969  full album),Thebestdream I had,5,embedded,search,no_audio,Axe Music full album,87.5,74.0,"title+artist; 26 min, says full album; 1 file(s), 24.9 MB, 8 windows embedded, 5 in the mean"
sp:4F3gOs3FDgTOUUHjA4xnLj,youtube,https://www.youtube.com/watch?v=wJfUa8MdJw4,full_album,769,Poison Idea ‎– Pick Your King E.P. [FULL EP],FAST FAST FAST FAST!,4,embedded,search,no_audio,Poison Idea Pick Your King E.P. full album,82.0,,"title+artist; 13 min, says full album; 1 file(s), 11.5 MB, 8 windows embedded, 4 in the mean"
sp:5eLNgH4QJRaUiL7Iz2rIS4,youtube,https://www.youtube.com/watch?v=skmLvMxPqFQ,,955,Space Laces - Vaultage 002 [audio/visual mix],SPACE LACES,,search_none,search,no_audio,Space Laces Vaultage 002,,,16 min is not the length of an album
Album4040456,youtube,https://www.youtube.com/watch?v=6aGEx7fo_WU,full_album,2597,Full Ride On Time Album Tatsuro Yamashita,Doyalflea,8,embedded,search,no_audio,山下達郎 Ride on Time full album,83.0,,"title+artist; 43 min, says full album; 1 file(s), 41.3 MB, 8 windows embedded, 8 in the mean"
Album14782,youtube,https://www.youtube.com/watch?v=mL5UfsrCTB4,,467,Albert Ayler - Holy Ghost,Swamp Coffin,,search_none,search,no_audio,Albert Ayler Holy Ghost full album,,,8 min is not the length of an album
Album733314,youtube,https://www.youtube.com/watch?v=zC8-zDSTlao,,1748,Eternal Suffering - Remain Forever in Misery,CarefulWithThatAxe1472,,search_none,search,no_audio,Eternal Suffering Drowning in Tragedy full album,,,the title does not have the album's title
Album2484698,youtube,https://www.youtube.com/watch?v=I9WSnPHz0r8,,4276,Bull of Heaven - 028 Even to the Edge of Doom [Fan Excerpt],ClickerOfThings,,search_none,search,no_audio,Bull of Heaven 028: Even to the Edge of Doom full album,59.0,52.5,"the best scores 59, under 65 (title+artist; 71 min; 2 other word(s))"
Album498571,youtube,https://www.youtube.com/watch?v=6VxZ8KmoOF4,,2835,"Dmitri Shostakovich – Symphony No.15 in A major, Op.141 – Bernard Haitink, Royal Concertgebouw, 2010",Thikk Klassik,,search_none,search,no_audio,Dmitri Shostakovich & Tchaikovsky Symphony Orchestra & Maxim Shostakovich Symphony No. 15 full album,51.0,,"the best scores 51, under 65 (title+artist; 47 min; 6 other word(s))"
Album17048129,youtube,https://www.youtube.com/watch?v=bwnJeqX5t4Q,full_album,4008,leroy - status update music (Full Album),Jazzputin,8,embedded,search,no_audio,leroy Status Update Music full album,92.0,55.5,"title+artist; 67 min, says full album; 1 file(s), 62.4 MB, 8 windows embedded, 8 in the mean"
Album171981,youtube,https://www.youtube.com/watch?v=jrmOapzQZMg,,7790,Wolfgang Amadeus Mozart – Die Zauberflöte / The Magic Flute (COMPLETE),SP's score videos,,search_none,search,no_audio,Wolfgang Amadeus Mozart Die Zauberflöte full album,60.0,57.0,"the best scores 60, under 65 (title+artist; 130 min; 2 other word(s))"
Album8589864,youtube,https://www.youtube.com/watch?v=iAf5oKcMNSg,,1701,Luh Hertz - Mach-Hommy,We-Lisp,,search_none,search,no_audio,Mach-Hommy Luh Hertz full album,63.0,,"the best scores 63, under 65 (title+artist; 28 min)"
Album239973,youtube,https://www.youtube.com/watch?v=_4lY5lAN55E,,4392,The Great Lost K̲i̲nks Album,"The good, the old and the eternal",,search_none,search,no_audio,The Kinks The Great Lost Kinks Album full album,58.0,,"the best scores 58, under 65 (title+artist; 73 min; 2 other word(s))"
Album320832,youtube,https://www.youtube.com/watch?v=3C7Hfyk8uqc,full_album,2079,"APPALLING SPAWN (CZE) - Freedom, Hope & Fury (1998) Full Album",METAL ( OUT OF DARKNESS ),7,embedded,search,no_audio,"Appalling Spawn Freedom, Hope & Fury full album",89.5,,"title+artist; 35 min, says full album; 1 file(s), 30.5 MB, 8 windows embedded, 7 in the mean"
Album32101,youtube,https://www.youtube.com/watch?v=9mOZQUDK2CU,,529,Barış Manço - Yeni Bir Gün Doğdu Merhaba,Emre Müzik Official,,search_none,search,no_audio,Barış Manço & Kurtalan Ekspres Yeni Bir Gün full album,,,9 min is not the length of an album
Album195175,youtube,https://www.youtube.com/watch?v=5v57Bjy8oJs,,196,【ニコカラ】 しあわせレストラン / 弌誠 【Onvocal】,ニコカラ,,search_none,search,no_audio,高円寺百景 弌 full album,,,the artist is in neither the title nor the uploader
Album8860242,youtube,https://www.youtube.com/watch?v=tmGscD3XHOE,,1979,CD Showcase - Splatune 2,CD Sensei,,search_none,search,no_audio,Toru Minegishi & Shiho Fujii & Ryo Nagamatsu Splatune 2 full album,,,the artist is in neither the title nor the uploader
Album53314,youtube,https://www.youtube.com/watch?v=HEgwwQ-O9CI,,1743,[1st LP] Junipher Greene - Friendship (1971) [1/3],Nick Philips II,,search_none,search,no_audio,Junipher Greene Friendship full album,58.5,,"the best scores 58, under 65 (title+artist; 29 min; 1 other word(s))"
Album669167,youtube,https://www.youtube.com/watch?v=C1iGNh3O2Vw,,1021,"How Videogame Music is Made - With World of Warcraft Composer, Jason Hayes.",ShadowDay,,search_none,search,no_audio,Jason Hayes World of Warcraft,,,17 min is not the length of an album
Album12760459,youtube,https://www.youtube.com/watch?v=NzuJI3DSdcY,,401,Godspeed You! Black Emperor - G_d's Pee AT STATE'S END ALBUM REVIEW,theneedledrop,,search_none,search,no_audio,Godspeed You! Black Emperor G_d's Pee AT STATE'S END! full album,,,the title says it is something else: review
Album7817435,youtube,https://www.youtube.com/watch?v=Y6ljFaKRTrI,,185,Portal - 'Still Alive',OverTheGun,,search_none,search,no_audio,Aperture Science Psychoacoustics Laboratories Portal,,,the artist is in neither the title nor the uploader
Album114577,youtube,https://www.youtube.com/watch?v=PgvbaubmNkk,,691,String Trio: Adagio,Alexander Ivashkin - Topic,,search_none,search,no_audio,Альфред Шнитке & 1999 AFCM Ensemble Piano Quintet; String Trio full album,,,the title does not have the album's title
Album597878,youtube,https://www.youtube.com/watch?v=-V047kR7Nh8,,305,Sameed - Bad You,Routes Not Roots,,search_none,search,no_audio,K-S.H.E Routes Not Roots,,,the title does not have the album's title
Album669557,youtube,https://www.youtube.com/watch?v=Vw0NHy451x4,full_album,4304,"Metal Fingers (MF DOOM) - Special Herbs 4,5,6 (2003, 2xLP Album) | Full Vinyl Rip",The Groove Vault,8,embedded,search,no_audio,"Metal Fingers Special Herbs, 4,5,6 full album",78.5,,"title+artist; 72 min, says full album; 1 file(s), 70.5 MB, 8 windows embedded, 8 in the mean"
Album6185038,youtube,https://www.youtube.com/watch?v=DUXfUyX7N4A,,85,Iru - Higurashi no Naku Koro ni Kai,Jenny McLesbian,,search_none,search,no_audio,dai Higurashi no naku koro ni kai full album,,,the artist is in neither the title nor the uploader
Album180917,youtube,https://www.youtube.com/watch?v=e8cifpEjic4,,680,"Schlippenbach Trio - With Forks and Hope / Then, Silence (1972)",nekotaro netakiri,,search_none,search,no_audio,Alexander von Schlippenbach Trio Pakistani Pomade full album,,,the title does not have the album's title
Album9499072,youtube,https://www.youtube.com/watch?v=ZW42-tMm5gs,full_album,2973,"Convulsing - Grievous (full album, 2018)",Transmissions from the Dark,8,embedded,search,no_audio,Convulsing Grievous full album,92.0,,"title+artist; 50 min, says full album; 1 file(s), 43.8 MB, 8 windows embedded, 8 in the mean"
Album453563,youtube,https://www.youtube.com/watch?v=GwWv-T4rM0k,full_album,2116,Long Season,Fishmans - Topic,7,embedded,link,edge_case,,,,"title+artist; 35 min; 1 file(s), 34.8 MB, 8 windows embedded, 7 in the mean"
Album27054,youtube,https://www.youtube.com/watch?v=u7vQ6ztojNQ,,1030,"Symphony No. 3, Op. 36: III. Lento - Cantabile Semplice",Dawn Upshaw - Topic,,search_none,search,edge_case,London Sinfonietta / David Zinman / Dawn Upshaw Symphony No. 3 full album,,,the artist is in neither the title nor the uploader
Album130776,youtube,https://www.youtube.com/watch?v=6ZW0xvo_DB0,full_album,2430,Pharoah Sanders-Love in us All    (1974),Rapid Eye Movement,8,embedded,link,edge_case,,,,"title+artist; 40 min; 1 file(s), 37.6 MB, 8 windows embedded, 8 in the mean"
Album78346,youtube,https://www.youtube.com/watch?v=A6xrVWF12FE,full_album,1865,Fela Kuti - No Agreement (LP),Fela Kuti,6,embedded,link,edge_case,,,,"title+artist; 31 min; 1 file(s), 31.6 MB, 8 windows embedded, 6 in the mean"
Album574770,youtube,https://www.youtube.com/watch?v=d5IzDuS__1g,full_album,3656,The Necks - Chemist,Cat Cheese,8,embedded,link,edge_case,,,,"title+artist; 61 min; 1 file(s), 63.3 MB, 8 windows embedded, 8 in the mean"
Album107168,youtube,https://www.youtube.com/watch?v=_iMPfGmnl5k,full_album,3620,"THE NECKS – Drive By (2003) FULL ALBUM - Electronic, Future Jazz, Contemporary Jazz, Avantgarde",DIG IT! Deeper Roots,8,embedded,search,edge_case,The Necks Drive By full album,96.9,,"title+artist; 60 min, says full album; 1 file(s), 54.9 MB, 8 windows embedded, 8 in the mean"
sp:2uMaCzN7a35J3I3qceso0c,youtube,https://www.youtube.com/watch?v=vprt7p3MK-Q,,820,"Call Me By Your Name Sufjan Stevens full Playlist | Mystery of love, Visions of Gideon,....",Bookaura,,search_none,search,edge_case,Sufjan Stevens Mystery of Love full album,,,14 min is not the length of an album
sp:7eB8a0ypQTeibu0w3nG1o3,youtube,https://www.youtube.com/watch?v=OYbsjTVKGjA,full_album,2181,Deathspell Omega - Kénôse - Full EP - 2005,Pandemonium,7,embedded,search,edge_case,Deathspell Omega Kénôse full album,88.0,,"title+artist; 36 min, says full album; 1 file(s), 32.5 MB, 8 windows embedded, 7 in the mean"
Album338796,youtube,https://www.youtube.com/watch?v=4Vem7EQ-WL4,,796,Priestess,Billy Harper Quintet - Topic,,search_none,search,edge_case,Billy Harper Quintet In Europe full album,,,the title does not have the album's title
Album49746,youtube,https://www.youtube.com/watch?v=nd39joi2i24,,6045,Charles Mingus - Town Hall Concert 19640404,oct opus,,search_none,search,edge_case,"Charles Mingus Town Hall Concert 1964, Vol. 1 full album",,,the title does not have the album's title
Album13658,youtube,https://www.youtube.com/watch?v=e82HFsxej4g,,3233,Melvins performing Lysol & Eggnog at Festsaal Kreuzberg 2013,The2011AWESOME,,search_none,search,edge_case,Melvins Lysol full album,,,54 min against a listing of 31 min
Album421560,youtube,https://www.youtube.com/watch?v=Gvx-t0CJVNE,full_album,4696,Kishori Amonkar - Ragas Shuddh Kalyan & Suha - Audio Jukebox | Hindustani Classical Music,Sony Music India Classical,8,embedded,search,edge_case,Kishori Amonkar Ragas Shuddh Kalyan & Suha full album,77.5,,"title+artist; 78 min; 1 file(s), 78.2 MB, 8 windows embedded, 8 in the mean"
Album153050,youtube,https://www.youtube.com/watch?v=mLH5DrJrYYg,full_album,2002,Fela Kuti - Opposite People (Full Album),Eilam Daniel,7,embedded,search,edge_case,Fela Kuti & The Africa '70 Opposite People full album,94.9,,"title+artist; 33 min, says full album; 1 file(s), 32.5 MB, 8 windows embedded, 7 in the mean"
Album77811,youtube,https://www.youtube.com/watch?v=wvcZwvOxvuY,,872,Fela Kuti - Kalakuta Show,Fela Kuti,,search_none,search,edge_case,Fela Kuti & The Africa '70 Kalakuta Show full album,,,15 min against a listing of 31 min
Album14274106,youtube,https://www.youtube.com/watch?v=yFFj1m0UPz4,,1201,Spinoza,John Zorn - Topic,,search_none,search,edge_case,John Zorn Spinoza full album,,,20 min against a listing of 42 min
Album77816,youtube,https://www.youtube.com/watch?v=en88_IEcQwU,full_album,2209,Fela Kuti - Open and Close (LP),Fela Kuti,7,embedded,link,edge_case,,,,"title+artist; 37 min; 1 file(s), 37.3 MB, 8 windows embedded, 7 in the mean"
Album587175,youtube,https://www.youtube.com/watch?v=Pp_rUA89oK4,full_album,2254,MAGMA - 1001° Centigrades ( 1971 France Zeuhl ) Full Album,Uncle Lakis  / Music Time Machine /For Collectors ,8,embedded,search,edge_case,Magma 1001° centigrades full album,83.7,,"title+artist; 38 min, says full album; 1 file(s), 33.5 MB, 8 windows embedded, 8 in the mean"
Album10098363,youtube,https://www.youtube.com/watch?v=rWEI9y6PElo,full_album,3190,Takashi Kokubo (小久保隆) - Oasis Of The Wind II ～ A Story Of Forest And Water ～ (1993) [Full Album],should be asleep,8,embedded,link,edge_case,,,,"title+artist; 53 min, says full album; 1 file(s), 54.3 MB, 8 windows embedded, 8 in the mean"
Album13489696,youtube,https://www.youtube.com/watch?v=l9zM2uYS_9Y,full_album,2775,Agusa - En Annan Värld (2021) [Full Album],Morphy,8,embedded,search,edge_case,Agusa En annan värld full album,103.9,,"title+artist; 46 min, says full album; 1 file(s), 45.9 MB, 8 windows embedded, 8 in the mean"
Album5490,youtube,https://www.youtube.com/watch?v=imIW41AmclY,,3100,"Ultravox - Vienna (Full Album, 1980)",Moriremtots,,search_none,search,edge_case,Ultravox Vienna full album,,,52 min against a listing of 15 min
