rym_id,legacy_uri,matched_by,doubt
Album45,spotify:album:6dVIqQ8qmQ5GBnJ9shOYGE,artist_title_year,
Album974,spotify:album:0bCAjiUamIFqKJsekOYuRw,spotify_id,
Album6286502,spotify:album:7ycBtnsMtyVbbwTfJwRjSP,spotify_id,
Album2328,spotify:album:6tVg2Wl9hVKMpHYcAl2V2M,artist_title_year,
Album46,spotify:album:6GjwtEZcfenmOf6l18N7T7,artist_title_year,
Album355,spotify:album:3GH4IiI6jQAIvnHVdb5FB6,artist_title_year,
Album976,spotify:album:4LH4d3cOWNNsVw41Gqt2kv,spotify_id,
Album12,spotify:album:0ETFjACtuP2ADo6LFhL6HN,spotify_id,
Album142671,spotify:album:19bQiwEKhXUBJWY6oV3KZk,artist_title_year,
Album173,spotify:album:4xwx0x7k6c5VuThz5qVqmV,spotify_id,
Album623,spotify:album:48D1hRORqJq52qsnUYZX56,spotify_id,
Album1052924,spotify:album:5vkqYmiPBYLaalcmjujWxK,spotify_id,
Album206,spotify:album:3PRoXYsngSwjEQWR5PsHWR,spotify_id,
Album1036,spotify:album:3AQgdwMNCiN7awXch5fAaG,artist_title_year,
Album17906,spotify:album:6Sts4Yh7KsDFwq2yTWrGGV,spotify_id,
Album3597082,spotify:album:3DGQ1iZ9XKUQxAUWjfC34w,artist_title_year,
Album10702,spotify:album:7Eoz7hJvaX1eFkbpQxC5PA,artist_title_year,
Album964277,spotify:album:5K4YFkTizFoMOyN5Khfp7G,spotify_id,
Album2276,spotify:album:6r7LZXAVueS5DqdrvXJJK7,spotify_id,
Album2571,spotify:album:4sb0eMpDn3upAFfyi4q2rw,artist_title_year,
Album11082,spotify:album:3kEtdS2pH6hKcMU9Wioob1,spotify_id,
Album63,spotify:album:6GphKx2QAPRoVGWE9D7ou8,spotify_id,
Album1245,spotify:album:0vVekV45lOaVKs6RZQQNob,artist_title_year,
Album16,spotify:album:6QaVfG1pHYl1z15ZxkvVDW,spotify_id,
Album3050748,spotify:album:20r762YmB5HeofjMCiPMLv,spotify_id,
Album11014,spotify:album:3tQd5mwBtVyxCoEo4htGAV,artist_title_year,
Album2671,spotify:album:2NnkLRaeX33d1Mn8ZLgTo8,artist_title_year,
Album6543,spotify:album:13dGZzRzFoejmyVXAbTPAH,artist_title_year,
Album90,spotify:album:5mwOo1zikswhmfHvtqVSXg,spotify_id,
Album324,spotify:album:6vQB3ZBxnQPP3jQcGV2qzg,artist_title_year,
Album8,spotify:album:1klALx0u4AavZNEvC4LrTL,spotify_id,
Album978,spotify:album:3b4E89rxzZQ9zkhgKpj8N4,spotify_id,
Album544,spotify:album:33qkK1brpt6t8unIpeM2Oy,artist_title_year,
Album164,spotify:album:5Y0p2XCgRRIjna91aQE8q7,spotify_id,
Album51,spotify:album:6YabPKtZAjxwyWbuO9p4ZD,spotify_id,
Album1089,spotify:album:0DQyTVcDhK9wm0f6RaErWO,spotify_id,
Album43,spotify:album:44Ig8dzqOkvkGDzaUof9lK,artist_title_year,
Album10394,spotify:album:0Hs3BomCdwIWRhgT57x22T,spotify_id,
Album453563,spotify:album:4EX1fAypgQC9wDjGI5QzbZ,spotify_id,
Album629,spotify:album:2de6LD7eOW8zrlorbS28na,spotify_id,
Album2660,spotify:album:3539EbNgIdEDGBKkUf4wno,spotify_id,
Album3137,spotify:album:3OYnManu1Nlxnw9OMng7BH,artist_title_year,
Album2438,spotify:album:5vBpIxm8ws6pWyVmTWiGE1,spotify_id,
Album450392,spotify:album:7sh2Z8jj1iySpHRAnGd9w5,artist_title_year,
Album1167,spotify:album:630o1rKTDsLeIPreOY1jqP,spotify_id,
Album94,spotify:album:4NP1rhnsPdYpnyJP0p0k0L,spotify_id,
Album2612,spotify:album:4wvqGLk1HThPA0b5lzRK2l,spotify_id,
Album2711,spotify:album:53eHm1f3sFiSzWMaKOl98Z,spotify_id,
Album4588,spotify:album:3Q0zkOZEOC855ErOOJ1AdO,spotify_id,
Album2642,spotify:album:6QYoRO2sXThCORAifrP4Bl,spotify_id,
Album5721,spotify:album:6344rkGqCBDenGoS7eJlBN,artist_title_year,
Album1189,spotify:album:5gO2acKSOaJnP0Mcy8IpU6,spotify_id,
Album7406,spotify:album:1p12OAWwudgMqfMzjMvl2a,spotify_id,
Album50,spotify:album:4WD4pslu83FF6oMa1e19mF,spotify_id,
Album3892102,spotify:album:1PQDjdBpHPikAodJqjzm6a,spotify_id,
Album3380439,spotify:album:5SKIMMI6ilJTGOLd69Q9aM,artist_title_year,
Album2277,spotify:album:7pGb2cOGVz6vLyaZaKOQ7D,spotify_id,
Album4660,spotify:album:6YUCc2RiXcEKS9ibuZxjt0,artist_title_year,
Album545,spotify:album:1HnxC8MLDciii5LebJ09Ko,artist_title_year,
Album2161,spotify:album:5z090LQztiqh13wYspQvKQ,spotify_id,
Album7548871,spotify:album:3e7vtKJ3m1zVh38VGq2g3H,spotify_id,
Album11,spotify:album:7rSZXXHHvIhF4yUFdaOCy9,artist_title_year,
Album94103,spotify:album:4Uv86qWpGTxf7fU7lG5X6F,spotify_id,
Album7630705,spotify:album:3mH6qwIy9crq0I9YQbOuDf,spotify_id,
Album882,spotify:album:0HMsmYvoT1h2x1C4di5faf,spotify_id,
Album281704,spotify:album:1pOl0KEC1iQnA6F0XxV4To,artist_title_year,
Album15269,spotify:album:40aCknK9NwtjoieiNyNLqf,spotify_id,
Album3120,spotify:album:2Aiv0ThDpFa7lqHphR6MN5,spotify_id,
Album125223,spotify:album:5Hw3LAaqh5a1cRoKxy6j0Z,artist_title_year,
Album1179,spotify:album:5lEphbceIgaK1XxWeSrC9E,artist_title_year,
Album2779,spotify:album:3NEa40lY9rNpSIALSIKn79,artist_title_year,
Album5892,spotify:album:2v6ANhWhZBUKkg6pJJBs3B,artist_title_year,
Album10523,spotify:album:2WTDHjiVNCHY3ju9kmGNOY,spotify_id,
Album205,spotify:album:50o7kf2wLwVmOTVYJOTplm,spotify_id,
Album628,spotify:album:0MWrKayUshRuT8maG4ZAOU,spotify_id,
Album22312,spotify:album:3k8xoyOXkGgZxUKgpmxz4P,spotify_id,
Album1117,spotify:album:23O4F21GDWiGd33tFN3ZgI,artist_title_year,
Album1225777,spotify:album:2omIeSJEGQeKHPOpiXgfkr,artist_title_year,
Album1038,spotify:album:4FR8Z6TvIsC56NLyNomNRE,artist_title_year,
Album15,spotify:album:2BtE7qm1qzM80p9vLSiXkj,spotify_id,
Album2157,spotify:album:4ZLy3U2q17Yjw7jkjXPJQj,spotify_id,
Album304,spotify:album:1To7kv722A8SpZF789MZy7,spotify_id,
Album6156,spotify:album:0bO4qU98i4vCpGqTElUZDQ,artist_title_year,
Album93,spotify:album:1lPoRKSgZHQAYXxzBsOQ7v,spotify_id,
Album2590,spotify:album:7aNclGRxTysfh6z0d8671k,spotify_id,
Album2115,spotify:album:1DMMv1Kmoli3Y9fVEZDUVC,spotify_id,
Album7381,spotify:album:5ceB3rxgXqIRpsOvVzTG28,spotify_id,
Album2339,spotify:album:2ZpS82eXQxHB3SxA2pARt0,artist_title_year,
Album5115,spotify:album:22ZgHorVJzcZ4m8YBZCw4w,artist_title_year,
Album622,spotify:album:6fQElzBNTiEMGdIeY0hy5l,spotify_id,
Album845,spotify:album:3FTcomSFg2zWSqWLRgBYpv,artist_title_year,
Album8862,spotify:album:4v5x3Oo3UjQ9YmF3hRAip5,spotify_id,
Album185833,spotify:album:1UcS2nqUhxrZjrBZ3tHk2N,artist_title_year,
Album185644,spotify:album:6ZB8qaR9JNuS0Q0bG1nbcH,spotify_id,
Album1593,spotify:album:7CGhx630DIjdJqaBDVKc5j,artist_title_year,
Album236,spotify:album:6FCzvataOZh68j8OKzOt9a,artist_title_year,
Album6136253,spotify:album:64xtjfsPHNHch0CZ7fPTjS,artist_title_year,
Album294,spotify:album:5bbb7E51zaDCuD85uLyFkK,artist_title_year,
Album398852,spotify:album:5fMlysqhFE0itGn4KezMBW,spotify_id,
Album507466,spotify:album:29HIscCMZKDTvGBWOQgbyf,spotify_id,
Album58951,spotify:album:3otvl9PN3kOgk5uwAh1CBL,spotify_id,
Album5734,spotify:album:5jgI8Eminx9MmLBontDWq8,spotify_id,
Album2679,spotify:album:4YXo7p7aubyVIbNLoVlBp9,spotify_id,
Album6793952,spotify:album:5LgY9Wu82UspRz8Qs0M9Ci,spotify_id,
Album2584,spotify:album:7nXJ5k4XgRj5OLg9m8V3zc,spotify_id,
Album126,spotify:album:2guirTSEqLizK7j9i1MTTZ,spotify_id,
Album174,spotify:album:0HHmJpwOXXRJu9HI9iQiEO,spotify_id,
Album2542,spotify:album:49MNmJhZQewjt06rpwp6QR,spotify_id,
Album10701,spotify:album:7MBQWjukLxXZYvQ8vzEH7t,artist_title_year,
Album218218,spotify:album:5ll74bqtkcXlKE7wwkMq4g,spotify_id,
Album1206880,spotify:album:6MH3CAXp8AN8ELrbex18dM,spotify_id,
Album4390,spotify:album:0WYYrC9My9rYWigac003hw,spotify_id,
Album28235,spotify:album:1SXpC0UH36YNCRSQMVRsoC,artist_title_year,
Album9363,spotify:album:7K6JtyaSSVr7HidQsCHun0,spotify_id,
Album1795,spotify:album:4TJIdlY9hGSSTO1kUs1neh,spotify_id,
Album13461,spotify:album:0iaXHEeLgrKOsyNdhIHoE2,spotify_id,
Album1711,spotify:album:3nJnyDV8fwFpffo0EyHQto,spotify_id,
Album4203,spotify:album:1QgFthItpbxvMXlgGjvhBR,artist_title_year,
Album9979,spotify:album:2gA1cYJkNNA2cSctBHWqTP,spotify_id,
Album21235,spotify:album:6MbZtDSaxGT4kf8NEsd8zm,artist_title_year,
Album128,spotify:album:6ohX7moZZnF1FwYrli1OJ6,artist_title_year,
Album13801985,spotify:album:21xp7NdU1ajmO1CX0w2Egd,spotify_id,
Album14795,spotify:album:04sSPjO9MQFQ6fG4lpBI3G,artist_title_year,
sp:1j57Q5ntVi7crpibb0h4sv,spotify:album:1j57Q5ntVi7crpibb0h4sv,none,
Album2632,spotify:album:5mvHTVy1iUIkAflIufoOpj,artist_title_year,
Album11392,spotify:album:3i7sNgNRwyGQmNP0CPuOM0,artist_title_year,
Album133797,spotify:album:6iGX2bbzKEocRY0HzdQ9zX,spotify_id,
sp:7J7sZIPRWHxt3eVPGKsfi6,spotify:album:7J7sZIPRWHxt3eVPGKsfi6,none,
Album2833,spotify:album:0Ty5I1E0rJdOXvgOIFMTad,spotify_id,
Album964599,spotify:album:7u6zL7kqpgLPISZYXNTgYk,spotify_id,
Album2980,spotify:album:6W3aTLI4B5UsPpWMvhT2W4,artist_title_year,
Album11222,spotify:album:4Z8nWz3dGybOP7lhMZpcOo,spotify_id,
Album10255382,spotify:album:5zi7WsKlIiUXv09tbGLKsE,spotify_id,
Album376578,spotify:album:0X95vHu2uKrjDlSaa8vT1U,spotify_id,
sp:5faKzawYFUfk3IRRe6ERXl,spotify:album:5faKzawYFUfk3IRRe6ERXl,none,
Album22562,spotify:album:1cCAb1vN8uUsdfEylVmTLs,spotify_id,
Album52,spotify:album:7IpcJbVxLLEfW0KXB7ndE2,spotify_id,
Album8638,spotify:album:1Td5bSMxDrTIDAvxJQIo5t,spotify_id,
Album8094725,spotify:album:3T9UKU0jMIyrRD0PtKXqPJ,spotify_id,
Album320,spotify:album:33TDfmEXufojT6jxgb3BTK,spotify_id,
Album5030,spotify:album:6NkuCdMz5tGmHbOXAWbtCW,spotify_id,
Album35500,spotify:album:5risYG7klZCSLMNxB9dZhf,spotify_id,
Album2611,spotify:album:0YtYaaO0aipyeQl0xhAWTO,artist_title_year,
Album10405,spotify:album:0oNoEAy0RMBOqwRYtkhKRb,spotify_id,
Album2320,spotify:album:0BwWUstDMUbgq2NYONRqlu,artist_title_year,
Album29773,spotify:album:3nTXqOEHr6AfTb1WSaB4Pm,spotify_id,
Album5196775,spotify:album:4dq7JNcHKrnozzFQg5bpmn,spotify_id,
Album706,spotify:album:6uoeezh45SYEb8lcT8gDTY,spotify_id,
Album2264,spotify:album:4I4xtHaIFOzhZfp1NIHkY6,spotify_id,
Album21732,spotify:album:5CaLbGDGFhuhPKdxOokHmK,spotify_id,
Album7380,spotify:album:1IaBCF26OjgYwUCEPaIyC0,spotify_id,
Album2436,spotify:album:2k8KgmDp9oHrmu0MIj4XDE,spotify_id,
Album3783,spotify:album:0qaLL09EtF1hiUis7PRvaJ,artist_title_year,
Album13083,spotify:album:1w9O7mS9WEp5xlZUpYbDt9,manual,
Album975,spotify:album:468ZwCchVtzEbt9BHmXopb,spotify_id,
Album7855,spotify:album:4oaRhedDQNts1bR51IoATb,artist_title_year,
Album145,spotify:album:29m6DinzdaD0OPqWKGyMdz,spotify_id,
Album4648,spotify:album:0YgkR96bK9JSHcj236W9ZK,spotify_id,
Album231,spotify:album:3Qa2CdymyGvXkqoqIZykmT,spotify_id,
Album5287875,spotify:album:1J60iwLlrXqJokziB4h19U,spotify_id,
Album23971,spotify:album:17CzII6yMCKvKupQtq7zbW,spotify_id,
Album2863,spotify:album:2noRn2Aes5aoNVsU6iWThc,spotify_id,
Album846,spotify:album:6mxbG8KrOTZIxlP4gzaliM,spotify_id,
Album1277,spotify:album:2amHBpP8C0EUy6yBNy6nN6,spotify_id,
Album3287,spotify:album:33di4GLoFlzPl5zooUXbxU,spotify_id,
Album9079,spotify:album:2HTbQ0RHwukKVXAlTmCZP2,spotify_id,
Album1035,spotify:album:5dVZpNJraoqCo3BssinMoo,artist_title_year,
sp:5hBbiVCgSQ68JfWE3UAwf3,spotify:album:5hBbiVCgSQ68JfWE3UAwf3,none,
Album3122,spotify:album:2Om4oR7plGGub1aYe5uB7B,spotify_id,
Album602,spotify:album:5g3Yi15plTSMaq6tYiuw8p,spotify_id,
Album10734616,spotify:album:0639Ue4VeZGpxtkdj43vMC,spotify_id,
Album6544,spotify:album:4VKzYj7REUxkP1VXTdvSoV,artist_title_year,
Album780,spotify:album:7AEiZMDP0eB990c44G4zDT,spotify_id,
Album17997,spotify:album:4sW8Eql2e2kdRP1A1R1clG,artist_title_year,
Album902,spotify:album:7yQtjAjhtNi76KRu05XWFS,spotify_id,
Album2591,spotify:album:1vWnB0hYmluskQuzxwo25a,spotify_id,
Album3136,spotify:album:1gRJsaJ7ExC9Q9YdB9ZMC5,spotify_id,
Album4354997,spotify:album:43uErencdmuTRFZPG3zXL1,spotify_id,
Album630,spotify:album:4I5zzKYd2SKDgZ9DRf5LVk,spotify_id,
Album14798,spotify:album:6zV55F6W8kh1qe8LHhqRbz,spotify_id,
Album5919,spotify:album:1rZGSWC3pMmejDwYG0ZXma,spotify_id,
Album76795,spotify:album:58NsNICf7hyif5WruzsLWc,spotify_id,
Album11343,spotify:album:1u5Zzy6WufPaHHfzR49Vh1,spotify_id,
Album5657,spotify:album:4cOFLBwDDL6TUc1c83aiWf,artist_title_year,
Album42,spotify:album:6P5QHz4XtxOmS5EuiGIPut,manual,
Album2615,spotify:album:6DlZzUnITGI5cWGTjIWSBm,spotify_id,
Album1905,spotify:album:5l5m1hnH4punS1GQXgEi3T,spotify_id,
Album160,spotify:album:0bQglEvsHphrS19FGODEGo,artist_title_year,
Album933,spotify:album:4Io5vWtmV1rFj4yirKb4y4,artist_title_year,
Album5583989,spotify:album:5wTdQlDnvBtUO3ptbwqeyz,spotify_id,
Album2338,spotify:album:31TS0RscPf9EjwfRaCXXUA,artist_title_year,
Album2090,spotify:album:2HPWTaRPYl0Iu3lJrI5V2z,spotify_id,
Album2192747,spotify:album:0kmPn6M3cue7rec6Unw6BD,artist_title_year,
Album8328,spotify:album:4GLxEXWI3JiRKp6H7bfTIK,spotify_id,
Album810,spotify:album:66WJlKvZEWvs9HoKMYTlhx,artist_title_year,
Album67,spotify:album:0cR6FGQSOUDEwwapI7yfQZ,artist_title_year,
Album5166,spotify:album:7LgrhuKnAXpNEv8qzcVd2t,spotify_id,
Album44,spotify:album:35UJLpClj5EDrhpNIi4DFg,artist_title_year,
Album1064977,spotify:album:1CI5OW60s9W41YLI80Jjdr,artist_title_year,
Album2426,spotify:album:6VH2op0GKIl3WNTbZmmcmI,spotify_id,
Album1088,spotify:album:50j4Wm1b9hLpSpPIA39Vp9,artist_title_year,
Album3377949,spotify:album:3Gt7rOjcZQoHCfnKl5AkK7,spotify_id,
Album2771,spotify:album:2DumvqHl78bNXuvU9kQfPN,spotify_id,
Album314,spotify:album:0um9FI6BLBldL5POP4D4Cw,spotify_id,
Album8410429,spotify:album:2nkto6YNI4rUYTLqEwWJ3o,spotify_id,
Album14776,spotify:album:2ueEex9D8vUCcP7r2vClYM,spotify_id,
Album133,spotify:album:1XFNz6KIvLyIsLFOiLRKqP,artist_title_year,
Album503443,spotify:album:5pIlMNPZh4D9iJSoCfMzGi,spotify_id,
Album996,spotify:album:5U4dnRZsfW8NmwBBkELFPh,spotify_id,
Album6116,spotify:album:4vIJFprkZ7vyN6nhcBgQmG,artist_title_year,
Album179,spotify:album:1xpGyKyV26uPstk1Elgp9Q,spotify_id,
Album16779,spotify:album:6lw4HFj2dgaG98jjSP5zOz,artist_title_year,
Album7381986,spotify:album:2ix8vWvvSp2Yo7rKMiWpkg,artist_title_year,
Album5037,spotify:album:1qQ2ig3pvig30zVyXLzij8,spotify_id,
Album9959,spotify:album:2uqUv4tMXOPTwP6nHzi9mA,artist_title_year,
Album88306,spotify:album:4vqUA25FD9XeI0iGaCJJ6F,spotify_id,
Album19286,spotify:album:58HZZpS0wxJKwGjoerg0mk,spotify_id,
Album5845,spotify:album:1ZxChDw03SUFGUz0RC8A8M,spotify_id,
Album1763021,spotify:album:4RIfotm6Rvy38CloYmPmX0,spotify_id,
Album4052,spotify:album:4q1Xa0nBB10PPeadZCGvW0,spotify_id,
Album19288,spotify:album:51tAz06EJxwhsk8uNfWxBo,spotify_id,
Album185,spotify:album:5MqyhhHbT13zsloD3uHhlQ,artist_title_year,
Album993,spotify:album:4l4u9e9jSbotSXNjYfOugy,spotify_id,
Album574882,spotify:album:2fHOtXdm3E98vMS4wj2Ebp,artist_title_year,
Album39581,spotify:album:0X8uUl77dOADdr7v1ECVB2,manual,
Album7804852,spotify:album:3WvQpufOsPzkZvcSuynCf3,spotify_id,
Album2564,spotify:album:0Y5Wlv2OJKaW0uDJ5HnUfy,artist_title_year,
Album2576,spotify:album:5cADwrInLLhrjsXSmEPE3E,spotify_id,
Album356,spotify:album:4pG3bKkbmReDt5QTDn3JDz,spotify_id,
Album5687,spotify:album:7Lou3RDk6NswmbzBMhro24,spotify_id,
Album33363,spotify:album:20IklXmkirz07Lpv6jnLNB,manual,
Album14030,spotify:album:1AxwLCMtx8rnIxkFQKU2LO,artist_title_year,
sp:78sy1qgqdfjea9lZHoVWRK,spotify:album:78sy1qgqdfjea9lZHoVWRK,manual,
Album1990,spotify:album:1C2h7mLntPSeVYciMRTF4a,artist_title_year,
Album76768,spotify:album:7mEKgXSrpNrxRrvUu2DMYn,artist_title_year,
Album880,spotify:album:2Ul7B1LEHxXzYubtkTMENs,artist_title_year,
Album1045,spotify:album:58NXIEYqmq5dQHg9nV9duM,spotify_id,
Album6296,spotify:album:0o1uFxZ1VTviqvNaYkTJek,spotify_id,
Album4600,spotify:album:3tgJmEz0R0ZsRSrpwafp4R,spotify_id,
Album29700,spotify:album:1kCKuBSxO5w8MPN31pP9K9,artist_title_year,
Album5168,spotify:album:7KxUQCCvE0edGiqBS6ywEd,artist_title_year,
Album10393,spotify:album:4eK5DQxLCshZCUk6D5a8Q1,spotify_id,
sp:7FqSyloel4zhfQSP96RM7N,spotify:album:7FqSyloel4zhfQSP96RM7N,none,
Album1039131,spotify:album:6FMu88LoghMcmme2aDkK3S,manual,
Album13532,spotify:album:0CFS3jvFwutIt5ewGIa7Sq,spotify_id,
Album13337,spotify:album:1FUZJRZ4eOHT4MJuRh5fh8,spotify_id,
Album756,spotify:album:7EOQggjtK8JCqeRz9IG33e,artist_title_year,
Album2030,spotify:album:26tH0kjUhkxBEd3ipGkx3Y,artist_title_year,
Album7997,spotify:album:6bYqwLMVRQzwPQweVzCiry,spotify_id,
Album10403,spotify:album:7ACMLIVtCkZP7EzxzsZISW,spotify_id,
Album17489,spotify:album:2gMTsMOwF9WHh9jx9vGnPz,spotify_id,
Album2325,spotify:album:3uFZf8rykoHo7XMIQVYW6r,spotify_id,
Album7675,spotify:album:3CCkWrqhWcKU7qXK3ooEEo,artist_title_year,
Album20786,spotify:album:2gtM4m6sglJDrX3toJWZO6,spotify_id,
Album4649,spotify:album:00ao0DAIYS0BNEbnbH0UCf,spotify_id,
Album2689,spotify:album:0rPtXOMN42nsLDiShvGamv,spotify_id,
Album18846,spotify:album:5mZ2MGWpS3PnUV5nFq02nu,artist_title_year,
Album1175,spotify:album:7pBPB9vwqCMLKNmUCK4k62,artist_title_year,
Album297,spotify:album:51hrKjSvIX69tl1g13R0hI,artist_title_year,
Album37920,spotify:album:5qvuDzzdqHFID4IlUMGZcb,spotify_id,
Album427739,spotify:album:0xr31or2qYglJpiX6pODjY,spotify_id,
Album12410,spotify:album:0zzLh6v9YS3mITft7rCHAf,artist_title_year,
Album21066,spotify:album:3bFxBCBwFQ8WGRghgoUxaU,spotify_id,
Album52304,spotify:album:6P6cuyU2h29gN2shvuF2tO,spotify_id,
Album2634,spotify:album:5SbcupirEParczvqqyUPXL,spotify_id,
sp:4Xk3AEGdw9ha1NAMKWtRFJ,spotify:album:4Xk3AEGdw9ha1NAMKWtRFJ,none,
Album1904,spotify:album:6yWMN087PgSimbcVmHLEwG,spotify_id,
Album31572,spotify:album:6KFVwdp9yZczVIVv4glWue,spotify_id,
Album4201,spotify:album:2bzV4j7nfY676RDSmxs0rc,artist_title_year,
Album2089,spotify:album:4UWaqJplSqDf3hqlb0OdxR,spotify_id,
Album2466366,spotify:album:01Z1nufhjxJVXVDuMRmNEM,spotify_id,
Album3873725,spotify:album:5hXTuGzaOREp5WHYGQXXB1,spotify_id,
Album8440075,spotify:album:3YH2ZyKNuhphyixjJvtXul,spotify_id,
Album9655,spotify:album:7LMOo068Ndv0wjTGUDtYqK,artist_title_year,
Album30878,spotify:album:4CGGf13zt9Jva2ia4CKQi6,spotify_id,
Album41463,spotify:album:5rcMJNWebtl2r2S18Je1A0,spotify_id,
Album9186703,spotify:album:6pwuKxMUkNg673KETsXPUV,spotify_id,
Album597785,spotify:album:4m3EOhs70TPsyKqIjn9m1A,spotify_id,
Album46466,spotify:album:0Stnb66v5cibvR22sFdLYx,spotify_id,
Album2086,spotify:album:33d72N71hl9bXwT4zAcqUy,artist_title_year,
Album89,spotify:album:04FfqGvZJ9oUBGRVrq2FE5,spotify_id,
Album7764,spotify:album:3ywVzrwMQ3Kq43N9zBdBQm,artist_title_year,
Album4597,spotify:album:5fmIolILp5NAtNYiRPjhzA,spotify_id,
Album3581,spotify:album:43YIoHKSrEw2GJsWmhZIpu,spotify_id,
Album9684,spotify:album:5gK2l2LgWY0BA4p9uy27z6,spotify_id,
Album40634,spotify:album:0D9FANbUo4R1eyn9MZQBOa,artist_title_year,
Album11215,spotify:album:0MjlKhtsyax9HSWNkYaWM2,spotify_id,
Album5200146,spotify:album:4yqm0ZLcphXs8M8cVvLKym,manual,
Album1430,spotify:album:4WXqZZ28geJSPtqLcCF56L,spotify_id,
Album254090,spotify:album:6JB2QvfU85kCHTxy8Sjmuv,artist_title_year,
Album13916,spotify:album:0I8vpSE1bSmysN2PhmHoQg,spotify_id,
Album391022,spotify:album:3I8rSXGkzRbfUqhgwvW65E,artist_title_year,
Album5720,spotify:album:0dZF93WHyOhTWjz5EWM7yG,artist_title_year,
Album298,spotify:album:5blxyZRgkA735vO40p56MA,artist_title_year,
Album12984831,spotify:album:0DBoWQ52XUHtrZQdfAqOVj,spotify_id,
Album5917,spotify:album:3y67YB3vSbaopIg1VoAO1n,artist_title_year,
Album7757,spotify:album:09fKoRSQnIP9SAWKSZkWa9,spotify_id,
Album8857731,spotify:album:6gDtROOIYa6OQxwhDNkDRM,artist_title_year,
Album7812,spotify:album:5iA9ECcGKLN2BSxikuENma,spotify_id,
Album7833,spotify:album:5f4Jvsa1R9W3oiEv6B9moT,spotify_id,
Album9386,spotify:album:7yrRo2o4XzDfv3mNnkPRE5,spotify_id,
Album37270,spotify:album:1XoE7ZirQ3gjxq8HIzTJU9,artist_title_year,
Album9486927,spotify:album:7w7ZTlk8YLc0OxviTp97qA,spotify_id,
Album1190,spotify:album:6v5IVMmY1IvWtbfnQoiFSf,spotify_id,
Album87,spotify:album:0Ewp4PEIzkcAyrC463a5xF,spotify_id,
Album712947,spotify:album:1R8kkopLT4IAxzMMkjic6X,spotify_id,
Album149,spotify:album:0JwHz5SSvpYWuuCNbtYZoV,spotify_id,
Album13541,spotify:album:2S3289mypNw2zP0OpFexMb,spotify_id,
Album17249,spotify:album:17Xqs4Uwtrj30TXkJ6z2x0,spotify_id,
Album10376,spotify:album:3saAefkIXxddLvrh05pFz6,artist_title_year,
Album515,spotify:album:1kmyirVya5fRxdjsPFDM05,spotify_id,
Album1312,spotify:album:1zOxlHQGGV6EH7n4OIFTyh,spotify_id,
Album1731,spotify:album:51XjnQQ9SR8VSEpxPO9vrW,artist_title_year,
Album11218,spotify:album:2iPH3iUmpa9ufIpwY76keF,spotify_id,
Album453567,spotify:album:0hUfv1cSXNaBZ6dHKGluEy,spotify_id,
Album1744,spotify:album:5SqbMEyAt8332ISGiLX0St,spotify_id,
Album6130,spotify:album:0x6sQPn26dKLzsmfLbXUG2,spotify_id,
Album969,spotify:album:5Dbax7G8SWrP9xyzkOvy2F,spotify_id,
Album2029,spotify:album:0GqpoHJREPp0iuXK3HzrHk,spotify_id,
Album704,spotify:album:74jn28Kr29iyh8eZXSvnwi,spotify_id,
Album992,spotify:album:6OHri5qNxwCdVSdyCslspd,spotify_id,
Album17499,spotify:album:3PIVqZzL1PnrxFZDzuT1aX,spotify_id,
Album47142,spotify:album:5f6Nz2v1DESbpu1NerEql2,spotify_id,
Album11812,spotify:album:1y8ip0XxJYr4JHIvPtTett,manual,
Album11221,spotify:album:03zH4bkGb2jSZAQIVW2px1,spotify_id,
Album2966,spotify:album:2lO9yuuIDgBpSJzxTh3ai8,spotify_id,
Album16567804,spotify:album:5D11vpgk0VHBCvEwxS9MNc,manual,
Album3392,spotify:album:2xg7iIKoSqaDNpDbJnyCjY,spotify_id,
Album8282,spotify:album:68BCjMsHX4Gf11BJSkjwGz,artist_title_year,
Album8176770,spotify:album:3xuObdpsMyG6pInICz9M2I,artist_title_year,
Album8048135,spotify:album:49tQPxVOXs6kdrpxuKhu91,spotify_id,
Album1263018,spotify:album:4BnNSzOWadogStvyYshJIo,artist_title_year,
Album5920,spotify:album:49BxISwAbZZfmlhqD6Vh88,artist_title_year,
Album7862,spotify:album:55RTkgUCP7t80hiTUhATMH,artist_title_year,
Album442,spotify:album:0x6Y2eA8Boakdrq9x2agdF,artist_title_year,
Album1030,spotify:album:2Se4ZylF9NkFGD92yv1aZC,spotify_id,
Album27890,spotify:album:0csi6eQolki4PIS60tBCW5,spotify_id,
Album12157822,spotify:album:6jK79OO4fLY3UzBBwIJXym,artist_title_year,
Album2287,spotify:album:1EK3a0Yctg4d3nGQzE4Uty,artist_title_year,
Album103098,spotify:album:7HPjcPD2cr8E5oHvVAmBp7,spotify_id,
Album357,spotify:album:5PfnCqRbdfIDMb1x3MPQam,spotify_id,
Album5629,spotify:album:33620GQZTMEMzOUZRMkBHf,artist_title_year,
Album14705,spotify:album:5BGkenbuo3xY3CRblRPj8K,spotify_id,
Album9049220,spotify:album:0blyxTUATvmwqDcVM0dGt6,spotify_id,
Album9999224,spotify:album:0Cuqhgy8vm96JEkBY3polk,artist_title_year,
Album23085,spotify:album:3FR8CV7OSyZDnxneavnh8t,spotify_id,
Album73082,spotify:album:31pd81sWDaK2pP3ok5892z,spotify_id,
Album1946,spotify:album:5LEXck3kfixFaA3CqVE7bC,spotify_id,
Album8758,spotify:album:6N2glPSb8ojSxzvGM0h8t8,manual,
Album64354,spotify:album:04nfBhMWMp1Y6zhl4o0psq,artist_title_year,
Album1894233,spotify:album:4WHw7nHg2tlT0ClrJvS8dE,artist_title_year,
Album41329,spotify:album:5RJLKN7ucuVaRAUzNKtKB8,spotify_id,
Album442105,spotify:album:4YzYXXM2GSzsp0hsgVBBrU,artist_title_year,
Album98731,spotify:album:0lbpA4dCZfaNhy6LZrGDvJ,spotify_id,
Album1094980,spotify:album:0F9N8HseBFNawOkrBFK38x,spotify_id,
Album601717,spotify:album:4Zkx9awRmjtUs06KshW9Hm,manual,
Album1116,spotify:album:4gPkBsMmufyOMCJbXUUme8,spotify_id,
Album19133,spotify:album:3Zh2krBOHOs6us5Ymhrnu4,artist_title_year,
Album53859,spotify:album:0GOWw5YVpOmIX6mUtjLi30,spotify_id,
Album641,spotify:album:1mJFgPeuLhU1PzLNBURdJC,spotify_id,
Album12873,spotify:album:7MOYiQcBcdYvqCyopWBj64,manual,
Album7937,spotify:album:0v9VeabfaVvNREL5jGS9F5,artist_title_year,
Album86171,spotify:album:4x0UfOrPLDADRnr0FhnTf7,artist_title_year,
Album1431,spotify:album:7tWxaE1as1wy12Yd1De41r,spotify_id,
Album88585,spotify:album:2i4fy6a51XTaZOYA8rIdRK,spotify_id,
Album39355,spotify:album:6hwD6ZjtCYrZSBMmK5se46,artist_title_year,
Album2674,spotify:album:7xg7u99lilTCPbaRfnYuy6,artist_title_year,
Album4204,spotify:album:0p6DxsQOhQ5qiBnUu9G1PB,spotify_id,
Album10059163,spotify:album:5A7qhg1w3J1GVoPPTChYCF,spotify_id,
Album5386,spotify:album:1yfJqxKKXG320vhqLfUEeC,spotify_id,
Album12445,spotify:album:0BqQ4jkZVQRt0cCfoWblpA,spotify_id,
Album602177,spotify:album:4fhk79jN27HdIjlXN4fBtz,spotify_id,
Album1705,spotify:album:1HrMmB5useeZ0F5lHrMvl0,spotify_id,
Album4568422,spotify:album:7D2NdGvBHIavgLhmcwhluK,spotify_id,
Album9753704,spotify:album:66at85wgO2pu5CccvqUF6i,spotify_id,
Album7724093,spotify:album:4OoNqHBpbgDoqtN3u1IdiC,artist_title_year,
Album8021508,spotify:album:5p64XgvFREt1P6mC7Xl6XN,spotify_id,
Album27682,spotify:album:7btiyhWzUfzxN3ijSiBpC8,spotify_id,
Album13114,spotify:album:7KmTIst4J4R5wM6xUaTrej,spotify_id,
Album507076,spotify:album:449iPnRQ6t3arPePfjLtYL,spotify_id,
Album1008755,spotify:album:2IY3Ty8CrUyvpibt8AcZmp,spotify_id,
sp:65AZCCjT1TuGGW7wUWnQop,spotify:album:65AZCCjT1TuGGW7wUWnQop,none,
Album217,spotify:album:3o5EnVZNJXtfPV8tCoagjI,spotify_id,
Album26,spotify:album:0BiNb8HYR4JvuxUa31Z58Q,spotify_id,
Album157,spotify:album:2vTelM2ZV20cLPqQwfWhYa,artist_title_year,
Album180,spotify:album:3jWhmYMAWw5NvHTTeiQtfl,spotify_id,
Album506,spotify:album:7uqVE9qWdqjtDeLpdHyMxP,spotify_id,
Album161,spotify:album:55RhFRyQFihIyGf61MgcfV,artist_title_year,
Album22684,spotify:album:44TnXcUjTIHPBBROepl99a,spotify_id,
Album8182,spotify:album:2AuuaSqRCaWS6bPTI2fyjJ,spotify_id,
Album19,spotify:album:4Mw9Gcu1LT7JaipXdwrq1Q,spotify_id,
Album2135,spotify:album:0nTTEAhCZsbbeplyDMIFuA,spotify_id,
Album1432,spotify:album:2ajuLWJSuzHFeTceC1A4bW,spotify_id,
Album1110,spotify:album:5viZ5HyYtV0wafK7DoXmgF,spotify_id,
Album23310,spotify:album:1xOjcsiHHA8VAsc77TJF4Q,artist_title_year,
Album5169,spotify:album:0mZUAsioioz1zKB2ll6jFt,artist_title_year,
sp:3DnRgUY7EP00cklj0vGiVv,spotify:album:3DnRgUY7EP00cklj0vGiVv,none,
Album1525373,spotify:album:4BZ4Ebawdj4z6qexS8vNat,manual,
Album17474,spotify:album:3uwufR7PwniMX7t3v4I5oB,spotify_id,
Album294303,spotify:album:4EXblM6xtyQO8pkFCT99jm,spotify_id,
Album2667,spotify:album:0qbl8aNaCUOvX8HGsZYLfh,artist_title_year,
Album858756,spotify:album:2sJJBMNuAcwEHteM3I65XY,spotify_id,
Album9136,spotify:album:71rxIr6MJYUzDG9ge6Jq3J,spotify_id,
Album2286,spotify:album:3llL1qaL2RvtyQAthAuRFS,spotify_id,
Album11341,spotify:album:3uIT4I4Dy7Pq1j0aSjzPW9,artist_title_year,
Album709,spotify:album:6lU1MDxi3TqhKnYNQm555u,spotify_id,
Album5634,spotify:album:4NLWM4hSjXnB1oA6HkIGjc,spotify_id,
Album300,spotify:album:3V18DIKvRuwdxc2LE4wuac,artist_title_year,
Album24827,spotify:album:2dtjLAwt7Cq763h6AupyPZ,artist_title_year,
Album5843,spotify:album:0NGM3Ftwjw0dLNpAowmz3x,spotify_id,
Album1712,spotify:album:4uiVwLbTzE6VMkXpaDAwB8,spotify_id,
Album6053920,spotify:album:5Hfbag0SsHxafx1SySFSX6,spotify_id,
Album9980,spotify:album:7Fnx0dOtn0QL8nlSoCKkp9,artist_title_year,
Album19727,spotify:album:6NnLjK3TIAx58lkkfySfqn,spotify_id,
Album10283,spotify:album:5d47ow5T5G4UqZBS4g61dH,spotify_id,
Album379137,spotify:album:3x38mYlwkm6L6vYIn0Hzqk,spotify_id,
Album116663,spotify:album:0hwjGRowBXFvAOD6z5djZD,spotify_id,
Album757,spotify:album:12DCd8u80PoRIvBgjQrtuH,spotify_id,
Album1195,spotify:album:7IKUTIc9UWuVngyGPtqNHS,spotify_id,
Album1310,spotify:album:60C4r1YwIxsliktUL6eXfw,artist_title_year,
Album10400,spotify:album:4ORrWT9p5FH1jhTCATKEcj,spotify_id,
Album114057,spotify:album:1dYo1So9s2Eq9xHFTntSMO,artist_title_year,
Album28663,spotify:album:4V0cCuHywHvFeYTptF1GmT,manual,
Album143,spotify:album:3ly9T2L4pqTZijFgQssd3x,spotify_id,
Album333322,spotify:album:74QPd1WqK8kTsVNtHdBzJ8,spotify_id,
Album6847528,spotify:album:4dIPUQHheyH9e6ioplvNT2,spotify_id,
Album3115,spotify:album:1vHvJVBK0WnpbYFw4f4UTD,manual,
Album66381,spotify:album:6o46QaMTj2igcu5mRrycdf,artist_title_year,
Album15928,spotify:album:7izJQDtszjo9DbOVEMsvEj,artist_title_year,
Album17057,spotify:album:6Qlf7T4Xs7lV2KTzGHpTJL,spotify_id,
Album2009,spotify:album:6jWde94ln40epKIQCd8XUh,spotify_id,
Album7187,spotify:album:4LwFCUyV4wM6SEg84PaLuL,artist_title_year,
Album1740,spotify:album:29f2cOueckYE8Nc1pkJjrU,spotify_id,
Album13799017,spotify:album:7Ln81p86r5cCsesd3KBWIY,spotify_id,
Album19392,spotify:album:6xg1LH1tG9LfStZwv5zdV7,artist_title_year,
Album6155,spotify:album:7vtq4mlZSC1HC4a6UdcVug,spotify_id,
Album51445,spotify:album:3Pc4EGiXwEsg6bGpoG5D1u,spotify_id,
Album4202,spotify:album:03AlBfN3i9KUlXbSAPmjO6,artist_title_year,
Album10143,spotify:album:6CGNTxZBa20mHcsAIqQtit,spotify_id,
Album81646,spotify:album:4rIPnx6cXrmLeDVkzT5poN,spotify_id,
Album186,spotify:album:2miMVTH3qNA49YD2BUaIWK,artist_title_year,
Album3583,spotify:album:4KT6G8fj8EEIfsyr75hbgc,spotify_id,
Album90705,spotify:album:1JpwFoxVVutPXtSBohj0rJ,artist_title_year,
Album84233,spotify:album:5MJR9j21vjEi4ODxzhvoTA,spotify_id,
Album7976,spotify:album:5Lrsef2F6ZHNC5yIUEJouw,artist_title_year,
Album5200,spotify:album:2PfGKHtqEX58bHtkQxJnWG,artist_title_year,
Album1894992,spotify:album:2W2nqEKXWBorbq5yvm3jZg,spotify_id,
Album3556,spotify:album:1BZoqf8Zje5nGdwZhOjAtD,spotify_id,
Album471234,spotify:album:3orD6D0SUsXPOTgftelFtK,artist_title_year,
Album4906,spotify:album:6HBRtTolIqgDVJXBwtyYPV,spotify_id,
Album650730,spotify:album:5BeufSLtuFnIP808stSFjg,artist_title_year,
Album5313,spotify:album:6k1iylSzWOs7SgavxlJ8kt,artist_title_year,
Album4193,spotify:album:5nTalKcL6vhFMNihs0b3iU,spotify_id,
Album13931,spotify:album:6XHQCPGwvSaqv9MZ2tauqr,manual,
Album7171,spotify:album:0pFXE6xlnAdTkG3IgXTLLo,artist_title_year,
Album4194,spotify:album:0PIidVsFr9Oji1Y79jTV9M,artist_title_year,
Album3481999,spotify:album:7pW99iYcVMpXo8pdTgAoRr,spotify_id,
Album292201,spotify:album:0ItGRGs7WvBi4z1dXFJOoO,artist_title_year,
Album4869,spotify:album:0DFhGsFKG7G58cke33GlAh,spotify_id,
Album3390,spotify:album:2vrM9ltjKIvNg3nkwXoJuc,artist_title_year,
Album1093,spotify:album:0J1DP5GvKrzWumwzlcFhLc,spotify_id,
Album2614,spotify:album:2PKZhfPrgMmK5zug2pqdHA,spotify_id,
Album3560,spotify:album:6ZANEjETQ9L9pjBuvOAhCQ,artist_title_year,
Album604041,spotify:album:6a3zPR8tCHNkDXUBwucoFq,manual,
Album16147,spotify:album:6uYKuKqqEx3ajoKzywSpYl,spotify_id,
Album10453,spotify:album:0b8KChWO3kRpVRZNdNxms3,spotify_id,
Album40100,spotify:album:12hFv6ZaHpXWYs5SXR4JKT,spotify_id,
Album271115,spotify:album:0bUTHlWbkSQysoM3VsWldT,spotify_id,
Album11130,spotify:album:3Wu0chxAm4GxSeRnIIf2Om,spotify_id,
Album19835,spotify:album:1f5C9byt71B5aeNjFBREPy,spotify_id,
Album4040583,spotify:album:392p3shh2jkxUxY2VHvlH8,spotify_id,
Album187440,spotify:album:5AHmsOtE3kyBWr0TRqHyzD,spotify_id,
Album1501671,spotify:album:4Dgxy95K9BWkDUvQPTaYBb,manual,
Album69628,spotify:album:4t9znL8nP5jHNhCSqCtHCV,artist_title_year,
Album99481,spotify:album:6EvU9hFh2ZPeumNOFy1dAu,spotify_id,
Album8797,spotify:album:17vHPMmoxN5B8cdhCDeMTe,spotify_id,
Album9910,spotify:album:0Y0V072vxDWEvCelPBaWAO,spotify_id,
Album5340,spotify:album:7wH3vXQZgy9a6PUvMXLayk,spotify_id,
Album37596,spotify:album:1aCpHSQE5ghxibsQ5gkBe0,spotify_id,
Album3805982,spotify:album:6VNXIYzXocTyZMNDLG88Gb,spotify_id,
Album4000,spotify:album:4ywDt046dDB2OtWLqKwvMF,spotify_id,
Album361,spotify:album:7uU2qrFZQSdQacicLXMnaJ,spotify_id,
Album8236,spotify:album:5Ko5DhLETWgzPlbI906UeE,spotify_id,
Album84315,spotify:album:1iYuqmkhvfNCTpo94ZjVuY,spotify_id,
Album190014,spotify:album:3ls6x8ddPzTdFS6AwGkZii,spotify_id,
Album7646634,spotify:album:5IjHbREQk3P0XtVfAywac9,artist_title_year,
Album1793672,spotify:album:7gIpPRE9VDKCrMk08okn59,spotify_id,
Album9858,spotify:album:04uhhcjGVCHodMgZjXOlye,spotify_id,
Album175797,spotify:album:1ZQqzuRfHzQ5FuCupRAhHR,artist_title_year,
Album839,spotify:album:111J9nxmdhyHSLNHeAL1jO,spotify_id,
Album188620,spotify:album:03dao4rkv9ZZ95IJrnugVM,spotify_id,
Album131802,spotify:album:1eN8Ogfikd5371WLvEBrks,spotify_id,
Album13762028,spotify:album:4inXqcdjG79gV4m2mU8dQh,spotify_id,
Album47550,spotify:album:7xvBUHu5jJ7X0wdRHudLFD,spotify_id,
Album25613,spotify:album:3YPK0bNOuayhmSrs0sIIBR,spotify_id,
Album625893,spotify:album:2YSkC3gaCfjgVza4TqWNsB,artist_title_year,
Album1154150,spotify:album:3PU1b3aDrbMKucRulElluF,spotify_id,
Album1037,spotify:album:4sLCQxMRfn3gAHrBNZtbTH,artist_title_year,
Album68627,spotify:album:1wQ8jRyqbHquuUBv0oPi20,spotify_id,
Album14338,spotify:album:4q1HNSka8CzuLvC8ydcsD2,spotify_id,
Album12907,spotify:album:4UHywb0FC2JnJubtwlBfnS,artist_title_year,
Album171197,spotify:album:1UzrzuOmZfBgXyS3pgKD10,spotify_id,
Album17034,spotify:album:5pIUimaQ6XePPXbMUi3te0,spotify_id,
Album690148,spotify:album:0Q8q0pVbYcFrOEoSvRdfth,spotify_id,
Album12690,spotify:album:2vWHACnDiSnFM52octEvY0,artist_title_year,
Album78164,spotify:album:6GRzmk9UGL7odxprOPop1Q,spotify_id,
Album17501,spotify:album:0I5Fw1rynZU0tqTD1eis2e,artist_title_year,
Album72156,spotify:album:3HdmIB3Wzcd7bFDdsgaIbp,manual,
Album152993,spotify:album:2bvuK1qY1om1Umjs25T5mD,spotify_id,
Album29618,spotify:album:73j2N2158tWcLXv4wffzNE,spotify_id,
Album644,spotify:album:2tm3Ht61kqqRZtIYsBjxEj,spotify_id,
Album5160,spotify:album:416nVgqae48Dw0EjD6N4EU,artist_title_year,
Album4878,spotify:album:1CHUXwuge9A7L2KiA3vnR6,spotify_id,
Album4418,spotify:album:6QAKD1wqCrmkBYw1AsZfEy,spotify_id,
Album8154,spotify:album:7lEOKZaOpqP70UYqdLPejG,spotify_id,
Album857996,spotify:album:2d7vMJhQRv6MFzkHg4rFXQ,spotify_id,
Album17044,spotify:album:0bHiuso3WXpchgSlfX48uY,spotify_id,
Album41462,spotify:album:1jJXtCHztoIKiSG8IbLmq0,spotify_id,
Album8166,spotify:album:7CL7T5GL94eb0QcdziHtBP,artist_title_year,
Album14793,spotify:album:3luFuzmpqNIeQQM485wkI8,spotify_id,
Album17856,spotify:album:3cqSIaUPGsL9piqBpCdDZx,spotify_id,
Album399795,spotify:album:6tD82S3aEWoeBLUnJ95ezK,spotify_id,
Album836740,spotify:album:5cNFz3SmBP69gXAPTyEZrH,spotify_id,
Album2345,spotify:album:29sTacnS0qA9xri6YS8xLA,artist_title_year,
Album6295,spotify:album:1T8usYsiGEMPMQOLFgJEbE,spotify_id,
Album28513,spotify:album:0I5Te5Oi0Cbes6nwEe4uFV,manual,
Album4986488,spotify:album:7CYDRyFCKtAYJBSpfovLyX,spotify_id,
Album7391195,spotify:album:5KDMu6ty7UnbdmtrVtyGys,spotify_id,
Album39027,spotify:album:7Dy6z1nWHNIF2IKCARP9QN,artist_title_year,
Album11659,spotify:album:0t41BkcZayaAsa0FdRelfz,spotify_id,
Album863683,spotify:album:6pqT4OHQ2QZW77gWehUeLm,artist_title_year,
Album12256,spotify:album:49LA20VMk65fQyEaIzYdvf,spotify_id,
Album18850,spotify:album:73Ks6qxJTQ4hyHBJOQ16tI,spotify_id,
Album409492,spotify:album:13vOj4n0shZtxuPqrw00iP,spotify_id,
Album2127,spotify:album:3ZnF1cPxlqB48RyLiecDnv,spotify_id,
Album5719,spotify:album:4nQe6IzubN7cE7EWzrIvu4,artist_title_year,
Album2069058,spotify:album:6FNu7RUEKOGhdgZenZKg4s,spotify_id,
Album52627,spotify:album:3JtjFSIYNbSipiiWvYjpno,artist_title_year,
sp:3gEqq6EYr32lyb63XEKBqK,spotify:album:3gEqq6EYr32lyb63XEKBqK,none,
Album184040,spotify:album:6khFoLWnJZDQvZ7Pijym3b,spotify_id,
Album731,spotify:album:2yMg8ronKfVDHngnlLNnl8,spotify_id,
Album442463,spotify:album:6nVACH6a27eOWiumAJhDWS,spotify_id,
Album691058,spotify:album:5GNzwOQX7Ar6YqZeK9HN03,spotify_id,
Album11342,spotify:album:3ua82mOgwcKdNli5fD3aWj,artist_title_year,
Album4659,spotify:album:3PResMqFgQYBfzTnqTKwQw,spotify_id,
Album13936005,spotify:album:79NySyjxJ8xric31mXKMAo,artist_title_year,
Album12502,spotify:album:4irlewoGTUPndEinKcavLF,artist_title_year,
Album9662313,spotify:album:1QUssCgKTWTPQZeIW8MXVf,artist_title_year,
Album13491134,spotify:album:7L7oMPboBCeyGLJVsHSWM2,spotify_id,
Album2091,spotify:album:2O3sMtk9Zy2RxocOURUFhr,spotify_id,
Album3612,spotify:album:34MHuXONazzgSxI0cThpAg,artist_title_year,
Album12095,spotify:album:6TWjon4uYsV2wu7QJTuKjd,spotify_id,
Album774,spotify:album:6BRZLnJXeSWPq9IxGpsAZ7,spotify_id,
Album86110,spotify:album:1iG0R0t4IK55xjpjuizNda,artist_title_year,
Album163,spotify:album:6cI1XoZsOhkyrCwtuI70CN,spotify_id,
Album476330,spotify:album:6Pn9IvRBMZaka9AgrHNfr8,spotify_id,
Album2132,spotify:album:2bU6BaHfovn3rvxxxHSkWd,artist_title_year,
Album23684,spotify:album:39QYInzckHJVcFuRTFXN6R,spotify_id,
Album8344,spotify:album:13pZUSPWE87x40BorpgLx2,spotify_id,
Album872173,spotify:album:0z1XTduV7N8kCgdHeO9oh5,artist_title_year,
Album7701,spotify:album:31toyxx4NeSixf47lJBNbt,spotify_id,
Album3799,spotify:album:4cg5GrTMewtbntkO84uE2k,artist_title_year,
Album7819,spotify:album:55MZQrenomrTq0aQneC7Pi,artist_title_year,
Album13935,spotify:album:0J6PpQHDOcr54tXvh1MMCr,spotify_id,
Album53487,spotify:album:2EYVXfypcucR62WMKJl6Mr,spotify_id,
Album34236,spotify:album:5CMNRvWrLhc7glBXchuWtB,spotify_id,
Album789949,spotify:album:6rEEIByeXzozMiiUOm9GHx,artist_title_year,
Album3770,spotify:album:2XbWaerVk9fjhEiGSrd6TF,artist_title_year,
Album42034,spotify:album:6nL0U84JsEJ0cRsGCnsDnJ,spotify_id,
Album12102815,spotify:album:69jQsPvJzMvcb2fGqI2qaB,artist_title_year,
Album78183,spotify:album:20jfTvbCUwJjOAhPkeIv61,spotify_id,
Album116819,spotify:album:7aYbr2I9ttf1AECsEF3Vfv,artist_title_year,
Album12644,spotify:album:1w68j0b4xpnz0PDRXraBG0,artist_title_year,
Album515872,spotify:album:0gNCmEbPNV1OJ6JIcExTB7,spotify_id,
Album6269116,spotify:album:7gsWAHLeT0w7es6FofOXk1,spotify_id,
Album2665585,spotify:album:5c7XChrHxYaqykCZLaGM5f,spotify_id,
Album48818,spotify:album:1hxG9oE767xQ4MLsEU5u58,spotify_id,
Album29355,spotify:album:1MrqY9fdmJFExV6cWhxgQ6,artist_title_year,
Album5654,spotify:album:39iD8VFWbnFbidWzR3AEhv,spotify_id,
Album16935,spotify:album:5aLromUeRYqVHVX55ZfKjm,spotify_id,
Album381036,spotify:album:1HftQWyKWoGsrmG5lRkJDE,spotify_id,
Album8679,spotify:album:48kU5gP41TqZEw32Cwhsna,spotify_id,
Album30988,spotify:album:4jTPQq9PSlKMOm1yLx2ATN,spotify_id,
Album20115,spotify:album:0rhsS0MBfCmMcyHIj2J0n7,artist_title_year,
Album772221,spotify:album:5bJxnTCj3NQiq3cH0PZNEO,artist_title_year,
Album1315243,spotify:album:6So2DsXEyuwyLP5XJxkf9K,artist_title_year,
Album393538,spotify:album:0AvFF0HlQYvYKHaRURGZBs,artist_title_year,
Album6216,spotify:album:5WvkGu24ipDKjOFzlXsDIy,artist_title_year,
Album3026362,spotify:album:3jLrWEYpwKnptkzEXAyT66,spotify_id,
Album397016,spotify:album:0hSKsAfvBPfJupYNmzRfHt,spotify_id,
Album11315319,spotify:album:7oXStAXzdalS3lvlemLnIP,spotify_id,
Album132,spotify:album:7o14zVcXSRk7clV6QCEdOD,artist_title_year,
Album44333,spotify:album:7832JbG9mCtN2QBzwXOlPF,spotify_id,
Album13802,spotify:album:30b7gEVQNhrs74WkZl8Qo3,artist_title_year,
Album5942,spotify:album:7ycOIZnRNdpnAEaHXZwah4,spotify_id,
Album15064,spotify:album:2gihXo3xfCBgpiNl0q1JEa,spotify_id,
Album48115,spotify:album:4UG3kz6qoHtNI1glQ2wdon,spotify_id,
Album661816,spotify:album:4WGpRBfDu7OJ4Rimkzu9jp,spotify_id,
Album9051,spotify:album:5OEum65e1HMGX51Ifu51Wb,spotify_id,
Album5932,spotify:album:4jd6oC0It60c1J3GpXCv6M,artist_title_year,
Album8326,spotify:album:31q47gQszFt0CddSyMksgO,spotify_id,
Album126092,spotify:album:07gXWexIqgcoBg01fFgU8Y,spotify_id,
Album4859,spotify:album:5WndWfzGwCkHzAbQXVkg2V,spotify_id,
Album55831,spotify:album:2RgLZn9d5JPBTC4dinpLio,spotify_id,
Album41068,spotify:album:7JDyMVSNq5If3rOGSvqFsI,spotify_id,
Album6702,spotify:album:6yskFQZNlLYhkchAxELHi6,spotify_id,
Album801167,spotify:album:5iw08epzFaKtmX3y2vRVU6,artist_title_year,
Album10874,spotify:album:0jwbGEDOCydvlWUIhS6gGY,spotify_id,
Album4651,spotify:album:6X9k3hSsvQck2OfKYdBbXr,artist_title_year,
Album17902,spotify:album:7hOOJDRbH3we1P0iT2z1Hg,artist_title_year,
Album2281,spotify:album:1Wk2g7TV0adbUZ53ruvIdL,spotify_id,
Album6210,spotify:album:2yFbw2SIBZ7ExIBRVoFkJJ,spotify_id,
Album1019220,spotify:album:4TyyZazCkju7vwioaV1KyE,spotify_id,
Album33040,spotify:album:7AHbaRIYnilUwe981nZpmi,spotify_id,
Album7176,spotify:album:4mp2SC1Wq9jZJINGPAKv0V,spotify_id,
Album929689,spotify:album:0eCdPnQer5aVAl8pOil63X,spotify_id,
Album2829672,spotify:album:4hnqM0JK4CM1phwfq1Ldyz,spotify_id,
Album1034,spotify:album:01RJdKvXyz515O37itqMIJ,spotify_id,
Album12136,spotify:album:5BPCP7WSGBG4br2o4WRmd8,spotify_id,
Album808,spotify:album:7Jb0VtDTacuQdXM3pYyrbv,artist_title_year,
Album7975,spotify:album:1n6mujGDmusUYHfuFtZZvJ,spotify_id,
Album292409,spotify:album:2u9bxiMQ6aVC3cBQLVIFg4,artist_title_year,
Album901577,spotify:album:0pTcS1HbU01CSjEkjzCMeS,spotify_id,
Album16879,spotify:album:2rIdWbXPjcq8K7BCccBhhC,spotify_id,
Album10878,spotify:album:7n4YQAF0Ii8Fnncst4RKew,spotify_id,
Album308550,spotify:album:6NTrwu1XJ56jBPx7HMksbZ,spotify_id,
Album55442,spotify:album:3X3xy01oWmdpRSJIttm4NT,artist_title_year,
Album18447,spotify:album:61dByu8oBt4qdym9Rkz39w,spotify_id,
Album4012,spotify:album:277GP8d3KlBSQwMZJza6pe,spotify_id,
Album5268,spotify:album:3myPwaMYjdwhtq0nFgeG6W,artist_title_year,
Album313188,spotify:album:1suB0DNwLFtJijqR7Z0w0j,spotify_id,
Album140655,spotify:album:6eOuqhCfrTPp1H0YbQ9PmL,manual,
Album5053,spotify:album:43s2fKRQsOSB6rSrxtAXKK,spotify_id,
Album7048527,spotify:album:3KpYyDP8q8sUBxatHaYEsP,artist_title_year,
Album9777,spotify:album:6w4KA1m28Te8T2hnNAig1E,spotify_id,
Album14339,spotify:album:2ivNJLSx8Rbvnsvcn01Yt3,artist_title_year,
Album2574,spotify:album:47arM25GJraK9aWEk4A1Ve,artist_title_year,
Album7820,spotify:album:3o0mPpetAFCOIFkUaw1egl,spotify_id,
sp:4LWewX01YWWghyjOWbuFXr,spotify:album:4LWewX01YWWghyjOWbuFXr,none,
Album2068942,spotify:album:5Ch0G9W3mXU2tIiOBrMOwR,manual,
Album12819,spotify:album:1dtdWVUHSEOYR6TMEPAjzd,spotify_id,
Album1716,spotify:album:56YzQ0dhmRMDryZsrjdHun,spotify_id,
Album38636,spotify:album:7cuQrfE3R8cX53zLoGF6Ma,spotify_id,
Album11164,spotify:album:2jCjUgaDh9lVGju6u3cGvK,spotify_id,
Album2513343,spotify:album:7IjjokVGQCpjUt2B4wdaRW,spotify_id,
Album6647,spotify:album:2xyhltm9XWSQ5xok4C81BD,spotify_id,
Album269139,spotify:album:2UuvBxV56QWWj2uviGS0up,spotify_id,
Album218,spotify:album:08XFx1OZMZnRCh0JrKTIgT,artist_title_year,
Album10027,spotify:album:7eaQqVyq6xzAVgsxSzSP83,spotify_id,
Album46453,spotify:album:4slScQYRVQAdu1QdeP34T4,spotify_id,
Album59048,spotify:album:5jnSwoLoxS9AL16nQjFwMg,manual,
Album578,spotify:album:4RLIesiAVONV4fOUlOSmr4,artist_title_year,
Album14706,spotify:album:3AGtMJ4ScmH500cQwIvIlB,spotify_id,
Album8778911,spotify:album:4GHc9W3Uscx49TDa2ssFd1,artist_title_year,
Album18586,spotify:album:49cBF5iGpJ7nx6EAR8BLga,spotify_id,
sp:5xeMctXQWNmMq4aAjwuR3e,spotify:album:5xeMctXQWNmMq4aAjwuR3e,none,
Album10494,spotify:album:5HCi1WVOT9SGks2deeceFu,spotify_id,
sp:3vyMhFtK8R0cFoMfnBfztb,spotify:album:3vyMhFtK8R0cFoMfnBfztb,none,
Album766532,spotify:album:6cHPEbPryLpH5VX5Eb1Vvo,spotify_id,
Album3832,spotify:album:7hgWmH16eu70yqrg5Pc3SM,spotify_id,
Album3322739,spotify:album:7D0rCfJjFj9x0bdgRKtvzb,artist_title_year,
Album3905558,spotify:album:6B5favhKTShFTjRLsKIUfa,artist_title_year,
Album18246,spotify:album:27Rl7A8jXEQOkIfUKOa6ZU,spotify_id,
Album3830,spotify:album:3BDZvMYxZ6E8IuSQL2ew6Z,spotify_id,
Album77815,spotify:album:6rQL5co6IZLuTGxD5qsBmx,spotify_id,
Album8143331,spotify:album:6Hqlkslcjv6uVAzIs5CDdu,artist_title_year,
Album118334,spotify:album:2tnEnEuUcZBHelD0tkWZ0N,spotify_id,
Album68172,spotify:album:4py18RCLZnP3Bdn0oVIC67,spotify_id,
Album705,spotify:album:1IMbtEVdtaFz0PPiq4brLZ,spotify_id,
Album37287,spotify:album:30GshgppFRvO0G5RNbleZn,artist_title_year,
Album100873,spotify:album:6uAkgTCAvYNrGJrG6SaZV3,spotify_id,
Album189,spotify:album:3FVsJiQMI7dp0RfTBdWtMW,spotify_id,
Album9049,spotify:album:0v6FGuCgvRotTNL1KoX297,spotify_id,
Album4235,spotify:album:6qS0pSqK662v2SqooTNDeK,artist_title_year,
sp:4E3ouPyBZAxYbje4uEEeoX,spotify:album:4E3ouPyBZAxYbje4uEEeoX,none,
Album9553,spotify:album:3wRBlpk5PRoixwOnLujTal,spotify_id,
Album14024,spotify:album:2TtmZyFBqydHgAk6r8mbbM,artist_title_year,
Album3572,spotify:album:57elsC8jWIydd3qGLf5w8C,artist_title_year,
Album4114,spotify:album:2QVt9UZEloRJgYqE70ACPs,spotify_id,
Album23048,spotify:album:1NdKZrDhts3ADPdfycdnLO,spotify_id,
Album13549,spotify:album:7Kv0H0XMdIyRs41a6USzrd,artist_title_year,
Album8429,spotify:album:6qPIn2oZYFyJa2ORv9rAyh,spotify_id,
Album83323,spotify:album:4KYcffwC5HgjJLdpQU9SjC,spotify_id,
Album46318,spotify:album:3qFhhUSLJxUKrRIbmcDo11,spotify_id,
Album14630,spotify:album:2Us9qPHLvLoTl6HkYAPcz2,artist_title_year,
Album4199,spotify:album:4EQcPArSq6dm0k4QWzpLBF,spotify_id,
Album17646,spotify:album:0Fx1VWICKcxrZqHJp2l8Jw,spotify_id,
Album190011,spotify:album:6hua9ZQR2mDYOJ6pXUnTHV,spotify_id,
Album8128922,spotify:album:5iZ09NPBTbpDziZcMrmjzb,spotify_id,
Album8800,spotify:album:4iyCxURICjYcIERJt85C5W,artist_title_year,
Album27054,spotify:album:4vArLMJQy7aoUgP0D1d2X0,manual,
sp:3Lf8VA23cMAl5imbABTZoo,spotify:album:3Lf8VA23cMAl5imbABTZoo,none,
Album10754,spotify:album:1My9AZY0XBwVwwy1DDVSQS,artist_title_year,
Album91173,spotify:album:0ROzOHhkPnjLnHFLJ49Xco,spotify_id,
Album972667,spotify:album:3U9TW9thOm1cyLBD0NEy3s,spotify_id,
Album1115,spotify:album:5Bf5U1Zw9gsJh6bWaM2VY2,spotify_id,
Album3389,spotify:album:18i33u5FvfvgHjZMulpyO2,spotify_id,
Album5445,spotify:album:5gvlpKnnINq8Z1YICdtiBt,spotify_id,
Album22066,spotify:album:6qNSRB2vuBo8Jh3BXMDEVV,artist_title_year,
Album999417,spotify:album:0eBI0K4a1gou6xKYZmSsIy,manual,
Album23915,spotify:album:3CVie3TkZ0VHgT6mlwy7cp,spotify_id,
Album1848760,spotify:album:5O9OXl9zAWMJTzawofxuan,spotify_id,
Album4145,spotify:album:5nyyw7ThJdClJ0jPisOta3,artist_title_year,
Album8078,spotify:album:78UazygH85UAB0qXqQpzg6,artist_title_year,
Album70433,spotify:album:3AI6JVwjqf28nGbLaIEXVC,artist_title_year,
Album17350,spotify:album:5VTlqV8lZH3YspQ1cDcjrL,spotify_id,
Album10506478,spotify:album:3S9i5aqYCEyGxBHYR6A9vs,artist_title_year,
Album134,spotify:album:5B4PYA7wNN4WdEXdIJu58a,spotify_id,
Album1550515,spotify:album:21k7KOzml8aOToa1d3r5Gm,artist_title_year,
Album23674,spotify:album:3wQBTYntPpMX3oiBcuh17C,spotify_id,
Album3888174,spotify:album:02PXepuNHYKvGnXYy03oCp,artist_title_year,
Album83,spotify:album:5OSsPdLhUCoI5g5ASRxLwr,spotify_id,
Album624,spotify:album:3HZKOk1knxrUU3y5ZIOdbz,spotify_id,
Album6542513,spotify:album:1NLyYmTHutPAMtt2deYmEL,artist_title_year,
Album923022,spotify:album:0Ojio25IPzIrw1rUmgrhrG,artist_title_year,
Album7226281,spotify:album:4imRDpzmb4zwvxKhNzJhxr,artist_title_year,
Album143533,spotify:album:4g7WTSk1vwtx8rf330Wd7L,spotify_id,
Album8557,spotify:album:6D0GHvzeVNRld4a8wZzf4a,spotify_id,
Album372,spotify:album:4qC8mysA680i7chkL3JQQw,artist_title_year,
Album2082,spotify:album:2VQKZAvtL5epxdEOuLVP6t,spotify_id,
Album3408861,spotify:album:4Z1BFX1oBckY8bhGEWMYmi,spotify_id,
Album626992,spotify:album:1U5x6wQtMJtbwM3NZRSvKT,spotify_id,
Album3391,spotify:album:3nUNxSh2szhmN7iifAKv5i,spotify_id,
Album1473,spotify:album:257oomaawruFknt5wYCPDh,spotify_id,
Album4907,spotify:album:4YSycbGhpYOCpumCTtJTj9,spotify_id,
Album8482,spotify:album:3cADvHRdKniF9ELCn1zbGH,spotify_id,
Album1326092,spotify:album:60SlBjabfs9HCkS5ihYroM,manual,
Album9976,spotify:album:7KVNoVZpOweG1AknmtKk2m,artist_title_year,
Album27342,spotify:album:6NmykD5FJftiDWqjWlwKfr,spotify_id,
Album55072,spotify:album:4WEu5ZKJLZ9bOEav4ELwpd,spotify_id,
Album171200,spotify:album:4HcPzKyKVtcZCwJgesoZWn,spotify_id,
Album2110834,spotify:album:4rgYbbaJOr9fv0MdEcIkIY,spotify_id,
Album2661,spotify:album:3G36754KQVLyGuskraEAVA,spotify_id,
Album4648303,spotify:album:3GzIvKYXNOBViT8TveArjx,artist_title_year,
Album13991,spotify:album:5LPgloXNv33FU3zCgby6fU,spotify_id,
Album11217,spotify:album:5GpFYuCsdi3wg0CqmxPbcs,artist_title_year,
Album5894,spotify:album:6AmnVWOxXYucWxgidEgwhy,artist_title_year,
Album6440,spotify:album:6Cf545T4jkaiyvMnTRPOB2,spotify_id,
Album47974,spotify:album:5Gz9I4C6s443w18SrFc8xE,spotify_id,
Album53587,spotify:album:4XqqjSmhI0EtSztxCfNjXq,spotify_id,
Album344980,spotify:album:1TbuwdZdsSuvfrL6YKozgU,spotify_id,
Album64448,spotify:album:1CwWqZ21WMLbOLPd9QsTCW,manual,
Album2700,spotify:album:5iVEe1GHMtvUHwwqArThFa,artist_title_year,
Album7673858,spotify:album:18doqXfbCTpyz1PeO3d4eB,artist_title_year,
Album1730,spotify:album:1Sur33x6g7tvdd9GQnHhhu,spotify_id,
Album6579129,spotify:album:3RPPvrvv7BeY7Qz9azlYhL,spotify_id,
Album507117,spotify:album:3QyDvbBVILY0chchx8aLtC,artist_title_year,
Album88584,spotify:album:0QWI6wd3QBiQscVpBu6kUE,spotify_id,
Album15189,spotify:album:329GMS2ylgBXJUXx26vyae,artist_title_year,
Album5159,spotify:album:2UqJjz5eMYRzbbKToD3Peh,spotify_id,
Album201,spotify:album:2GuROKcqyHdpIDcgxml1C7,artist_title_year,
Album702978,spotify:album:7q18n1Pnq7mx6satptDoJ3,spotify_id,
Album188956,spotify:album:1yKeYcIaLLoRrMu9uxZooU,spotify_id,
Album3074508,spotify:album:4kRMCapj9nEyBWnM0kc9OX,artist_title_year,
Album5543,spotify:album:6gKMWnGptVs6yT2MgCxw29,spotify_id,
Album7300,spotify:album:0aFNb4RDk2hmKKLa0bzXNz,spotify_id,
Album25138,spotify:album:3LaJRyMUuXKayYL9nhDWxr,artist_title_year,
Album3781,spotify:album:4PqSk2iBHnsYQK0ecXjS9k,spotify_id,
Album2959,spotify:album:70V1kL7w7Q9pDU4I6zDjYE,spotify_id,
Album14719,spotify:album:4NpepcKo9rQ8nkdCB6iWMP,spotify_id,
Album42035,spotify:album:4FmI0F5GvvR1M9RURWnJV9,spotify_id,
Album4596,spotify:album:7huPJTTsWVt854oZkr88mf,spotify_id,
Album22349,spotify:album:1lDtUlOPGKp56gQ24MvmNG,spotify_id,
Album24832,spotify:album:1n1trPeeY9Q5H4eLbbHHRg,spotify_id,
Album12517,spotify:album:1GVXkLXndn3JMWi9bftSZF,manual,
Album418698,spotify:album:67F6hVa1GWOqQrLCE5sFWR,manual,
Album79378,spotify:album:4pbhTL7d5fiQPQiGar4jjD,spotify_id,
Album32748,spotify:album:7a4l81UqmFYs13351IyOSc,artist_title_year,
Album4113,spotify:album:5HT0xp5AqEzzAzzjj9gPZN,spotify_id,
Album17376,spotify:album:22HoIP0ai6Wikh4R8yM0AX,spotify_id,
Album244940,spotify:album:7mUy29OoRRIqmm3XsBrdoV,spotify_id,
Album17707,spotify:album:0W6hOSkA2g1BAXvwHUw7ds,spotify_id,
Album502,spotify:album:2MWY97TqaAQBpYiBoF4iMy,spotify_id,
Album101582,spotify:album:1EAf2zRt0pqj49lUNLssat,spotify_id,
Album10551,spotify:album:5I3aoewqDpP4TglIl9O7su,spotify_id,
Album844,spotify:album:3MANoCcmaHWeXSuWiO3iVo,artist_title_year,
Album2448,spotify:album:2ZytN2cY4Zjrr9ukb2rqTP,spotify_id,
Album6243,spotify:album:6U7n6P3F4865UVPuOAXxW3,spotify_id,
Album418552,spotify:album:6Kw2JUWZcVEQPIkiTg9y8j,spotify_id,
Album39642,spotify:album:4XmKdBEndE6UnnbrSUN5Dk,spotify_id,
Album7584,spotify:album:7cAcex6xw4fP67ltgn1gm3,spotify_id,
Album13507,spotify:album:4pUsMoa4fayB4dCGpNrVLc,artist_title_year,
Album513457,spotify:album:2aoSpTAjFaMvaZeruqnCVv,spotify_id,
Album448113,spotify:album:0L7mC9kTa31p3cEaFwHIgD,spotify_id,
Album733,spotify:album:0hBWhJEmVyNPG2Jq71CJXz,spotify_id,
Album123829,spotify:album:2Bh6i5w5LISy0tNiIPm8cL,spotify_id,
Album171609,spotify:album:7y2gHGuQhJmesRiNO8d8fK,manual,
Album3957,spotify:album:7K5jvjbQB05gnFxsgwPvmt,spotify_id,
Album2088,spotify:album:6iVSpex7UohpwPOYZEYmvm,spotify_id,
Album8325,spotify:album:0i9mOB6mPGqwVvtJEXiwPG,spotify_id,
Album20659,spotify:album:5nrZejD99ZmAXrmrouIJcU,spotify_id,
Album9616308,spotify:album:6frjpRu2P0fdF9xSS9stjY,spotify_id,
Album5384784,spotify:album:6fpayMNlNikn4c95Y7buYe,spotify_id,
Album5113727,spotify:album:6WBUyDe1Xy8QRwF6wzhJsY,artist_title_year,
Album4479921,spotify:album:5T5NM01392dvvd4EhGrCnj,artist_title_year,
Album46381,spotify:album:3iQbg29TjGXGuOihNrb0P1,artist_title_year,
Album63969,spotify:album:2m0W0n7zBYmRNs1QAgoa6Z,spotify_id,
Album14046303,spotify:album:6oG9NsYamnKxzA3HiFodlk,spotify_id,
Album10610710,spotify:album:3DMR3yM5crnt1dG9lLaMTZ,spotify_id,
Album7299302,spotify:album:30FjZ3FGnMz4ita5zhqgkl,spotify_id,
Album5877,spotify:album:1ixuwlmJ9AOYGZCc2WrLwo,artist_title_year,
Album8204,spotify:album:4b7oroZfX3w5vaRaotvr6p,spotify_id,
Album7537,spotify:album:26B8ymdqbI7cBSGclGRy9w,spotify_id,
Album9492,spotify:album:4SYX9o2QjqVfbneBX4XZvh,spotify_id,
Album1033,spotify:album:5eqcF7pWzHgWpGdEmHgeSN,artist_title_year,
Album14076,spotify:album:7wXj8GxTkGAUU99DXR7n2f,spotify_id,
Album3016,spotify:album:6DPdEaZ0KDBCCgXyy4q8bi,artist_title_year,
Album15875,spotify:album:5y8FM8jR8VZZnn5JqYNB8X,spotify_id,
Album178962,spotify:album:4f0Yjw7TR3BEdIsmZDg0K7,manual,
Album20824,spotify:album:3DkYd4sSQypuGcrsw2sU5K,spotify_id,
Album20419,spotify:album:4QviryaneolcRmDB57SLco,spotify_id,
Album48531,spotify:album:0OI4ecYmvVp2LHrLQJG8id,artist_title_year,
Album100705,spotify:album:0y03RPLmnnQkDJFNGyZj1X,spotify_id,
sp:7aKzrHCJ0Y5Mdb44uMDakg,spotify:album:7aKzrHCJ0Y5Mdb44uMDakg,none,
Album1073,spotify:album:0vNBQof86Lv5gLuf26ML7o,spotify_id,
Album1118,spotify:album:5iYYQwB0oH9FVyVlaOXZdr,spotify_id,
Album204491,spotify:album:73ctstwnbNifu5U902X2zL,artist_title_year,
Album3088389,spotify:album:0IacUrFK1BuOr0MrhTGKQN,spotify_id,
Album2728,spotify:album:07CZepJZT17AllXPFRvogL,artist_title_year,
Album9478906,spotify:album:6GLzesZC4hS9yepfC2C1Xq,spotify_id,
Album128340,spotify:album:5Oexc1Cjj087aWcPSTrHOq,spotify_id,
Album703563,spotify:album:1F5GeGrkJ2MkseVNykklkB,manual,
Album27314,spotify:album:2BlL4Gv2DLPu8p58Wcmlm9,spotify_id,
Album92347,spotify:album:59OB25QMZLjQCQ2LEs4npB,spotify_id,
Album68370,spotify:album:6CLfdbHRTurNGcKjPxAnXf,artist_title_year,
Album3608,spotify:album:3N6VPyK0YsRTccqoRQjkVx,spotify_id,
Album982762,spotify:album:6lxRA8Rl9a9XoZDCVWBzBY,spotify_id,
Album17040,spotify:album:2jOgajtpXNsinBpwg2dUjH,artist_title_year,
Album4870,spotify:album:1BHwJqnHhuIryphXMZ0PMQ,spotify_id,
Album63030,spotify:album:3JetnGaI0LSpY0HtoM2Ci5,artist_title_year,
Album6232368,spotify:album:4PWBTB6NYSKQwfo79I3prg,spotify_id,
Album211593,spotify:album:6L0j61jDPGMliS3NrxVgiE,artist_title_year,
Album16968,spotify:album:46VoobaZCtFPReElOHFEqq,spotify_id,
Album632,spotify:album:5fxvWHvIDPIALfTfRiwyB0,spotify_id,
Album4151,spotify:album:7mHVfSXtdzvPk7TkdhoekE,spotify_id,
Album12509,spotify:album:65Kd49ZxFPxeO71Ic2diNi,artist_title_year,
Album7216,spotify:album:6vdFSyhPjL4dZFkgRtToXH,artist_title_year,
Album3135,spotify:album:4MYtX4Kta7FL4NVUE0FYws,spotify_id,
Album4002,spotify:album:4a4g7PAi7KRsCQykBFqE5E,spotify_id,
Album15944,spotify:album:314RKua1JQwMfZOKD3pUXV,spotify_id,
Album26985,spotify:album:4lZ0JM0RUD4jddNbD63O7b,spotify_id,
Album807633,spotify:album:2pwNkShhY1uip80rLMHUgX,artist_title_year,
Album12832,spotify:album:2uvUSH4JfqHqp4Ex5Cg5xB,artist_title_year,
Album3731166,spotify:album:41wMzVJfB1MjjTyX6iWBUF,artist_title_year,
Album9275699,spotify:album:07bIdDDe3I3hhWpxU6tuBp,spotify_id,
Album6193,spotify:album:4ip7L3AtG2pLgZLhAON3va,spotify_id,
Album5547,spotify:album:1vJ8rCzq6BJtKGz9Yf6oT3,artist_title_year,
Album6043,spotify:album:200p7O3raeXT2jNhmzK4TE,artist_title_year,
Album2548617,spotify:album:51AxfjN2gEt5qeJqPY5w0e,artist_title_year,
Album3208874,spotify:album:6Iu8toVsvCc3I4INxYiVIy,spotify_id,
Album156,spotify:album:6SI4L8ARoPuOCGcnBrnIkn,artist_title_year,
Album15348,spotify:album:1acUvzAzRSfBc1iVeUPsDA,artist_title_year,
Album12503,spotify:album:2FJaS5kootX9CkS4DxL2eW,spotify_id,
Album6036,spotify:album:34v3S47RZaaG3Sg1Y6Ma9Y,artist_title_year,
Album18845,spotify:album:4V5G0bOjOc6zNyit1VKLyR,artist_title_year,
Album8687117,spotify:album:5oEzjkSYSfC0ITRiqK6m8l,manual,
Album32123,spotify:album:2TnJPCSX9i2etg8jbaMcbl,spotify_id,
Album226174,spotify:album:1eA4WMFDDMX791aoy02XPf,spotify_id,
Album5936,spotify:album:7k90isZkgNWclg0pFco7eb,artist_title_year,
Album2483583,spotify:album:30juFhWr8RPtDT75soYnJb,spotify_id,
Album4856604,spotify:album:78livMFiP8Jlf4z3s7Q4YW,spotify_id,
Album322,spotify:album:6HhpmJekzDCRu2K64ZbWqw,spotify_id,
Album40344,spotify:album:7zIqyMrapcp7QWM12NkjaD,artist_title_year,
sp:4l0xO28Y37MBBXQEcBIbXQ,spotify:album:4l0xO28Y37MBBXQEcBIbXQ,none,
Album5923,spotify:album:0qikCznnzu8NIzTP5YGFt0,artist_title_year,
Album3743186,spotify:album:25r7pEf31viAbsoVHC6bQ4,spotify_id,
Album27532,spotify:album:0clYdg3otRDpGQZOvHv8k6,spotify_id,
Album3651,spotify:album:6qfS5de8GAy1G5tk7tyiof,spotify_id,
Album5722,spotify:album:6MK9yp7hFeOLeR7F1hsBp6,artist_title_year,
Album714,spotify:album:1SNgA0ZEtKk6dso6ctLJl5,artist_title_year,
Album17248,spotify:album:7t3cNyHUPwJNIchIg6xVU8,spotify_id,
Album788,spotify:album:5mS41JPoY0tdNDOKXC3a20,spotify_id,
Album12857631,spotify:album:7AsC27VDa3yOksZrfBSD6D,spotify_id,
Album3133,spotify:album:5NKTuBLCYhN0OwqFiGdXd1,spotify_id,
Album10058,spotify:album:6qVAb9ztYQKOuwb4Kt5BSH,artist_title_year,
Album18544,spotify:album:66AIKchn1wvJUpZB6nIOmn,artist_title_year,
Album17324,spotify:album:4RYi9J4AH4EyPd6rKAROl3,spotify_id,
Album813080,spotify:album:38d7C2XIoUX0v5cU0HuSSW,artist_title_year,
Album1745,spotify:album:4iaDgkP0M6ahEHrBynAFei,spotify_id,
Album770,spotify:album:5gWF47eGSbv4BOfxoFcQtd,spotify_id,
Album130483,spotify:album:0cJ39KJ52lQ2tnZUyy299i,spotify_id,
Album3652132,spotify:album:6sSNM2yGp1jPKUEwhPldmm,spotify_id,
Album63837,spotify:album:3xcRYjcnIjilNrlni7xsdY,artist_title_year,
Album10598987,spotify:album:1U0A6RPNJB05PtuBcaTM7o,spotify_id,
Album7441509,spotify:album:34xaLN7rDecGEK5UGIVbeJ,spotify_id,
Album685,spotify:album:66Y8VrfvHnwJSk2ahGOr32,artist_title_year,
Album11810,spotify:album:67GJo4ajqUWHsuY0f4aQz2,manual,
Album5631,spotify:album:5Q6eKTQNsOyu0fCpAFxuHR,artist_title_year,
Album5314,spotify:album:5lL8N073N1d9ENpzM9Wtj5,artist_title_year,
Album3368570,spotify:album:0kNc7P4kmG5ZQbCvI44R9B,spotify_id,
Album7709725,spotify:album:2uuFLUwbjRiiQ89t4mgC0d,artist_title_year,
Album28550,spotify:album:0DUYAw29meoZyNTJIbXKkf,artist_title_year,
Album12504,spotify:album:7xEluvnbmFtRB5g66CJ2ND,spotify_id,
Album40103,spotify:album:6dfMQNvVXj6Z8oM9kOrXj6,spotify_id,
Album12692,spotify:album:3dl4rU3ZBtiquwHEenf4qt,artist_title_year,
Album25449,spotify:album:5KGfoKn51bVXAauPmV47K3,spotify_id,
Album8363,spotify:album:38MklVAM0DEnMCLucNckDD,spotify_id,
Album155740,spotify:album:4Gkvfrv2hZlF1ILyiqVe9j,manual,
Album8096418,spotify:album:4XgGOMRY7H4hl6OQi5wb2Z,manual,
Album79428,spotify:album:2frSEIQat4tSS4nCcrW0Hy,manual,
Album26374,spotify:album:2t97V5uDRA1dRxsJeOSXa9,spotify_id,
Album30957,spotify:album:6X4w3XifxQVXdKDgwgD7Wk,artist_title_year,
Album355297,spotify:album:21LZ1OSKbxSU5I7QBUalW8,artist_title_year,
Album12687179,spotify:album:3ShtO5VCYa3ctlR5uzLWBa,spotify_id,
Album6743,spotify:album:2Bvfgs4klhQn2okX3cH9cU,spotify_id,
Album11181034,spotify:album:1CTm3ARqDETSm7GfvNYNJp,spotify_id,
Album2618854,spotify:album:0izhrQQ2IKmo3k02mN91zA,spotify_id,
Album1209,spotify:album:5WupqgR68HfuHt3BMJtgun,spotify_id,
Album23995,spotify:album:3OyBf97NOuJjhEpQHY920H,spotify_id,
Album7383,spotify:album:4eEQ3aNA8mptFIfbFdX79p,artist_title_year,
Album335147,spotify:album:4dwbtlDuvBl9i5e7Ww6cpp,spotify_id,
Album47973,spotify:album:2AgTKAULjbHpqqtyI53hdp,spotify_id,
Album5605,spotify:album:3iE6Jik24CBE0uv1lyyplI,spotify_id,
Album922998,spotify:album:3bzgbgiytguTDnwzflAZr2,spotify_id,
Album176698,spotify:album:3IGAkpd5fSALj6Z7O63D6G,spotify_id,
Album792,spotify:album:6yMnhRRK31G3aYzFujP2Ug,artist_title_year,
Album12090,spotify:album:1qIXNs2KIv1DfO01lwoUfz,spotify_id,
Album2306365,spotify:album:6uQ7Rpw5xMl4qI8WK6fHD6,spotify_id,
Album7811,spotify:album:6SNMenG3NjZyqgI5p4Hcmg,artist_title_year,
Album20509,spotify:album:0Su23YyUD0OyafVwOP22HP,spotify_id,
Album341156,spotify:album:2mCvtea2fbrtU10GMsHbAM,manual,
Album723260,spotify:album:64TDaAbxgO0TmKZrIavdLg,artist_title_year,
Album3017,spotify:album:1maoQPAmw44bbkNOxKlwsx,spotify_id,
Album11938310,spotify:album:0b1q9se93BEqBl3kiltn33,spotify_id,
Album146,spotify:album:6WgGWYw6XXQyLTsWt7tXky,artist_title_year,
Album7963,spotify:album:1Km58i317Pm5bQR3wPHKcO,artist_title_year,
Album9489,spotify:album:3tF3mFPSGK4THpGA8YPKQh,artist_title_year,
Album1692,spotify:album:5JpkwEcDxy92C3e9vSJTVX,artist_title_year,
Album7664,spotify:album:0abggihGZTIzf1GfHhrjwE,spotify_id,
Album17030,spotify:album:1hryVGXoRLV9WAhO97xEDJ,spotify_id,
Album109517,spotify:album:2TMc46R6ElDUhY7EZc5ePo,spotify_id,
Album1060497,spotify:album:7EJ0OT5ZqybXxcYRa6mccM,artist_title_year,
Album17256,spotify:album:6QSnitPoyu8x79z1VxtrmV,spotify_id,
Album5630,spotify:album:7ny9OWZ336Y4gGSSgHlkFB,artist_title_year,
Album20846,spotify:album:1G3jdGqZNUrC8ZDesZB8xp,spotify_id,
Album13549032,spotify:album:1QuhMsle5A9j1GbClRb1mR,spotify_id,
Album3225,spotify:album:2jnV6ytZOmt71iEC5xHEYz,spotify_id,
Album8683644,spotify:album:6J6hcDzG79Uh0xob2e5J29,spotify_id,
Album8602,spotify:album:7Brj8kqhEO9Zg4daamMieT,spotify_id,
Album34296,spotify:album:56UAK81XOvDgAcTsI0Olpk,spotify_id,
Album11579,spotify:album:65KQFqWUDiwmVc9BjchWZy,spotify_id,
Album20249,spotify:album:6oN7rDjXg03uGblQzuk52p,manual,
Album49471,spotify:album:4RflOKVvzEFCxDlHlT0ZFJ,spotify_id,
Album25820,spotify:album:6VwDnT2q9r7HbxNsyGr0r8,spotify_id,
Album31658,spotify:album:7uM4P4rzvbr0Z08DZUYYbX,spotify_id,
Album58200,spotify:album:66JVhIeC91S1L6hNVIBMzJ,spotify_id,
Album24752,spotify:album:0XKw8i6Hlz6oV9moQcjjR5,artist_title_year,
Album8216,spotify:album:2wrHaulTgqqkVKx0k7Kq4r,spotify_id,
Album23037,spotify:album:78Y2OaDAdvEqs3TRdCRdZc,spotify_id,
Album20814,spotify:album:1WEi45sOKRTSC1UkQWN74b,spotify_id,
Album739618,spotify:album:0jcDk8bLwQzMSKzAxdfNQA,manual,
Album1596,spotify:album:05tJhGl52X4zGe0ySlcBk6,spotify_id,
Album2648,spotify:album:0OHDiDMyxzWJfwtoeHNCf4,spotify_id,
Album10404,spotify:album:7buEUXT132AA4FPswvh9tV,spotify_id,
Album2501,spotify:album:505zw4fKgpk8HXqyw3BMFq,spotify_id,
Album696226,spotify:album:2EKn6vs5MXWjMubeBhqgKG,spotify_id,
Album155335,spotify:album:2YNA5fGD8cE3HqNBCfYzTL,spotify_id,
Album356528,spotify:album:3sXkygk2kpWlNAA2neCvW0,spotify_id,
Album10596352,spotify:album:5ilsl5R2lGACTnPZMKIp7o,spotify_id,
Album2565,spotify:album:6D9I7GZsqc3pwDg3DFrtjs,artist_title_year,
Album10501,spotify:album:0i3c1sR3poI6S2VIH2VP7Q,spotify_id,
Album53205,spotify:album:6edM5SIgWBo8EdbiWQwIUs,manual,
Album2332259,spotify:album:2dIGnmEIy1WZIcZCFSj6i8,spotify_id,
Album7381150,spotify:album:31KbO7WnDp2AjPdmRTJzdf,spotify_id,
Album174551,spotify:album:30iqYID1JMBXLVFfErwTSd,spotify_id,
Album164379,spotify:album:4OrbNhWLOrWi6lb40T0IHM,spotify_id,
Album25566,spotify:album:3Ot8usQajsFawIAsULDrqj,spotify_id,
Album51298,spotify:album:58gOQaPc4RCw8eWdTDRes7,artist_title_year,
Album475452,spotify:album:4XuhX3i8s1Pdbw8sIwBrpS,manual,
Album832036,spotify:album:1irEprDdDX9GqDP2ryptuH,manual,
Album85859,spotify:album:1E9VxgayKOFUQz8pQTrxpl,spotify_id,
Album8317378,spotify:album:6nnO5r6I1JtSZ8eTwwIiIF,artist_title_year,
Album210,spotify:album:0SJIg249cRWdGWEcqXsYyW,spotify_id,
Album40099,spotify:album:6tMKH6ambdK5dZEa8dbB8v,spotify_id,
Album14773,spotify:album:0lYz13Pd1IYa7kZVoTUlN4,spotify_id,
Album814723,spotify:album:5azlIV7AOJEkcNP37LMT8K,artist_title_year,
Album8448172,spotify:album:4cwlWUSFUUFPFYKYLbPIQL,spotify_id,
Album9836,spotify:album:2Un5MRMFYfZF7UuDOfTaxi,spotify_id,
Album13233,spotify:album:5wB9b1rWBGD6Zz8rLYeUUq,spotify_id,
Album8344759,spotify:album:5c2AzoNyr46fCQM5d8mxE0,manual,
Album413190,spotify:album:4tPRXghD4ago6NYyyfrtES,spotify_id,
Album595791,spotify:album:0JSOfVzxVTpyvxzXggc8rG,spotify_id,
Album7970,spotify:album:0bniAqzf6QOrfVoLlxjzpV,spotify_id,
Album9405,spotify:album:46AY6JPcDEFWYF8YcYOQWh,artist_title_year,
Album36597,spotify:album:1SoCkcSUU1BRBYg972wqf9,spotify_id,
Album8155,spotify:album:55HZ2ectg1mMTEKDqIq3kC,spotify_id,
Album2748172,spotify:album:7MvSB0JTdtl1pSwZcgvYQX,spotify_id,
Album109538,spotify:album:0NJRPgK15C8qoLuQv1hChv,artist_title_year,
Album10196274,spotify:album:35S1JCj5paIfElT2GODl6x,spotify_id,
Album11232,spotify:album:4VUawqEDCHHfrUe77ScQ2K,artist_title_year,
Album85556,spotify:album:5ZVLLME05cmciSZz4IGcZu,spotify_id,
Album13568,spotify:album:212dPqMsC12VPUw5ZmkYQX,spotify_id,
Album8256,spotify:album:5IIB3xh53eRBpkkktSFQbc,artist_title_year,
Album5047,spotify:album:0QD0LEYQDkrJrtVcuRBcVp,artist_title_year,
Album7776162,spotify:album:2NYnAb4TkXGHrY8wZ9uZwT,spotify_id,
Album5935,spotify:album:2kXVFPs4QdO1fIu6zzBzvI,spotify_id,
Album7119,spotify:album:0mYPpvDOlAxY4LJfoccz8m,spotify_id,
Album59908,spotify:album:1aAbGnBpBOAqHK43rYfvl5,spotify_id,
Album8912509,spotify:album:51WLEfPEEkzAWurvuY6Gco,spotify_id,
Album215118,spotify:album:2oQE67Gnc1GoMqoumvjPwN,artist_title_year,
Album660809,spotify:album:7cTbjqfofNfUq5eIlicTXk,artist_title_year,
Album7753946,spotify:album:6idVoBWP2mt1qoMtASm3gc,spotify_id,
Album303641,spotify:album:4JUeIQNZcVT2BVEiGhqa0b,artist_title_year,
Album360,spotify:album:5ofQcOqaopFUp7VO5UYzpI,spotify_id,
Album68050,spotify:album:2BwbUYJeuUsv6LUA6GZHB4,spotify_id,
Album109149,spotify:album:3zS6xt3RDDh03ZO9YD33fC,spotify_id,
Album17502,spotify:album:41ChfK845pZOI6znRdGm5v,spotify_id,
Album806,spotify:album:5uYDAwW0SZgcfOFkxrST64,artist_title_year,
Album295,spotify:album:67F2ya9fonXH0jVVgLa7sb,spotify_id,
Album81645,spotify:album:531Pc0lZ2aJIHJfyO7q0Ny,spotify_id,
Album2668,spotify:album:4hkERQVrmM9JQ9g2eie2tL,spotify_id,
Album46454,spotify:album:5i6PUB2bxLnBoXWSfPmEvt,spotify_id,
Album5606,spotify:album:0abfpuzzbTUNxasNmX04RU,spotify_id,
Album55666,spotify:album:3soSRzbPLtJEstj20sQTnK,spotify_id,
Album480029,spotify:album:4QToCz0BIjEXfG12kz9O9O,spotify_id,
Album499,spotify:album:0ky5kdvfPxSmSpj03hpSAE,spotify_id,
Album27904,spotify:album:7GFYpb7GvKZZcPTze1uAp8,artist_title_year,
Album584566,spotify:album:4s2BMjOL7BCEVt0PmwwHvY,artist_title_year,
Album1286578,spotify:album:7LC78y1LcVDXHf86XacdFP,spotify_id,
Album14218,spotify:album:4h0bgUTeSQQ3zbwEikeEV7,spotify_id,
Album1975569,spotify:album:0KAv90fIQ79lDoUYJkzlL3,spotify_id,
Album2278,spotify:album:0Plh7fxBmx1Z2HrnVOoGkw,spotify_id,
Album5474,spotify:album:0cs4Eli5HS6BomzJ9yfrAw,spotify_id,
Album7756,spotify:album:1eXlwGtPpBs59cULO5gb4i,manual,
Album14785,spotify:album:0njsEE2XyDZFPXUWiMNrBl,spotify_id,
Album1098,spotify:album:5DM1qCdgGt2zbknnsVn1Ca,spotify_id,
Album782,spotify:album:0RBkIFbQy91qv8Tqja20og,spotify_id,
Album8508,spotify:album:6XtiIO1SuBl4Eli8LCYNAH,spotify_id,
Album3567,spotify:album:4HTVABUq8amDUxBv3zJbX4,spotify_id,
Album27685,spotify:album:647o8vl4OD1sjvvhql3jFS,spotify_id,
Album879,spotify:album:3icT9XGrBfhlV8BKK4WEGX,spotify_id,
Album2534,spotify:album:6ls958BLJbeFT3OqAYTvQB,spotify_id,
Album98741,spotify:album:3vE26bUrcsUI0MsvD0nZ2S,spotify_id,
Album146991,spotify:album:4UnilfHlPTjL2fEz1vEWlc,manual,
Album319,spotify:album:0BGTV9xi9NFdUjA3erGs1T,artist_title_year,
Album153,spotify:album:7i6xvTqziHnOBKLxstx9va,artist_title_year,
Album20820,spotify:album:1J7eevhe1aXP45NkpPgl7b,spotify_id,
Album10797,spotify:album:3xWp6y0HGsHZlXljNs7VRy,spotify_id,
Album87393,spotify:album:2XOwIbRcNFIBFvGEHDSBQk,spotify_id,
Album408901,spotify:album:3Jyy0CkiG9OkGDxQQGhMgy,spotify_id,
Album4115,spotify:album:2ptBwIHjXVgM4al3YWTdlb,spotify_id,
Album1076,spotify:album:2EqmYUomXLsQ1ookAbbtjw,artist_title_year,
Album35751,spotify:album:0qbld4MsN4rUa4uyEm1juQ,spotify_id,
Album49366,spotify:album:6jmCKzxnzePH3irOPv0MKw,artist_title_year,
Album500920,spotify:album:37Ym1MvMST35n7wirNEWBZ,spotify_id,
Album3316,spotify:album:7j98uMKCZuBQU1SPcrQAxP,spotify_id,
Album388,spotify:album:7FiPNXyrCGGWFqO4btxPEe,spotify_id,
Album84906,spotify:album:2K4OE5cl22fNSRrwzrhIZZ,artist_title_year,
Album22294,spotify:album:0sEqPT57yFh6oPI3EmnEQo,artist_title_year,
Album25450,spotify:album:4mK9V0fvxcSl4hWNcsdk2C,spotify_id,
Album611212,spotify:album:5ymfCGfNgcJduBQojeMd6e,artist_title_year,
Album1322533,spotify:album:5GRnydamKvIeG46dycID6v,artist_title_year,
Album176168,spotify:album:3wOokyD0PiNT4CkaUnqdse,artist_title_year,
Album144341,spotify:album:4Ss5bj1vTPUOnCPdj4zWyG,spotify_id,
Album38748,spotify:album:4jSv7dCwUWqp8kf8nXBEGn,manual,
Album10069,spotify:album:0vd2UrnAUlxVHlVFwmgiNC,spotify_id,
Album6432007,spotify:album:1XMyyqQS6OwcVHoduhpkdb,spotify_id,
Album27184,spotify:album:1igxmVKLBCFgtwixi2WvY5,artist_title_year,
Album130776,spotify:album:1JxLSApMpvU99WyLV03B4e,spotify_id,
Album32764,spotify:album:2Z1lDWB2EfTUKV5ILxjdvu,spotify_id,
Album95557,spotify:album:4lybhjIqqPtLb5xV8sXg3x,spotify_id,
Album5735,spotify:album:1kda4McF274Jl5x3aOAmPJ,spotify_id,
Album19496,spotify:album:25KCGtDdhs5sSSnXnD38bS,spotify_id,
Album76556,spotify:album:7u4B9Xy4oRShjrioqExWah,spotify_id,
Album57470,spotify:album:34rhpcyllj7zO9ozE5Cf2M,spotify_id,
Album36439,spotify:album:1qQKNB73e9J0j5ZJhY8xzA,spotify_id,
Album16304,spotify:album:5uyFfAhAQwV0Oe9ZfLGlVl,artist_title_year,
Album204039,spotify:album:6L2aMLoVV2UxQSmVwVPDlX,manual,
sp:3pSTyVZneMf0MAT43tcUYq,spotify:album:3pSTyVZneMf0MAT43tcUYq,none,
Album243,spotify:album:063f8Ej8rLVTz9KkjQKEMa,spotify_id,
Album895,spotify:album:4M6s2jbhKWEcOdXZ8WiHts,spotify_id,
Album8796,spotify:album:3kV0i1qqudjf0PGawJ4jck,spotify_id,
Album59266,spotify:album:5eL9goh1UrlUbYlzdnxPFo,spotify_id,
Album13800737,spotify:album:4osMxywkQeNeGDzExEmAfB,spotify_id,
Album10189,spotify:album:7KOmuu3cbJQEQYGt3XmLmY,artist_title_year,
Album2673,spotify:album:2GbNeQEg5fLtuxjr5nlIpc,spotify_id,
Album391158,spotify:album:03tgCJ19ar8hr39aRSfUIA,spotify_id,
Album19497,spotify:album:2cdr9bgZKUMUptKSMuC8mP,spotify_id,
Album2174692,spotify:album:2aSHXXnfSlmAeuDgBmEJ3Y,spotify_id,
Album20740,spotify:album:5T8Pm2DRJVYFVGY0by8ucQ,artist_title_year,
Album26445,spotify:album:3158RZskTkHMhPvQICUeQ1,artist_title_year,
Album42817,spotify:album:4JPRSD7jeZ0lDLONdeERpM,spotify_id,
Album3612968,spotify:album:4xgY6533C7VK4HEeojrgc1,artist_title_year,
Album20,spotify:album:1pSsHEkqT4hlvJWDBlpVKU,artist_title_year,
Album5499,spotify:album:12n11cgnpjXKLeqrnIERoS,spotify_id,
Album12276,spotify:album:0aoOdlpGLfNCUFhQu7UIs2,spotify_id,
Album16330,spotify:album:2sEwph7Jl4lG5kHqegjnOO,spotify_id,
Album64587,spotify:album:2GrEFnRiU8I3OYfm0TGqOF,artist_title_year,
Album163483,spotify:album:6f1d3Rx6A5K1jryBJt9a6N,artist_title_year,
Album337539,spotify:album:4sk7zSzYdcIetF6t6vO8Rx,spotify_id,
Album11771,spotify:album:5qWs6LYzk0YpSGmkUBE5sp,artist_title_year,
Album20864,spotify:album:3mCS3cMduOlki845XA4gDZ,spotify_id,
Album852556,spotify:album:3vB36W1n80zbJioYvqTFYc,spotify_id,
Album9013,spotify:album:5rOHrnrRomvSJhQLGVtfJ8,artist_title_year,
Album2645,spotify:album:7C0499YNyKXYczyKagdhip,artist_title_year,
Album3388,spotify:album:5g5aKkI0ExfU4kDvADP6JK,artist_title_year,
Album5231,spotify:album:6lPb7Eoon6QPbscWbMsk6a,spotify_id,
Album40477,spotify:album:32Nl49izVyngH22kD1lrkk,spotify_id,
Album3190,spotify:album:7uSnEvtwLuUJVtEmDFrsOU,artist_title_year,
Album17385,spotify:album:2NyUOqPkjx1p329TWeeCIO,artist_title_year,
Album11245349,spotify:album:0fO1KemWL2uCCQmM22iKlj,spotify_id,
Album1638,spotify:album:1Mhn9VosyjtWn4dMPFlna6,artist_title_year,
Album53577,spotify:album:5yHH2l3d2d2K5tNQGorEdR,spotify_id,
Album3866,spotify:album:6BkeUWI72Lssc077AxqQek,artist_title_year,
Album36438,spotify:album:45GVDXoSy8weKG2lj7cQq1,spotify_id,
Album73060,spotify:album:1mrhahrlJu5JfzgeV6Cy8t,spotify_id,
Album125628,spotify:album:4yv17Q486G8QoqM001kFKO,spotify_id,
Album7997739,spotify:album:3Uvlbu3zsUdB0xQnzbLhJw,spotify_id,
Album1883,spotify:album:7HapY6MjG5Wet5Dp65V4YZ,spotify_id,
Album42129,spotify:album:3yBHKQftjFdexrMsd4gbzZ,spotify_id,
Album8842897,spotify:album:4z3YbEkKWwiIMSJTWUQbTH,artist_title_year,
Album2605,spotify:album:4QV8iMlscaIpidQHcErzbE,artist_title_year,
Album3610,spotify:album:4JsSbaggaprB1AfDylXnxO,artist_title_year,
Album10584,spotify:album:2ytchHEugaPLA6Tt1zTewo,artist_title_year,
Album48382,spotify:album:1IRzwwevpNSdxERoRIKQrw,spotify_id,
Album12473918,spotify:album:3SDU0tsnoMO841qeOHlP8B,spotify_id,
Album125809,spotify:album:0ioIXXMV89w0qC39FpxYnL,spotify_id,
Album47559,spotify:album:2QrvsnLCHh46YYbLfnz2Z8,artist_title_year,
Album11911,spotify:album:3JyYXOBRAuc3XFQxFxrEcM,manual,
Album5711,spotify:album:6DExt1eX4lflLacVjHHbOs,spotify_id,
Album1727,spotify:album:3VwMlhrc3Z0YON3UNV0VSC,spotify_id,
Album2323,spotify:album:3QrEk9Va9qO4uobczNUtqe,manual,
Album1063,spotify:album:6sLuXZdrb1cmsAnfrmgbrU,spotify_id,
Album18940,spotify:album:062N80S3hs96dOhFzmvfLj,spotify_id,
Album33920,spotify:album:1o2UqbYkULKaLzkD5VUPlm,spotify_id,
Album28348,spotify:album:61YKu9dRRskWOAT3ijKTr2,spotify_id,
Album40240,spotify:album:6D0Wyw5SZR34aWYcOLn2r3,manual,
Album318,spotify:album:1T7A6Dt7KktX7pOw4I4Jzj,artist_title_year,
Album3813509,spotify:album:28DI3wfImTqTrHkPiOa0PI,artist_title_year,
Album10354,spotify:album:5UI2X5VAmgu9xrlXDd5U7B,spotify_id,
Album10979,spotify:album:1K1Qdd60pW48wEgWGQLeRt,spotify_id,
Album31923,spotify:album:5xduKf7XKIvw4JV3fHcItg,spotify_id,
Album23111,spotify:album:0zmiGhL8QcuAY5cbet7XbM,spotify_id,
Album687758,spotify:album:3F8g2IcDFCWXrx45HVC4MG,artist_title_year,
Album125981,spotify:album:0O1LCjDQ6gFjaLG05xj0xH,spotify_id,
Album913,spotify:album:1u2Qni8cVRptDTaA00fmBC,spotify_id,
Album686344,spotify:album:5utjCgJfaqaOqfHGMzD9cB,spotify_id,
Album23920,spotify:album:0ECtFRtCqJiGnK5FrzBlJ9,artist_title_year,
Album13244437,spotify:album:06wtf2TCkmyTgS1yZGiSr5,spotify_id,
Album264505,spotify:album:2ocbRv0D5t7xaSCW6NJ8sZ,artist_title_year,
Album754,spotify:album:4kZ55sjjRKgCphjOmSMR7o,spotify_id,
Album7535,spotify:album:4oruHZSLyTDKPNY2VQIlCS,artist_title_year,
Album9060776,spotify:album:2qkziMtty89VX13g27aIFL,artist_title_year,
Album256492,spotify:album:3Dyqes0WX7jN0kSVwoOhKs,spotify_id,
Album8544,spotify:album:3WkD4YxRCzgXG2MJF9yDpk,spotify_id,
Album1791,spotify:album:1BumwwIEw1EC3xAHyf1ive,artist_title_year,
Album4001,spotify:album:2TXZleYLiza8MszRBsDMsj,spotify_id,
Album6709,spotify:album:1uSpngQgBBgwRFYS5sOdqI,artist_title_year,
sp:12Ul3nb1lU4EJN8ZFSMHGn,spotify:album:12Ul3nb1lU4EJN8ZFSMHGn,none,
Album3211132,spotify:album:2f8Rfpdol5jrJe3OL4YH6k,spotify_id,
Album8012,spotify:album:44VxbAytHpVi3Rq8hRhild,artist_title_year,
Album1792,spotify:album:3mtVgumHx6y9I2UvW4lUd5,spotify_id,
Album22886,spotify:album:5RP8ddfJnPDYvUjCbBS2Rc,artist_title_year,
Album5555,spotify:album:2G2c7jjmwDaJVLfJc47859,artist_title_year,
Album12435,spotify:album:4ilAxtGR8aOj6M8X1HeHPY,artist_title_year,
Album19951,spotify:album:4N4W7ZlX5DrFMMeQAPZUGC,artist_title_year,
Album755757,spotify:album:59J51uy6r6QcYe7cX0Fzz6,artist_title_year,
Album85,spotify:album:5WtxUsdAkyi39GlR9yhD1k,spotify_id,
Album5885,spotify:album:56I4vUYWQ4aXLiyfo8XuZv,spotify_id,
Album198487,spotify:album:6x95DGZhx18gJuxRlbwZso,spotify_id,
Album26606,spotify:album:651p7rfPaB7IiGIIR6Ys7f,artist_title_year,
Album301581,spotify:album:6nOxyYuddsKmHYRQccKSjM,spotify_id,
Album25490,spotify:album:4sxvTow8IffB0lisGJWb6Z,spotify_id,
Album5604,spotify:album:1S7KWH0szrqutOvzsqxiBv,artist_title_year,
Album4592569,spotify:album:1qhgbP27HYf4iCiLbquXys,spotify_id,
Album16103,spotify:album:3ioc6PkjHjAZ6p4mlIPw7T,artist_title_year,
Album53504,spotify:album:12aKG91Tj6hJFOe90TzcX2,spotify_id,
Album56700,spotify:album:3ZnBqv2OdITXthzxjwvivZ,artist_title_year,
Album18145,spotify:album:6xhmQ9CwgYxj5NiTkNovbu,spotify_id,
Album26547,spotify:album:5HC9Uo9bCl8uiWuSN3MfbD,artist_title_year,
Album1774,spotify:album:1RSC0dy1oOIS3RO8tomZOV,spotify_id,
Album16104,spotify:album:04jd1LvnkBfUGTiEUVmprh,artist_title_year,
Album31067,spotify:album:3q90UAYeHLvAtnowiQlmgp,spotify_id,
Album964594,spotify:album:5u0yFJtLyGyqh3NO68qr8n,spotify_id,
Album44457,spotify:album:5WE4sl6HRE59XQCy1SdPzc,manual,
Album30549,spotify:album:6D9urpsOWWKtYvF6PaorGE,artist_title_year,
Album2130,spotify:album:3kPxFCpws7ZyzI1cMME4dV,spotify_id,
Album12420,spotify:album:3WUGsnZVtQyc2miaUQdLpI,spotify_id,
Album35217,spotify:album:2wA3MvoZFWXgOJqoY5ebyK,spotify_id,
Album92546,spotify:album:3fUYIIkOg3eLsUAx6VTFFP,spotify_id,
Album130190,spotify:album:7aTCuZbrpVleXKbdbFP1tx,spotify_id,
Album1313,spotify:album:7DC0pE943VR5tAKIvQXHts,spotify_id,
Album78,spotify:album:4Gp9Ls1UqkrQRrTTxhvs6A,spotify_id,
Album100738,spotify:album:6Dm9F6WuFAbYrevLFAfyfZ,spotify_id,
Album14364,spotify:album:5G3L2XFdPWxKmsFSljLjj1,spotify_id,
Album49358,spotify:album:0zl4WpGHZSxpVMcG31SZq8,spotify_id,
Album2631,spotify:album:3PTktNuj2FItJr8afuiieo,artist_title_year,
Album6764290,spotify:album:56ZRTTv25E2OO7FLuLokkX,spotify_id,
Album8651,spotify:album:1zcm3UvHNHpseYOUfd0pna,artist_title_year,
Album17021,spotify:album:5fRIh0Yk4eFLst6Nj7RUDF,spotify_id,
Album19372,spotify:album:5xxeAo8AVneH1OKO5vR604,artist_title_year,
Album19972,spotify:album:1GJWxG3TNawv3PCYrVYB7k,artist_title_year,
Album2719,spotify:album:4g5clKKdeRQO1H2ef2Wuzh,spotify_id,
Album9919011,spotify:album:4Wwm4xg2748zhYuzDRFTgY,spotify_id,
Album13311674,spotify:album:1ERrUvG31thFCxdwWUoJrY,spotify_id,
Album66,spotify:album:3MSxGvwpiKePFsygmWT3G9,artist_title_year,
Album517,spotify:album:6lfjbwFGzQ6aSNP1N3JlT8,spotify_id,
Album8335,spotify:album:20CYfxjKvqXkCXBhAgOE39,spotify_id,
Album69528,spotify:album:7oT1CbeyKlCJOsxmELnMMW,spotify_id,
Album105636,spotify:album:4NL6PN6GkMqI7Ztz4iGPU6,spotify_id,
Album21067,spotify:album:5eobMjKVQ5h5vgNhOdQoVS,spotify_id,
Album56332,spotify:album:5mzoI3VH0ZWk1pLFR6RoYy,artist_title_year,
Album12188858,spotify:album:2PfgptDcfJTFtoZIS3AukX,spotify_id,
Album730,spotify:album:2fDJpBJhtloxzUENHlU9JB,spotify_id,
Album8612,spotify:album:7lRcWdFIW2mrDOu0igcfR0,artist_title_year,
Album49301,spotify:album:0SW8ImwC36yNWD7gwEZHBc,artist_title_year,
Album24833,spotify:album:38ERGmBgDAsCTb4KNeopsX,artist_title_year,
Album28162,spotify:album:0oGkNKWrFghBenF0j16VVW,spotify_id,
Album12710,spotify:album:7rq3oByMGixepg7sFpWVGa,artist_title_year,
Album1321601,spotify:album:7kTaDGrN68gJVFY2CTTkXj,manual,
Album1055,spotify:album:2t1hVEwp82QebO7lq21Vto,spotify_id,
Album348392,spotify:album:12tw1A9HmwE3MHvPfHhdoP,spotify_id,
Album8637591,spotify:album:6vGEX2ejVVsHTIsqI1teZg,spotify_id,
Album3841,spotify:album:6FPt8HEGHoBGbX0dQnXDPh,spotify_id,
Album11346,spotify:album:2XpfQmawSa0VF5sVtqSLac,spotify_id,
Album669038,spotify:album:0E4xv5gPjykrwBgBZzI8XG,artist_title_year,
Album17500,spotify:album:2GTMwdiWPXKD6wvKgbolIp,artist_title_year,
Album25863,spotify:album:2PUVdwOzX6B6FT9iGfSuJY,spotify_id,
Album91172,spotify:album:4qMDshn0sMrt3bf7C0mmCx,spotify_id,
Album5069,spotify:album:7761KE2C9rH1QO9WAE1Ysb,artist_title_year,
Album1094,spotify:album:2eOu9QDLP2MoO04ZtII2Vm,spotify_id,
Album81487,spotify:album:3UwGJNvu2bAzjxx25GlqA5,artist_title_year,
Album2435426,spotify:album:6Rc7rkokin2O1ewp2vBZjt,spotify_id,
Album4150391,spotify:album:4PIVdqvL1Rc7T7Vfsr8n8Q,spotify_id,
Album33889,spotify:album:6g3n0C6d4v81DnDheoLMvX,artist_title_year,
Album31498,spotify:album:1s3FSienS5KcpWckmq4NHO,spotify_id,
Album34354,spotify:album:3D33RVGhzxPqNyVB4ybRuP,spotify_id,
Album244941,spotify:album:5XjZ6xhbPbALPVGd5Zx0Cw,manual,
Album1062567,spotify:album:6RzRjlvdLSDwkx8bMHyPLs,spotify_id,
Album44066,spotify:album:5tvVCSFJEwNS2oJZVTNEwn,spotify_id,
Album69888,spotify:album:0dCxrv92J8gKDh4zObd2ZZ,spotify_id,
Album1604,spotify:album:1sh32o99zA04PJIUJUpEj7,artist_title_year,
Album6643149,spotify:album:453zAaME9iOeCQ5B7SfkDM,spotify_id,
Album732,spotify:album:1LQlpOjLrnNvsqg6tosrYD,spotify_id,
Album10769,spotify:album:2wRH4pcI8TIQFCK1MeByWO,artist_title_year,
Album504365,spotify:album:23ISdAi8LzEGzhYETnQe8Q,spotify_id,
Album826,spotify:album:25uNcuL4dAoV62eKmr8Q0Y,artist_title_year,
Album141177,spotify:album:49AByZNwmPbO8Y0SaU1YKP,spotify_id,
Album28120,spotify:album:4ReJ59T4YxC62WkfyVTWpr,spotify_id,
Album22685,spotify:album:1gt4PAxdMmq5DUV7tyuNxx,spotify_id,
Album1997523,spotify:album:49JY9t0A5zrJDju607rmeg,manual,
Album8802820,spotify:album:29haLrvX37jDkDfwVk4FKV,spotify_id,
Album2539,spotify:album:5mAPk4qeNqVLtNydaWbWlf,artist_title_year,
Album6604529,spotify:album:0EiGGBzF9wzJn2X8F0Yvjh,spotify_id,
Album342304,spotify:album:0w4VXJ2DBfUmX5StTj69q6,artist_title_year,
Album8588041,spotify:album:6UZsLBXdL7C5rHRfNLCesA,artist_title_year,
Album10740,spotify:album:4V92Puney9WxGPecKtLG4L,spotify_id,
Album22733,spotify:album:5t4FHrIAHI8nolSAOBRgPp,spotify_id,
Album81647,spotify:album:3xx8wWM8DklLofDmNQUJ7c,spotify_id,
Album2500,spotify:album:4iBu85RXwpJbpNLa8SMqrx,artist_title_year,
Album40356,spotify:album:23eFAVOz5lCZGjN1b7Hi73,artist_title_year,
Album15371,spotify:album:39iOsfOrW1UpE3dbdFPl0F,artist_title_year,
Album9235476,spotify:album:5Az98PddCKwVoorl9pK6U7,spotify_id,
Album8195,spotify:album:5mPh9ZesYOvrXdLQjapwsQ,spotify_id,
Album21274,spotify:album:6c37nZLIRbHWwBIIv6QI1p,spotify_id,
Album10278077,spotify:album:5M9SijJoRgczSknq2LaHJN,artist_title_year,
Album3800,spotify:album:2W6MaUiInBkna5DfBES4E3,spotify_id,
Album577,spotify:album:1aucGNKimhgARC7iO2xLt2,spotify_id,
Album5382,spotify:album:185DHT5SvszXRrezx3lOjt,spotify_id,
Album11264,spotify:album:33puYJ2y5qANDenRmL8BS1,spotify_id,
Album96442,spotify:album:4FWvo9oS4gRgHtAwDwUjiO,spotify_id,
Album14372,spotify:album:6SLknspfGod3v3TyWawl8J,artist_title_year,
Album17445,spotify:album:6A1DANLpgV7EBUoMK9xfUo,artist_title_year,
Album24021,spotify:album:5lp7CMQbROn0mpFWZLaPf3,spotify_id,
Album199317,spotify:album:3CzV93fhyD1tnCvyN4VUVr,spotify_id,
Album8598,spotify:album:5Ci3qdm3m5wnkK9ORy2hU5,artist_title_year,
Album14590,spotify:album:2neFxutkHmjJ8jVAXcXynI,spotify_id,
Album409882,spotify:album:0yvW9oE4d270lA5paJ1umZ,artist_title_year,
Album143534,spotify:album:2N7REoJK70ZFJhSwjsTDXq,spotify_id,
Album24943,spotify:album:0hc0DLxQyod6p5UdCjNOJS,artist_title_year,
Album48646,spotify:album:2lTfjZPS0xFQE3cbGZf92T,spotify_id,
Album25739,spotify:album:1CCERowpj4xqJw4DuCVjHl,spotify_id,
Album59872,spotify:album:2ZygyYriRRKnSu07F73Yk9,artist_title_year,
Album24029,spotify:album:6hlwylwLskentQQsbTKpcj,spotify_id,
Album176,spotify:album:2ny1rPsLOoKNFZhMLubMrs,artist_title_year,
Album2424491,spotify:album:0sAtQQ4Y2zewIIxFidHbVR,spotify_id,
Album17775,spotify:album:0X7WwByQT7NxJNhb8iHJ3K,artist_title_year,
Album3124,spotify:album:6LXadMatlf17dDrWzJO9eL,spotify_id,
Album7767,spotify:album:2o1DC3i9barPdh8EcWEnAf,spotify_id,
Album8118,spotify:album:7n5u9Q5G1j1LMHEzW4aZbg,spotify_id,
Album17825,spotify:album:731OW49heGHCMrMOREHYlY,spotify_id,
Album292466,spotify:album:5scM63daLyb9s6htJUk2pe,spotify_id,
Album3613472,spotify:album:6BXoPmD0Kz44HDYSLtRI9q,spotify_id,
Album92,spotify:album:7DZeLXvr9eTVpyI1OlqtcS,spotify_id,
Album25288,spotify:album:0qCxwUOJJSowIzexnZeX4m,spotify_id,
Album4864,spotify:album:198GsVgwHgoas39b8TcPYp,spotify_id,
Album28848,spotify:album:1r8M1X0QFZw0bMMnBvwOXA,spotify_id,
Album12134,spotify:album:6sSb8m6MPGJIEMKH8FWCS0,spotify_id,
Album7754,spotify:album:50yNT88uQTVfSy0JZAhOwN,spotify_id,
Album20512,spotify:album:0VMADiePYCgnZR5eH8iWHl,spotify_id,
Album5652,spotify:album:3tk9uyWCvfQbkmvROJGUXB,spotify_id,
Album36437,spotify:album:3AIHbuIpTAyN4QTPPDBpnP,spotify_id,
Album5656,spotify:album:4lC6XXj4Cq9rsaJh7EghRg,spotify_id,
Album5933,spotify:album:6jqWbGhktIMdDMrYGIWiI4,artist_title_year,
Album13175,spotify:album:0pPXmjmIGwCtIBWiOXO71k,manual,
Album10356,spotify:album:0LnGhdkTo5SEoIosiydUaR,spotify_id,
Album245503,spotify:album:4TzXeIsjyPLaNvgOd84bwr,artist_title_year,
Album10872,spotify:album:35L84eBzSSJH4i3o38cVhh,artist_title_year,
Album2962,spotify:album:7o4UsmV37Sg5It2Eb7vHzu,spotify_id,
Album2688,spotify:album:1JpaFJzzcsiulO6MdIcQdK,spotify_id,
Album15725,spotify:album:2xar45ZLETOzJwDH4DwihG,artist_title_year,
Album8045,spotify:album:2zIaHUyMLCtg7pxtp1ZpO7,spotify_id,
Album24505,spotify:album:0fwlNodwJFh7FB3BVl6ifh,artist_title_year,
Album20241,spotify:album:1BmtDzGIUGdft38C305STs,spotify_id,
Album12107,spotify:album:7sMpdqLgCDDGMx7NE3rf3o,spotify_id,
Album7650,spotify:album:7swSWTcQ33JelJP84v0zyn,artist_title_year,
Album496,spotify:album:4hPJRedKOmbvKnLdzV9w1w,artist_title_year,
Album17444,spotify:album:16urvobgEwc6QK7ZTtyjNI,spotify_id,
Album19958,spotify:album:4yFug86iMPalcR2w6gNfBt,artist_title_year,
Album10876,spotify:album:7mRUsJqMx3abxYEVch43bI,spotify_id,
Album4936945,spotify:album:2jNv3vtT3Ils6d34AZhUBG,spotify_id,
Album46199,spotify:album:16TFFijLBU6XaaSRQB9yuX,artist_title_year,
Album132050,spotify:album:4t1qyfHV42y3WyEoTtU8lV,manual,
Album5921,spotify:album:5ZhcTdSKircYOKjpX3ycED,artist_title_year,
Album7938,spotify:album:7tIqCuFn9DqkHE1lRj9C6L,spotify_id,
Album6629,spotify:album:5vkGQEk8Cqej9Q7u42kv8J,artist_title_year,
Album280331,spotify:album:1eia3gtsrOw9b2U28iMbto,artist_title_year,
Album10955,spotify:album:4rNGFFaXZ7l0Vg6QrcHcUi,spotify_id,
Album9473,spotify:album:73tznjCvNu9tDQW5jcrglq,spotify_id,
Album781,spotify:album:5rA4Fhdeq0an7JZR2JRSDn,spotify_id,
Album8935298,spotify:album:1ZfETfec0U02KrKNI8w3Gf,artist_title_year,
Album223065,spotify:album:4KL9IZQdZKRj3gtR90EVp0,spotify_id,
Album11839,spotify:album:2KmlLjck6t4HGgFdkIq4lw,artist_title_year,
Album85121,spotify:album:25Uej9vkdGxJOclrpDaetA,manual,
Album1066,spotify:album:2fDm6GpssR8S6uQnDE4MKM,spotify_id,
Album10395,spotify:album:66ubx5B6Q0Vgl7vbvGWP9h,spotify_id,
Album77562,spotify:album:0yxHEWRMyALhkmpmusj2PE,artist_title_year,
Album19706,spotify:album:0k5C3Z7w7uQpyGFQEzl7yB,spotify_id,
Album18963,spotify:album:5G0bIHyL1A4jgcnEF6BOB1,artist_title_year,
Album3000596,spotify:album:3a3Yp0PRguSTH3dBOeWRyZ,artist_title_year,
Album3674,spotify:album:5iIWnMgvSM8uEBwXKsPcXM,spotify_id,
Album18864,spotify:album:5QIf4hNIAksV1uMCXHVkAZ,spotify_id,
Album34848,spotify:album:5TxgLf97hnTCPw2JfA6v12,spotify_id,
Album1359,spotify:album:5bxqwBKvCyB67zOEVCrFZE,artist_title_year,
Album7322,spotify:album:4wCvCNsMJJvyeX5mGO40ae,spotify_id,
Album26051,spotify:album:27OF0Qk1FnCZVvsyNP4L1j,manual,
Album513518,spotify:album:1iLw11HVvM1wx0WK1x2S2V,artist_title_year,
Album148848,spotify:album:2ZZeTboaLVrHqvyTAFUeS0,manual,
Album1099341,spotify:album:57qGJCHgxpUYtDrfCXRsOV,spotify_id,
Album7208026,spotify:album:6qa9zCcBBObJ0Rt6gmHHXC,artist_title_year,
Album13218994,spotify:album:45ba6QAtNrdv6Ke4MFOKk9,spotify_id,
Album12924,spotify:album:6WWAC3ZEROk0OlVsubRbbd,artist_title_year,
Album23927,spotify:album:49vpRrUcAr2bj6aYQr0Cfl,spotify_id,
Album12416,spotify:album:7BogrmpHzrzreirLKREDvd,spotify_id,
Album54515,spotify:album:1804Hx305EsQWJC3UdKj0g,spotify_id,
Album106860,spotify:album:6lIWfnUerZuu9UcUDnF2JD,spotify_id,
Album8428,spotify:album:48KVIwAePhzIDqv2pURFMY,artist_title_year,
Album154212,spotify:album:62v7oPeDe6HnoZUt6M71pp,spotify_id,
Album13840,spotify:album:5wdXBbdGH90qfKoWBErbdw,spotify_id,
Album184,spotify:album:5cT7ee1sy2oEbFalP4asS4,spotify_id,
Album161792,spotify:album:4Uc6YCjpfyjj02rZfg2EUv,spotify_id,
Album12691,spotify:album:4y34C9YeavvuMTdMQzrPGG,spotify_id,
Album10411,spotify:album:42p4dRDB24b9mvBmMb0QR9,spotify_id,
Album330417,spotify:album:0gaLZATMEssSErDzywUqxD,spotify_id,
Album1981,spotify:album:7M6qdztBAZADkaYJ6bIEhF,spotify_id,
Album113010,spotify:album:5rd8457T2H7vtkFAOLHB3x,spotify_id,
Album29002,spotify:album:5iluV9CqP7Wl9wjubwdw5h,spotify_id,
Album82004,spotify:album:4WDRuinnAhb1taYx3RNAxr,spotify_id,
Album57945,spotify:album:5eubtUqOh4fqfaZXA8Ha4X,artist_title_year,
Album660739,spotify:album:5y6wlw1LnqFnQFruMeiwGU,artist_title_year,
Album7407,spotify:album:5cy3t8bW0lNzw9hjCPkRUT,spotify_id,
Album5554,spotify:album:7kNXhhELbmzx4fPoBLv1B8,spotify_id,
Album37367,spotify:album:18tV6PLXYvVjsdOVk0S7M8,manual,
Album4065445,spotify:album:3C2MFZ2iHotUQOSBzdSvM7,spotify_id,
Album537986,spotify:album:0FZK97MXMm5mUQ8mtudjuK,spotify_id,
Album4578738,spotify:album:5KkGAZrad4N4rc5FriwgzU,spotify_id,
Album22859,spotify:album:5JpD7lTSI7X6W7HsbF0iQe,spotify_id,
Album503589,spotify:album:3eMv6EefEfBTpjv9OJCJDs,spotify_id,
Album540634,spotify:album:15jwnaM04fORMwIWdDaCLg,spotify_id,
sp:66z2S9wlqHeXhSSklAtk7y,spotify:album:66z2S9wlqHeXhSSklAtk7y,none,
Album1099,spotify:album:7jfexk2w5aDI25njkN0UGg,spotify_id,
Album9852,spotify:album:298tKa2DPLT9GNmY8vsvLj,spotify_id,
Album3509185,spotify:album:55U9LPwlaFmsgOsLyJnrmu,spotify_id,
Album37285,spotify:album:0s9B9VnN71Msp8Yozx0xCM,artist_title_year,
Album41476,spotify:album:44jkgfcuBri1LuAsdLRlbt,artist_title_year,
Album505409,spotify:album:00kSJu1snceWGZ0yYkTZXr,artist_title_year,
Album444903,spotify:album:0vAgv1fFn8zW2hbpWJfgPX,artist_title_year,
Album17439,spotify:album:7mov9rVPoOWLi2mksFx5ex,spotify_id,
Album133661,spotify:album:0oR9ExubKQrsbD3lnk6IF0,artist_title_year,
Album23996,spotify:album:17utekM9a95MchXbkbh47k,spotify_id,
Album10688,spotify:album:6HELG1uNTkBj4OwJcC9fY9,artist_title_year,
Album15727,spotify:album:72exmBr9GknParbdYEsDGl,spotify_id,
Album15726,spotify:album:3XIbbhpEsyqlxggk7qJNcH,artist_title_year,
Album14863,spotify:album:1mGkIZVToeCNAseve9I1nv,spotify_id,
Album33000,spotify:album:1NeJ0QqKv002iYDiOCaUOA,spotify_id,
Album10002,spotify:album:6LYQlKhDAXE9xMS3YzioNv,spotify_id,
sp:7njGz7ZeDXL6cH3VnflcQ2,spotify:album:7njGz7ZeDXL6cH3VnflcQ2,none,
Album185429,spotify:album:3bSPbmYHqouqpTO2dw0EW5,artist_title_year,
Album21728,spotify:album:4tphcN0QEDbNUkUKDP2R4d,spotify_id,
Album27671,spotify:album:3l5AwLKqQ42VJbc5lTuP8G,spotify_id,
Album296,spotify:album:6GjMcck9c4i6cQo194xKl6,spotify_id,
Album28519,spotify:album:56XJ7ZzFPvdvBqZXUJulVa,spotify_id,
Album5970,spotify:album:7a35UzxXYuKQGMGImyB0Un,spotify_id,
Album4185,spotify:album:3cZKRfWxeGvhUKsH4VFhFf,spotify_id,
Album440129,spotify:album:3OUGkMHiH4E2sSrbchMNkw,spotify_id,
Album759605,spotify:album:0O43lrHeF4zhr7ve7zkgSw,spotify_id,
Album174554,spotify:album:3r4RwwnQNkdwLfOcO7WReI,spotify_id,
Album123818,spotify:album:1BeVs7rQJ7LRj1sklSXRec,spotify_id,
Album1309,spotify:album:0V3n79cWMOFFRCji5HOUhN,artist_title_year,
Album206648,spotify:album:3DXcW4NMarpCjpP628mX4j,artist_title_year,
Album5446,spotify:album:5snUbps5KleLIP0cVI72lP,spotify_id,
Album7441,spotify:album:2MEnHfqxdJi56B3LE4CFuv,spotify_id,
Album13929,spotify:album:03m1HZWGc1Dtlra2d2Ai5p,spotify_id,
Album33001,spotify:album:51pz4wvc0BPtjnGCWjxX91,spotify_id,
Album8680,spotify:album:05Qg48LlYGKYdeXrNGg00g,artist_title_year,
sp:3jbnkGDaYChChu5Cs8LEvD,spotify:album:3jbnkGDaYChChu5Cs8LEvD,manual,
Album40809,spotify:album:67kl5m0df6Bn0aSe3g5Ea7,spotify_id,
Album30795,spotify:album:2XOQztLkohDDWZH8DEECkQ,artist_title_year,
Album31848,spotify:album:6BWf3fxsgSDhES4Cm4oyy5,spotify_id,
Album70262,spotify:album:3pYFqjWzClbyDKvACv5bVQ,spotify_id,
Album4562,spotify:album:2uqlkJu6vckJahCsp6Hfcn,artist_title_year,
Album300485,spotify:album:4ILYt2i3qJFLV9eVYjfxPB,spotify_id,
Album22809,spotify:album:2vtmVYcZCCcBmovYNUQ1u7,artist_title_year,
Album46469,spotify:album:0sFuW4rH5mFZUjNKnckO3v,spotify_id,
Album295852,spotify:album:20n9xm8px5v6hgcNK5GzhD,artist_title_year,
sp:0FvmG2hOYcoG63bcQpizxp,spotify:album:0FvmG2hOYcoG63bcQpizxp,none,
Album14777,spotify:album:0Eyp5TVXsL4z6arSvy7DMB,spotify_id,
sp:27eyUk7nflmPUUH2zkdOy9,spotify:album:27eyUk7nflmPUUH2zkdOy9,none,
Album14444,spotify:album:2rxe6u2Pm52WtUbbgcof2c,spotify_id,
Album6207,spotify:album:0llzH5uVLmppDsZQApY6du,artist_title_year,
Album16764,spotify:album:2HYboVgztjd8Yb8VIOtUei,spotify_id,
Album4550,spotify:album:5EZMcYc3xK0rlru83kHpUe,artist_title_year,
Album49354,spotify:album:4qOXZ0Ac6tY0HHXYILTUO6,spotify_id,
Album5653,spotify:album:5o5I17kDIyB7c5iAOhslmJ,spotify_id,
Album6904,spotify:album:7Cg83CbNY30zxin7u5zwSX,spotify_id,
Album229366,spotify:album:0UFcljWRWT4oEpls4E1l46,spotify_id,
Album28715,spotify:album:05wsX7q5ocDkNWLL3gsGb2,spotify_id,
Album6532,spotify:album:3DtfU669sCj0uKjeNdGq22,spotify_id,
Album145924,spotify:album:7zBrALWkq4ccTLQzFD1zfE,artist_title_year,
Album55664,spotify:album:24Q1XHD9hhZl5FULWmG58H,artist_title_year,
Album27372,spotify:album:6uF5FWBpktRA9OAdC0mMZI,spotify_id,
sp:72W7TzrmjvTkUtk7Cmv0ag,spotify:album:72W7TzrmjvTkUtk7Cmv0ag,none,
Album19129,spotify:album:1C2fgiQmiTF9Dr8NdbPSou,spotify_id,
sp:4pv4SQkB4SXrY5bynbW0lf,spotify:album:4pv4SQkB4SXrY5bynbW0lf,none,
Album27344,spotify:album:1FFDkPEmrXZs32SUpU63Sk,spotify_id,
Album6465,spotify:album:4GUW1Jr7zKiFTRI1lWn9sg,spotify_id,
Album64547,spotify:album:605ySuPUpIfb7BTkc6hQZD,spotify_id,
Album4946,spotify:album:3W6CI0Lw7lElAPID2Fd3B4,artist_title_year,
Album95,spotify:album:2KzCDxKpgLqBffHu1IZ7Kn,spotify_id,
Album6129,spotify:album:5g0QIKPHDAIVwiq03UeJpN,spotify_id,
Album29022,spotify:album:6L7ENQZtfSKVAq1CIRZSxs,spotify_id,
Album10290521,spotify:album:6YM4MpYgz6BhIeqQkxp3u4,spotify_id,
Album5966738,spotify:album:3I2KkX13lHXuYqfBjSOopo,spotify_id,
Album22012,spotify:album:7lPBSJlgg96SWGOOCNqPLv,spotify_id,
Album13841,spotify:album:0yqtdNIwsXSZHL7A0QNBBb,spotify_id,
Album1104962,spotify:album:0r1ffFQRFvtthTdLV2ZPWL,spotify_id,
Album260240,spotify:album:7IgLPZ9tOiMkipNL9AUUtq,spotify_id,
sp:4PVyUMglBuxtPVip15aFfq,spotify:album:4PVyUMglBuxtPVip15aFfq,none,
Album30176,spotify:album:4tEg1KEHvWR4fiLIaMByS2,spotify_id,
Album1178,spotify:album:3SXCY4kFMM4T4egq5DSUTa,spotify_id,
Album8859,spotify:album:0JKjuvDUPrnlblAZyB1Aje,spotify_id,
Album8181,spotify:album:53s93tksSeBis2gL50AQPJ,artist_title_year,
Album50896,spotify:album:2B583jxnkHmIyBU6Z8VlmI,spotify_id,
Album9171,spotify:album:7gzX88qS3Vx2r87g5pbdfJ,spotify_id,
Album75242,spotify:album:2VguLEdmtyFVixLWekdX73,spotify_id,
Album807800,spotify:album:5frO1EmayXbNqZj4sFK0IH,spotify_id,
Album40235,spotify:album:3RaK95jcB6YrjBiBEp32Dd,manual,
Album39352,spotify:album:4SrPTE9sLJTE8mpeWFUhRL,artist_title_year,
Album14679,spotify:album:4qHvDIHdLQfX0aZr7MrGDw,artist_title_year,
Album64,spotify:album:64vPyY759lLETSt8rvc7Sf,artist_title_year,
Album39002,spotify:album:3vTzkv0JLj0moXcXF8Nw2x,artist_title_year,
Album26546,spotify:album:2Amg9J3U9jEUUJUxCW5OgI,artist_title_year,
Album2650,spotify:album:2z8iibF0hCuBb9h9gYkuO7,artist_title_year,
Album603,spotify:album:1nHX4rMCk0NIBSplCjioCb,artist_title_year,
Album807,spotify:album:0iDP2ZcQErXlNrBYFjaaId,artist_title_year,
Album9974,spotify:album:3zeDrhkNv8872fC7CsOCpI,spotify_id,
Album22002,spotify:album:3qr4pTBWEU1SVf01j6RAx3,spotify_id,
Album5110,spotify:album:0cNaDPtbHC1PMJMRTY2GFc,spotify_id,
Album111066,spotify:album:14vNVSBK4R5XpKUEUOTjvd,spotify_id,
Album352566,spotify:album:0o3ZYaMU4BIrJ8ofWkMQ5q,spotify_id,
Album68623,spotify:album:2hK70fCNOlYgTg0sQMzPbj,spotify_id,
Album11353,spotify:album:43zfDOSnIaNrdFzik0s088,spotify_id,
Album128416,spotify:album:3nUwuIFxJid3GQo8c4F6HY,spotify_id,
Album34753,spotify:album:4NN6ZNWJ6VlwsT0QHoLe1K,artist_title_year,
Album926090,spotify:album:6K9RDZ8cSatoliAas4469F,manual,
Album1728,spotify:album:2OUYJtDV6EmLkVyoHSuGIp,spotify_id,
Album5958,spotify:album:4k1GJg2poyo6hwWLqJn9C2,spotify_id,
Album4653,spotify:album:7ez8WRX4sGhKHZryJPJCNg,artist_title_year,
Album650550,spotify:album:4riCXKyyPLZZTdWWd5ll9h,artist_title_year,
Album14778,spotify:album:7pFyY6SvB0XlUKp8srk8Az,spotify_id,
Album19068,spotify:album:03WJAI8NnJHvCNqnlLw8kg,spotify_id,
Album18874,spotify:album:1rW3xNyDRIH4UH76b3DtQX,artist_title_year,
Album28283,spotify:album:5fGj14UbUEMl2v8tu7sqi4,spotify_id,
Album690976,spotify:album:7rFhGUb3mRBJyThp87naf2,artist_title_year,
Album9999,spotify:album:1IfG1UITBGxTIIVZ3qgUrD,spotify_id,
Album5850,spotify:album:3hqr2lQ7zQdnyguyuID177,spotify_id,
Album11068,spotify:album:7aSjaEi3OQ2aZemcJDhMb1,spotify_id,
Album37309,spotify:album:52cmByLkjuSb0w4JnQCTGY,spotify_id,
Album28119,spotify:album:7rd4PorIOPjPTy7qdUeeCt,spotify_id,
Album154119,spotify:album:7J9wATH6I891OTHteIWSEj,manual,
Album45714,spotify:album:625D7Framo0tCKlhdLKoE4,manual,
Album87852,spotify:album:1dbkxZuSDA6UHqckCiAiP9,spotify_id,
Album15905,spotify:album:1v4QurJaRvv2dfyuerXfFm,artist_title_year,
Album10742785,spotify:album:0molHoHmFmZKcNpiEKBCRK,artist_title_year,
Album7762,spotify:album:2muElcL0DcIPj12CsCUzhf,spotify_id,
Album12150,spotify:album:2PbWFmysd3j9MEacjjhozx,spotify_id,
Album46468,spotify:album:6N8uPmDqbgXD3ztkCCfxoo,spotify_id,
Album12371,spotify:album:11pwCi0JWNahMuu9ViIx3Q,spotify_id,
Album34297,spotify:album:20sKOAeeAtNRPY7DKLchPX,manual,
Album701985,spotify:album:4DpUKNOF7K8U8xyNw8A7cV,spotify_id,
Album251543,spotify:album:5aCJMfaCFKWA8Lek74q7no,artist_title_year,
Album27412,spotify:album:4aVrAD83svetEEqiANmvmw,spotify_id,
Album2244129,spotify:album:5nM0AuGFYzHeJSMxAkmLW9,artist_title_year,
Album6789509,spotify:album:4AnxgEIDISdqnHOdlEq43T,artist_title_year,
Album121606,spotify:album:6S73t4W5TlYHiIKrJIZ1jb,spotify_id,
Album11332993,spotify:album:3a9qH2VEsSiOZvMrjaS0Nu,spotify_id,
Album4067,spotify:album:518m7FxPp9C0NBM6qXFu3P,spotify_id,
Album7657,spotify:album:7v4kEpVtppoMm80m43lGzt,spotify_id,
Album29895,spotify:album:28nUWsyczStUhYKXTY1IoW,artist_title_year,
Album1822283,spotify:album:1iqtCUfZrDnvwDMCcbJGxL,spotify_id,
Album19404,spotify:album:20I9pQ0q8e7lN7SWIySPsR,artist_title_year,
Album82474,spotify:album:18bi2UuLLBj78oai30goPA,spotify_id,
Album1800,spotify:album:4dgAnIHFpnFdSBqpRZheHq,spotify_id,
Album410,spotify:album:206GTDefY2qRMQxYXmfb0a,artist_title_year,
Album3798,spotify:album:6LEP3L94jnkqjOxYJWPRP0,spotify_id,
Album2129,spotify:album:3zBQ2UZzCzgCnIkFYMOWlY,spotify_id,
Album6676646,spotify:album:0I316eFTjobTdyH5xtniYe,artist_title_year,
Album19601,spotify:album:6oCSFjoIB4Uv7TQMtxA997,spotify_id,
Album195973,spotify:album:4rjGyhPnaKV5hfwFNiHtQA,manual,
Album4594304,spotify:album:3TnB2YzWzjDb0qBGb5KBKi,artist_title_year,
Album7905,spotify:album:0bCjsDy7xtSGsKleQXF9ng,spotify_id,
Album8343679,spotify:album:3aDIaurNXBbxjrbQm5l7iY,spotify_id,
Album7288,spotify:album:3kQpBS26lAj0A0VGl1snRl,spotify_id,
Album8472,spotify:album:68rVsimZLYFn8z3hrzXOBO,spotify_id,
Album70436,spotify:album:26h9GVIulFIUuGwiTawZ2B,artist_title_year,
Album84411,spotify:album:3Zt2khv5ilvA67oFaztcVW,artist_title_year,
Album633897,spotify:album:7tqcyvjNAziHZYSMXzUPFu,spotify_id,
Album30563,spotify:album:718V0NcTtPo6d7pv6rKluG,spotify_id,
Album30312,spotify:album:1CH2KvMLkMG6Py1S6sY41g,spotify_id,
Album4452557,spotify:album:1rxWlYQcH945S3jpIMYR35,spotify_id,
Album8969,spotify:album:18XFe4CPBgVezXkxZP6rTb,spotify_id,
Album9990,spotify:album:7D22RFqWGicOV7hpIiCdlq,spotify_id,
Album124752,spotify:album:3CrWNG2oqbEBHKAqfZP6CO,spotify_id,
Album7724,spotify:album:6p7jHbG5Bd6z2JgfKx0um7,spotify_id,
Album3032303,spotify:album:6KrJF9D46M88UeZGZaoU2E,spotify_id,
Album1435,spotify:album:2sLM0RQdMf8bBGOetQIb4F,artist_title_year,
Album20352,spotify:album:6HKPoLwVq89yink317xdFs,spotify_id,
Album144101,spotify:album:3V3XJ3Sh62jPUYUMSQ1Tsf,spotify_id,
Album10782495,spotify:album:3pvGQtSsi9LGcPIZ7plWYe,spotify_id,
Album8119,spotify:album:3CxjmGIpb4n6KTnbtK0n1X,spotify_id,
Album157989,spotify:album:2qLeLtVxS5N9A9B0qd1BC5,manual,
Album145189,spotify:album:1JPhrKryg26lYKoJjFGc3Y,artist_title_year,
Album56896,spotify:album:7a4juPTEzCvCUjehORJjyj,spotify_id,
Album4308898,spotify:album:2kKXGWaCEl06EKZ4DxBJIT,spotify_id,
Album2787325,spotify:album:3mX8oKajxXEBNNATCKLLPd,artist_title_year,
Album66539,spotify:album:7czYIT2adKSBYFfmAbyAVm,spotify_id,
Album95969,spotify:album:0CoNLgOwcZGBUSwd9fAZuy,spotify_id,
Album27339,spotify:album:4UY90kcO4N9ZPBl4xPLvvU,spotify_id,
Album239398,spotify:album:5JfBGmC3ICqSvy0RleiOlV,spotify_id,
Album20944,spotify:album:3tTqBkR89I0oODc5enVLnj,manual,
Album136540,spotify:album:3n1f4IPF3oo2qDgAKI2bdb,manual,
Album9574303,spotify:album:5XpEKORZ4y6OrCZSKsi46A,spotify_id,
Album169,spotify:album:0ta5VdkJcpdVnNrn7g4cZe,artist_title_year,
Album2340,spotify:album:7DdEbYFPKTZ8KB4z6L4UnQ,spotify_id,
Album7649,spotify:album:5OGPphsycPCeEcJlxKnt0l,artist_title_year,
Album17028,spotify:album:58eMx3QrTkiRmGGbSz2XL0,artist_title_year,
Album710708,spotify:album:22KjY8SLvYh2DVMmLPPatF,spotify_id,
Album57471,spotify:album:2o6XqegTow2rfyKM9UglBX,spotify_id,
Album30497,spotify:album:5z5s71RoLOhdB8SwPfru0I,artist_title_year,
Album20418,spotify:album:4BBaeFu9oDZ5emcgOp1pmb,spotify_id,
Album8111538,spotify:album:2B87zXm9bOWvAJdkJBTpzF,spotify_id,
Album852,spotify:album:4JwjxPyISbFEUeh267bYbg,spotify_id,
Album2941,spotify:album:6nkmtyFpZHm7piIFJgsxxa,artist_title_year,
Album5324,spotify:album:1d075yQcykHjerQ2BN0ABn,spotify_id,
Album17467,spotify:album:7MgV5pPcqdXAEMJZmtxmbu,artist_title_year,
Album3912,spotify:album:65nhz1EbSruHtMqqLJrRja,artist_title_year,
Album490826,spotify:album:3sVEXeNRjZngHef8wbgFwn,artist_title_year,
Album11697,spotify:album:2YveHVokdKYkrEnhD3ubSo,artist_title_year,
Album1773,spotify:album:3fRCOoTbBsOITBWlCRCJQr,spotify_id,
Album14027,spotify:album:0rObhc2HXzPkL9rKL1mRrF,spotify_id,
Album160769,spotify:album:1UTKa9k864z70CFgpoJy1f,spotify_id,
Album1793236,spotify:album:1GYJUlbVr5FuNU7awwMGzu,spotify_id,
Album2680,spotify:album:4WWzemJiMfNnxbYAmz63fC,manual,
Album168013,spotify:album:1td0hx7C7mdZGvekzMD1CL,spotify_id,
Album40051,spotify:album:1S7SXhbh0x64DyXQVfACJk,spotify_id,
Album40456,spotify:album:2YlrEXJnxx7q1wX8sVXIuV,spotify_id,
Album15111,spotify:album:1v1hdLXVBjFel9srMX8paD,spotify_id,
Album31241,spotify:album:38I7qB2rqOuvGqvyTXPwX2,artist_title_year,
Album7580,spotify:album:7ligZljXfUtcKPCotWul5g,artist_title_year,
Album19132,spotify:album:3xUBEPAx6uHbbJSeiUcNwn,artist_title_year,
Album34353,spotify:album:2HC25LD1tWt7J4qkuigUgL,spotify_id,
Album60073,spotify:album:4bnM6LNcUtiMFXEvybE2oX,spotify_id,
sp:7wPDOZ30toNEBkr5uBIANF,spotify:album:7wPDOZ30toNEBkr5uBIANF,none,
Album44772,spotify:album:1OAUXcUtKiPdDtftxbjGV2,spotify_id,
Album61171,spotify:album:3IIHk2ZLXKWuVAjCbQ9g4Y,spotify_id,
Album206495,spotify:album:6UFrSvW1JHH6tMtsRZzSM2,spotify_id,
Album40301,spotify:album:08UhV7fX8X4wrSNLMVQ5H5,spotify_id,
Album36426,spotify:album:4dbMr1mMSVcgIYO3AWPzdv,spotify_id,
Album6886,spotify:album:70NjH8NkxcbYNvWAHnyv1e,spotify_id,
sp:3jsUfEJ8PA0dtCtwFHbI3V,spotify:album:3jsUfEJ8PA0dtCtwFHbI3V,none,
Album2934347,spotify:album:3DrgM5X3yX1JP1liNLAOHI,artist_title_year,
Album15226,spotify:album:4IUPjc5q4g3MlRC2TFHHOJ,spotify_id,
sp:1X1So5oX4TCFGdK6BN9UXs,spotify:album:1X1So5oX4TCFGdK6BN9UXs,none,
Album5480,spotify:album:5NJHGcHNdLURknY2LfzjZg,spotify_id,
Album5542,spotify:album:6VQZ6NNyt8E6Nj93mkoi0y,artist_title_year,
Album347184,spotify:album:2QAkMFNoQOaLtJVchkFJ3G,spotify_id,
Album16227,spotify:album:6qVlNdiNb5yZKg8cxx1OCd,spotify_id,
Album11212,spotify:album:5nEJj9bjoarnzlS88NiWet,spotify_id,
Album8228,spotify:album:2kAaF7jQFJBIFkw29Kk4a0,artist_title_year,
Album6313503,spotify:album:3wUv2IjD5hPrqlPakpczQa,spotify_id,
Album27371,spotify:album:7cDdrBZaImUjYGqkir7bVw,spotify_id,
sp:4pSCGZfWXF7z8QBwUFZ4eU,spotify:album:4pSCGZfWXF7z8QBwUFZ4eU,none,
sp:7qmHIp9ajGfRLy1QXmEryT,spotify:album:7qmHIp9ajGfRLy1QXmEryT,none,
Album158623,spotify:album:5OkHt7JZ6HSkJH359y2H31,spotify_id,
Album24739,spotify:album:7Fizhioivpqy1oSn6R7zcV,artist_title_year,
Album35,spotify:album:6tOe4eAF8xNhEkl9WyvsE4,artist_title_year,
Album474362,spotify:album:6rdNbdV3T4muFFFSjGdOj9,manual,
Album333,spotify:album:5YuZ4DjvtZBywtIbHIqtGJ,spotify_id,
Album2718861,spotify:album:5f8vRVVJgA5uAqYMDYDju6,artist_title_year,
Album741,spotify:album:7uweroXf5R6hWxC1kDXJg3,artist_title_year,
Album348132,spotify:album:5FrjDW96mCYw9ECc74c637,spotify_id,
Album5990,spotify:album:0FocpOyE7RnaNsiaEhSbp6,spotify_id,
Album1725,spotify:album:4SlY4oyiPg6At7vyouZ7ep,spotify_id,
Album10190,spotify:album:1rlCSXl4oodSDQRUYDUgiP,spotify_id,
Album16774,spotify:album:0SJfTElRVZqxKiG2MZBMCO,spotify_id,
Album8003,spotify:album:1cj2JuqUGbFVOja7XOVV4O,spotify_id,
Album30723,spotify:album:3bF7UefpUmG1BAriPPLLez,artist_title_year,
Album22187,spotify:album:3qer0IWDm6mSLUJy4ji0Oi,spotify_id,
Album604489,spotify:album:4ZS20hxmwWsL7SxeknGRZx,manual,
Album579,spotify:album:5w3q6GZbw0gsAtvl1c0rmu,artist_title_year,
Album5498,spotify:album:0LqXwbrREllWtu2s1dW2eN,spotify_id,
Album10669,spotify:album:2jodAR4BsYntuyZn55ZrHB,artist_title_year,
Album454671,spotify:album:5JJ779nrbHx0KB2lBrMMa4,spotify_id,
Album20039,spotify:album:4XAy5hk5sgMdDlORiNrVM9,artist_title_year,
Album4670,spotify:album:1AL5oXZRtTc8PyhcTwg4xQ,spotify_id,
Album40736,spotify:album:3vHxkAyC36Bi581ZUysCtZ,artist_title_year,
Album17473,spotify:album:6EyCYGKZZpDXcH3LN99YBO,artist_title_year,
Album4882,spotify:album:3wdD2PQkm8N4ezZf732Oxv,artist_title_year,
Album2536,spotify:album:6HQo3byKYGsHxOqofRmgCh,spotify_id,
Album1052,spotify:album:3tshnNFNhHrO6NUQ0BHw42,artist_title_year,
Album4940,spotify:album:1d8lF3nZpEIFeEbWmAt9Ey,spotify_id,
Album1333086,spotify:album:2dtJZ9B01mRi1n9HHNa0uT,spotify_id,
Album10863,spotify:album:4Es5UWdUtj8CYn99AqCWPo,spotify_id,
Album3180,spotify:album:2rogKfOpmCFuqNhtGKf2dX,spotify_id,
Album26444,spotify:album:6PuVuJwyxyBZXMz73teSoV,artist_title_year,
Album679717,spotify:album:2GjAbXEAgLqGi0jRc93XAU,manual,
Album1732,spotify:album:5fIBtKHWGjbjK9C4i1Z11L,spotify_id,
Album40106,spotify:album:3Odnpp1zUsv6Ab2R8iOqnd,spotify_id,
Album49481,spotify:album:0YBKh4pphYo7UW6f4b6uxy,artist_title_year,
Album1193,spotify:album:0BgWlAKJAn8VQKRKIdx9ul,spotify_id,
Album26988,spotify:album:5142jRc6IrvsI7F6V7tUy2,spotify_id,
Album40147,spotify:album:0QTVbs5gj4pbv3Je4fJ3VI,artist_title_year,
Album8677,spotify:album:7n7VUw9XFam4zMT7zn99tq,artist_title_year,
Album8193,spotify:album:6wugThEUTAa6BdI2hsqm5n,spotify_id,
Album168894,spotify:album:3dbh9K8CNUq8BQcL0VxbZf,artist_title_year,
Album39377,spotify:album:1q91XEhPVMf2HOjWMHW82d,spotify_id,
Album1995522,spotify:album:6jdfKgPpi6wchdjDSkH74h,spotify_id,
Album11309585,spotify:album:5LD2jp2QnBxZ0O6BtqaJS1,manual,
Album5002,spotify:album:1QZi8laY96nhaeGSklvN4D,spotify_id,
Album20847,spotify:album:1OvmilWKtrabJGEpPRlgK5,spotify_id,
Album10689,spotify:album:1i0xUSNR8hWBIeaDSnN569,spotify_id,
Album35142,spotify:album:2DkGzzLXTY6lCiD617dJkc,spotify_id,
Album73081,spotify:album:3ofZeSWPHZOE5WC2tNZDez,spotify_id,
Album10834,spotify:album:3miZDfDnP7SmOXAJXWdFmz,spotify_id,
Album34222,spotify:album:5TmpFE7Xus70ko1QYGxFIe,spotify_id,
Album22614,spotify:album:4tI4WJdTN5MzDMRMl2i7VR,spotify_id,
sp:70qW8u5D3htj4ALS9lDfof,spotify:album:70qW8u5D3htj4ALS9lDfof,none,
Album7321,spotify:album:3JcNnjMVSKiNpqhErZarW0,spotify_id,
Album7663,spotify:album:3LXOrVXLXwRiOguE446OZo,manual,
Album5261,spotify:album:6iP3HGmoRXFUrKiml2QVkz,spotify_id,
Album51484,spotify:album:2jTvEM76ioutKODSdPllkr,spotify_id,
Album18891,spotify:album:7FfesnBpgGz8w5MOKFjPRL,artist_title_year,
Album98054,spotify:album:5FmginJ8w1lp2q5IwHTU6J,artist_title_year,
Album35127,spotify:album:5EaD84ux8rRxZmyZlxnG43,manual,
Album267522,spotify:album:4BjBX6Ra2PgsH3qy5NsK2A,spotify_id,
Album5071,spotify:album:0n95ZoggN6kIlKXm9i82lG,artist_title_year,
Album26191,spotify:album:0hMuKAciHKinu4L3R4Ojjl,spotify_id,
Album17048,spotify:album:7xlWX3qBfCI68LjswqlBH6,artist_title_year,
Album762624,spotify:album:7a341nZsSfwyBsq1tMPETz,artist_title_year,
Album27678,spotify:album:4o059zSZzn5fNwUNkH7rzJ,spotify_id,
Album110715,spotify:album:35FT608MafK28IvnHv2xsN,spotify_id,
Album51668,spotify:album:5RadUVxtfqi3AnAumezPvo,spotify_id,
Album6510883,spotify:album:1C1wp0FcQRAU74VfkDWwSV,manual,
Album7967,spotify:album:1zqfyMgA1aXwVDbukfqSdE,spotify_id,
Album22379,spotify:album:34GSeS7UvvKclKHIXohqjP,spotify_id,
Album5229,spotify:album:3e7TxckusgnC1AYnAqbl2z,spotify_id,
Album592858,spotify:album:38njU9hUDO2ruEJN8SzEvl,spotify_id,
Album13054,spotify:album:7ojNQckNp7Tj2BkLJCiiUL,spotify_id,
Album18829,spotify:album:6DzA1MfZQtHsreEiIuI9Rx,artist_title_year,
Album17991,spotify:album:41hU09UUyzizOKkpwfChru,spotify_id,
Album11338,spotify:album:6nch6yenaGbktm4Ldbpa4U,artist_title_year,
Album167375,spotify:album:4Qk5Ifnki13u4bSvNwXM8Y,spotify_id,
Album8865,spotify:album:4fyM6KHHFxkVDYqJA5k2nR,artist_title_year,
Album4170911,spotify:album:0kTe1sQd9yhDsdG2Zth7X6,spotify_id,
Album17038,spotify:album:4NwrXlDpDwvpIPz1esIxnG,spotify_id,
Album57094,spotify:album:1Z78pn7628YXGDecC67EVy,spotify_id,
Album8317,spotify:album:3qzvxfhCWUYsJuVSOSv0AP,artist_title_year,
Album114865,spotify:album:4CR4f60E6sf90KkdBjYSGD,spotify_id,
Album778751,spotify:album:1sORLUoEyeOMWIgCUt3buE,spotify_id,
Album1607,spotify:album:07RAGILF28QweYQSZasr5k,spotify_id,
Album13344058,spotify:album:7AS9VaIdnYSR13T3vkVtu9,spotify_id,
Album71233,spotify:album:53cxrg7kbFQxDizY0kcDQo,spotify_id,
Album14496,spotify:album:062SIuYHTCmS3gAsOupCdA,spotify_id,
Album12376,spotify:album:093nLQ4H81HusNsFdGS4Or,spotify_id,
Album9997,spotify:album:3kPaVfOEEHBDOoAbOMWvRS,spotify_id,
Album46428,spotify:album:5Di7sTCL8zU5rHMl98qliQ,spotify_id,
Album52061,spotify:album:4x60lguRLWOMppq1d5rwGK,spotify_id,
Album194991,spotify:album:6wQmnnsxRylnJYDKwwxy8r,spotify_id,
Album12904,spotify:album:3S2rjqCFfpvZKqGcVkHjDP,artist_title_year,
Album899090,spotify:album:49Gl6jgZx0y0R9tS81wf6a,artist_title_year,
Album8004,spotify:album:0K2KgF0f6iq35vApuNfxXS,spotify_id,
Album26972,spotify:album:2lcz9fPwBhtESyIFVGKvq6,spotify_id,
Album8266824,spotify:album:7GjVWG39IOj4viyWplJV4H,spotify_id,
Album4003,spotify:album:1WVwSy7kIQ5AmkVa1tPppg,spotify_id,
Album6883,spotify:album:28665Y7rUCz2qEnfU4PjTr,artist_title_year,
Album8087,spotify:album:3dpkz0rBs1fkXhTTLlPY85,spotify_id,
Album39722,spotify:album:73VlOsBgtM73Qh8iivxEMo,spotify_id,
Album9479055,spotify:album:5RCDf0SXVDDFh05ENL68JU,spotify_id,
sp:7o6zfGW9eywRuc0eOdzJFK,spotify:album:7o6zfGW9eywRuc0eOdzJFK,none,
Album7547006,spotify:album:0swXkrnGm7RP1BIHiqV8Jk,spotify_id,
Album734252,spotify:album:4GT6uZod4p5RiDMOVHOMme,spotify_id,
Album2687,spotify:album:6Xvc1TfpVEhDeHhmTQEtp0,artist_title_year,
Album9022268,spotify:album:6NTaxSEZsDR5RlGyBzKNmZ,artist_title_year,
Album6024,spotify:album:0a3YQpBnRzJzNktOjb6Dum,spotify_id,
Album5797,spotify:album:6oUeivCrkGIQwM9uSy0N1P,spotify_id,
Album44602,spotify:album:6BjFznpsyrxCFMpp3hzlD2,spotify_id,
Album8510,spotify:album:0NnhSxkvzevSENn2ICzsEo,spotify_id,
Album10748,spotify:album:7jmAoRWQ9qUXtRXUOW2agu,artist_title_year,
Album3614,spotify:album:54DjkEN3wdCQgfCTZ9WjdB,spotify_id,
Album14794,spotify:album:4Dz5vD2zfKr8OVtIgpcWOy,spotify_id,
Album13923,spotify:album:3SE9n6EaVOJ81KA1KPLUWS,spotify_id,
Album1321230,spotify:album:4tAK7NuAunKHYEiof5ikyG,spotify_id,
Album48459,spotify:album:2NFowliSrj8tqBpPMwejkX,spotify_id,
Album44942,spotify:album:2bonSc9cW7a0YcFBiH9naX,spotify_id,
Album11772,spotify:album:0wUJl86iTMrh13tnRU8OTT,spotify_id,
sp:2C9kceX8onhaGScmaT9xGC,spotify:album:2C9kceX8onhaGScmaT9xGC,none,
Album1194,spotify:album:6AFLOkpJjFF652jevcSOZX,spotify_id,
Album43587,spotify:album:6q8vN3Qdyxk6o1fGpY64qz,spotify_id,
Album36420,spotify:album:0aNEUNR3LPUAJnADzFTQrN,spotify_id,
Album307347,spotify:album:2ffCBlm3XEWwJ86x1ehUbc,artist_title_year,
Album15155,spotify:album:61DtdPiA3OixeOPZG4XsZi,spotify_id,
Album22632,spotify:album:4qdtZcA89kw5y6NpjS5zC4,spotify_id,
Album76584,spotify:album:3dmkH0MnFScU9uB1naCAms,spotify_id,
Album60951,spotify:album:3qP1552PV2HoYDI4tB3zEh,artist_title_year,
sp:4IDxQlR4AjOBAsBFLtnqNP,spotify:album:4IDxQlR4AjOBAsBFLtnqNP,none,
Album4818592,spotify:album:2y2QZ4uDpzoZHgH2il5Ktu,spotify_id,
Album26428,spotify:album:4bfwXuecOmNVlPM5RStAiQ,spotify_id,
Album23792,spotify:album:59OCinJRcPyKjFKMSm18u6,artist_title_year,
Album30165,spotify:album:4Xwp8TJPxLHZJdrRo26UmI,spotify_id,
Album1814,spotify:album:4tJPWT4r4FSKwy784Qs1Fq,spotify_id,
Album7661,spotify:album:4qUMByJ3Pk94BFnCmGaUPS,artist_title_year,
Album5267,spotify:album:3sIFpEctox1XOs3FEkqrgr,spotify_id,
Album9486,spotify:album:375U3Kolt8TLiqKg3bUiKJ,spotify_id,
Album13494,spotify:album:74DwNAuirHLDLVLrBQAnVg,spotify_id,
Album19144,spotify:album:2nyDfMhGBwxbpfpyYtnBSJ,spotify_id,
Album27235,spotify:album:7rIrjqUmeFTjw9JH9MWekS,spotify_id,
Album64768,spotify:album:5MEpmt0NCuT3JdjVowCcsi,artist_title_year,
Album480487,spotify:album:6EHyUWhxAzolO2lQBvuxTH,artist_title_year,
Album531204,spotify:album:1n8QZFcwx5aQ2LIIlj0iYe,spotify_id,
Album2616,spotify:album:6ShLKGsrQk9OHXmEBrXJhd,artist_title_year,
Album33190,spotify:album:7dhvHytrXT38CEy21dNam3,artist_title_year,
Album15810,spotify:album:4cO51KBYsdsbmSZleoNEGH,spotify_id,
Album15328,spotify:album:2AijI0LujDEUd9smSk87Uw,spotify_id,
Album14107,spotify:album:2raLQ8VpQxlIjv70bFj8YC,artist_title_year,
Album28605,spotify:album:2UUGvJBpRoOQFwDLtq8KCP,spotify_id,
Album378561,spotify:album:77m6MfPZux3svsluyephB7,artist_title_year,
Album82787,spotify:album:6tdpkGzmZXfzgdh5SPWU9d,spotify_id,
Album122862,spotify:album:7IlVmMivVFljk9enGcIkQB,spotify_id,
Album11024839,spotify:album:6cx4GVNs03Pu4ZczRnWiLd,spotify_id,
Album118847,spotify:album:5yWxoUPj9UREuIgwVfJeW7,artist_title_year,
Album151,spotify:album:3nIU4gxyq0MK4mlWE8ePqb,spotify_id,
Album287212,spotify:album:4cOgC6zXMJwrgmIvC6GJfF,spotify_id,
Album170404,spotify:album:0r7pq9mgyitHNWbWQzpPSk,spotify_id,
Album29000,spotify:album:4ZifLmCPfzhOCocXAMP9Ny,artist_title_year,
Album911794,spotify:album:0XcUYlIr524SvNlpbf50J3,spotify_id,
Album14501,spotify:album:2uXYm7SqdQlOgrx2FEWlkD,spotify_id,
Album26441,spotify:album:1EKOKpUcbqvwxFcmek60Za,artist_title_year,
Album362730,spotify:album:1gd3aBH5lv2tH0mEOYESFv,spotify_id,
Album127292,spotify:album:5dPALShUimDXzytycWVcPO,artist_title_year,
sp:4dMWTj1OkiCKFN5yBMP1vS,spotify:album:4dMWTj1OkiCKFN5yBMP1vS,none,
Album1809884,spotify:album:3Qc2SmiQXrbc8b8QhVKkoV,spotify_id,
Album777097,spotify:album:2nYRylF5uTA1CTtya4qjU3,artist_title_year,
Album9306155,spotify:album:7BbRSUBwTB37ut0Ht3yAqt,artist_title_year,
Album19503,spotify:album:549e0F39N284sxDE7sqGi3,spotify_id,
Album30221,spotify:album:7N3ZysMrLSuJAtPPCjCba0,spotify_id,
Album51667,spotify:album:39ZPIDYNwj9B5x9eUpE2Ie,spotify_id,
Album302641,spotify:album:2L8X2C1ySndk4McTP6lfpf,spotify_id,
Album6543237,spotify:album:1b31QujyuXOOLxasCvfTvn,spotify_id,
Album268491,spotify:album:0JittRuqxUKruy1LlfxY4S,artist_title_year,
Album19746,spotify:album:1YhJAVWHeN2lif2aFHJYVy,spotify_id,
Album10491,spotify:album:2mqMMupKZi5wBf7bXiqDR5,spotify_id,
Album179287,spotify:album:75KzjLsruVDxWJ0bL0Lrm6,artist_title_year,
Album6249959,spotify:album:5hptBuBwjb6Z11tV5bM9Oa,artist_title_year,
Album9243199,spotify:album:7dAm8ShwJLFm9SaJ6Yc58O,spotify_id,
Album5593,spotify:album:3j7nicLAWXM0Fb08q9XGyf,artist_title_year,
Album13722,spotify:album:4IZVVIN1eotOJhqDihuV3H,spotify_id,
Album13087,spotify:album:5iN66znBhr5nr0nuGYDG2A,artist_title_year,
Album138009,spotify:album:6N1YMrQifhHLD4Bmqry5CT,spotify_id,
Album36404,spotify:album:4IyjVInpyMu1LRuZxsoYMs,spotify_id,
Album54691,spotify:album:5zAVx98kVzULf3OrEf4YEK,spotify_id,
Album14663,spotify:album:2wXfYEZKGQlfy2hKZbwtU7,spotify_id,
Album223179,spotify:album:1bCdTx9Z69dRkv7i66ynaB,spotify_id,
Album242672,spotify:album:5ZfRZFsE3rZOOad7zv8fCt,artist_title_year,
Album30881,spotify:album:3AI5kAUjgNtZBwFRi6opDc,spotify_id,
Album755,spotify:album:2XtydLjClSxUt6uMA9Zhpb,spotify_id,
Album11263,spotify:album:0NWXyLhHhaeAmu4eovC8Ks,spotify_id,
Album17325,spotify:album:0ME2xPIm65f5cJve3ALqdi,spotify_id,
Album161561,spotify:album:5oSVYKZLKGCmwYqmJ7AZnO,artist_title_year,
Album191032,spotify:album:7A0cDRZUQt4GhpSrMSfUcQ,spotify_id,
Album290937,spotify:album:2XboSmph1Vu7kNneK0Ay4y,artist_title_year,
Album31555,spotify:album:7AqOsJkpKZdkiap6CmIJ3Z,spotify_id,
Album11986,spotify:album:1X4nZqGyPMACCMs4zx9hH2,artist_title_year,
Album1121,spotify:album:0VskfMaczM0MNAlqqvokTC,spotify_id,
Album8223,spotify:album:3xP4sRiFGlSeoSw5t3Q567,artist_title_year,
Album140,spotify:album:5d71Imt5CIb7LpQwDMQ093,spotify_id,
Album12353,spotify:album:4bi0CKFKviadIaSlkakfN7,spotify_id,
Album182842,spotify:album:3bESeiHwnLYMbaDDIzAHnx,spotify_id,
Album98556,spotify:album:0XQ9pOZFgwcd3PxCs4orpX,spotify_id,
Album1174,spotify:album:52MMrcUtar0coGVHULkuQ9,artist_title_year,
Album188,spotify:album:4S6y2iTYbGONSlNJHYyrVl,spotify_id,
Album400,spotify:album:4KVaUWQnFQSqP3lBViJTO5,artist_title_year,
Album54341,spotify:album:6RNkLWsEaepoRBcbzkAHEe,spotify_id,
Album27906,spotify:album:6tF1cN3VtqVR85ZOyJoRPS,artist_title_year,
Album16965,spotify:album:6rLlfZB9OWMPHzXL04DusD,artist_title_year,
Album28662,spotify:album:0Ez9S8Dhzr1fa6ZCkcIJiR,artist_title_year,
Album85242,spotify:album:4ghtEYUQvecs4H2eHyXYox,artist_title_year,
Album3509992,spotify:album:2JSyzRorOlJzUS4FqWkaBt,spotify_id,
Album11977,spotify:album:55FP2ypQcghszSqylyBRbp,spotify_id,
Album127099,spotify:album:2UBBDl07r4miPVFPp0OMCX,spotify_id,
Album17921,spotify:album:1m0px7K5tJndjxU6RIuL8U,spotify_id,
Album8995,spotify:album:5T06pEavfCaLWxhnq8eNdw,spotify_id,
Album38634,spotify:album:1oiueifrAKrGjrxZzpCYkQ,spotify_id,
Album10817,spotify:album:19rYWxZfMdEOxTDODFjLyb,spotify_id,
Album11402,spotify:album:2qcwXvluk9iFwNNg4eDBXm,spotify_id,
sp:6rzN8DY8qGu4o14HI6TK7w,spotify:album:6rzN8DY8qGu4o14HI6TK7w,none,
Album129555,spotify:album:3lL10MRPKiwSZ8Hard0FNc,artist_title_year,
Album3892103,spotify:album:08aqY8lv4zx4uaqBUpMD8a,spotify_id,
Album12722099,spotify:album:0sLt9EsWnVZgJAO5Sp35YQ,spotify_id,
Album10296387,spotify:album:2GBJg7nTQs3go1w24ECKvy,spotify_id,
Album42636,spotify:album:5MoaDbFw4nrm2P7Om1on3b,artist_title_year,
Album3121,spotify:album:2pTyJZOTqFYn2UPP30zZNl,spotify_id,
Album13683,spotify:album:14LxwpAPXrY2RrfZoiAIZu,spotify_id,
Album5686,spotify:album:1rmhti8uHw21LnaWMQy608,spotify_id,
Album2692,spotify:album:3iC6dJobZulVXp0F4Bojig,spotify_id,
Album36050,spotify:album:1yyAc99TQfIiCBQwgnFeVN,spotify_id,
Album6796627,spotify:album:6C1kxJUSIF3lszIz5oVAyZ,artist_title_year,
Album107316,spotify:album:3Wqic8Xd2GsDuXoV90fmSB,artist_title_year,
Album38388,spotify:album:0RX6I7fDn46N8P6lhm2I3h,artist_title_year,
Album19292,spotify:album:2LxncTIR5lf2dzoZb3QNC6,spotify_id,
Album2869879,spotify:album:3NbIhR8hfscuwmD7MWBXpz,spotify_id,
Album836101,spotify:album:3UVkOSdpk7qDgh2M09vAyp,artist_title_year,
Album3584,spotify:album:6YNIEeDWqC09YIWzhoSVLg,spotify_id,
Album8413,spotify:album:1iVf41qWHZsAk9DwY43WnV,spotify_id,
sp:0XTMPQ2ktKd6GNs7sFXfCC,spotify:album:0XTMPQ2ktKd6GNs7sFXfCC,none,
Album59263,spotify:album:4mywaTqTdSJUikLyiVqjjX,spotify_id,
Album68616,spotify:album:4zWqQOob980K9drUrUGM8M,spotify_id,
Album28460,spotify:album:4y0wXNP3t9rUv1y58Peuj1,manual,
Album2398,spotify:album:2kTTz2kpR2AXtBmiIZEyyv,spotify_id,
Album9521273,spotify:album:60JwRRKU6wsdJex2cbq974,spotify_id,
Album4544681,spotify:album:2GFFxj8aR2XpwIMYanOPjh,spotify_id,
Album5377,spotify:album:71I6DvVoUfYmszlwb6is18,artist_title_year,
Album361683,spotify:album:4Zx7hlALHjjmjAXOSCJQCg,spotify_id,
Album40312,spotify:album:2nknlmZyMtKyHDstDWVQVV,spotify_id,
sp:5Fmv5hoJBVLxmtYlH7IW3L,spotify:album:5Fmv5hoJBVLxmtYlH7IW3L,none,
sp:1kPp7AOikyDNfeTct74vBG,spotify:album:1kPp7AOikyDNfeTct74vBG,none,
Album12746,spotify:album:4twSmtePdvfZhSpI2LV5W2,spotify_id,
Album926279,spotify:album:1mz6AZJZanmgynkVQgflMK,spotify_id,
Album191048,spotify:album:1Cq3IkhigTNy2NqCGxf8UJ,spotify_id,
Album16026,spotify:album:77PY9VYriArqduEpkD2Ues,artist_title_year,
Album11837,spotify:album:2E4Zyg78Slt7IyJhIbYbtW,spotify_id,
Album6464,spotify:album:479bZ6qz6NIBHMex9X1Awy,spotify_id,
Album22729,spotify:album:1yyFmCMeNtuLWsLZAXPStf,spotify_id,
Album37581,spotify:album:4jY3KTb8z9OZiIM92pTuNe,spotify_id,
Album1075,spotify:album:160wKL8ToSj86SmU6yF9bQ,artist_title_year,
Album3148,spotify:album:2I5WCmOZo17YkcEwjXbLvc,spotify_id,
Album213,spotify:album:1zB3OwsKut94AnGBazJUlZ,spotify_id,
Album5659,spotify:album:7x2Smoj4FGRfcDHbwmDMaJ,spotify_id,
Album24782,spotify:album:2eJ16Qbdiy9M1eXjUvG55Q,spotify_id,
Album294287,spotify:album:3Hq6RG8OqpKUWf2cPxCUay,artist_title_year,
Album4199077,spotify:album:1OhcoQdeYqt68I22NWEdF0,manual,
Album7229134,spotify:album:6d1hIoW2Xvv7n33kAQV8nG,artist_title_year,
Album16945,spotify:album:70jZZmjYuS55W1yAJSWUOW,artist_title_year,
Album10482,spotify:album:4JLLAw7R40SnvwkUt9B63N,spotify_id,
Album12451,spotify:album:5MuOxoJbvmGGIQxo6Pudu9,artist_title_year,
Album1982,spotify:album:3ExyKxlUkqD41I8tQumMDF,spotify_id,
Album3584810,spotify:album:5UQo0dIJc9nfkt2HWd2GCp,spotify_id,
sp:2W7aQrGUh6ZAONQYGTd0xr,spotify:album:2W7aQrGUh6ZAONQYGTd0xr,none,
Album47971,spotify:album:7Ed3FYhnzZwT8wAtOApYpd,artist_title_year,
Album27234,spotify:album:2mU2jRMwrsL1tG97xKoiav,spotify_id,
Album305947,spotify:album:0qWyN9Kpv8oCmCkDRYkvYH,spotify_id,
sp:4H6JMsvxmh0U7VBYiWiyLa,spotify:album:4H6JMsvxmh0U7VBYiWiyLa,manual,
Album12411,spotify:album:4YA8LIlVfST5TfphOx28VI,artist_title_year,
Album38563,spotify:album:6IBaXde5iwOzh8MQCehNll,artist_title_year,
sp:5w3wNBSUiCEzUX1cRQHebg,spotify:album:5w3wNBSUiCEzUX1cRQHebg,manual,
Album621000,spotify:album:4KJARfekEfYH6zGKus6zvz,spotify_id,
sp:0PT5m6hwPRrpBwIHVnvbFX,spotify:album:0PT5m6hwPRrpBwIHVnvbFX,none,
Album204525,spotify:album:2bNjljctm6ynfp9Xzdy7RI,spotify_id,
Album155923,spotify:album:6fc4GX6bZuozIrmFMAbvB1,manual,
Album143501,spotify:album:0BP7icmUBO6wGRTtEGVDmY,spotify_id,
Album633771,spotify:album:06OSqyKtj55mAoDYs9rtmf,artist_title_year,
Album2597,spotify:album:1qhNLXBmt1EW6Kwt2A3u8M,spotify_id,
Album11514,spotify:album:2Eaep5bQ8I6ygLtzVJ2CWz,spotify_id,
Album773496,spotify:album:43jEYhOEU6eWL51lk4l3M7,spotify_id,
Album460,spotify:album:3eXETk1esvZPRluDCWH3GN,spotify_id,
Album8222,spotify:album:4oOLIzpYjdiutQOAIskWEV,spotify_id,
Album40375,spotify:album:0lZL0rWuNlQK1THS78Awef,spotify_id,
Album15458,spotify:album:15lT31vL53ez4CQ41t26aK,spotify_id,
Album20231,spotify:album:03ekXZmwNTV9Yxmvh14OQ5,spotify_id,
Album798313,spotify:album:4zyz5638QQykrPQcmpcrsa,manual,
Album42840,spotify:album:7h6vVYPUiuDF6KKcqMdE72,spotify_id,
Album21706,spotify:album:0pnfAfxWOgHwPgGnrVv6q3,artist_title_year,
Album38646,spotify:album:2QVsC1yBvWEYafkP5cxmoR,spotify_id,
Album36490,spotify:album:4UTjy2dLYT8i8ItyboijlW,spotify_id,
sp:21zdv4QjuegVPhA9tro0HF,spotify:album:21zdv4QjuegVPhA9tro0HF,none,
Album589883,spotify:album:4MGdY1hGi1FhQAHB2t3rbu,manual,
Album6541,spotify:album:5SHta5TtyI85Vb9pUBMYuG,artist_title_year,
Album33,spotify:album:6AoSTHrd6oEaeUYBEGdLTb,artist_title_year,
Album8333,spotify:album:1jKfTvT64lcQwA74WmkKiJ,spotify_id,
Album6350,spotify:album:5aEtg4dxdBk4pj6SJ3hNsM,spotify_id,
Album10698,spotify:album:0dYgfOuAerUldWRodoOR6J,spotify_id,
Album2315,spotify:album:5cIvu6047CsrlgRcdwd2HQ,spotify_id,
Album381,spotify:album:4GQmfMtt1JhIQLK3L6p5lo,artist_title_year,
Album14075587,spotify:album:1rGfm7jdqOjE2uMcbhbJsp,spotify_id,
Album3112003,spotify:album:1ijkFiMeHopKkHyvQCWxUa,spotify_id,
Album54237,spotify:album:2dsmGxE74ufKZgSFpEMxel,spotify_id,
Album678937,spotify:album:1Ye7yrA7vAlQnoooj8yDXb,spotify_id,
Album4080,spotify:album:0ro1nMcC5plZFsmCOSIThY,spotify_id,
Album18584,spotify:album:1piwOhCQ92jysdChq3IRz9,spotify_id,
Album17504,spotify:album:69OZHsomLpQigZdQuTWHqx,spotify_id,
Album1238656,spotify:album:2m0uIi9JSavuNvUqcmoANs,spotify_id,
Album43384,spotify:album:0BhLoFoihkp9C1exHAeFcA,spotify_id,
Album19091,spotify:album:40epQ5uLIK1k7mGL0ESpUn,spotify_id,
Album623652,spotify:album:1zKfZfFQHrH0AqEi7vX3UL,manual,
Album84232,spotify:album:3j9nlCtanXCPvoaFzrpjPs,spotify_id,
Album9380245,spotify:album:12Biup1Sq5hpHsX85gJPb2,artist_title_year,
Album3139,spotify:album:3k9p0yOIiw3O39chv3fYYO,spotify_id,
Album2951,spotify:album:6mj2i3KuoT6flvb5KDYDrW,artist_title_year,
Album15397,spotify:album:7EJ5pXrSqqfybKyfbvlz84,spotify_id,
Album3956,spotify:album:4fUOOBGNI8k9cb4vD2hZ65,artist_title_year,
Album5263805,spotify:album:2j2q2ySuVk43eHB8wI5XQj,artist_title_year,
Album5969,spotify:album:3usnShwygMXVZB4IV5dwnU,spotify_id,
Album6536,spotify:album:4QhvqS4OQ4Lxe78Bafn8VH,spotify_id,
Album16242,spotify:album:6UQujMGmR5MbFsML9amCuN,spotify_id,
Album1831033,spotify:album:35xD8dlnFbE4ZnXXmbWq52,spotify_id,
Album8841940,spotify:album:5WyVg6gJ9kCPkZs4zhIrDz,spotify_id,
Album195476,spotify:album:3KOb89iLJqn8d2jrBfI6fa,spotify_id,
Album24998,spotify:album:6pZ5dSsfNRSuMV9RcMyfwU,artist_title_year,
Album1021691,spotify:album:2h8x8HL7N3grURq1OM77ja,spotify_id,
Album80239,spotify:album:6ZWiiTI0sHXAuzkv8x4Tth,artist_title_year,
Album30967,spotify:album:3UDUfP6VuzRMi1e2MaNSPQ,spotify_id,
Album301814,spotify:album:6NCWa4zayILcELsdLE64Ye,manual,
Album210707,spotify:album:3aJNsCTs6AlnGcLs2b6Rc3,spotify_id,
Album149975,spotify:album:2pXBGmVStydqqBl2dEgFyF,manual,
Album840994,spotify:album:1NIA5CBKRCLpHL62x7GcAZ,manual,
Album3146,spotify:album:0m2z3FmoowUGY4Gwu9y7nh,artist_title_year,
Album8545,spotify:album:2oYx947UgPPrsPfVLWUorC,spotify_id,
Album1729,spotify:album:12N6IsuqIJzbTXdIrJnc9b,spotify_id,
Album8055,spotify:album:1yBoaVrgcup2hX2DCYUajs,spotify_id,
Album8266,spotify:album:6VWKy5o2OcdeWa7yolazjU,spotify_id,
Album5854,spotify:album:27EEeQwWctNFwKzbYYB7v4,spotify_id,
Album700651,spotify:album:3uei5LFX4boIwVER1zdLD8,spotify_id,
Album82832,spotify:album:21cWEEPB4lCj3LBRhYAGR7,artist_title_year,
Album14331,spotify:album:3FuJjgDLCnwRgnRLfjjGPV,spotify_id,
Album800443,spotify:album:3L9sVl5T7UpFK6tNeEiXdy,artist_title_year,
Album216545,spotify:album:0jYAaOU9lsYNLsJ2IgVKKx,artist_title_year,
Album4612073,spotify:album:68PRq4zj7YXMwiUq6FNGvR,spotify_id,
Album12306083,spotify:album:4j7wEZWND7GIh918rLgYHQ,artist_title_year,
Album2087,spotify:album:0ICtvzBaaupE4LifaYbFAj,spotify_id,
Album300198,spotify:album:2JxGjppgggSLzcZKiozHXD,artist_title_year,
Album121695,spotify:album:1WZ9u1VDIih007LAC6VfpA,artist_title_year,
Album18812,spotify:album:4DjSI3qiOKsUlZo4NsgYFq,spotify_id,
Album7651,spotify:album:3wKKm50QVr41XULVtmY6JF,artist_title_year,
Album31845,spotify:album:4tAVbKbYeZ4fJ3jT5i3LQS,spotify_id,
Album44336,spotify:album:2GkG26CJD8opQ9PDfkaEB6,spotify_id,
Album187422,spotify:album:4G5x7bVzIa09nPgdPEpokm,spotify_id,
Album301577,spotify:album:3DXgUbJhOxidQC3l0tegY9,spotify_id,
Album41883,spotify:album:74JxnRC4sJf0brcrya2ibP,spotify_id,
Album10059347,spotify:album:0HmKhR7Umt3ACs52ZLnKyK,spotify_id,
Album7745,spotify:album:1oupMKdNzd7u1isqbtM4so,spotify_id,
sp:10c97X3beLEDlzFvyeUR7s,spotify:album:10c97X3beLEDlzFvyeUR7s,none,
Album5481,spotify:album:0DzC0tyowMi2O9QfkDRvfJ,spotify_id,
Album516,spotify:album:7CSP7J60QKIBCqOV64qILq,spotify_id,
Album7121,spotify:album:3OrucS4sHv6Bl9GS4rafEk,spotify_id,
Album28169,spotify:album:3nYpH1H9zjeeANZv47LDap,spotify_id,
Album139386,spotify:album:1P3raU1xm412te9bcdNrwJ,spotify_id,
Album7386,spotify:album:2gWrUaBkh1uQARjbjvUGNp,spotify_id,
Album13948,spotify:album:0el78UTVnWvLJ9JTQxWQFy,artist_title_year,
Album6427,spotify:album:0CIh8QCK9o0mKyzzNWzjUZ,spotify_id,
Album15728,spotify:album:15UcGyiZaQujbZ2n8ACJ5y,artist_title_year,
Album78166,spotify:album:21EglTSwzUorpiXpMBNW2E,spotify_id,
Album28670,spotify:album:3ZXltFjYe3gkvgk713CJja,artist_title_year,
Album141,spotify:album:3ZGUBwDiY5HPOcWv4SBPQg,spotify_id,
Album6548,spotify:album:3cpNHI7xhNIosF9WjSk8Zh,spotify_id,
Album10328,spotify:album:1dOkDBglUdG7S1AS0Pg9KC,spotify_id,
sp:7gTcPv1bE0THbjuvDbK1gq,spotify:album:7gTcPv1bE0THbjuvDbK1gq,none,
Album20351,spotify:album:3kvJOGLuuWZnbg4rjnuSzq,spotify_id,
Album41113,spotify:album:47tCUjdbodI5G1v5GNfa07,manual,
Album123777,spotify:album:04nhRulMSOvcRCGRTa7I5l,spotify_id,
Album55541,spotify:album:0rFAWPQ2ukVsVO8mH4dxMW,spotify_id,
Album39026,spotify:album:3muGTMrpipNPtGfwMyH7lf,spotify_id,
Album255924,spotify:album:5Qn9AJT7wY8kXdLEO4Wvm8,manual,
Album2387,spotify:album:4fW7CblaSvdhPWmcCFgZbQ,spotify_id,
Album527757,spotify:album:1fvWYcbjuycyHpzNPH1Vfk,spotify_id,
Album5323,spotify:album:5VIQ3VaAoRKOEpJ0fewdvo,spotify_id,
Album906080,spotify:album:0pR2aVMa03OjgroeQcDwQQ,artist_title_year,
Album1421,spotify:album:3OpKtGldm7NzZVVn1LFlYn,artist_title_year,
Album36806,spotify:album:6M0IAJHwQ6dFNtTkFsXCJc,spotify_id,
Album13344,spotify:album:16l5pMsJoz1KoHrxvXREBs,spotify_id,
Album38250,spotify:album:6haDxdERWK3rdVCGc2jr8E,artist_title_year,
Album526152,spotify:album:4BF1mMXkDo1NcJCgEBXKEk,artist_title_year,
Album147308,spotify:album:052EiTRYh35MuDVJN9Emdh,artist_title_year,
Album106616,spotify:album:2xDo02ZrqGjkkOcsm35E5L,spotify_id,
Album12277,spotify:album:2CdmVpeV91e5nfN1kJ6hGj,artist_title_year,
Album583,spotify:album:1pK8MLyjgvt8pNVkQCBnSg,spotify_id,
Album4504,spotify:album:19GlIEIJqujc5U5B7PETZW,spotify_id,
Album134208,spotify:album:0F8c8Qf6la3XfLpVP6qDoU,spotify_id,
sp:6V5NAHsrYhmvKlSshbSCKv,spotify:album:6V5NAHsrYhmvKlSshbSCKv,none,
Album695205,spotify:album:0RnWcHck1zMA2xIPxDMNkH,manual,
sp:5nS5P1ezMatxfaGOXVw1lK,spotify:album:5nS5P1ezMatxfaGOXVw1lK,none,
Album12736749,spotify:album:0S0r2RFucaW9kVjBtcBOV1,spotify_id,
Album2682,spotify:album:4pWLQ312KAN43yhm3omkZo,artist_title_year,
Album31354,spotify:album:2HOl8gDiGGpt7wsIDi9jy5,spotify_id,
Album11525,spotify:album:0DHKadXfnYCAXp28F3HI8U,artist_title_year,
Album4069,spotify:album:6cLZ5x6ebuIOTUXxaDooxH,artist_title_year,
Album177783,spotify:album:7qvw3MPdulHThAPqaM9ynF,artist_title_year,
Album36427,spotify:album:6UGZ5FUUu2W0MWtEUvEcIJ,artist_title_year,
sp:1GYG80diXFWYwH7FJB7KeC,spotify:album:1GYG80diXFWYwH7FJB7KeC,none,
Album10869,spotify:album:0JBHHEhE183h0kKx3uM3nB,artist_title_year,
Album66032,spotify:album:5ma9r5NFV0poevmydI2qgO,spotify_id,
Album1185,spotify:album:6Y2JtITG6uG0UiA8bnowPl,artist_title_year,
Album17058,spotify:album:01fhMBV2RCTUsl0D47PH45,spotify_id,
Album28288,spotify:album:2aZJ2ficY62PipHzQRJ7IK,spotify_id,
Album19113,spotify:album:1BQYS7PTIxgYFY4mv5P8M0,artist_title_year,
Album11072,spotify:album:6oBCrRVCWpqR4YpNIqQRlN,spotify_id,
sp:3IpexZ309jiPcLdFkz3S6F,spotify:album:3IpexZ309jiPcLdFkz3S6F,none,
Album16533,spotify:album:3whc6JMkDLZMngoWFIMJYV,spotify_id,
Album185428,spotify:album:1Eh8uP6MvoseEDTWIb8qv6,spotify_id,
Album232545,spotify:album:26YyS4YkKRniunBIYTaNnp,spotify_id,
Album106881,spotify:album:7AFeyZd2N1i4LTzIZ2V8u1,artist_title_year,
Album152892,spotify:album:4Bxg4OFb2wA6IjoeuWilRF,manual,
sp:2wb0OEOLPIiEtsqq2tgCk5,spotify:album:2wb0OEOLPIiEtsqq2tgCk5,none,
Album10951063,spotify:album:4OIvs636Rl3NeLlsK9Wktt,spotify_id,
Album15910,spotify:album:7hodLjVNQZSsNEqvG77ZkI,spotify_id,
Album19400,spotify:album:79fVRZLnIqS3FytTLfTBT4,spotify_id,
Album36851,spotify:album:58prqRgtdMtOi5ztZnjJya,spotify_id,
Album27810,spotify:album:0WKhPnfRID1dnS1aNrhz2H,spotify_id,
Album24821,spotify:album:0dSFSlppCQph48h0RE52iH,spotify_id,
sp:5CXS5K2wldOxL8bweRXBrq,spotify:album:5CXS5K2wldOxL8bweRXBrq,none,
Album11773,spotify:album:4kx7aFf7y6LaOA7Ia4fQ1E,spotify_id,
Album3177,spotify:album:0y79HnVGwEtybfIcfD6M7N,spotify_id,
sp:5hxuV74aEJSWI4bI53x0x6,spotify:album:5hxuV74aEJSWI4bI53x0x6,none,
Album683588,spotify:album:5GjRzygj2zscprD7zPYSt0,spotify_id,
Album1601358,spotify:album:4J79cxsmRqZbI0BKmNFDy2,spotify_id,
Album6165650,spotify:album:4tsMFFM75X0MumksfgBEl2,artist_title_year,
Album210384,spotify:album:632b0oXuFpstA4DO2cUKdG,artist_title_year,
Album838,spotify:album:0aK5dy5LwiTYlftj5VboRk,spotify_id,
Album18078,spotify:album:1c7eigkoEcDAKKhkajY3Br,spotify_id,
Album22337,spotify:album:1nsIRkZgu9u4I1CigRiMqv,artist_title_year,
Album605812,spotify:album:4yItCYzksCSiB8RcUsAdSg,spotify_id,
Album382,spotify:album:4DkUmnDgrkBTk1RGLCTZcb,spotify_id,
Album19090,spotify:album:2zaIMRTlztlfkxLoo5nPtf,spotify_id,
Album147426,spotify:album:4WkmUufgOqsE35z6VaQnCF,spotify_id,
Album77812,spotify:album:0gS4PbZd5DDGqSJBxswZyM,manual,
Album184725,spotify:album:1PkZLakdeWADlSwa9SsV91,artist_title_year,
Album24016,spotify:album:2bW96QNHxL6oDb7kERQrA1,spotify_id,
Album82942,spotify:album:5SynQAltvwPyTbz3m8axVl,artist_title_year,
sp:5Vxc9B6az1b2nrAALBaOwF,spotify:album:5Vxc9B6az1b2nrAALBaOwF,none,
Album358836,spotify:album:0wBiN0fKhy0ywx732SpgUs,spotify_id,
Album2758328,spotify:album:0C4ZMhVs0I7bHbRdsBWpDV,spotify_id,
Album262,spotify:album:3Wml3n8kxQ1S14zXynLduY,spotify_id,
Album6041193,spotify:album:0baF9vmYPxlYUIyJxkmseH,artist_title_year,
Album187496,spotify:album:5GAYe1rmblFTLdsX1jGHFa,spotify_id,
Album191130,spotify:album:1rdVGFcmOnQzjEsW4fI45P,spotify_id,
sp:5ttDbNMKXczvp0Z8QRgKs6,spotify:album:5ttDbNMKXczvp0Z8QRgKs6,none,
Album17527,spotify:album:5a8cjdV55tR5l2noku0vVv,artist_title_year,
Album129557,spotify:album:37EgZgL425BrEDh7fM06Mn,artist_title_year,
Album91649,spotify:album:0fXZAZ5XejnxhgRV38SH5I,spotify_id,
Album797286,spotify:album:1qNCSJJHFZTj7ZNMSu8ypI,manual,
sp:2uqRXekelqGRFSWNalNxE5,spotify:album:2uqRXekelqGRFSWNalNxE5,none,
Album23,spotify:album:6gMv3MgFlieOM6Uz5GZBzy,spotify_id,
Album165509,spotify:album:3WWH7Il1EkJTNO9ar0wtxg,spotify_id,
Album2092,spotify:album:1nR4jUJsEkWlcu1bOPsWwr,artist_title_year,
Album42700,spotify:album:1a3pru3t4DuZoGHBpCNM66,spotify_id,
Album6630,spotify:album:1K9yhJFW4FR8Rc1VURWA5T,artist_title_year,
Album8324,spotify:album:7F76o5x7W6dgfmgcVDeBH0,spotify_id,
Album2694520,spotify:album:4Rti9CCEIh5I2ftLnojajm,spotify_id,
Album5545,spotify:album:59RclwjkzMJTJZNxrfGdLC,spotify_id,
Album2561289,spotify:album:6EsKaEdZdnvwdDFZpWG1C8,spotify_id,
Album289910,spotify:album:07OIHrTqjSUte2hRRDXZd2,spotify_id,
Album13539,spotify:album:6CYyrh3J08jXacgo9wHwsU,artist_title_year,
Album12106,spotify:album:63KwwYvJMEv7IiC5GPd36w,artist_title_year,
Album238970,spotify:album:6SS8I9qRTwh0tMdAYoTbat,spotify_id,
Album138641,spotify:album:0aklJ5dSk3BurxVmzhWSic,spotify_id,
Album8005,spotify:album:3G5iCTzNK5vziwaYcx7jQV,artist_title_year,
Album18827,spotify:album:5d5i2yTu6MBzvdAX918Fkm,artist_title_year,
Album494216,spotify:album:4SZko61aMnmgvNhfhgTuD3,spotify_id,
Album5082240,spotify:album:6mueTLPXfvXjl61ymHHwY8,spotify_id,
Album2592,spotify:album:6BOlD6UGUg45IsUXPSplkY,spotify_id,
Album10509606,spotify:album:0cIIXn7HSL6zFbAsSO3Lrz,artist_title_year,
Album14371,spotify:album:3JcGvIvnxfc96yTxAnOXiR,artist_title_year,
Album91170,spotify:album:3xTvTulNR8Ba1uk0oDaQbs,spotify_id,
Album64784,spotify:album:2qimhNvbQmkAxG9GS8wj5M,spotify_id,
Album170708,spotify:album:5vdrwfHDvlTxsexsRECXZF,spotify_id,
Album1116585,spotify:album:0TDR91zfgRBdMV6iX1whhj,manual,
Album41169,spotify:album:5whqFDdbEZHSaKHrTfuWbX,spotify_id,
sp:1Yub41uoYXCmT10jjaEYiz,spotify:album:1Yub41uoYXCmT10jjaEYiz,none,
Album1709,spotify:album:3umFHeEpc4yLXtrRcv9gLN,spotify_id,
Album796730,spotify:album:5oNWGhIs9vpB6FJ6rv5VuO,artist_title_year,
Album4073,spotify:album:6wgUZyqE6FjVY9eNBtrf48,spotify_id,
Album256025,spotify:album:1sDBYpSKopHBSHj0q0oaIO,artist_title_year,
Album2914,spotify:album:48GGmpBc95QDjLpqTKX7GP,spotify_id,
Album5628,spotify:album:5tdGgaiW18D6bjHFLhtblL,artist_title_year,
Album5000371,spotify:album:2IIjI7Lh23ImdyzrzXDhHG,artist_title_year,
Album11343986,spotify:album:6Pp6qGEywDdofgFC1oFbSH,artist_title_year,
Album6126,spotify:album:3D6BriGykla1Qi2YzeoE7X,spotify_id,
Album20866,spotify:album:57OaCjNI4k5JrnKuJW2J2h,spotify_id,
Album118966,spotify:album:0xym0raBJhG64y1Oc179TX,spotify_id,
Album13333,spotify:album:2tNdnAUaaomEEQIsc3Y7TC,spotify_id,
Album4262885,spotify:album:55fq75UfkYbGMq4CncCtOH,artist_title_year,
Album1215910,spotify:album:2Wh8BfMZSFecEbzd5YjYK6,spotify_id,
Album110153,spotify:album:2ZE5n4KYOMWIF3rAMYdZo3,spotify_id,
Album1667,spotify:album:6t7956yu5zYf5A829XRiHC,spotify_id,
Album4997,spotify:album:2QgGoL5VSQhPHudTObS7zK,spotify_id,
Album3674189,spotify:album:2AX3vMS7gYbrS7tALE4U7Q,spotify_id,
Album72093,spotify:album:0jXfYNJ1Pa3bJ0x6GZWRvK,spotify_id,
Album7287369,spotify:album:0uYATlPpnvkSvsjxWg8ZB3,artist_title_year,
Album43479,spotify:album:2akec72Ypln9yScfhHo8rm,spotify_id,
Album288646,spotify:album:4lyOWeTFrmIdVHz36rgMnN,manual,
Album51299,spotify:album:2NOBnSukNfM2a050kyTI7U,spotify_id,
Album3676,spotify:album:2UDDZVesmQwA4aYfa55diS,artist_title_year,
Album2798,spotify:album:4Y2jEzU70sLpTCMCl6JE0t,spotify_id,
Album874217,spotify:album:74wImGbm2f19lrSbMLuTnl,artist_title_year,
Album3719,spotify:album:3WQpmFc7GonmzN40EjbbKY,spotify_id,
Album4423063,spotify:album:3hVzkA43GoKicPTs5rDr0u,spotify_id,
Album6496,spotify:album:6wDCNTOXnKI8E4WrsdeJH9,artist_title_year,
Album10488,spotify:album:1uPpf0LfR227I6vruxYkxZ,spotify_id,
Album775507,spotify:album:7ea8NdSdM8xTsJT6dCfE3u,manual,
Album298727,spotify:album:6JAj80R40giQEAg3Le4CPE,spotify_id,
sp:48pTUkzVI2oGMNc3x5fL5c,spotify:album:48pTUkzVI2oGMNc3x5fL5c,none,
Album169559,spotify:album:3TIorpubpykzUFdUNBLOdp,artist_title_year,
Album824043,spotify:album:7zKh1YV5QKQEDmU042jwc4,spotify_id,
Album644355,spotify:album:7wTiVd5wU0aFVXxceOsvHT,spotify_id,
sp:6wCttLq0ADzkPgtRnUihLV,spotify:album:6wCttLq0ADzkPgtRnUihLV,none,
Album657765,spotify:album:0hWjBUtA4eoFsyh6lygVRN,spotify_id,
Album6426,spotify:album:3L8loctj4t0QbqBH3NTcoU,spotify_id,
Album11351,spotify:album:6QPFCq6SHAOhBI1Vf14G0y,artist_title_year,
Album15346,spotify:album:22ko2kzoKaPb6s5E1XAalc,spotify_id,
Album2562,spotify:album:3ScnBmNrSaz9YHNNwceSXw,artist_title_year,
Album9495,spotify:album:5pAMk4oTQDIp3tgGktPWCD,artist_title_year,
Album6499,spotify:album:6DUa06cy7WWvhba9Jiheyg,spotify_id,
Album20733,spotify:album:6NqP2oaumNCKtIoxIpgPKj,spotify_id,
Album11166,spotify:album:2Fclbi5VpBHutl9hTsX7Du,spotify_id,
Album7919,spotify:album:2fgQN85UzwZMRIBTs06FjX,spotify_id,
Album8109,spotify:album:6JyNWU5OrHs00ayVrY896l,spotify_id,
Album8194,spotify:album:5vHDwkXdVRGHTCpc5is4Vo,spotify_id,
Album1988234,spotify:album:4bKHXqEVmt32YU7u51GIHB,artist_title_year,
Album101727,spotify:album:4qkV5iPkYOzXBveXuFIRQC,artist_title_year,
Album7468467,spotify:album:666rsOsL45p68o5BzooByj,spotify_id,
Album12729197,spotify:album:6VaoTOvunSzRV23wULeq9p,artist_title_year,
Album149515,spotify:album:5CXrZiNSw4wQaJsmitefNn,artist_title_year,
Album17282,spotify:album:13VswLN6aR21TxQPNMbJdo,artist_title_year,
Album39117,spotify:album:0C8EEyZ2dlEyqhcppwICpf,spotify_id,
Album12116,spotify:album:00QhioPN9frbBoaG7m2mut,spotify_id,
Album335638,spotify:album:7u2w8suqknN2Dzkw8GdeZK,spotify_id,
Album4675,spotify:album:1d3gakptaQZQ4zw9YbOagk,spotify_id,
Album10327,spotify:album:3Pj4GV3b0MKGu4P0Ujfxpq,spotify_id,
Album213149,spotify:album:2TMWCJY9aUW2KLBZAuuyaa,spotify_id,
Album723449,spotify:album:3pDG0vQ5LfL2BQZJJtkbg8,artist_title_year,
Album872566,spotify:album:0hQxcmPGVDIzaobybrpnRn,artist_title_year,
Album114,spotify:album:0xzaemKucrJpYhyl7TltAk,spotify_id,
Album7602,spotify:album:7vC6N6yr0lqOiyp7AYX1qH,artist_title_year,
Album871691,spotify:album:1FTIJYaIRbesBQWL9quJz8,spotify_id,
sp:6jTcrXW3mOPSDlQrnekktc,spotify:album:6jTcrXW3mOPSDlQrnekktc,none,
Album118900,spotify:album:6wcNGsQ4vN5gPD8jHZFWBo,spotify_id,
Album113420,spotify:album:2atnsiXP0oFjUE7SGFdzNA,spotify_id,
sp:0N9j00MnnGVvDGrra3hB6o,spotify:album:0N9j00MnnGVvDGrra3hB6o,none,
Album1119,spotify:album:05Zo2yt4reflRVNXFOYxDD,spotify_id,
Album10551933,spotify:album:0xeEJgJP2Mkyr3dMKbCQP3,manual,
Album5989,spotify:album:6NuVZbtcscN4RpgZd5UzQy,spotify_id,
Album10553,spotify:album:3puh4gwTuQFlPTZaEezmqa,artist_title_year,
Album3821,spotify:album:6GPHWrMQG5Ns8O3aQKMro2,artist_title_year,
Album8099,spotify:album:4ulzs5TfEGFJjt5YDATwMM,spotify_id,
Album5360,spotify:album:0JfCEzWgcuUxrAUZw5eUT4,spotify_id,
Album40097,spotify:album:31MYZcl7P75zq5Zcys5wkx,spotify_id,
Album7266,spotify:album:3xahx7Iltwae47PApCovO3,spotify_id,
Album6428,spotify:album:2S5MzNaOk2kXrwmNhMngRV,spotify_id,
Album1847613,spotify:album:1SlZCvQYF5aKtFiFd65dVY,spotify_id,
Album56879,spotify:album:4AYyCHAZTitNhj1tm2e9Qa,spotify_id,
Album186077,spotify:album:4Cf6WflKk1FEtffkm9h1U7,spotify_id,
Album85780,spotify:album:5PuProVWIJgY8aKyM8hmYH,spotify_id,
Album5640,spotify:album:4lOyLeKXK85ioR4wpKjZ6Z,spotify_id,
Album61319,spotify:album:0WKeD3HWbimSq1MjE23htS,spotify_id,
sp:11RrIE8R4WdmybwaItRa97,spotify:album:11RrIE8R4WdmybwaItRa97,none,
Album199159,spotify:album:5kJYRgdltMekWMls3mEBSE,spotify_id,
Album819606,spotify:album:4HHzCznMAgT2IakfthHloQ,manual,
Album39720,spotify:album:5o5qYy6hUQwHP2zSqqRC8N,spotify_id,
Album116869,spotify:album:3sNPwtcV7Xv9CixCk0PpqP,artist_title_year,
Album160120,spotify:album:1jhq0zgFSfoj8cB9wA5OE3,spotify_id,
Album2415899,spotify:album:0Mmmx6UTqiwBUfW9z3nFyL,spotify_id,
sp:11y3Dzg44npGsTWKtmuzTW,spotify:album:11y3Dzg44npGsTWKtmuzTW,none,
Album94557,spotify:album:7HZDdk6DndaTQ8vwI9Bpab,artist_title_year,
Album141391,spotify:album:4ZlES861bCGKTdlHUto1Gv,spotify_id,
sp:1zfh94JtrSuduoJzGitL9D,spotify:album:1zfh94JtrSuduoJzGitL9D,none,
Album8125,spotify:album:0WjbsVF6LHmk1W5ofCOiVm,spotify_id,
Album7250,spotify:album:708Whrc4abJEtqBINv9S2b,artist_title_year,
Album45743,spotify:album:3ocG00JU14lcxPPIQQZbyN,spotify_id,
Album16325,spotify:album:2IfufXMgO8WKAIEeyNbzoY,spotify_id,
Album18635,spotify:album:1emEbOQXpRLS1TZeULuIvd,spotify_id,
Album13711,spotify:album:7mQGTuvmdp56DNz0AmMwWi,spotify_id,
Album1043555,spotify:album:54daOPIltD5nDPP3bWzEXQ,spotify_id,
sp:4bNE83zw6uZs5FyDFnSCui,spotify:album:4bNE83zw6uZs5FyDFnSCui,none,
sp:0kL3TYRsSXnu0iJvFO3rud,spotify:album:0kL3TYRsSXnu0iJvFO3rud,none,
Album138739,spotify:album:4eBP58Wc5U1rmNt0BdQmMa,artist_title_year,
Album22039,spotify:album:5oKZacGOXxb7A2OwXgh9UY,spotify_id,
Album4658,spotify:album:2JyNDhGhp0hiizSPuUs0i9,artist_title_year,
Album11440,spotify:album:3b2s2A8DPISbaQNxhrEsGQ,spotify_id,
Album54342,spotify:album:1tl1oov2DNSZou6LMtElC6,spotify_id,
Album26151,spotify:album:0jWbTnGZQQCQvL9IZ6viUz,spotify_id,
sp:6cqQoeptBmTpSw23R87hxU,spotify:album:6cqQoeptBmTpSw23R87hxU,none,
Album207124,spotify:album:3d4YyKN6MROwkJkR9xdATm,artist_title_year,
Album376712,spotify:album:4wfmncWQNUgblCu0XV4xKp,spotify_id,
Album10864130,spotify:album:1I8mUtgebG39rNBApC7clb,spotify_id,
Album6158,spotify:album:4cvCazAnjMnrFsvA1AhpVI,manual,
Album56988,spotify:album:1ehwJGN59cUxk9LuHRHJdv,spotify_id,
Album1887,spotify:album:2sjF68plsvYE7M3FaMf6rD,spotify_id,
Album729,spotify:album:08Plby1CLD0UNgChnPD8lo,spotify_id,
Album266,spotify:album:3jvKfPU4A2j7tVOFkhcEi2,artist_title_year,
Album5995,spotify:album:1cqta2uSKVYdom7CRMGDwn,artist_title_year,
Album7880,spotify:album:58WnUuiYvglPVvlCAMsi3A,spotify_id,
Album3615142,spotify:album:4N5iqXMXJUZMUzhxDqYQxp,spotify_id,
Album20816,spotify:album:5q7o9rYg0Yl9EhvfmxWSu2,spotify_id,
Album7794,spotify:album:5Mtnj5JyvyXR6ui377dBnD,artist_title_year,
Album19690,spotify:album:5JmNk3ayVaujKO5hFvU5YA,spotify_id,
Album170173,spotify:album:2Uozs8POJ9YBKdgcGFT4QB,artist_title_year,
Album24534,spotify:album:44Q1H1q6nSnUnjjGPoxAJb,spotify_id,
Album758373,spotify:album:3fxFh61K0tdEWMEtVhyvgi,spotify_id,
sp:4c5Olye77P5ii9DEG7UlZX,spotify:album:4c5Olye77P5ii9DEG7UlZX,none,
Album26527,spotify:album:6oUM1htY3ier8S8XMbImlF,artist_title_year,
Album348429,spotify:album:5brdzPyKYAI3rz1MP8TPmH,artist_title_year,
sp:3WYfkaZSSomQpGUTTBdy35,spotify:album:3WYfkaZSSomQpGUTTBdy35,none,
Album351944,spotify:album:435bIiZEKZMfq42lzGT7l8,manual,
Album13659,spotify:album:0agYsmUl1uS32ZFHKQ8L8W,spotify_id,
Album452328,spotify:album:3FKvu05whTUtsoMwnXEQ10,spotify_id,
Album137669,spotify:album:2eSKGY3anuFJtO881rgPtZ,spotify_id,
Album13471,spotify:album:3wgBERfIPy8ZMEEHNxSyo2,spotify_id,
Album98053,spotify:album:2FZ38qB4ND2MZK6qlrl1Ty,spotify_id,
Album157015,spotify:album:4n1Yo99yJNavZmeNHGLn9z,artist_title_year,
Album837859,spotify:album:3Z5kDfO5knBWU53ncZCVkE,artist_title_year,
Album3154833,spotify:album:4sVWj2lb9F8nRg57VFTaf1,artist_title_year,
Album793,spotify:album:11WG6HP3dbqkseqf5NoyWF,spotify_id,
Album9350,spotify:album:2QzxrBPdHfJBdzt8UbK962,artist_title_year,
Album2560,spotify:album:0kH3g3ehXE1eVhgt20cBOy,artist_title_year,
Album138354,spotify:album:2U4CIMD0Mm2uBHayGebNuv,spotify_id,
Album619652,spotify:album:0iXAfc9KqQZSW7s3Z5ugoE,spotify_id,
Album4356,spotify:album:3HYcTvojN9GFKGvn7zA2Pq,artist_title_year,
Album5487,spotify:album:11q2kAICayamyzbVlZvE90,spotify_id,
Album158651,spotify:album:5FElpzjo07AXmZdkL4eRpW,manual,
Album12806,spotify:album:7wKVcBB5SgqVX3Cj3LPllE,spotify_id,
Album49254,spotify:album:6mCMCNI7yC58h1qXxAhHm8,artist_title_year,
Album778070,spotify:album:0z6ZGnhDSVKeXynKcX34y3,artist_title_year,
Album607574,spotify:album:6iFNhDTaVCveFnbkefhGuW,spotify_id,
Album3582,spotify:album:0PMasrHdpaoIRuHuhHp72O,spotify_id,
Album1324536,spotify:album:0fayDgcekIaW0yQtUQ8CDm,artist_title_year,
Album5667,spotify:album:3KVZRUDRORLggjVQZ8rO97,artist_title_year,
Album104326,spotify:album:2RtcqYl0VAhDw9DPMEqWF5,spotify_id,
Album1851146,spotify:album:02WH3YQOSzeEwwZK1jQWjX,artist_title_year,
Album68256,spotify:album:25wDEWipTG177BElptDzlD,spotify_id,
Album1095478,spotify:album:0MJfp4AtFTyadZdAUPqHPF,spotify_id,
Album36452,spotify:album:2aDtBeoBaVrmqAleTmmXJ7,spotify_id,
Album89777,spotify:album:6LwoPnPn2VNyjuPChwoJaG,spotify_id,
Album208239,spotify:album:2bgctvt26Q7muaHhaIIiWT,spotify_id,
Album17378,spotify:album:3404M6AYZg8trSX9jWEVhZ,spotify_id,
Album53022,spotify:album:0jB7KRF2763gFcrl11luHi,spotify_id,
sp:3zyih0MTiwrEUbJLS03saH,spotify:album:3zyih0MTiwrEUbJLS03saH,none,
Album385926,spotify:album:4juXSXD6Cy89NhLJE0gJFj,artist_title_year,
Album11521,spotify:album:2GXeHOkRouW0LnKBMUnVtv,spotify_id,
Album5544,spotify:album:46lN88zXwgNHAQnN9wWjiC,spotify_id,
Album43265,spotify:album:4jY4J2iZZpiI2nRv3vQJfJ,artist_title_year,
Album22244,spotify:album:7aCBTtQ6vYkY0IzdyynAXO,artist_title_year,
Album5848,spotify:album:7hqwHciaHozB8o4vC4szId,artist_title_year,
Album40318,spotify:album:2KDkBeKRC0RFVCOqoJxvSz,spotify_id,
Album8220,spotify:album:0QG1Ty8ld4wVl8YcPFOgUT,spotify_id,
Album34797,spotify:album:6hQfZWwzteEX6o7M5DdKB6,artist_title_year,
Album50696,spotify:album:49WiVhHrs9fhmp4MFkLD48,spotify_id,
Album69434,spotify:album:5e7vi9Z9wiGv56PlX2Atf2,spotify_id,
Album1406397,spotify:album:2wSgBXMVzCVlFtl2ea8zPz,artist_title_year,
Album4619,spotify:album:13dXX35pYjr8FqRla40K2a,spotify_id,
Album2681,spotify:album:7zTHakPULeWgNBXeuMyZkd,spotify_id,
Album12505,spotify:album:02Y1xOnYuOQAsqr4TqQGio,spotify_id,
Album8869198,spotify:album:3jgktTCGathax8HKW4aGfg,spotify_id,
Album12135,spotify:album:1krcFtrMXaouGOsbIIZwBA,spotify_id,
Album81178,spotify:album:3HFbH1loOUbqCyPsLuHLLh,spotify_id,
Album128260,spotify:album:1f8UM82zkRXTLy7qGp4lJF,spotify_id,
Album1281,spotify:album:6siM9Wpdrdlt5xQYohETIh,spotify_id,
Album7476169,spotify:album:4PXg0mjX9EXJkBORCmK5Rd,artist_title_year,
Album69039,spotify:album:2rT9YBjOgrsLzrtUMjApbm,spotify_id,
Album30719,spotify:album:3zuiqj04eiSEpVv6uzcmLS,spotify_id,
sp:3qn8jYDeZCjukBoeKobEU4,spotify:album:3qn8jYDeZCjukBoeKobEU4,none,
Album1507,spotify:album:4OD3LU6001esAtFshDX46M,spotify_id,
Album30111,spotify:album:4FsWNGbkeZtMD1BWXhIvRk,spotify_id,
Album34183,spotify:album:6r4mUQIagaCmJjrOBW3SIB,artist_title_year,
Album165444,spotify:album:0Swj8zZP0r8IlNrycpdBx6,spotify_id,
Album15899,spotify:album:0tsowrhCb9ezNEbhG7Xy0W,spotify_id,
sp:76ofcWONgm5BNXpKFy9Wxz,spotify:album:76ofcWONgm5BNXpKFy9Wxz,none,
Album5518497,spotify:album:3B61kSKTxlY36cYgzvf3cP,artist_title_year,
Album16767,spotify:album:0EevA0t8Qcxh4TFLtBQPyo,spotify_id,
Album39149,spotify:album:131dY5tkW9plD7Ix33wHp5,spotify_id,
Album27005,spotify:album:41u8E08e0jIP808qLi1GHB,artist_title_year,
Album11300,spotify:album:3h2uQXJFhgBTVQpZWfXKi9,spotify_id,
Album6636,spotify:album:4Oz0ciMpZcUiHzTRvhF0m0,spotify_id,
sp:7eheMJVrG6qmG4NxR3MkXu,spotify:album:7eheMJVrG6qmG4NxR3MkXu,none,
Album330,spotify:album:0DBkFC6739trhCoVreZyds,artist_title_year,
Album6608,spotify:album:6RJyYMIrOtx3VnNIoq31kj,artist_title_year,
Album9541350,spotify:album:6icpwcJQWK4nq9Xilk4yRu,spotify_id,
Album28458,spotify:album:7nxWolJMIiZjvovfFtFvFP,spotify_id,
Album29366,spotify:album:1EozNWj9YemnvgrpvqHpca,spotify_id,
Album4945,spotify:album:0zrtTZC7yY2TOEhnbJzSb9,spotify_id,
Album12306634,spotify:album:3hufhPvd2yMXONUeQjyrT3,spotify_id,
Album742,spotify:album:3NB6ddIwEHykimIztj8kuK,spotify_id,
Album50313,spotify:album:7MSYL2jfE6XXdVpTv2SUux,spotify_id,
Album8621502,spotify:album:3jQ7eqotwovipeZ3j3rMqu,spotify_id,
Album31357,spotify:album:0tBjzfZrOEXzj1wcM5HphZ,spotify_id,
Album77965,spotify:album:1XqzXn8a7Z15Z5tBSouXcH,spotify_id,
Album48198,spotify:album:5nifIOxB4n4XLxgJDqGJUG,spotify_id,
Album300599,spotify:album:46FHK8OH7mIfEjwNKpCIZo,spotify_id,
Album77599,spotify:album:7MjMwGz8Q70ZmDJAIZfbJI,artist_title_year,
Album135,spotify:album:3BSOiAas8BpJOii3kCPyjV,spotify_id,
Album5824,spotify:album:7npBPiCHjPj8PVIGPuHXep,spotify_id,
Album8033,spotify:album:14chsctrt7Rx38fQUbfqFz,spotify_id,
Album3835,spotify:album:5r4qa5AIQUVypFRXQzjaiu,spotify_id,
Album11801,spotify:album:1WQORrTyf78zuJCBziHfQg,artist_title_year,
Album166549,spotify:album:4admQZFbQ6xtAV99ZBwhDi,spotify_id,
Album60959,spotify:album:284L2v93o2g753uSlNgZRj,spotify_id,
Album418641,spotify:album:0oP0XZoe62zQPxBNlayPmP,manual,
sp:0Q2nojEtnZQLrWr9VhjJUc,spotify:album:0Q2nojEtnZQLrWr9VhjJUc,none,
sp:4dkPMU6yIGsMW7oyhexxg0,spotify:album:4dkPMU6yIGsMW7oyhexxg0,none,
Album40545,spotify:album:3jk145dS5MIeZ6NZBAtvY0,spotify_id,
Album11560268,spotify:album:3znl1qe13kyjQv7KcR685N,spotify_id,
Album1158,spotify:album:1wXyzUmlgN6G1DXIY0Sh8l,spotify_id,
Album9057,spotify:album:5mbtDQJwsioLCEGIT1cbOJ,spotify_id,
Album580,spotify:album:38sLlYZ4sdfm5SvjmshqcY,spotify_id,
Album40353,spotify:album:0kKysrWW9kAUyYlM1Q8Zu9,artist_title_year,
Album3544012,spotify:album:6BA8AsaJWZ4HfoaDZC67tZ,spotify_id,
Album40314,spotify:album:35flmem6J4bq04Kvib1ghA,spotify_id,
Album84250,spotify:album:0KXkZEPaYRXHOtYtTjrHbI,spotify_id,
Album164063,spotify:album:7jGmwdQeJQ7kZ8LN7uN4lD,artist_title_year,
Album7837,spotify:album:0y89MABNBicWddVTsfX2wI,spotify_id,
Album21612,spotify:album:6lxen0rYoFUX8lVuGIQQID,spotify_id,
Album19534,spotify:album:3RZHKuP6hVRsHAVruUfDXE,spotify_id,
Album19493,spotify:album:0drU2kimcYHQlHA4mMvbV2,spotify_id,
Album48,spotify:album:3q1W9iVdyuwVOGKn696Oh0,spotify_id,
Album22126,spotify:album:3GoSlKTNcVOp1ZxE5OOXeN,spotify_id,
sp:6eedtCtCjibu80yOhylSGL,spotify:album:6eedtCtCjibu80yOhylSGL,none,
Album12117,spotify:album:6SaetmQc4GCTzdZuW7khKx,artist_title_year,
Album13617917,spotify:album:3i62521pVAxy4LG7dQOSYQ,spotify_id,
Album15042,spotify:album:1pM1w8zCLQ93j9JE0bvhZB,spotify_id,
Album149536,spotify:album:5Q7Mxb46sloqTXEggeBzQQ,artist_title_year,
Album8507758,spotify:album:23cl7dningjCbwiNpOyFMP,spotify_id,
Album14207,spotify:album:0wgejBvzezpUFeT2poozr4,artist_title_year,
Album4880,spotify:album:7lUd8epbP1tQlpxwZfCSZv,artist_title_year,
sp:6jbjx0LGKl11H6UtrgS2nV,spotify:album:6jbjx0LGKl11H6UtrgS2nV,none,
Album16130,spotify:album:6WYcRCX40Kfhjjeiy2S91P,spotify_id,
Album28445,spotify:album:7tMM2MIBklhAtmmsgbQrAq,artist_title_year,
Album148426,spotify:album:4RTN7h6LNcaNYuh90uvXdb,spotify_id,
Album25427,spotify:album:0Ydakb7npXmyTwFLvKc5qt,artist_title_year,
Album2937,spotify:album:3H0NNApNsmt18C7HFruaXS,artist_title_year,
Album2085,spotify:album:5AEhHFZJUCtPMK7rbqqYDv,artist_title_year,
Album59909,spotify:album:31rQ8a12b01IJ2tTFcM1bW,artist_title_year,
sp:0NSRgubfAJoYv2kvVAcRKy,spotify:album:0NSRgubfAJoYv2kvVAcRKy,none,
Album55429,spotify:album:6a85jis68PZPgsMNr2PoXh,artist_title_year,
Album365190,spotify:album:5NL2gpVnCot9ti6Jnm5PPg,artist_title_year,
sp:18up6NykzEl2aS94I6TVDg,spotify:album:18up6NykzEl2aS94I6TVDg,none,
Album28286,spotify:album:1hoogSOvsrpNEEycTHaqmX,artist_title_year,
sp:7JZZRKGjSSmFHRLM6Beg8F,spotify:album:7JZZRKGjSSmFHRLM6Beg8F,none,
Album432152,spotify:album:0ndGMh4twJNzPpr5XtHTR2,spotify_id,
Album11140,spotify:album:0Y7qkJVZ06tS2GUCDptzyW,spotify_id,
Album12377846,spotify:album:2xU8y7tprnryyZndlYNNns,spotify_id,
Album3243,spotify:album:6AFFu3ilmlEDz1I9ZaNOZw,spotify_id,
Album11744,spotify:album:6dn2O3un8SV0QZ421jDdEj,artist_title_year,
sp:6VchpjG3Z86CJzQeBIyGfp,spotify:album:6VchpjG3Z86CJzQeBIyGfp,none,
Album10505,spotify:album:3CRipGCmcoBTKdadiYIMOc,spotify_id,
Album20129,spotify:album:1ErltKGNVk6hw9OWfSq6Xe,spotify_id,
Album7918465,spotify:album:3GU8BzFEAdFSRjc8jZkL3S,manual,
Album81488,spotify:album:142QQkfbqskQe7uBlmaS9F,spotify_id,
Album7510679,spotify:album:5i6yMY4F7UoOuJD6wRV6NN,artist_title_year,
Album761546,spotify:album:0qxkpyoko5ikYPPJ3lni5n,artist_title_year,
Album6105877,spotify:album:6jxiWDWZNGnk9rSoMlqdKB,manual,
Album7536,spotify:album:6e1Pj7h8mjxpx0DyaEXzkh,artist_title_year,
Album155811,spotify:album:1WrK98KVZxkTgMD3a9Kpnl,spotify_id,
sp:5IZWjMcN2qeNGqoTdMOQ5n,spotify:album:5IZWjMcN2qeNGqoTdMOQ5n,none,
Album178636,spotify:album:0b40AMmZPt7sjgw17WGk1s,manual,
Album850,spotify:album:3X20tXW0zsl5imVzETPhQh,spotify_id,
Album4573717,spotify:album:3JhMmVL9ISUnRaVbrJ72OB,spotify_id,
Album7111,spotify:album:3JXODSjT9mUz2lIb4YIErw,spotify_id,
Album3653,spotify:album:4gy64TkuOWP2Uuu1DuDeZK,spotify_id,
Album12374,spotify:album:4LrLP7DM1KBj8r2Sc098JA,spotify_id,
Album1008324,spotify:album:6hfj38XYUJU7zR2qSYe13L,spotify_id,
Album11113308,spotify:album:0gsk1RGjMrtEDE05s0TZMf,spotify_id,
Album5266,spotify:album:4bofszhtDfGY6smHBGeyTT,spotify_id,
Album1761,spotify:album:7xGqf9DddW89cg7m6zX88t,spotify_id,
Album9909,spotify:album:1bsZo3YzTnR29KdkxfiOCa,spotify_id,
Album2439595,spotify:album:6SRbCAQ1zu2r47Bi771rAs,spotify_id,
Album33898,spotify:album:6ja7Fceq3F7Igb2DrLKN6y,spotify_id,
Album76741,spotify:album:6FHYhTBDGy2PP5CM5fqEpX,spotify_id,
Album92783,spotify:album:7GRaJQD7cMD0g6jt1uKAEu,spotify_id,
sp:4IuvFHlZQM7urIcMuGwJxF,spotify:album:4IuvFHlZQM7urIcMuGwJxF,none,
Album172648,spotify:album:0gEMKvij1A59fVQQ7A7bor,spotify_id,
Album55734,spotify:album:4Olz2cm8ncBqhnRcDwqVFK,spotify_id,
Album2413,spotify:album:2RsAmyJvP12dxBkBQoKP8L,spotify_id,
Album1077,spotify:album:3YBbEumtx9naxbCQWoeu41,artist_title_year,
Album3406,spotify:album:54V1ljNtyzAm053oJqi0SH,artist_title_year,
Album6461,spotify:album:1ydlm89JR8cV8VuSaNvHNL,spotify_id,
Album9398432,spotify:album:0ZQQysuct7ROigx7YJwknB,spotify_id,
Album15527,spotify:album:6bdy2PnssuzDkldvAOjVmj,spotify_id,
Album6693903,spotify:album:4HJzlp1x8qvk0PDAq4RSd0,artist_title_year,
Album4380458,spotify:album:1GXMNFfoHF4sN7lG8gZq1j,spotify_id,
Album202690,spotify:album:3E7YxHaWlOHiqTBHRtZL7D,spotify_id,
Album12407,spotify:album:7aIgGWlHdcPXOfONtXVliK,spotify_id,
Album9469,spotify:album:25pbI5TFqt2tzGS4XSMnog,spotify_id,
sp:2QjkCel3cxXA573yPStwVg,spotify:album:2QjkCel3cxXA573yPStwVg,none,
Album216,spotify:album:5gVBXH8MT6zfdRkjp7qT18,spotify_id,
Album2871,spotify:album:7ikuEzL6xeAgu6yT6YVLy7,artist_title_year,
Album1299,spotify:album:4iUBdDlipS1BISMY5Bk2gQ,artist_title_year,
Album54744,spotify:album:5SSf6lNbSoaAUx6PxQVjlP,spotify_id,
Album4384,spotify:album:5mImvIZcP7Pc23RhSZajsC,artist_title_year,
Album4554,spotify:album:3dfPMayEO2G87wzXPMEvmb,artist_title_year,
Album290,spotify:album:7kHtInr7Es2tPk5QJO6y6c,artist_title_year,
Album186975,spotify:album:2J1e7x33Aejx7KFmVbgoGW,artist_title_year,
Album27340,spotify:album:4RxwJZfVRNlwlsOTz9yp2I,artist_title_year,
Album14756,spotify:album:38ME21jLMmxESrK1GFmk6k,spotify_id,
sp:4VykjLwkyfKMZVLrJJVrYh,spotify:album:4VykjLwkyfKMZVLrJJVrYh,none,
Album196373,spotify:album:5mlCtfr6NLphHzAaXIuXz4,spotify_id,
Album824,spotify:album:5YYP98SsNmRZ8CgoFKifSz,spotify_id,
Album31077,spotify:album:4uvGOoGUzHpJSErU5WRXOb,spotify_id,
Album374601,spotify:album:0MtfUDbVsU4jq0lmpDkO0a,spotify_id,
Album47970,spotify:album:7lvkfeGllsua86JXtLunNG,spotify_id,
Album7825525,spotify:album:4G9ANFGk9579p2uirMbVT0,artist_title_year,
Album921,spotify:album:217wquCr9YCvsIHEsFkVPs,spotify_id,
Album11366,spotify:album:16MILExMR5RIvzTIII2YnH,manual,
Album2733,spotify:album:7hez8jibf36E66GHpFkWz7,spotify_id,
Album4228,spotify:album:4eLTxsU1q6mhTypfJSyLB0,artist_title_year,
Album33237,spotify:album:5SSyex1jdJe9h3lbqESv1T,artist_title_year,
Album391847,spotify:album:3kYhw19SFaOanazThWHgK8,manual,
Album508249,spotify:album:1lf3rLmrO0ObMieg4YqEuB,spotify_id,
Album400300,spotify:album:5yIiFmVkza1N3ddMtftxIZ,spotify_id,
Album11817,spotify:album:5Zwyrn62m3Pyc0nvRa9CHF,spotify_id,
Album1330328,spotify:album:5QJhZfAeS7D5e2K9tVKLEb,artist_title_year,
Album59238,spotify:album:4QrhfVaznhrAPlM5xCKBPh,artist_title_year,
Album22041,spotify:album:68MPcAtxmP35jvEd4kHxtn,spotify_id,
Album2499,spotify:album:3xCTOthqxSO5WgqXTRLj8U,manual,
Album122132,spotify:album:5sjGax2ZylCiWZdJh1k1Pd,artist_title_year,
Album24523,spotify:album:14BomeBLJVLqsgVSdrC6Wc,spotify_id,
Album549,spotify:album:4r7lhWQUuTZFmKd32CTF49,artist_title_year,
Album44012,spotify:album:7rqdziyEA9441OtWILhVwt,spotify_id,
Album5293121,spotify:album:4GzjQ0xXRlLl78ih481BUi,spotify_id,
Album161745,spotify:album:3IGOhWRRILYvbr6TZ2vYYg,artist_title_year,
Album4284805,spotify:album:6Yl951bwCSY70QjvLm1AEG,artist_title_year,
Album2628,spotify:album:7d57rNsaPHIEZddITSwZc4,spotify_id,
Album4383,spotify:album:3oitf8NRK5tSDhCRVcOewu,spotify_id,
Album3013,spotify:album:6bR98XzGnklTORDvZ7Oc2i,spotify_id,
Album254360,spotify:album:0E5nyAi6rLhzfrsOxYedX3,spotify_id,
Album66038,spotify:album:23jZzJ9u5M9p03nf84zuO1,spotify_id,
Album16241,spotify:album:1PtpuplCBaViRQsJFAdWRf,spotify_id,
Album320347,spotify:album:0qhXTeYwwPsg4XFUgmDeb5,spotify_id,
Album165470,spotify:album:6hYusS3wjwYWbhNpgKqgPd,spotify_id,
Album40393,spotify:album:5hc8bRQxYiJNK1f3PSB1UH,spotify_id,
Album856415,spotify:album:3xO2q02FVNmpuQHNpGjeVG,spotify_id,
sp:7wIDlGBp8ptwiDRbiHu7f6,spotify:album:7wIDlGBp8ptwiDRbiHu7f6,none,
sp:0G3YLIcJdk5wqqLAgOCmL8,spotify:album:0G3YLIcJdk5wqqLAgOCmL8,none,
Album11083,spotify:album:78Fgb88MY0ECc4GVMejqTg,spotify_id,
Album1965,spotify:album:6cuNyrSmRjBeekioLdLkvI,spotify_id,
Album10391,spotify:album:3a6CNDNbGTUnHkeBskWpBM,spotify_id,
Album186811,spotify:album:1IJw5lrtuyb72eDp8o0kas,spotify_id,
sp:5ucvCY0hFIAL95DVKohEiB,spotify:album:5ucvCY0hFIAL95DVKohEiB,none,
Album7323,spotify:album:4ENlMxVTUYIuMS4b0CVZyk,artist_title_year,
Album66703,spotify:album:5E1hHPB9Mr3LFjmUHOOwXu,spotify_id,
sp:3qDG7SAerJx4jorPihYdRY,spotify:album:3qDG7SAerJx4jorPihYdRY,none,
Album5335,spotify:album:6W7XoTWyWYi4vrwN3dnCQs,spotify_id,
Album44542,spotify:album:4GDchmJ8oESRJ58cDXvnE0,artist_title_year,
Album173829,spotify:album:6gw21ej260K6BHBlDfqbQt,artist_title_year,
Album521638,spotify:album:0EPqCz0qUIjjdxU010PP2Q,spotify_id,
Album1434481,spotify:album:1YpYJkg18DHN92lVz9qcYC,artist_title_year,
Album306749,spotify:album:0M8fLojUcxFf0u0f2c2hHO,spotify_id,
Album8096,spotify:album:5LDLHEKDGdGJhwRgONrUiT,manual,
Album9682,spotify:album:0DyXkWHnFMIJSuHfLgNfcc,spotify_id,
Album10639,spotify:album:1VZPXdEJiXJ4CMedhASknN,spotify_id,
Album5879,spotify:album:2Npk7lWupjix8NIkm7MiQH,spotify_id,
Album14582,spotify:album:4DJC1f7Fb0yX86qlw9aqsF,spotify_id,
Album39737,spotify:album:2sFPd4EWqI4x6RsaeMqA8a,spotify_id,
Album825,spotify:album:3YKQkIPHtWGuvkBeVNIMhg,spotify_id,
Album833427,spotify:album:5xOjgloikzuQ1mTs2mqedk,spotify_id,
Album134373,spotify:album:0x8mtil2k4bQ9Om5wgWY3m,spotify_id,
Album34628,spotify:album:1G4Z7wHXAqbXda1owQuNPX,spotify_id,
Album33566,spotify:album:05RPG1hN35ucYL4BqEBZdn,spotify_id,
Album1173395,spotify:album:7no7EZnKgoRWBbGMjZo9gB,artist_title_year,
Album137695,spotify:album:0RLw5OMSYJ9FNUJvBTfHzU,artist_title_year,
sp:2XPh6gonHl6tBC4VATPlwp,spotify:album:2XPh6gonHl6tBC4VATPlwp,none,
Album1003,spotify:album:1Jv2AqzhgsduUik2p4k3cS,spotify_id,
Album6265,spotify:album:5nfdstl6JxGrDQtm1B2LnZ,spotify_id,
Album3622342,spotify:album:1zAMnOQUqSq3xCMgeBS6i2,artist_title_year,
Album345366,spotify:album:06bqLEGmA8E74HdcKxWlbh,spotify_id,
Album22245,spotify:album:4bYZ4AEhNePeuwawV5k7Gt,spotify_id,
Album31,spotify:album:3AMHMM2aNG6k3d7ybcQ5bY,artist_title_year,
Album10130,spotify:album:5sTtFC2SNK38bxG0XSfPLo,artist_title_year,
Album7808,spotify:album:5RQNjPQbqY82MBTwaQp3ik,spotify_id,
Album11469,spotify:album:533zqKatpy90jse2K5IaiQ,spotify_id,
Album6754,spotify:album:5YIZcFDFKpUrcqviez8QWn,spotify_id,
Album1053,spotify:album:3vQgWAY8c5ObfngAR3z32s,artist_title_year,
Album20375,spotify:album:2lntB9j8w94btDsGDrhfqQ,spotify_id,
Album42639,spotify:album:5Y91dijjpECGa62GvTUQro,spotify_id,
Album13937,spotify:album:5bhID0F3wYwLZU9YEzjkMq,artist_title_year,
Album124001,spotify:album:1WW55eOxlZCvPWJDYmhZXD,spotify_id,
Album5661,spotify:album:6UP7rSugk9wAcMYnqZ6Ti8,spotify_id,
Album526297,spotify:album:5K3EGqntkI4To4TKtmIj2r,spotify_id,
Album24015,spotify:album:01SHGcb4X59QOezJ2MhqJx,spotify_id,
Album173268,spotify:album:4UICqX3PYjVsqod7b4wE5I,spotify_id,
Album15812,spotify:album:0ZMTdzojG71NWrPevltSLq,artist_title_year,
sp:5JJdqK5In4dUfyAeGZXNvj,spotify:album:5JJdqK5In4dUfyAeGZXNvj,none,
Album69071,spotify:album:0Zh3MW5fWFJ9lRoiKJvdYY,spotify_id,
sp:2KoWjbIToq3TT7vaOg7S4y,spotify:album:2KoWjbIToq3TT7vaOg7S4y,none,
Album9671,spotify:album:2sKUa8zDgmnn1pHzIou05r,spotify_id,
Album2388,spotify:album:5l70cCHX1QzN680J68rblF,artist_title_year,
Album22591,spotify:album:6VrBKifHnEcJz4sOVXhIKC,artist_title_year,
Album11510,spotify:album:1yZ4bCBoDk01rxjefcoUzq,spotify_id,
Album809,spotify:album:43zbrwwFHh5e7cmDQomx8Z,artist_title_year,
Album6366,spotify:album:5Z83CVFqNYSIoItAZVaHeR,artist_title_year,
Album80693,spotify:album:076YyFp9ZiNARVviQEOjom,spotify_id,
Album7409308,spotify:album:1lCmbNOMbDw1QeFzWGWLbR,spotify_id,
Album10903,spotify:album:1Wb01dIfAgpKmL6C1rBm4l,spotify_id,
Album10003,spotify:album:32nLLpycunqmJfnF3EEfNJ,spotify_id,
Album30480,spotify:album:0Kahsu5SG9FX1mBhLuiA8L,spotify_id,
Album16160,spotify:album:7dRdaGSxgcBdJnrOviQRuB,spotify_id,
Album17714,spotify:album:3cG4WKesy6hUXEPfPcdxs6,spotify_id,
Album1305,spotify:album:7FwAtuhhWivxvK4aPgyyUD,spotify_id,
Album36385,spotify:album:5WEchV3TKJFL1rHkggBAtB,artist_title_year,
Album66828,spotify:album:15QQxPy6AbNHVBgnQx7x4y,artist_title_year,
sp:5etzySknik0gycSFgcakQz,spotify:album:5etzySknik0gycSFgcakQz,none,
Album10904150,spotify:album:0Ece1my4kjbR0frvMUzRT0,spotify_id,
Album285968,spotify:album:5cLddcLtyFcysngv03sROu,artist_title_year,
Album699713,spotify:album:5coBoDOE53Fhv2xiNKBSsB,spotify_id,
Album3718,spotify:album:6bowhByaAMoqWnRQGnffo9,artist_title_year,
Album10489,spotify:album:00Uf5PRAinCJ0oiCX1Cv2k,spotify_id,
Album771,spotify:album:5WqkiRiXHyiML0QkLjqooy,artist_title_year,
Album13567,spotify:album:59RjxVKpH3c80E4a86yP7b,artist_title_year,
Album11633076,spotify:album:2Klvx4JvgcgXLaxnf734p5,spotify_id,
Album7778,spotify:album:3OoFKxuziLv3B3NxhEJwOW,spotify_id,
Album32977,spotify:album:5yygmFcqz4aOo36rLXyNXO,spotify_id,
Album19044,spotify:album:3KU66KeI7myOixMqkAIVIE,spotify_id,
Album41325,spotify:album:7s2lDvm4FwnWE5RXEoY8Gi,spotify_id,
Album2179250,spotify:album:6gNyXr6nNjX0JVQd5VCUM6,manual,
Album6463,spotify:album:6mzKw8PnosDQ2sxsOylICG,spotify_id,
Album87893,spotify:album:0q41u8oMFT9Ewr2tqGnmL8,manual,
Album18995,spotify:album:1RgTRrUYZbABCBnXzMp5OR,spotify_id,
Album11125891,spotify:album:2xkZV2Hl1Omi8rk2D7t5lN,spotify_id,
Album2596,spotify:album:5vNKHuz5SeL0bOLtha1xQJ,spotify_id,
Album11967755,spotify:album:2Qt8Z1LB3Fsrf6nhBNsvUJ,artist_title_year,
Album1055300,spotify:album:4aG6DiV4uEySpfk9I0xRE2,manual,
Album18968,spotify:album:7Iq2CLAPWXPK0W2dQhhqMY,artist_title_year,
Album479712,spotify:album:6YKqMTpy9XTlhSAUev2PLT,artist_title_year,
Album24828,spotify:album:61ZMZem0tvxv63NqN8mesY,artist_title_year,
sp:09SWsvrgdxOMcNSHvEQ3OP,spotify:album:09SWsvrgdxOMcNSHvEQ3OP,none,
Album30870,spotify:album:6MIK88yegzaV7eT2yr1IaR,spotify_id,
Album12782,spotify:album:23aVUUODTi4xa9TnLyoqr5,spotify_id,
Album137377,spotify:album:4GKo7UgPccJMRAm4ljs8Tz,artist_title_year,
Album10747,spotify:album:1p6cWoueuunhpgy6131zAd,spotify_id,
Album47143,spotify:album:05wcY4zcfSawCyoutTTxda,spotify_id,
sp:0DFbQjp468sMiIMTrZdr5w,spotify:album:0DFbQjp468sMiIMTrZdr5w,none,
Album1983,spotify:album:1gREZOde7X9shG1p2WmsvU,spotify_id,
Album256092,spotify:album:63qYQ08ZyLzmLguRJ90boF,spotify_id,
Album7722326,spotify:album:0KQyC28P9808r0oKKNgHvp,spotify_id,
Album311260,spotify:album:4cElpd2dvqEtq0uv5HwN2s,artist_title_year,
Album319543,spotify:album:1ywi5zQMqngyRWrmPUB0um,manual,
Album10127,spotify:album:5quWwqogyMjzEXWgCVyvRP,spotify_id,
Album2162,spotify:album:0pkrqPjeq9K5KD0hFqAKNa,spotify_id,
Album3865,spotify:album:22PP61GmfGKAhIQo2ZSRxG,artist_title_year,
Album82400,spotify:album:5WOyMS8xjRwcFoSn63u9dg,spotify_id,
Album17374,spotify:album:4v8WkDDOs7yn8p4Ddnkl0A,spotify_id,
sp:5zf9aF4LGlw2cDuVghkGZf,spotify:album:5zf9aF4LGlw2cDuVghkGZf,none,
Album3224419,spotify:album:56rcjS8EZIWTXCbk1V2NBI,artist_title_year,
sp:7bUSN2rQZvNo1LweHnrzp2,spotify:album:7bUSN2rQZvNo1LweHnrzp2,none,
Album7625,spotify:album:47dOzA0J0mXfwrqQuNBaWy,spotify_id,
Album1205,spotify:album:03zfU3IwWmymKoaWnwFNaY,spotify_id,
Album10480,spotify:album:5J3l9yLV2sMfZPEGcUmdz1,spotify_id,
Album2117330,spotify:album:4vaF198cLJTlSZ49v1N1mk,spotify_id,
Album14622,spotify:album:47nWcb5GzhgGNzJuCJgiPN,spotify_id,
Album16416,spotify:album:3ekkFrfotMsEAKc5g71GHk,spotify_id,
Album263741,spotify:album:03ot9rLBc04N9Brn1wz6CU,spotify_id,
Album143225,spotify:album:1zcm5OKLmTLtBINCX8owJ5,artist_title_year,
Album237090,spotify:album:2mSKlTiaCagVJlBA737goQ,spotify_id,
Album25808,spotify:album:4N4dY3g7Sm4mMNKwXC3ieT,spotify_id,
Album4741,spotify:album:0h1ruavpzNOYbjwg5oC0fg,spotify_id,
Album172523,spotify:album:6MaUJWhC6jQJL84AH1MNWy,artist_title_year,
sp:2vz9bOelnO5EoDBPkzEJjt,spotify:album:2vz9bOelnO5EoDBPkzEJjt,none,
Album128873,spotify:album:1Q3cxh12wxlKuF6k4obzbj,artist_title_year,
Album207601,spotify:album:4ZunY6fkf2dt8ZYTfLd3NG,spotify_id,
Album19356,spotify:album:5GcwF0rt5cNjDb9GbAWxU1,artist_title_year,
sp:7oR8aZ4ECropTmxPydooZ9,spotify:album:7oR8aZ4ECropTmxPydooZ9,none,
Album187429,spotify:album:2pn7fRGG48soQ6gkfN2Sy9,spotify_id,
Album30365,spotify:album:7eTnSXnD9wlvizElNtq2aK,spotify_id,
Album3402,spotify:album:3sSfjX4fhZonjyZ10x0l0f,artist_title_year,
Album2957197,spotify:album:6LXxaLlPn935COOJwB2wCV,artist_title_year,
Album9058,spotify:album:1qU6HQ914NtTvXmsLoGbAz,spotify_id,
Album576105,spotify:album:40ObOkEaQKVmcJ6k1W2xMg,artist_title_year,
Album18666,spotify:album:76PyfjqUSplsygzK6lcbcU,spotify_id,
Album53962,spotify:album:2OtUPs0OwTJpbBuOsIvY7Q,spotify_id,
Album41340,spotify:album:2iZvfv5wU8DxGm2o2O1dis,manual,
Album12544,spotify:album:0D0s7xWS9xH5x2PXO4fVw3,spotify_id,
Album149013,spotify:album:5AmT3edRjRxnDR2ZVW3QJZ,spotify_id,
Album122063,spotify:album:6FuHnw9KkeYH6TSJaNOlto,spotify_id,
Album7438479,spotify:album:5BCxlla9sHRzzP302BOMH0,spotify_id,
Album36966,spotify:album:1xLAKvimOSxxHUZycTA40G,artist_title_year,
Album35061,spotify:album:4iPZGBCz6377b8LMbfxwrY,artist_title_year,
Album4592,spotify:album:3Iz3o8owPasr8PKUSZPqD5,artist_title_year,
Album1252,spotify:album:6Bt6KjNfoCp6UbYVFGH4FH,spotify_id,
Album54361,spotify:album:5ZN1WeREqhGk53mQMZA0iV,artist_title_year,
Album8086,spotify:album:3MYbbnq4ITUSbhKCwxwcZa,spotify_id,
Album41765,spotify:album:5ic4HBPEewDrDTWQ2I8oHc,artist_title_year,
Album4239947,spotify:album:5CBUobzAmO8mdaFeuG7HJe,manual,
Album34447,spotify:album:2YsfYi8B9pEuts9qwa3TSN,artist_title_year,
Album33010,spotify:album:1mKYDmOkGg46TMEfdTGts1,spotify_id,
Album76555,spotify:album:3tjaVlDWRqPjNnxuRmK3zO,artist_title_year,
Album2464787,spotify:album:1gB7a0JEksgtn0TTX89kMD,artist_title_year,
Album30721,spotify:album:7jvuTIYaBYqbTcLZZwXlIZ,spotify_id,
Album39848,spotify:album:48BhHUvOOPu8SXrmPHLDLO,spotify_id,
Album6245,spotify:album:61GezzqGI0Eqkp0Y33KX3m,spotify_id,
Album17052,spotify:album:45Ae5UMjDuXNXot7PvJCjr,artist_title_year,
sp:4C3YBIjkoOfR0ESIXMvWRG,spotify:album:4C3YBIjkoOfR0ESIXMvWRG,none,
Album155781,spotify:album:0eYuEuRDdQJzrgYrdzwgSe,spotify_id,
sp:5F4l3s2NE3Xuqt1HTaJtvq,spotify:album:5F4l3s2NE3Xuqt1HTaJtvq,none,
Album47225,spotify:album:1cRpLb55PYUDW1Ubwu533W,artist_title_year,
Album1304,spotify:album:1D94ri7k6pTBK7tlRClSl7,spotify_id,
Album142345,spotify:album:7GJ2uTGc3aZHgAhCTn2BAd,artist_title_year,
Album11495,spotify:album:2AmBEHTmwk4CxxalYHZPTD,spotify_id,
Album15654,spotify:album:5vekSonP4ARZOUPjBRKTzR,spotify_id,
Album25790,spotify:album:2JqK4JgeAo5XShkLTlwOQf,spotify_id,
Album68619,spotify:album:1vvnTmmNWnGmqvVFjVIINf,spotify_id,
Album116632,spotify:album:4rCo3zGQW3xzkuHYwhJg40,artist_title_year,
Album1207,spotify:album:2ei2X6ghPnw7YRwQtAH075,spotify_id,
Album907,spotify:album:09IXN25ZAfR272CVFcdeqh,spotify_id,
Album83541,spotify:album:0uXUaF5IG6V1jmPZgD7XZG,spotify_id,
Album500416,spotify:album:2FcPs0C8LOzivVD5ISGe0w,artist_title_year,
Album122830,spotify:album:45KMV5nuTYdfXBfH3RR98Z,artist_title_year,
Album79247,spotify:album:0kcunZ9qwNwAQxQ9RPcFBB,spotify_id,
Album392805,spotify:album:08h1bmtg6gGCmupwhT88ZW,spotify_id,
Album2297,spotify:album:2E40gFKc2dScXPGqHYIooE,artist_title_year,
Album7129983,spotify:album:42fyKPanos0Q3woi848ktg,spotify_id,
Album3754052,spotify:album:3E7l1u6VA8525P3w3YxSxH,spotify_id,
Album14017898,spotify:album:2XXpvZm5VP3LbpG7bH7yAm,spotify_id,
Album15332,spotify:album:5opre7KVRoLUqRTbRbWXzc,spotify_id,
Album436318,spotify:album:66E3E9DaAxpGPE4SgrOBDX,manual,
Album8331982,spotify:album:7CCwkPweMxKq8yWkVerH6T,artist_title_year,
Album764659,spotify:album:2yTuKGgB7zE6l3SxeiS1wU,manual,
Album1788,spotify:album:7sCpW2cLGcRk1zf9zi0Yqd,spotify_id,
Album1433,spotify:album:1VAc77UvK5wj8ZSWCo3V2b,artist_title_year,
Album164308,spotify:album:0KGUACvQup4NDOhumQGa3V,spotify_id,
Album10752412,spotify:album:4h2ME3sBJVi1X3KTwLJXnn,artist_title_year,
Album6325,spotify:album:5IDSjW16nQOCCWpzDhMMJ2,artist_title_year,
Album14560,spotify:album:0C3puNFNfpDwVHEZNU4Shx,spotify_id,
Album12406,spotify:album:71cfSO0iO1fjgQLEb3Wc6C,artist_title_year,
Album91038,spotify:album:3l1f3szUulrDdEeOW3mH95,artist_title_year,
Album2555209,spotify:album:6li0rkNGD98cO8Gxf7nnSk,artist_title_year,
Album3674335,spotify:album:1kUE4Li5MJQF8VTvNnGKy8,spotify_id,
Album747,spotify:album:41xkD8HnEZ4ad9DPeL2kY0,artist_title_year,
Album9953,spotify:album:64ub4SfdC8wvPjdUXw8QY9,spotify_id,
Album19610,spotify:album:4YDG7nD8vrLpK2PbGyGogj,artist_title_year,
Album143972,spotify:album:2SQ2YrWlVLAZ05jogsM5bH,spotify_id,
Album14366,spotify:album:3Up9P1H4uy2XwgbGJJXu8L,artist_title_year,
sp:38pbe0Co6uxej8v82U2D4d,spotify:album:38pbe0Co6uxej8v82U2D4d,none,
Album1795900,spotify:album:3WFTGIO6E3Xh4paEOBY9OU,spotify_id,
Album239372,spotify:album:6jWTob94mVMrlwJdNXidgi,spotify_id,
Album12405,spotify:album:6x75r5C54z1quun86Bbqbr,artist_title_year,
Album16258,spotify:album:5oOsBQphe8sbvZULbepg7U,artist_title_year,
Album9105913,spotify:album:46eayJPxf1cBWWUqNa2MJJ,spotify_id,
Album12264,spotify:album:0kEaFupzvrGdcczROS519i,spotify_id,
Album17050,spotify:album:1S7rBJNPNrCvtdF38sp0Gs,spotify_id,
Album68283,spotify:album:6nprn5MAaU0UrQJ7o4MhRK,artist_title_year,
Album26545,spotify:album:4KI0kC5rANmc5YeXyNshDr,spotify_id,
sp:57JDZNjlc0W3oQJjOscraH,spotify:album:57JDZNjlc0W3oQJjOscraH,none,
Album143499,spotify:album:0SzXF8v0Vv3EFeaPY6h9LP,artist_title_year,
Album44104,spotify:album:4dMUtgiuiDgFMVHnb6iYfW,spotify_id,
Album1056,spotify:album:5cFb5EJLTQ7u6YuGE922tu,spotify_id,
Album3014,spotify:album:4jxokHekH1qSad1DcC82ku,spotify_id,
Album13569,spotify:album:38cQRGYizjgBCivjIqF6kk,artist_title_year,
Album11646564,spotify:album:0ZUtBUG7Ya4y0p8qSYlPFj,spotify_id,
Album1210,spotify:album:4UcpKa4yD9AA3iEHI8MFSF,spotify_id,
Album52292,spotify:album:2lf5j7JEUMGuZLStjq8dzQ,spotify_id,
sp:14YY4AaUCXICymdzNYBUS3,spotify:album:14YY4AaUCXICymdzNYBUS3,none,
Album5550,spotify:album:5eQoYJv5HzZdcbRNVKLkvh,spotify_id,
sp:7H1fdyzaLwztj1WOcwLEfA,spotify:album:7H1fdyzaLwztj1WOcwLEfA,none,
sp:6hCJzKSxRUjXx7pNBse3GH,spotify:album:6hCJzKSxRUjXx7pNBse3GH,none,
Album9957869,spotify:album:0Fh2FgTdECVKT9N22jiQxF,artist_title_year,
Album16660,spotify:album:4cXUD3U55ALhA2u21P7Fjd,artist_title_year,
Album168,spotify:album:6GaqU0TlYBKHUiSJ0AT9A2,artist_title_year,
Album5363131,spotify:album:27xqCLyTHom0wyjtw08K12,artist_title_year,
Album20441,spotify:album:3zsFVmSZTQBr1sLEBkRdwl,artist_title_year,
Album128246,spotify:album:5cZjM0N9SoWsieFsJQ1AWH,spotify_id,
sp:7Jkv05qDgXZynnNaYcxY5W,spotify:album:7Jkv05qDgXZynnNaYcxY5W,none,
Album8984,spotify:album:10GkvioKyOSyh7Q7aIbu2C,artist_title_year,
sp:3Fp8eyamYD70UHc4VCQFsc,spotify:album:3Fp8eyamYD70UHc4VCQFsc,none,
Album24330,spotify:album:1LAARZVfnq12x7Ueei4jx7,spotify_id,
Album49401,spotify:album:3vI8vpQDeh7NaNEY1AilPm,artist_title_year,
sp:3DCQhS6eII8WUExSzdN9sE,spotify:album:3DCQhS6eII8WUExSzdN9sE,none,
Album115763,spotify:album:0X1W7xz2jdfuoGKZgxMR2l,spotify_id,
Album24382,spotify:album:1NgGj5ECcDELHjoQRX2P1l,spotify_id,
Album603784,spotify:album:1YPBXkcPa4KYio6Ziyp7d3,spotify_id,
Album2137,spotify:album:34aFnrFRBlErcbU6moRZR3,spotify_id,
Album169952,spotify:album:3DuiGV3J09SUhvp8gqNx8h,spotify_id,
Album7438,spotify:album:5hbxMCegyQPhpycfjtlW6I,spotify_id,
Album10329,spotify:album:5qYfyud78vJb7fOzfpKtJC,spotify_id,
Album11025,spotify:album:05pI1Rx1HQ4KA0a0e3PJlV,spotify_id,
Album64577,spotify:album:5iscsBqhMEy4oTYjA9iHf8,spotify_id,
Album282786,spotify:album:0kippcqNW8l6izCeC3W45D,artist_title_year,
Album32958,spotify:album:2HA77HLuzBmzeJp0Hc4YFO,spotify_id,
Album35041,spotify:album:3wAMdnbT6F7EM1c4mVe6zD,spotify_id,
Album41777,spotify:album:6cnH06Wxjb2QqUHFa8PEwc,spotify_id,
Album14020,spotify:album:4xtCtXkGuTbHQwTaVd5FCF,spotify_id,
Album18911,spotify:album:5su5yHTN1f4O6IGHxhXarw,artist_title_year,
Album145925,spotify:album:3Wm0H5T4MMk6RNhPAuJmCj,artist_title_year,
sp:1T7YIthjEvwsxbUHZ7NdBD,spotify:album:1T7YIthjEvwsxbUHZ7NdBD,none,
Album30880,spotify:album:5SH0wdhuzUwhyqnA3bxQwM,spotify_id,
Album65575,spotify:album:411xj4YT972ixxbrFxAolv,spotify_id,
Album1500010,spotify:album:7pdhnkO0t8HiRv4dmggt2I,spotify_id,
Album8375,spotify:album:5FWrWg61D0YKCUb93PZRXR,spotify_id,
Album77813,spotify:album:4Kw6qYDGxoolXoQemIYgn1,manual,
Album342451,spotify:album:4HrSdS47rMazf5tNlcehBB,artist_title_year,
Album184914,spotify:album:1uZafurVG5V3TZDqEnVmeR,spotify_id,
Album1469,spotify:album:70MrKoi2AdCFBxKqeXDPHZ,spotify_id,
Album159359,spotify:album:5rTDeb1l0Mj4vNDKfvCRd6,artist_title_year,
Album27088,spotify:album:24gavJ6O46xWEAW2nDJX1m,spotify_id,
sp:4lOnHUOucOSQV57f1lvYxl,spotify:album:4lOnHUOucOSQV57f1lvYxl,none,
Album4862,spotify:album:0DK10k39r9LAZ7HgP1EPuB,spotify_id,
Album8035,spotify:album:5xFlkqLDx3wbgqtvrez1n0,spotify_id,
Album341,spotify:album:7t0diHfsasHG5xyLnO4ySl,spotify_id,
Album6035,spotify:album:3NpLHWshxHfxbhdYdgtmPL,spotify_id,
Album16337,spotify:album:7gzkgAWjOjEf5o6sIvBvT1,spotify_id,
Album88663,spotify:album:30DzU0j9pEzPIiQA9FoBdU,artist_title_year,
Album184911,spotify:album:3mUwlh7aK2PHj8aUrI9Nyt,spotify_id,
Album972816,spotify:album:0h1mAekIKxzLtdZv0sMbJb,artist_title_year,
Album89456,spotify:album:5mzjUmksmRKYZ3WvzAGaA1,spotify_id,
Album6425,spotify:album:1cgsYqtDTMTetu7FjEsIhI,spotify_id,
Album22840,spotify:album:1R4Dava3wQxKN0As0OcQFb,artist_title_year,
Album5987,spotify:album:321q9p7PELvzcFAWxml7VX,spotify_id,
Album5592,spotify:album:5rFRfDq52l2l5RtS5kxA9A,spotify_id,
Album5161,spotify:album:39mWyQW7BNRRYSzwrlXowM,artist_title_year,
Album26544,spotify:album:6NMyU9AYokycLD4cY2BzGd,spotify_id,
sp:5gUvVQFa8seLyMSuvOGC93,spotify:album:5gUvVQFa8seLyMSuvOGC93,none,
Album27090,spotify:album:2p4ipY0YJS0JSDuc1uamxE,artist_title_year,
Album142497,spotify:album:45u29423ZIoUm9B2C2ntKD,spotify_id,
Album84301,spotify:album:5FKKz5Yq92g05ABys8blGd,artist_title_year,
Album788367,spotify:album:2xoj2gYed3IYmGWn3owSfu,artist_title_year,
Album159267,spotify:album:42kbjM1rOq8d19HktpzCWp,spotify_id,
Album24350,spotify:album:7giqzAVDOPXlU9lnP4wxzW,artist_title_year,
Album9956,spotify:album:1OVYzABapDJ7aZGfBLY22F,artist_title_year,
Album1187,spotify:album:7p5KMaq9Ewoj3LgJc3LB0s,artist_title_year,
Album26053,spotify:album:0dyIXPKoUBt1vFJHX57dqt,spotify_id,
Album10679,spotify:album:4AU5YiIqYEXIJjoY4GrCOS,spotify_id,
Album4967,spotify:album:4hVgzAM4i3dPdhZQki9cKk,spotify_id,
Album7838,spotify:album:6af2290qvtN9q6fZgGucdZ,spotify_id,
Album8221,spotify:album:0s0aKsBFuhuq3sjShXViA8,spotify_id,
Album548,spotify:album:7v04VQBNE3VmBxf7vbnpnL,artist_title_year,
Album4938,spotify:album:5LepQubkRXKCki1YoEhCxH,spotify_id,
Album2384053,spotify:album:4dOrzGgWeJvb6e5Dtw7S8d,spotify_id,
Album18777,spotify:album:3f6Y5i6HOeg5SpT5PUEm0e,artist_title_year,
Album4788065,spotify:album:4cARAECW98cS10AGV2CH8Z,spotify_id,
Album11523,spotify:album:3E54AKQSvQlQekosA4SuT3,spotify_id,
Album1783398,spotify:album:2BJkbdmzqURLLnS6xQBmlA,spotify_id,
Album7873,spotify:album:1GnMnYl0I8CqgNSSODjwP7,spotify_id,
Album1016,spotify:album:2nXG1F8NjAbgA11qsQ90RK,artist_title_year,
Album2694,spotify:album:63498KErJdRts4KWrgv2dT,artist_title_year,
Album7752,spotify:album:1YZVjzurp0K0iANqn2bDxr,artist_title_year,
Album53683,spotify:album:1M2ktinB3DcTbrVXD45jxn,spotify_id,
Album28752,spotify:album:4Dn7V8EU84yPMe03MsefyU,artist_title_year,
Album4485097,spotify:album:1bg476ZQn7hmcXaU05SHV4,spotify_id,
Album54380,spotify:album:3hPCZTIpDH9trdWcirCnGW,spotify_id,
Album405666,spotify:album:6Cn6Oz11PAN0PvyCyZnnkW,artist_title_year,
Album82789,spotify:album:23u2LxjOJLrJXUF9lPpEBV,spotify_id,
Album327347,spotify:album:6lFiQo3RHvfcGQuQ5m2vym,spotify_id,
Album2629,spotify:album:3Ysnj9d06V965eaFAZuo3V,artist_title_year,
Album3725,spotify:album:2WcHHCuMlmZRLpvCvtTITw,artist_title_year,
Album4269647,spotify:album:2zm0Yp9NdCR9A00leXBLLx,artist_title_year,
Album24829,spotify:album:4WF3FMkvyd8Ogh2Hz76C9v,spotify_id,
Album16878,spotify:album:1A3VRbn7Kto2ov0LkSY0eg,spotify_id,
Album7469,spotify:album:0YEmNXaNDq03tfgFmG4MOj,spotify_id,
Album837,spotify:album:1ve9AXU2FPr7CZTRg3AboS,spotify_id,
Album6361,spotify:album:4WzTXHp8bVKkKNu3UQ2Fqu,artist_title_year,
Album443064,spotify:album:1VTq7Bn60Qic2E9nMhZ0Ii,spotify_id,
Album28514,spotify:album:31rIXUMJtO9QDjL1HV89Y0,artist_title_year,
Album14609,spotify:album:2twCPCDGJjVD90GWUjA8vN,spotify_id,
Album22262,spotify:album:3hVaadUlQTPQLoixWP6RDw,spotify_id,
Album11884,spotify:album:6KT8x5oqZJl9CcnM66hddo,artist_title_year,
Album3943,spotify:album:2amSBnQhrVdXM6QJK2KBSE,spotify_id,
Album39647,spotify:album:4HN8SWymMSOxquR6wY2vke,spotify_id,
Album6551,spotify:album:4GIeoRcpLeLwgxQK8jo183,spotify_id,
Album9294,spotify:album:06I5nQlO7WbnoaTUogSDXN,artist_title_year,
sp:3sQNy0OAd4Friv3Ho17f5F,spotify:album:3sQNy0OAd4Friv3Ho17f5F,none,
Album99390,spotify:album:79yPlaLPyCMc9LC2slyB5l,spotify_id,
Album149093,spotify:album:2OqtKjlNs6WiB620u07v42,spotify_id,
Album48767,spotify:album:1AgxvNuQXau5VLHwoeFzn5,artist_title_year,
Album11481,spotify:album:04BvRPJwuDeuJ3DhbAw9Wg,spotify_id,
Album34989,spotify:album:1Sx7gYIRMY12M7NdL2u5m9,artist_title_year,
Album39428,spotify:album:2b53ZhXIiCGr3rPTYkpVeF,spotify_id,
Album5638,spotify:album:4x1Iy7CkrY7JI0DVdww9nt,artist_title_year,
Album871458,spotify:album:4YKPyKLWZZUuz26qlaqdjA,spotify_id,
Album78187,spotify:album:15nPVESpZNf0QBRwu2sMbI,spotify_id,
Album24957,spotify:album:1UqQnjYh6B04eH4vDhjlJS,artist_title_year,
Album383102,spotify:album:66O3gYID2IutnCx8mzjeTO,spotify_id,
Album3698,spotify:album:7J8k8Y7zfCFKMPWzUPGVuP,spotify_id,
sp:7v3WqMOc9yY0Aj0dKwS2aC,spotify:album:7v3WqMOc9yY0Aj0dKwS2aC,none,
Album294133,spotify:album:2W9FKZxd6Wz4gKkrbDBfs3,spotify_id,
Album80968,spotify:album:3vkVhAKhudQjsjLchc8RU6,manual,
Album16982,spotify:album:2yjs1MxTiDffQ1VGY9ilJc,spotify_id,
Album156700,spotify:album:7k5Z8RNHGwelF3zhCHL5C4,spotify_id,
Album93493,spotify:album:52AEvf6gVDGnOg6uU70AMH,artist_title_year,
Album185430,spotify:album:07hue2DRapyJHxGJBROTYb,spotify_id,
Album10234335,spotify:album:7i8NW72gbhfvCPIKx4RWLN,spotify_id,
Album3376497,spotify:album:2dNexssEWbK7rgh0veTjjz,artist_title_year,
Album8504,spotify:album:6FQuVWeNCWkCXuyYGiF5sV,spotify_id,
Album4771310,spotify:album:7zNn3gNnkOp2XywYEbQBQN,artist_title_year,
Album2677,spotify:album:4FWzJKnZMl51qBHzmKClqP,spotify_id,
Album221,spotify:album:3oz8kworUyU7oXjaEVhDsZ,spotify_id,
Album631424,spotify:album:27lBsmm0K8h8LGvsmodksz,artist_title_year,
Album4620,spotify:album:6Gdf5vvFmoEwcsEV61tXiT,spotify_id,
Album384543,spotify:album:4Y1WtRvazalwwq6XwTR9SU,manual,
Album11886,spotify:album:5zwKg5QUnSfQwkJqfl5cWs,spotify_id,
Album44861,spotify:album:6o6wgeSYlcalv4kGYNI2na,spotify_id,
Album9733,spotify:album:4xiRrFE0Gq4Si9mAfPB3hZ,spotify_id,
Album4590,spotify:album:5TZUz4IkdUZY8i1cnbaAHz,spotify_id,
Album24635,spotify:album:6DxbC5BG4iiktFTWbzqqIV,spotify_id,
Album1846286,spotify:album:7zqPBgc4vRN82F4yYKaQlf,spotify_id,
Album40104,spotify:album:7rt3SoTjpXpqCajf2p9CRU,spotify_id,
Album42748,spotify:album:4ePph9It2qFFDbj9yByznq,spotify_id,
Album21482,spotify:album:7kqeIfYqzhmeogLP1CtqYX,artist_title_year,
Album66351,spotify:album:1J0tUfb0y6YHoKF4uGCOzA,spotify_id,
Album375698,spotify:album:4IVnHzCk8zgJ1ivesDoTc3,spotify_id,
Album48165,spotify:album:6yvbyi8LOzXI59WkW6QzG2,artist_title_year,
Album12437,spotify:album:6hbgb6sbFo0UBVsK7bf4Tr,spotify_id,
Album47573,spotify:album:0y9hJWgzuSzrtN19GyQmOz,spotify_id,
Album238946,spotify:album:4QhHJZxGczkO6gRKLyQKB6,spotify_id,
Album121599,spotify:album:073sRTzCBvpN8d9y2UqfGc,spotify_id,
Album27343,spotify:album:5aY4PliFxsCd55sgU5A2KQ,spotify_id,
Album12555,spotify:album:23LorvwYt44Szw8TKOXH47,spotify_id,
Album503567,spotify:album:6UG4JoROyfls0td5lKathz,spotify_id,
Album6968155,spotify:album:4VFG1DOuTeDMBjBLZT7hCK,spotify_id,
Album98467,spotify:album:3CZAwft1FIOixtUqkIPiUI,artist_title_year,
Album9852374,spotify:album:34U0n1oAE5mwgdaIBrcIck,artist_title_year,
Album25882,spotify:album:0hZQj8vgT0AEU4DYKBo9Ir,spotify_id,
Album133993,spotify:album:0UExJd9EakP60q4UZxH9xb,spotify_id,
Album10512932,spotify:album:5wF8QXoGV5Woz6EzfZjMZC,spotify_id,
Album2691,spotify:album:29gnqAHOpVJJL3h8wPrlMl,spotify_id,
Album339475,spotify:album:1iuLhlyJP7vEKoCgHYwFCP,spotify_id,
Album242,spotify:album:1CEAVKLVVaCoKyEoVVr8Bh,spotify_id,
Album862228,spotify:album:6CyzHTJdlG9HGGUNBwSaLU,spotify_id,
sp:4kca7vXd1Wo5GE2DMafvMc,spotify:album:4kca7vXd1Wo5GE2DMafvMc,none,
Album16644,spotify:album:535gzXsnoAjg24QUe6e4op,spotify_id,
Album43140,spotify:album:6ReH1MaWImYaYNynNtKEH1,artist_title_year,
Album30968,spotify:album:4BOWgeJvFkiCg9qa2LYHDk,spotify_id,
Album5322934,spotify:album:0MJwS1KqklO8tr95IJAcQA,artist_title_year,
Album32763,spotify:album:1LpijBYQ5nyqdgntvlj9T5,spotify_id,
Album1116919,spotify:album:7zucRbIbI4ULiiZdX9x48t,artist_title_year,
Album59795,spotify:album:4SK0KqD3jJFZGpVNWlXaDv,spotify_id,
Album179959,spotify:album:2nDZzoNkKSKv8vZqncmbWD,artist_title_year,
Album465373,spotify:album:0ZkntGOL7onQupuxDS8GDa,spotify_id,
Album17039,spotify:album:4rRER0lWzXFbuYFvxQBEen,artist_title_year,
Album174301,spotify:album:1PRmgDS7hx04UlPjoUTCBJ,spotify_id,
Album884358,spotify:album:5MGnRNSISy4QtZEBCyDUbQ,spotify_id,
Album341973,spotify:album:28RiDrxACWNtbrUNy9Ks1X,spotify_id,
Album2282,spotify:album:2hGCBR6Xd1RuoYvwcfUhWq,spotify_id,
Album21196,spotify:album:6O5lhr0v3ci9fMEIK5g5a9,spotify_id,
Album4159,spotify:album:7jxs0XY2yJS36PZCjUv4Hp,spotify_id,
Album1586077,spotify:album:1r0rcxsNTKQDrYGqcqqANU,artist_title_year,
sp:7zp05wb2lhp0PHNWDmF3Rk,spotify:album:7zp05wb2lhp0PHNWDmF3Rk,none,
Album38289,spotify:album:2b0Vk2WtKMTJ9tDSbbypqR,spotify_id,
Album526298,spotify:album:3U7AIHXCUhuOOkNeFhKoOM,spotify_id,
Album977,spotify:album:2vnJKtGjZXRUg0mYPZ3HGH,spotify_id,
Album15086,spotify:album:6kdMZQQOWUejV5GSWhf5S4,spotify_id,
Album5599,spotify:album:7stlXQLzTdMsHbubU8ye5W,spotify_id,
Album1283823,spotify:album:3akaVUNkh1appQhWYkqoAn,spotify_id,
Album11526,spotify:album:7mXAeRDo75B2JPHTZfjFEU,artist_title_year,
Album8747,spotify:album:0D8Rbq0zOlj5tZwHMJSbN0,artist_title_year,
Album11777,spotify:album:5cNojGbQQnjyuHkBkwesOs,artist_title_year,
Album114908,spotify:album:4ZNp1k65cNW3qUmnd1Qzl7,spotify_id,
Album40722,spotify:album:2Xal3AWl42dsYSKC0SsZDE,spotify_id,
Album21165,spotify:album:0BDKAyEOyGkWLNkXIf53S3,spotify_id,
Album4625,spotify:album:1zBJbt5lWNst5QzEa56fcc,spotify_id,
Album147020,spotify:album:4knin4mUVXdOknjQ3DtVvt,spotify_id,
Album4676,spotify:album:7pBJuCKTNKFLf6JztTYv6B,spotify_id,
Album11074,spotify:album:27RIMpqEf23c22F1AIp5pl,artist_title_year,
Album935,spotify:album:2eia0myWFgoHuttJytCxgX,spotify_id,
Album68466,spotify:album:4jQW2mhMH3TxtAOol3Djuf,artist_title_year,
Album1081,spotify:album:5obGGGs1Gcf4gJzCte6iJf,spotify_id,
Album7301,spotify:album:2UqKqZofb9pdapHk4HzRUo,spotify_id,
Album21741,spotify:album:3Fwvk0okeHHvxT5s90mK8T,spotify_id,
Album11855,spotify:album:4HmWOsD5ggw9It34pM7nUf,manual,
Album9076,spotify:album:2k5YAxjmAD3DmYtmlrY64p,spotify_id,
Album1647340,spotify:album:5bYZ2zn5uPv9zjk6jzpjzp,spotify_id,
Album24818,spotify:album:3mx9Te2p8koxBI9oe1341j,spotify_id,
Album30832,spotify:album:7rnN7mkFVZqXgaFvQIxCKe,artist_title_year,
Album1176,spotify:album:6dFmNBt5ZLbaqf7PCtuvUv,artist_title_year,
Album13656,spotify:album:3hAEZH07Rme4RfmSbd7KMC,spotify_id,
Album14784,spotify:album:4J2iFLCLHjuA07RlzVzLKh,spotify_id,
Album43699,spotify:album:0KJ4nahcRqBiOSuH7rZC2r,artist_title_year,
Album271163,spotify:album:6lNAzoeQjlcJduquuA9BNt,spotify_id,
Album3969622,spotify:album:0UzcBQ0p8f4byXmGo3MMa6,manual,
Album7156,spotify:album:2oTgz2dDLpJT8sHovwbHfX,spotify_id,
Album80402,spotify:album:2DrNn7EqOF9emkRkAqCCoz,spotify_id,
Album130199,spotify:album:765HF9Wt05OHyUOTocMk7t,artist_title_year,
Album539331,spotify:album:70lTAGGgRcKosL3YVkO2Ry,artist_title_year,
Album18420,spotify:album:0wPpgZnlrnILxwp4jMVupf,artist_title_year,
Album17839,spotify:album:6ivHkiqHZ2HzIhKU6DsLbS,spotify_id,
Album80195,spotify:album:4eNsGm8O8EZRNsJv5WII7v,spotify_id,
Album161324,spotify:album:6UUhmiN2aMKVqA2DakwGUy,spotify_id,
Album325152,spotify:album:1q2RwlhPN4zVbhlHMV393p,spotify_id,
Album4481457,spotify:album:4m2880jivSbbyEGAKfITCa,spotify_id,
Album9061740,spotify:album:1zN85Ep8w2JORfCe0RHLDP,artist_title_year,
Album2908,spotify:album:7hkIf8sKiJKRjADB2xan74,artist_title_year,
Album50372,spotify:album:2FbVN08tPRbCfe8wLe3lRj,spotify_id,
Album1358,spotify:album:6VNuZLF98tsRYgqlIXAVCD,artist_title_year,
Album2985,spotify:album:3XzbVl7oibSdnmpCGzCK6A,spotify_id,
Album3008603,spotify:album:2x6jHG13iDlyqYdqFIB6zP,artist_title_year,
sp:1Na00AiY0fdiuOaC2rj1mF,spotify:album:1Na00AiY0fdiuOaC2rj1mF,none,
Album36408,spotify:album:0fZfr7iRNMbop441cCDqVy,artist_title_year,
Album9857,spotify:album:7DdjX2DEHR8xWkxqf7wDCL,artist_title_year,
Album411306,spotify:album:0WDDlUimET7qIVjs0Sm3mM,spotify_id,
Album24022,spotify:album:1qaq3gfrFUMwNoZ5lM2i7z,spotify_id,
Album121449,spotify:album:0JTpT75jTlXCJqAoCw1H4b,artist_title_year,
Album3542833,spotify:album:1bkN9nIkkCnXeG4yitVS1J,spotify_id,
Album11455755,spotify:album:1CqNrKEv2fhF7mudTXrydV,spotify_id,
Album8205,spotify:album:4yroZp50wlIydVptv1EXlD,artist_title_year,
Album11479,spotify:album:41Dl68Kik63nV6zvn07NgY,spotify_id,
Album308932,spotify:album:0XcNHzWiVE1RAQrQ4tvtOZ,spotify_id,
Album12853,spotify:album:7I7z6Lfwyc1nghsFImEhYq,artist_title_year,
Album101962,spotify:album:4qhtwqVc3FMTI3oHgjuaCW,artist_title_year,
Album483222,spotify:album:2vf3HIuPRpRRLYJzcGmYeE,spotify_id,
Album39715,spotify:album:7mDB4L1u8j6HMAmAlKnpXj,spotify_id,
Album36101,spotify:album:5KrMBe9A4OLbz45Ox2Q1Mu,artist_title_year,
Album38957,spotify:album:5kJJHZnVDqHT4oLtU8UPD4,spotify_id,
Album24990,spotify:album:2MV8GUvFbQKnpYDLGCGFQf,spotify_id,
Album82405,spotify:album:06cQQ47KHUZf6bAuflpbb0,spotify_id,
Album19599,spotify:album:5eHLW4hwMsIjP9QyXx5ntw,artist_title_year,
sp:4AN9E9jibRPCCvmGr0yp1d,spotify:album:4AN9E9jibRPCCvmGr0yp1d,none,
Album19408,spotify:album:67Sjm7EwrWbnnyojmhP4KL,spotify_id,
Album161493,spotify:album:3L7CfI4ZSDV7TogTQkp3xW,spotify_id,
Album825492,spotify:album:0KVlRrpun0BBnfJFeVTLfX,spotify_id,
sp:5ae9t6QD6On3MGmZVncuAn,spotify:album:5ae9t6QD6On3MGmZVncuAn,none,
Album37361,spotify:album:2qBk8oCzebpKxWkJNbWzi2,spotify_id,
Album13473,spotify:album:2W49Vkri8OTFs5Gi7UWFUU,artist_title_year,
Album42181,spotify:album:0BM1tLMCFHG9EbnSaRruGf,spotify_id,
Album7445773,spotify:album:4qApTp9557qYZzRLEih4uP,artist_title_year,
sp:2ubcKYeOHGJ5UHHNBAuaKb,spotify:album:2ubcKYeOHGJ5UHHNBAuaKb,none,
Album26184,spotify:album:3GhMLrHLUz77Fkz6zufSYL,spotify_id,
Album150049,spotify:album:7Con81YxogOZEk8B3KVo1a,spotify_id,
sp:10v912xgTZbjAtYfyKWJCS,spotify:album:10v912xgTZbjAtYfyKWJCS,none,
Album83544,spotify:album:18IfeZtvBhsXgHo6lxGEiI,spotify_id,
Album787,spotify:album:28XoBuuNDXciDAdfEgDMg6,spotify_id,
Album48213,spotify:album:6FxqNK88NImuiMIpCrTZee,spotify_id,
Album15424,spotify:album:4yEwgw9FUQHoQTopB4Ki04,artist_title_year,
Album57589,spotify:album:53lbB7LYjPft3wNHshbgon,spotify_id,
Album3825,spotify:album:7EfhvG3RwdhzXrFlkDVxg4,spotify_id,
Album3264322,spotify:album:5EAhUoAz1G3WTvIfGZvmrh,spotify_id,
sp:7ibv6MJHfkq0al0QRmoCd6,spotify:album:7ibv6MJHfkq0al0QRmoCd6,none,
Album4900,spotify:album:2qoEiffsxqSGmjBoGVWG15,spotify_id,
Album4425637,spotify:album:3hY0WIR79EKnQcwUsyRy5m,spotify_id,
Album7170023,spotify:album:6D6v19wYlLDsYkkfebOY3g,artist_title_year,
Album1369,spotify:album:2Rwf2nPYZQ9aIe4QXACTC7,spotify_id,
Album96424,spotify:album:0yoRd5CciBDzUc23iziLYm,spotify_id,
Album11372,spotify:album:4d4VkyVcANJTlMysxPMM5D,spotify_id,
Album113619,spotify:album:4BO1mrsjRwlSCs2hg2P65u,spotify_id,
Album218447,spotify:album:0wpsMlbmTwMN7zr421eMbr,spotify_id,
Album25618,spotify:album:0zYfUaLDEeWVYkohFTVLmd,spotify_id,
Album121333,spotify:album:4uWwOvdfMGp0xGJp0Ppb6e,spotify_id,
Album323891,spotify:album:1tSY0PB7uHvKhnEnjJQXLX,artist_title_year,
sp:4iHtEz2wxdaU4CMEmrZwe4,spotify:album:4iHtEz2wxdaU4CMEmrZwe4,none,
Album1038207,spotify:album:1vQ72oJTYfE3sxs6Os0dtF,spotify_id,
Album105637,spotify:album:1yejkU8avlKZK3PuH3sjHC,spotify_id,
Album17722,spotify:album:7FKr6OHxY05uURhgQ86fm4,artist_title_year,
sp:4ii2CVdTbZAG72QMedF6kb,spotify:album:4ii2CVdTbZAG72QMedF6kb,none,
Album107662,spotify:album:6VmfFekXsv7GJeaZiTZde5,spotify_id,
sp:1ADe5AyVKt7jMBSo58SjyR,spotify:album:1ADe5AyVKt7jMBSo58SjyR,none,
Album1370272,spotify:album:2xwzJG5kuUOIuyEf6u3OXQ,spotify_id,
Album67528,spotify:album:353z5yWoQlug84akazanpg,spotify_id,
Album382898,spotify:album:0xo3ZL0B9982pr08stcNlt,spotify_id,
Album285966,spotify:album:1GJY6qaoQ9JD9yBer9eSie,artist_title_year,
Album5389,spotify:album:6xmPL0CddWADJTJkJZkrl2,artist_title_year,
Album2909,spotify:album:0AwBxVtsvLVwmaVwwe5beS,spotify_id,
Album23049,spotify:album:4ufILilCUgEzlU6y2pr498,spotify_id,
Album19027,spotify:album:6CrHkl9kGFR1s2twC10swE,artist_title_year,
Album364703,spotify:album:7AV5PVFEvXusBGQFTWGeFj,spotify_id,
Album5745,spotify:album:4UZmpGH8kpAgyZ2yqQ8sP9,spotify_id,
Album74423,spotify:album:5kkx2ENQR0qqWpWR4cCv4O,spotify_id,
Album57813,spotify:album:3fxWzXNMhTz01uShzMARnm,spotify_id,
Album14021,spotify:album:5nflfddG6Tlrt2YiZhXJAD,spotify_id,
Album31755,spotify:album:0Bbj6ao9xoNtGw6Yttqklr,spotify_id,
Album23024,spotify:album:3LG1c3DYgaEtCxea2z7ZSa,spotify_id,
Album2353284,spotify:album:0zVtspcd49i55XA3LY1SSX,spotify_id,
Album6540,spotify:album:7b8t2K8fvaZseDqeo19eGJ,artist_title_year,
sp:0kT4F2mSpvTk3stwiaEStp,spotify:album:0kT4F2mSpvTk3stwiaEStp,none,
Album184726,spotify:album:7dtI4gOyh3dD8jW6mSLMg7,spotify_id,
Album8658134,spotify:album:3PtfffF6dPdqxHbiwmo0ux,artist_title_year,
sp:0yHWKkqgQezsX60L4k2vBi,spotify:album:0yHWKkqgQezsX60L4k2vBi,none,
Album27891,spotify:album:5PSewqr3UuWgOsULPNcgj7,spotify_id,
Album133422,spotify:album:54XqL1nB1zUTXkD1F3w16R,spotify_id,
Album96157,spotify:album:4QHGwnJNtpEgYOyjrpoaED,spotify_id,
Album80993,spotify:album:6TYhLaa3te4zNjzY6WLRd5,artist_title_year,
Album398888,spotify:album:0KdAbTq8g65KxB8wxCEElb,artist_title_year,
Album65784,spotify:album:2onXlqUvme77BeIcMIOz3M,spotify_id,
sp:6AGN0V4QobqBIVCWr6ZZPz,spotify:album:6AGN0V4QobqBIVCWr6ZZPz,none,
Album92747,spotify:album:2SCqHqo5CDNjbGMiL6OUKa,spotify_id,
Album161462,spotify:album:3cuDZQhJXq07GjBJPQe7D8,spotify_id,
sp:2vN71IqV0ucqeYAoNGlHxV,spotify:album:2vN71IqV0ucqeYAoNGlHxV,none,
Album2257454,spotify:album:5sUpQ0SNW7ITMLR5fCHFXW,artist_title_year,
Album76041,spotify:album:05APAIA6c0Qf7QtFQYZAKm,artist_title_year,
Album13272216,spotify:album:6S6jg2LuEwGdo9iYMSwCBS,spotify_id,
Album6157,spotify:album:4CWRDSPCD3KOHehpU1YMQ6,manual,
Album3118620,spotify:album:69dtvmEbd0xejAVrqOuzDO,artist_title_year,
Album123665,spotify:album:250sWScTPsQKWAY9s7Oufy,spotify_id,
Album5733,spotify:album:7n0bcoRDylRw5PUKn2PlRJ,artist_title_year,
Album7974,spotify:album:5GuP6isw4DZpsTaucdWkC5,spotify_id,
Album10867,spotify:album:2GQNkSoyBPwTkpuzn8niec,spotify_id,
Album1361,spotify:album:7vuSTl6tuWg0CQdmfphkFQ,spotify_id,
sp:4lCAui1nwxoRBksYiiKjxm,spotify:album:4lCAui1nwxoRBksYiiKjxm,none,
Album41776,spotify:album:6fNx8ioP99WoRiLidrqrmz,artist_title_year,
Album341970,spotify:album:3ZveR9515NaBOT7w4hMre6,artist_title_year,
Album158717,spotify:album:6z9eFVqglQeD9roac14sUQ,spotify_id,
Album92782,spotify:album:2b0TUn2yyN7BH7LzoqYIRe,spotify_id,
Album300078,spotify:album:2GHr2o3QBRkdVMutZWJD8V,spotify_id,
Album184915,spotify:album:08WhOkH7KtcbYzyxfMuV2R,spotify_id,
sp:5RRib8eRMf8OthdvJX26iU,spotify:album:5RRib8eRMf8OthdvJX26iU,manual,
Album301011,spotify:album:00IfY3GynnOiWlXRSUMvZ1,spotify_id,
sp:2LDYdZO5TMa9ZE9gj6VGuc,spotify:album:2LDYdZO5TMa9ZE9gj6VGuc,none,
Album17639,spotify:album:4MyV8Ip8UwyDRVXtPBGjNV,artist_title_year,
Album4153724,spotify:album:2AhrC4AizQkilF5qV24Bgg,spotify_id,
Album24817,spotify:album:2prCz4HRmedo4uyhAtXX9Q,spotify_id,
Album158453,spotify:album:5HbJEL4SgUpiHT3o8IoVJg,spotify_id,
Album5513111,spotify:album:3hSNlSnQb74uUIAFwKZ2uZ,artist_title_year,
Album193187,spotify:album:2R2mGWmA6cPIEmzFDkny4K,spotify_id,
Album1692406,spotify:album:4Tw0CuP1RixX0fDBZx3Cvq,spotify_id,
Album37048,spotify:album:28qbOp4dEh18N5u6FInyOO,manual,
Album72047,spotify:album:1ctUX6jooPNVVKA8T6uNkz,spotify_id,
Album4747876,spotify:album:4C8VqFE4h4KWIsbAViqIby,spotify_id,
Album4585847,spotify:album:7l0L2YHlQwAyI4QyZTIWGS,spotify_id,
Album10543,spotify:album:2xWIi4fDWJZT2Mw3ydTIO7,spotify_id,
Album51465,spotify:album:1hN5JK7ET6vw4gQR5fnmj7,spotify_id,
Album925301,spotify:album:4r0ElvBWacQq7Y4wIUFiIn,spotify_id,
Album96425,spotify:album:2gKagoHHNGV23mzrBq3W6V,spotify_id,
Album30416,spotify:album:3DdN3GRJj8YS0V0fiyXtbt,spotify_id,
Album32937,spotify:album:6hbBxiLc58H2DJkcPvBgck,artist_title_year,
Album240914,spotify:album:05k7MPh6UZ71omu4O8Kq6A,artist_title_year,
Album2094,spotify:album:05yevdRXvaX6KGRaZehaDW,spotify_id,
Album6192,spotify:album:2uC3l2Y0rJIRHdAgotyCuM,artist_title_year,
Album917064,spotify:album:4IeJySFMS6reB6BeYzMp5j,spotify_id,
Album7763,spotify:album:39tcrpcvpiMd0PoxyLJt3Z,spotify_id,
Album1358446,spotify:album:4t1VSEDZyQRekY29oGLcjl,spotify_id,
Album7125128,spotify:album:7s8GMmLooF7H6awoTjbl4Z,artist_title_year,
Album152527,spotify:album:6MxCLLjufXI0JWG6B3fFWc,spotify_id,
Album31253,spotify:album:3Bnn7RN877MpVjuwcEWH25,artist_title_year,
Album14641,spotify:album:47an4QHvCKBFZKPRuFaBB5,spotify_id,
Album30419,spotify:album:1nnCD4VLdJ4n6lnOOUNUMc,spotify_id,
Album36369,spotify:album:31gOu9Ke5o3wgx1GyIDNYU,artist_title_year,
Album144771,spotify:album:6K00bMt01gx5AYP9drle37,spotify_id,
sp:3XnHTwogsnLUFhC7nZ983d,spotify:album:3XnHTwogsnLUFhC7nZ983d,none,
Album1306,spotify:album:5HswYyErxPHfQtHhNlzhnR,artist_title_year,
Album11802,spotify:album:6C2AlxVFIfvLsuWOJB1UKo,artist_title_year,
sp:6zwdOtcRntgYAyUkkxVZ4t,spotify:album:6zwdOtcRntgYAyUkkxVZ4t,none,
Album19161,spotify:album:6uxqHM6i0as9PVB5S0TcUP,spotify_id,
sp:4ZImzDF35hQWiN5FdAqQbN,spotify:album:4ZImzDF35hQWiN5FdAqQbN,none,
sp:2iXjDsPPxZWr5gqhwpXspC,spotify:album:2iXjDsPPxZWr5gqhwpXspC,none,
Album6276524,spotify:album:0TCkVVN1AfEtMP3IjVD1Zi,spotify_id,
Album15918,spotify:album:3hJb5LZwOEPs42JChnkVO5,spotify_id,
Album399282,spotify:album:2nnXcAt9Yke9sHwKtfcJlY,spotify_id,
sp:2OXQtMcqQ50VaMj51YFusc,spotify:album:2OXQtMcqQ50VaMj51YFusc,none,
sp:1chTX690N6Rji3vsdKaiJM,spotify:album:1chTX690N6Rji3vsdKaiJM,none,
Album73335,spotify:album:66CAtljsOdCUxSiEtiNy9h,spotify_id,
Album93358,spotify:album:7gl0SUDwWTOdUehXFypXna,artist_title_year,
Album5738166,spotify:album:2cCaL3kdBwQ2k4SZF1jP8K,manual,
Album17237,spotify:album:2FIPqFsTkNb5K6gX0aXcUc,artist_title_year,
Album531694,spotify:album:3iqyQHFVWrmx4rjWRJXCNg,artist_title_year,
sp:6zF2s0VPbQJk1vxX6WIe8W,spotify:album:6zF2s0VPbQJk1vxX6WIe8W,manual,
Album826259,spotify:album:39TFiICuqkSNiyNTMsBHdh,spotify_id,
Album24831,spotify:album:6WXQu3KjFlb9Hjwzy3vyS5,artist_title_year,
Album3038,spotify:album:7vMRVoNIjVydsWdgdkNiGm,spotify_id,
Album40692,spotify:album:564bYeP5ER5H0wdfgDMmWo,artist_title_year,
Album12030323,spotify:album:5jTYZA6b4VoSRnR5TMldgb,manual,
sp:5W7R9kGDhBeRGNen3jSuql,spotify:album:5W7R9kGDhBeRGNen3jSuql,none,
Album384403,spotify:album:0TDJRkEr2SrhWTetdkEzED,spotify_id,
Album8600,spotify:album:6xHEzpqk0yDUt2uuodhWqF,spotify_id,
Album1206,spotify:album:2OZbaW9tgO62ndm375lFZr,spotify_id,
Album7137,spotify:album:1Nsz6t50Wz9nAGZFdIw8d1,spotify_id,
Album25479,spotify:album:6nTOCPzj8JiohYlZxW5Zl1,spotify_id,
Album8805,spotify:album:6fhTDVBs7qeoP3254hMu6u,spotify_id,
Album90476,spotify:album:5slTcrsJ9B8Q4q8rA135XE,spotify_id,
Album195276,spotify:album:0IcpyzTrT0Gp8PVMC9l0NS,spotify_id,
Album14502,spotify:album:7lrNfxBCYeqkZoycEODjPW,artist_title_year,
Album705100,spotify:album:4ZrrsbXBe0byye7R0Spx1x,spotify_id,
Album9998,spotify:album:5FRzKiBPlUkfULxupLXK53,spotify_id,
Album36286,spotify:album:4aLuW8mu9Ivic6cdWFBlQ2,spotify_id,
Album7222,spotify:album:3ezxoWuFQIiCr2xugKs3Lp,spotify_id,
Album118493,spotify:album:1AUQYgnYlRaNMVKrU3NIgW,spotify_id,
Album35106,spotify:album:4Jw0RycAqlXeAoymbc0CYp,spotify_id,
Album5549,spotify:album:2dQ3M0lHLraMpIjcNMKzk5,spotify_id,
Album30136,spotify:album:0nI82CyOhfSVAlElZlAUXW,spotify_id,
Album845608,spotify:album:2C9YDg1G8rWpdttTNj3ObI,spotify_id,
Album596394,spotify:album:7sCU0pZZix0KirptfjERbL,artist_title_year,
Album111328,spotify:album:1IQKV1zaM2GihjCXjZTdeJ,spotify_id,
sp:05ALFsmsEf0322hTZ0AmSU,spotify:album:05ALFsmsEf0322hTZ0AmSU,none,
Album761446,spotify:album:2VUcwcNH6YbFCPfntYcYdG,spotify_id,
Album147309,spotify:album:5nJ62pDgrEPnDvVIcdCy9A,spotify_id,
sp:1VJbvBFnEr2uAV3SJkMO7d,spotify:album:1VJbvBFnEr2uAV3SJkMO7d,none,
Album48258,spotify:album:2mXmS3vrChyIv65jnbZEMa,artist_title_year,
Album2101,spotify:album:1AP6uGYHdakRgwuWQsP5pK,artist_title_year,
Album11095779,spotify:album:5Dqqrr1dhaZ3BcFthVUCj2,artist_title_year,
Album139996,spotify:album:6Y5Fy4lhvFDkC0bbINONW5,spotify_id,
Album36051,spotify:album:36EzzM52hSYnWYwsdrWPGG,spotify_id,
Album245548,spotify:album:2vyE4fvDCuvjUZdpZRJSGz,artist_title_year,
Album19092,spotify:album:1isk3Q87nsxN1p47aBVyPL,spotify_id,
Album263593,spotify:album:6JeAFGVAsrfOgjYiuMZjDM,spotify_id,
Album2139,spotify:album:17j1kW5y6yHlY5vaBFijbR,spotify_id,
Album8880266,spotify:album:4pxnDGBdoGu88h8ZInX5f5,spotify_id,
Album8117,spotify:album:2ORArXMQSBYaF17QzkEvrl,artist_title_year,
Album13938757,spotify:album:1paea7BPqUpZksvNkQ2cqQ,spotify_id,
Album91409,spotify:album:6vGlda09oy3XWANPmXT35n,spotify_id,
Album18877,spotify:album:3TgsOtKlwTQzNn71HWcuKH,spotify_id,
Album8596097,spotify:album:5mo701EsMb8GFdF4YL3NG8,spotify_id,
Album1191,spotify:album:0qZTwrunzX3LG45PvRghmh,spotify_id,
Album4198,spotify:album:0PvGbpxBh7faAVbeZM4sIm,spotify_id,
Album63256,spotify:album:5nqDXYiJvy1Md86YtMAyzk,spotify_id,
Album11848,spotify:album:6Olkoi8hoXUfoMgCb2SW6V,artist_title_year,
Album187137,spotify:album:4vJH84ddOAuXvRhtS0ePex,spotify_id,
sp:4n8GtrqMTNsmBMr7Yx28Kr,spotify:album:4n8GtrqMTNsmBMr7Yx28Kr,manual,
Album710583,spotify:album:23YsJH4l99KmP9OLXIwsaM,spotify_id,
Album2758086,spotify:album:1GjjBpY2iDwSQs5bykQI5e,spotify_id,
Album9441,spotify:album:6QPj8ogKledNHo7cknF86Z,artist_title_year,
Album6241897,spotify:album:0BTCS1O61sSYZ8o5kCqx03,spotify_id,
Album2045,spotify:album:67qnhGyaN6Z0PYJMEePzjW,artist_title_year,
Album41742,spotify:album:58GjBhQvLHwfQFJtdP9Oxg,spotify_id,
Album292225,spotify:album:3nLJdi7hi0CtHwMwuAoK0p,spotify_id,
Album26234,spotify:album:3gPOWmWT0q7Ygp95Xiuw1v,artist_title_year,
Album3187,spotify:album:4tccdvGeX34eLWlHhwOt5b,spotify_id,
Album8290,spotify:album:20cIG6jxvP2JDDUz0w3op6,artist_title_year,
Album52275,spotify:album:4YyP7v5pdacHgsyWB7K5I1,artist_title_year,
Album32319,spotify:album:2ARWEOvaUgm4FSj25MpY6F,spotify_id,
Album2693,spotify:album:2dQNpAl2lgWEUEoY5PzOvH,spotify_id,
sp:7kXPAQK9SXrGuvvfjjsEjN,spotify:album:7kXPAQK9SXrGuvvfjjsEjN,none,
Album134374,spotify:album:3GDMSnOoQQqACeRboaPL19,artist_title_year,
Album177890,spotify:album:13jsiukSg8oNVBKACx3X3f,spotify_id,
Album920021,spotify:album:5TTbsVrpnet2mikigXpdgO,artist_title_year,
Album121313,spotify:album:5cUvL3UL7LetWXvBZdIOhM,spotify_id,
Album176212,spotify:album:4ZMkt0tFGjbCXDrnCAwRHq,spotify_id,
Album927260,spotify:album:3NzUjnpmBpzkVSuUek2BMB,spotify_id,
Album653,spotify:album:2L4xduAFQeVbHLRiKUH7rD,spotify_id,
Album15961,spotify:album:0qPgTNLl3ojenY9bE4nzqm,spotify_id,
Album1621,spotify:album:3gz1CZk5wFg2inBuUWDa8x,spotify_id,
Album2044,spotify:album:3YfIjaJEWqiSbKPguS9Bxd,spotify_id,
Album5971,spotify:album:11O60gqbQl6f3EmTyZGaur,spotify_id,
Album12197,spotify:album:21cn3spYbbQ1aAuzNoeRRp,spotify_id,
Album14445,spotify:album:4TC69U5HGclykFldzvsIao,spotify_id,
Album30150,spotify:album:5YnUbwAzrorRuvSJ0sCj7n,artist_title_year,
Album3446043,spotify:album:217MWnvPkioCSCh1LO8YBr,artist_title_year,
Album294567,spotify:album:33ADD53a2BoG60Cqx0UFyu,manual,
Album30654,spotify:album:2tIjXLaBInbrlYGFaPH3Us,spotify_id,
Album36458,spotify:album:2oEnE5RVhyAW3NN7vgyCrV,spotify_id,
Album107427,spotify:album:4oefDjrZeVwu813zF7sRlX,spotify_id,
Album34242,spotify:album:0hTu1UaxBnVtU4Br5Hbz9i,spotify_id,
Album56966,spotify:album:2RxtUVWtkYmU6HsvSDFgYb,artist_title_year,
Album267819,spotify:album:0MW4146qlks86r3EUkTwFi,artist_title_year,
Album38444,spotify:album:6BWSXyptptsZmLlj3n8lDD,spotify_id,
sp:5evArWgt3lYByavFqzbo5x,spotify:album:5evArWgt3lYByavFqzbo5x,none,
Album8387,spotify:album:51yhtTYCHGMuodYCW2d25l,spotify_id,
Album12589718,spotify:album:4z44Wir05QzQYSCs0KwsKX,spotify_id,
Album776199,spotify:album:1zQQoViMwTIXwmidyqTXdF,artist_title_year,
Album46246,spotify:album:4DsHBZ9Cw8D5cE2gmjoaXu,spotify_id,
Album77615,spotify:album:6jRvDpOc9oi3sjQuoPK7if,artist_title_year,
Album5334,spotify:album:71R4tl3qYgZVvdlwE7Fxs6,artist_title_year,
Album8191,spotify:album:7l4Kii7depfwIrtB9EDMk6,spotify_id,
Album107384,spotify:album:3q8NuY6M6Ay1XA34vGpeud,spotify_id,
Album13239,spotify:album:6KCZbjfik8Tdswe0uw8tc8,spotify_id,
Album3575370,spotify:album:1KzsSFzRO8903u1XTyEi8U,spotify_id,
Album4160,spotify:album:54zaC0AviuCfkDwHsUJIra,artist_title_year,
Album229104,spotify:album:3vyzuluzt1PZ7QO2oZdqaJ,artist_title_year,
Album13898025,spotify:album:1HBuWe94Z8qMTj2IvgfO4B,spotify_id,
Album12928,spotify:album:3L5ykuyj6QenhXBi2kAtZU,spotify_id,
Album15668,spotify:album:0H3v4snD6xhworsjXndsai,spotify_id,
Album11044,spotify:album:3qMXTPf0ofiBHm4D5chujy,artist_title_year,
Album630647,spotify:album:4ucDcX8iPgBKY9zAJyHOjy,artist_title_year,
Album11765,spotify:album:5guxPWzK1xvarjOVeHcQXQ,artist_title_year,
Album128857,spotify:album:5DyOxuvdSmTSNAmkfcsBsj,spotify_id,
Album11468,spotify:album:7x2WkwfDyXqrFxswIhlT6V,spotify_id,
sp:784v2vgKR7tIuycQVzWMOg,spotify:album:784v2vgKR7tIuycQVzWMOg,none,
Album18831,spotify:album:1N2dPrm6OBhsZkY8GzqMhv,spotify_id,
Album519468,spotify:album:4uXadaCsBVwLK6s5V14Kjw,spotify_id,
Album8229,spotify:album:590bVIFnCzWMm6OxKybDTs,spotify_id,
Album20887,spotify:album:66TnA3JK2F1Fmk1foel2of,artist_title_year,
Album869223,spotify:album:4qpAAJEjdt1KdzXndBQAMl,spotify_id,
Album23999,spotify:album:4MrFVzdNEgxfZbJyC2RQt9,spotify_id,
Album569217,spotify:album:2NFVGjOe4vRXmudFIjgvfI,artist_title_year,
Album13178,spotify:album:0lSeYO6mLZIngXj5NPS3Hl,manual,
Album7561851,spotify:album:0xtTojp4zfartyGtbFKN3v,spotify_id,
Album182797,spotify:album:5vlG5D2TCZzvWYAevPVYCI,spotify_id,
Album1762,spotify:album:4Nyu5zVDr4XV6QOBCqdTrk,spotify_id,
Album18448,spotify:album:5pX5ShZnrzUk60BUvj1F7G,spotify_id,
Album6241,spotify:album:6vTezbWZzoG5O9iwYcqxVl,spotify_id,
Album735118,spotify:album:68fWbPDzZMjOoLGabHVHmn,spotify_id,
Album11466,spotify:album:0BcFhdbvCAfpJg0qZGd7nQ,spotify_id,
Album14796,spotify:album:4eqjbUVRGuA1iM9Gt1UhaV,spotify_id,
Album114184,spotify:album:2ZoKtCTqeEVpHgqPhmkwJO,artist_title_year,
Album2639,spotify:album:41Qh3WL5sMD76RZKWWGWQw,artist_title_year,
Album13936,spotify:album:6lNHGyqPf6b8qQxamd3uFw,spotify_id,
sp:1JTk60wb4CTAaX6TaCfpPU,spotify:album:1JTk60wb4CTAaX6TaCfpPU,none,
Album69529,spotify:album:5gj7Dx1OELPIFqxrMbQ7mO,spotify_id,
Album116008,spotify:album:25Hkmyrc8Y4mFFlbEo57Em,spotify_id,
Album3505044,spotify:album:5x7cI8aHmaqk03KKl1Auh1,artist_title_year,
Album1868,spotify:album:4CWgGsxF6Xgiv2W1WwZSsI,artist_title_year,
sp:4LAY1FlsUIxoYTcDDgwLta,spotify:album:4LAY1FlsUIxoYTcDDgwLta,none,
sp:5DPwOvCcqxFeeep1uoSLHx,spotify:album:5DPwOvCcqxFeeep1uoSLHx,none,
Album23993,spotify:album:1oZU9a9rdlLV2AB0OCocTZ,spotify_id,
Album263270,spotify:album:6XX496bM4XxA68DZGxIouS,spotify_id,
Album84320,spotify:album:3I384qOJvXmO8z1s3PqImP,spotify_id,
sp:1zwEN9cLtWg39zFJnj8brt,spotify:album:1zwEN9cLtWg39zFJnj8brt,none,
Album97116,spotify:album:4VMLOYts1pvqOCHbhYfqmr,artist_title_year,
Album106044,spotify:album:3dGCBOJgxxUO8roYSTCc8k,spotify_id,
Album36360,spotify:album:4VJoVDjLLAgK3l2DETH53Q,artist_title_year,
Album2339684,spotify:album:7nv3yGO4wkaM41NC3vio8H,spotify_id,
Album40394,spotify:album:5PQGbH3xpNg8H4cYIKMQRi,spotify_id,
Album6141740,spotify:album:1ttnHZ0HVGMSMTJdZZ7kYK,spotify_id,
Album6687375,spotify:album:4l4tgdU69cbukMzliC4xI6,spotify_id,
Album13996,spotify:album:6HAJ0LRCEqJeaCDm2lSsq8,artist_title_year,
Album8192751,spotify:album:1Yg57d0GXf7ko3fiEmUBvb,spotify_id,
Album938643,spotify:album:2FUVQumH9Wr0WYdyUHACtQ,artist_title_year,
sp:4bSvzPMgzwvfqHAbcWG88o,spotify:album:4bSvzPMgzwvfqHAbcWG88o,none,
Album21119,spotify:album:4F0XQZmn3DRkA7DBm793zw,artist_title_year,
Album19025,spotify:album:5hFGua73w06tkEYkvA03kB,artist_title_year,
Album140540,spotify:album:6lnjs641LTK3qswbVFFBJw,artist_title_year,
Album18196,spotify:album:0M1BsAowLxOrnBsx0YYlNy,spotify_id,
Album15648,spotify:album:09Df7mUZBQwbDYgvE0t30r,spotify_id,
Album884200,spotify:album:66Txt74DVDBie9E3JcilmP,spotify_id,
Album9683,spotify:album:3p6jhqOzFLzlC50KKv629I,spotify_id,
Album18253,spotify:album:2r2xRCQbhNanjDfa6YunIR,artist_title_year,
Album13835,spotify:album:7vjVNS0mjLmZECnE4i3zhg,artist_title_year,
Album36372,spotify:album:7grztULznFVSP0weh8bAaH,artist_title_year,
Album87387,spotify:album:7suTZDEkiDpzkouw300noM,spotify_id,
sp:5pCA8SReb0Slsify6rsb7h,spotify:album:5pCA8SReb0Slsify6rsb7h,none,
sp:6qaPxi8XNIgu3ZzUvaG2sg,spotify:album:6qaPxi8XNIgu3ZzUvaG2sg,none,
Album4140858,spotify:album:6kh9voL1n2e2sIeZz7ebXl,artist_title_year,
Album53851,spotify:album:3RF6MAVkVhM1nUtgqwJ3Ic,spotify_id,
sp:0tswO3agPziVRShLvkXuiy,spotify:album:0tswO3agPziVRShLvkXuiy,none,
Album146833,spotify:album:1kKPH6oqlh9iPP3uAQhb68,spotify_id,
Album127555,spotify:album:04YUDlJmTFuyr3B9D5cVc3,spotify_id,
sp:5N8xk0eJqlZjzDdPFIWaUN,spotify:album:5N8xk0eJqlZjzDdPFIWaUN,none,
Album23743,spotify:album:6YoOx68IAfz5xeHVrQi7UY,spotify_id,
Album8191615,spotify:album:4eLPsYPBmXABThSJ821sqY,spotify_id,
Album20433,spotify:album:5ieP11rJQvuYz0Ov3k03cy,spotify_id,
Album5299754,spotify:album:7JFr7lrgJY7PdXuQV6L1SG,artist_title_year,
Album4287947,spotify:album:2xJFvV7JzoYYMere5rqjVf,spotify_id,
Album1201,spotify:album:6SZeOhypPklZ2oLywHluyS,spotify_id,
Album37340,spotify:album:4Qy0SOU9Jg7Td10K68SanP,spotify_id,
Album18870,spotify:album:79cqN1u4qZ52SM7Ckq8HBt,spotify_id,
Album4081655,spotify:album:2rxV4vZNulqUeounxZWE33,spotify_id,
Album72924,spotify:album:14gpuI6JNy9gekaT0p6m9N,spotify_id,
Album867168,spotify:album:4ThQKimTEuqYTCkJMMhWP8,spotify_id,
Album1821,spotify:album:2kvp7gVn5GL2r6B6w6piuc,spotify_id,
Album174300,spotify:album:77q52tHMDcIUEocO6QkmZG,artist_title_year,
Album17032,spotify:album:4RQHNjzrVVxNSlkcmnZDCG,spotify_id,
Album338,spotify:album:64DNjGvRmxv0GiDYqnrrqL,spotify_id,
Album594884,spotify:album:2qVUBItoQhQq3UQYoENFgu,spotify_id,
Album208431,spotify:album:2ta1doHAXdTOtLLoc02fZf,spotify_id,
Album300311,spotify:album:2xhhbZySK489esUAtrs65j,artist_title_year,
sp:3t0h9Jw2lbQFCrBuDUMARd,spotify:album:3t0h9Jw2lbQFCrBuDUMARd,none,
Album37119,spotify:album:7fTQERHHclQipzWmKfVly7,spotify_id,
Album87540,spotify:album:3GpP1q2FPgHcZ0m3PUdOZE,spotify_id,
Album791562,spotify:album:2vDH2vjdjyJtVGiDCHvUFP,artist_title_year,
Album30965,spotify:album:5WWFuOyrj99mrvQotoQzuS,artist_title_year,
Album1203336,spotify:album:5S0Oitj9VcF0Hc0olAVWIU,spotify_id,
Album88186,spotify:album:31r9X7NiY4BM2UOgSp8gF1,artist_title_year,
Album283368,spotify:album:4ON9bJ8ER6WWD8SrvAzmAe,spotify_id,
sp:5JMLXWyAYhJKtgBT2gX4ap,spotify:album:5JMLXWyAYhJKtgBT2gX4ap,none,
Album82191,spotify:album:3JwFNl80WWeXPiKEjIFbqa,spotify_id,
Album601526,spotify:album:4qvFBtRrwbSgoH3nyVlTCp,artist_title_year,
Album111708,spotify:album:2eFiRk2G9mVxjpZQy2ouTl,spotify_id,
Album5265,spotify:album:2negjodS7ksoI1xH61BWva,spotify_id,
sp:13xlpKbai3GGoMSr75lOeX,spotify:album:13xlpKbai3GGoMSr75lOeX,none,
Album11698,spotify:album:7nKGXCV1tOyjVXuPPvbh8e,artist_title_year,
Album2002,spotify:album:0Zk8BUwSBUkkeZsif2TsBa,artist_title_year,
Album7546,spotify:album:5c8C9CoAyRWng8zcvfSF2C,spotify_id,
Album5988,spotify:album:6vmAaaRJHTD6z47hItmOux,artist_title_year,
Album21083,spotify:album:5e3mq4TT4RLn4VXfgKV6MU,artist_title_year,
sp:0fd4JVsaEIH2C8O5KYoCYw,spotify:album:0fd4JVsaEIH2C8O5KYoCYw,none,
Album310871,spotify:album:42JXQLfhUrmwy5sTDVKtcg,spotify_id,
Album290551,spotify:album:1JDkIxq4xRW7ySH89sGflc,spotify_id,
Album179735,spotify:album:3Eq2l4QzFdUm9BgTjJ19RR,spotify_id,
Album75135,spotify:album:3zH8JfREa9pne9mPeqptfu,artist_title_year,
Album6196,spotify:album:5YXgjjZUjopOWCU0qgv3ZF,artist_title_year,
Album14921,spotify:album:4fOVcN7X7vQ8L41is621uJ,artist_title_year,
Album163407,spotify:album:3vxeZbB1nbvqlUQM9sE0Kl,spotify_id,
Album78176,spotify:album:6nmz0ql3fPSeiWkGdQVXme,spotify_id,
sp:5jhAuU3PRZsnck8CHgvqMS,spotify:album:5jhAuU3PRZsnck8CHgvqMS,none,
Album78346,spotify:album:1SHJ0wxptNBE6DiHxEEXku,spotify_id,
Album100737,spotify:album:204pS19s4av4IV22w9jaVb,spotify_id,
Album168527,spotify:album:60hRKwA9naYI5M80A9Ucdp,manual,
Album380028,spotify:album:2RjboSoOh6d9FXiLyPPdmH,spotify_id,
Album263308,spotify:album:0TjCtBbEIcqcRajdG0oro7,spotify_id,
Album65118,spotify:album:4v0Xyz0LVToUsSTGdsvKSK,spotify_id,
Album21239,spotify:album:44xm9OkWM3iQig7TID0Jiu,artist_title_year,
sp:4fEGGDaDNDLvXPylhbJdBy,spotify:album:4fEGGDaDNDLvXPylhbJdBy,none,
Album5333,spotify:album:0RhywRDYdXYC5Qzk0iIprW,spotify_id,
Album147535,spotify:album:7oyuh0TWCDf6rbsG4Elsi8,spotify_id,
Album11076,spotify:album:4wPNy4oz3tDjY3OEeHiOVq,spotify_id,
Album38107,spotify:album:6amRFNxNRwxSxYetYyFDgB,spotify_id,
Album160773,spotify:album:3dLsZ0Gv8OjgUyES2imXIK,artist_title_year,
sp:7Hp7JYrAeTevdePWOPouez,spotify:album:7Hp7JYrAeTevdePWOPouez,none,
Album41477,spotify:album:4sdAfxsQrjSro1DyjpUyyA,spotify_id,
Album34142,spotify:album:0rkVP7WnnJlwScKBfM8qPq,artist_title_year,
Album4360193,spotify:album:4GrHIHAhWruyk4N0taosUc,artist_title_year,
Album2439,spotify:album:2cUpAOlQjV5uSjkWj5bEQY,artist_title_year,
Album4998,spotify:album:4fgXwj3gPleU0NQeuYQJrK,artist_title_year,
Album33394,spotify:album:3pVCnqg7COWlaodlNiJIZL,spotify_id,
Album15278,spotify:album:0lUmhvC9JtPpU8LEYHVdyS,spotify_id,
Album2391,spotify:album:0kfT6lwFmXyepSvoItP4sa,artist_title_year,
Album3393,spotify:album:0gAhBCBqahVbuOgROHwISD,artist_title_year,
Album40098,spotify:album:497Oqcw7Qg0wAG6QwiyuX7,spotify_id,
Album10703,spotify:album:2L7SFzauQZmOGVbGgKZkgN,spotify_id,
Album37161,spotify:album:785WNIAl2zC3OZ6XHjFaIG,spotify_id,
Album21288,spotify:album:4VZOZhHQRuUY6Se7Ebhc6n,spotify_id,
Album54158,spotify:album:1ZCXk8phZLNQSpOOMhIbWG,artist_title_year,
Album471159,spotify:album:2Q6BZ30MnwneH2bqwj2BsT,spotify_id,
sp:2Q15bdTn337lqsf4zXhH18,spotify:album:2Q15bdTn337lqsf4zXhH18,none,
Album290094,spotify:album:1HrCTAe0ejQtd7xIGuwMTN,spotify_id,
Album15733,spotify:album:3aMqzMjVT9PlWyQuIgZtdR,artist_title_year,
Album21929,spotify:album:2yIqLIxn5gbKogYGcNdbxF,spotify_id,
Album574770,spotify:album:4lVqit0akB56OWxtdJA3Qb,artist_title_year,
Album604,spotify:album:76IekQtcx365yrHC6kfqAl,artist_title_year,
Album154645,spotify:album:6WcZTpAxpMYHAunYfI24X7,spotify_id,
Album650082,spotify:album:1W1FbUZSGL9pA3ZKmAAqQE,spotify_id,
Album163184,spotify:album:13Gwqcdlidz0lKhBw7hm5H,spotify_id,
Album1350195,spotify:album:29vFiayDfD0EpG4o1XBV7G,spotify_id,
Album20693,spotify:album:3Nb8Vso3Q3eCYymVqicVRV,spotify_id,
Album114475,spotify:album:6sKP0csYvkehqBuhW0qGkX,spotify_id,
Album294181,spotify:album:3Xu2yOtnZ0iuubnCTMNXda,spotify_id,
Album41002,spotify:album:26SSJpzaZjvKJ7pdGzPWuU,spotify_id,
Album129553,spotify:album:2ISt4iZQ8tAm8SXVdZb0Fi,artist_title_year,
Album189083,spotify:album:3sRSNR85zm2j0c18SdOey1,spotify_id,
Album77216,spotify:album:6qUfLxjWpMlcX1f5P3tUFH,spotify_id,
Album91524,spotify:album:5uTLfI0NN4SHivqfAJv1L5,artist_title_year,
Album57597,spotify:album:3g3awNPtHQE1qcyBOTnlea,spotify_id,
Album211954,spotify:album:0cn6MHyx4YuZauaB7Pb66o,spotify_id,
Album717,spotify:album:0QWmqw8ui1akXCQmfUplsf,spotify_id,
Album1059433,spotify:album:4j2w31z0hl3fRsTzSwgc3R,spotify_id,
Album1256,spotify:album:01sMJCr0xosXP8uZ2djLvd,spotify_id,
Album66635,spotify:album:2GPMPtwaSjGKvQ5zZui7s2,spotify_id,
Album4102188,spotify:album:1sn9hklZXGGG73XUq7cTzs,manual,
Album1967262,spotify:album:07e6YaOlhdz2k3A4A1HsXz,spotify_id,
Album32785,spotify:album:4I30EQjOonrHovN7rTtFKG,spotify_id,
Album54680,spotify:album:48FzOcD1g5y2FSs0f76g5l,spotify_id,
Album1984008,spotify:album:2S8AWAM0nxyFy66YnUfIs3,artist_title_year,
Album325,spotify:album:3x1CmNdXWU0DzpTZXFFRZu,artist_title_year,
Album2641,spotify:album:5jPQa1BcteUZm0h0pxuEDg,spotify_id,
Album7608992,spotify:album:3jeTB3j3QmUs8SPIVleHtU,spotify_id,
sp:3mLnqsQ4o8hPPj8s2yfYeI,spotify:album:3mLnqsQ4o8hPPj8s2yfYeI,none,
Album4613378,spotify:album:3RBULTZJ97bvVzZLpxcB0j,spotify_id,
Album662414,spotify:album:00jalpLLeWNB3mdvN4DipA,artist_title_year,
Album26054,spotify:album:0Q0bftWuBSwZAHBKZr0lxB,spotify_id,
Album507063,spotify:album:6sfAnBHbBbI8Z4NEDpXycZ,artist_title_year,
Album14157,spotify:album:7EorEag88teTV1CevBYuMV,spotify_id,
Album36405,spotify:album:2ANyO7tZgN5uS2uIqX9hS8,spotify_id,
Album11877,spotify:album:0Wm2TKPziZAr7Kh9LQkSgH,spotify_id,
Album60927,spotify:album:2Y2u21ZiXElXpOWYooyXFq,spotify_id,
Album8987,spotify:album:0bLBknKZ6dIGdK8l5nGvQR,artist_title_year,
Album24031,spotify:album:2kn0EF90FuahMHtPpwVsX4,spotify_id,
Album64287,spotify:album:18OdfFMip6GTE3l0HnvqPp,spotify_id,
Album197048,spotify:album:413atOyJTxrSrj4nS1iSmG,spotify_id,
Album14002,spotify:album:6S9rbimtTmC0v6UBWqSpay,spotify_id,
Album11196352,spotify:album:3IiK3vbVUx7U8rEHuY32sl,spotify_id,
Album832,spotify:album:0FVtcEj9ZmOa7QKvsZNFoh,artist_title_year,
Album5520,spotify:album:6HKTApHHNPs9EmWrbPWnRl,spotify_id,
Album103,spotify:album:69b7nBXWwREudaeDgIhZXA,spotify_id,
Album19118,spotify:album:3EfpOFKjotrMQTFTnxrXaB,spotify_id,
Album52294,spotify:album:13fPpAYLjzs1lCUl8tCLVs,spotify_id,
sp:4xQeH1v8FBctvzfuLBmHUW,spotify:album:4xQeH1v8FBctvzfuLBmHUW,none,
sp:4Bp4JbmlVdpt1i2TdpadG6,spotify:album:4Bp4JbmlVdpt1i2TdpadG6,none,
Album5488,spotify:album:1s9pyp2esxBxLKEjEeSc5N,spotify_id,
Album8254853,spotify:album:4o2UhvIIalZ00nvHyk2nEz,spotify_id,
Album224205,spotify:album:4SRImrY0LuRPyKtXMF2Vqk,spotify_id,
Album1242,spotify:album:5K18gTgac0q6Jma5HkV1vA,spotify_id,
Album7818,spotify:album:5bqtZRbUZUxUps8mrO9tGY,spotify_id,
Album4591,spotify:album:4dKdxly4ji1vfl7sEYuqBe,artist_title_year,
Album8994,spotify:album:26haV3xAO1klkweKLiMo3Q,spotify_id,
Album3671,spotify:album:60gQ6EG1JFQWWUcasx7wKc,artist_title_year,
Album906,spotify:album:5rMPmOj5n5TRtphgHpqEVg,spotify_id,
Album9760420,spotify:album:5OsHMGOg6lRV9REoVxbcWA,spotify_id,
Album715,spotify:album:0BGGErk30JJDxnbqvej9S8,artist_title_year,
Album17729,spotify:album:5uoiYvMMws1vvpUUXXF2RM,artist_title_year,
Album908,spotify:album:6e7mGGPd2eYf6iWx6rEjDd,artist_title_year,
Album5259164,spotify:album:093ctZKjtMDADth0fJUWAr,spotify_id,
sp:5a1XfxTK4jgBJ8E3X1xvOD,spotify:album:5a1XfxTK4jgBJ8E3X1xvOD,none,
sp:59IyvFBBMpdcBbdCveb9mz,spotify:album:59IyvFBBMpdcBbdCveb9mz,none,
Album831819,spotify:album:55R0qA8SLVcw1DuMdbk887,spotify_id,
Album38305,spotify:album:5E4ETIXXh9k6wD7yaWPAwb,spotify_id,
Album52454,spotify:album:1ZbBRi0jX9LI3dMhMglE5q,spotify_id,
Album2140384,spotify:album:2qdDgPLpiK0iY5ZqfJya8n,spotify_id,
Album3644167,spotify:album:6k6MoN1jPNXJbk5a1G8CkN,spotify_id,
Album1762787,spotify:album:6IvVDWhlF25PhGUQiDyvGd,artist_title_year,
Album15321,spotify:album:2b9A0he9VtDcWVrHogVW27,spotify_id,
Album7437,spotify:album:5LTiLtGa8g0TWWcjL2ymnR,artist_title_year,
Album156346,spotify:album:6JIVebWMTGtNpVFjfOOdBO,spotify_id,
Album47553,spotify:album:553dWgdmE89xioa8E7ftjD,artist_title_year,
Album1699,spotify:album:6amYke3Bm1DSXsxszbFN2V,artist_title_year,
Album695603,spotify:album:0lrzI1FqUbC9BQH5MgKDNF,spotify_id,
Album177265,spotify:album:5hNqOvnnI4muifONyWCIg6,spotify_id,
Album156397,spotify:album:0l07068z65NQtYicJn1OPn,spotify_id,
Album110962,spotify:album:085fXzscUzEAcj9dv042VK,artist_title_year,
Album8334,spotify:album:1fFCQg80IB1zbOyMYRMXzV,spotify_id,
Album20372,spotify:album:0nULbH3SHgN9K6ES56sw0I,spotify_id,
Album14583,spotify:album:3cXGcD1vNXF2GtNrjJMm6c,spotify_id,
Album24991,spotify:album:3lu8Z9INHhbKLpS4LkJArz,spotify_id,
Album3586978,spotify:album:220aUJU1oYiAEIBBXSW3Ux,artist_title_year,
Album47516,spotify:album:0SLytrnlPBdwLVHz11vLlu,artist_title_year,
Album165826,spotify:album:2bKXHnFXnnRfX40BmB1PFX,spotify_id,
Album27016,spotify:album:0iIrWDy5VWD5eucy2gAhyy,artist_title_year,
Album2549996,spotify:album:28fnFZVT5xWwlENve1BBmR,spotify_id,
Album36406,spotify:album:4p618igyyKv1VBR0AqdWPb,spotify_id,
Album10057,spotify:album:70ff8ZgebUJWXQDzV5zVVk,artist_title_year,
Album8169415,spotify:album:1qDA0jVhj4ZTjGHmpbmmwa,artist_title_year,
sp:7GcUbgCzpB3mLzeJzZHXD5,spotify:album:7GcUbgCzpB3mLzeJzZHXD5,none,
Album555,spotify:album:29rkfL25uKOkVOhyr1CmXJ,spotify_id,
Album6995739,spotify:album:68ahiHoFwy2gf0I1LW7Z14,artist_title_year,
sp:7hmZCaBzp6mVrelxW6Ckrn,spotify:album:7hmZCaBzp6mVrelxW6Ckrn,none,
Album2902,spotify:album:5VhW35Qvv3ig35mm1TZPe1,artist_title_year,
Album7092178,spotify:album:4ocal2JegUDVQdP6KN1roI,spotify_id,
Album6617,spotify:album:1Z4oBiD0q8rTwWIYrDwsys,manual,
Album218109,spotify:album:1EkDDSzpRXubBm5VQyFrTe,artist_title_year,
Album180539,spotify:album:64kWiGCFP60UXBLWeHnjGT,artist_title_year,
Album16717,spotify:album:0VfnxBAij0kKr71OK47BBW,spotify_id,
Album7774,spotify:album:1Nt14TE6bKZGzJrROip36y,spotify_id,
Album6244,spotify:album:5Pmgla2yq5xYytLXMzfBs2,artist_title_year,
Album210605,spotify:album:0urhQCsjpczjC8zbTMtd8t,spotify_id,
Album2449,spotify:album:24TAupSNVWSAHL0R7n71vm,artist_title_year,
Album5458,spotify:album:7q2B4M5EiBkqrlsNW8lB7N,spotify_id,
Album10072,spotify:album:3tp8pJWiuLPiwxZ1URt1OP,spotify_id,
Album47940,spotify:album:5VJ9cWdT6Kv9UawePqLhCI,spotify_id,
Album6228077,spotify:album:1oScYOf8ImO6L9bdvhep1J,spotify_id,
Album5744498,spotify:album:5ElYoVUqRQIlDekD1v6aKa,spotify_id,
Album10004,spotify:album:2xbTV0Awe4Qm5caUVuPbMr,spotify_id,
Album6125494,spotify:album:7bDxnaImZCM2TJbsI1gMVi,spotify_id,
Album216550,spotify:album:1qgHb6l3H8xHuBQrFtvjKN,manual,
Album6041,spotify:album:1VvB8ygrV7cREvzpkqQWFG,spotify_id,
Album2109137,spotify:album:2rysCmCBLAXkDDNFnOn2h3,artist_title_year,
Album10842,spotify:album:3SsNd5MeJKc1IK3nazaWg2,spotify_id,
Album2169223,spotify:album:4VzCNpLiC373x4sb1DyxIn,spotify_id,
Album76373,spotify:album:4tK7Hlb92sbC6OEKQG7QiJ,artist_title_year,
Album271690,spotify:album:5mWt76VR1Lb1QYf4gYd45Y,spotify_id,
Album2111043,spotify:album:2JiKConlU9uXTHPtt8MSCi,spotify_id,
Album77966,spotify:album:0Av7hm17VTE9gQgJ2pg7WW,artist_title_year,
Album241,spotify:album:15FbLxuzw8MuuIC1AOob6k,spotify_id,
Album194491,spotify:album:2tkDwU7cf2ZjdLyNbNoUsp,artist_title_year,
Album31894,spotify:album:3AikSptzlt3YvobRSMqL68,spotify_id,
Album55863,spotify:album:5RlQyIjNj3WoYVZ6qNVKKe,spotify_id,
Album144383,spotify:album:3N5icYcLHHincGXzey4c9J,spotify_id,
Album4651185,spotify:album:3nWd5bJ9Sgu7jfJzIJyD9Z,spotify_id,
Album1048,spotify:album:49R4Qye4UUwzjPPQhtCkRe,spotify_id,
Album53,spotify:album:4vm6U9WwZvHUKaCNYRj9Bv,artist_title_year,
Album135750,spotify:album:1rTHmwhZwhhvivx3pdXXdo,artist_title_year,
Album8907612,spotify:album:7JbbUP152jaRbhQ7CJ1DOy,manual,
Album114063,spotify:album:0U4WyeZ1hw3lSGxJo9orRA,spotify_id,
Album27320,spotify:album:5lfEphypKqCu2Tj3kh1gFJ,spotify_id,
Album159648,spotify:album:2yzKjV8SqUfKCWGJqxbuWa,artist_title_year,
Album38091,spotify:album:5fJeHZxuTPxAGyJGQpGt5Z,spotify_id,
Album19272,spotify:album:35KgamfFGhGzrSPNKI4jUU,artist_title_year,
Album52712,spotify:album:2sbnAFYv13gBqN2qBADycB,spotify_id,
Album26720,spotify:album:4hqD5lN02dq75HeiP9TtNf,spotify_id,
Album924361,spotify:album:5bNhuWTKeBO5CwXu5snYzY,spotify_id,
Album2405105,spotify:album:3zGibhhlf6j9YRjJ5D8rcd,spotify_id,
sp:4fvrjRq2NJD1M2k11RLMyZ,spotify:album:4fvrjRq2NJD1M2k11RLMyZ,none,
Album7231759,spotify:album:2juInocve2NIFoNCX1cwWH,artist_title_year,
Album163482,spotify:album:4Nm4dlAVPjoWcrK14r8oP3,spotify_id,
Album50924,spotify:album:7KMAiyOVyJLIqWxsWD7Lmd,spotify_id,
Album97316,spotify:album:02iH5pxrznY3IgAc6ZQBbk,spotify_id,
Album36368,spotify:album:4he34ZoAgR1FGcAg1qvltx,artist_title_year,
Album249153,spotify:album:3zkTOPv9J3V687RpvrpwG5,spotify_id,
Album177264,spotify:album:61wmfLqh94IeKUArmTHXjH,spotify_id,
Album12518917,spotify:album:7i39q2HXuxlbQh5bon7VSW,artist_title_year,
Album26440,spotify:album:0Kggi4r3OcApji9xJI3olG,spotify_id,
Album11359,spotify:album:6u8Ort30hKbxtKurrQlJhX,artist_title_year,
sp:7L48CUDA2sR0ytkCgQUmcM,spotify:album:7L48CUDA2sR0ytkCgQUmcM,none,
Album208351,spotify:album:001niW2B91JYvUJZEKgbkN,spotify_id,
Album295273,spotify:album:5lXF6AFeXG8UsIUfBJNsNH,spotify_id,
sp:3jkcsJ7IT2qfV0LgcXrZkU,spotify:album:3jkcsJ7IT2qfV0LgcXrZkU,none,
Album60012,spotify:album:5Dv1TQLSP6dipg87qpI8pc,spotify_id,
Album198558,spotify:album:5PRPdUdfuX532COPYP5AUX,spotify_id,
Album145468,spotify:album:6ydKFEPdFh7eUUEsNSTzki,spotify_id,
Album2013,spotify:album:7kW0cpKgSVsEqcc8xgbSb0,spotify_id,
Album8744217,spotify:album:3esB4Gl0K2LKCgACUJa3mu,artist_title_year,
Album3394,spotify:album:20RfdO7fta9qlXEWTFSWuT,spotify_id,
Album7653,spotify:album:6xxUsZyckaV0shjOJ0cVpf,spotify_id,
Album153947,spotify:album:6F17MbloTeRoXs7JI3lTHy,artist_title_year,
Album8419739,spotify:album:5w1LR7cbTKEoCfgB98rkgR,spotify_id,
Album5842,spotify:album:1meW8yyx76RPZebO32VwrB,spotify_id,
Album6605,spotify:album:3ZTNq36NEuAdPLwkey7z6C,spotify_id,
Album480895,spotify:album:1A24AVKXEYTna3sjwOir0J,spotify_id,
Album4890990,spotify:album:5PRS4JgeX1vv4YHyENFKw0,spotify_id,
Album4460392,spotify:album:1lG3iYVRwaTDseNfP458Sb,spotify_id,
Album357775,spotify:album:3Gm6V4tzZaYFbnhrvubylJ,spotify_id,
Album48858,spotify:album:4K3ajlFuOktK5hBo3OkWzP,artist_title_year,
sp:7IEp2DUicr3uqt2BTEQfMX,spotify:album:7IEp2DUicr3uqt2BTEQfMX,none,
Album5992,spotify:album:241JX9iRn1PrCTaNXO2Hjg,spotify_id,
sp:2MSgPFGGgIn5EqLezjLpt9,spotify:album:2MSgPFGGgIn5EqLezjLpt9,none,
sp:1cqCEa8ldM7nwcEINzz8MA,spotify:album:1cqCEa8ldM7nwcEINzz8MA,none,
Album527881,spotify:album:4ijk02bZgFVyexq2bYzpL1,spotify_id,
Album28671,spotify:album:0uTu0OfCWW6U5hAxDPH1r7,artist_title_year,
Album10658,spotify:album:7bzJtH0rm6rcgmWiKyIVxK,spotify_id,
sp:6pWgCHxQp3DYbPKxduwvmC,spotify:album:6pWgCHxQp3DYbPKxduwvmC,manual,
Album25617,spotify:album:6NIHEmRA8QTtNAO48gyNri,spotify_id,
Album68055,spotify:album:75NIWZjBwsF7MyfbG8JPwr,spotify_id,
Album193869,spotify:album:5UuWUoyoe19OXumAa7oOWS,artist_title_year,
Album1715,spotify:album:4TECsw2dFHZ1ULrT7OA3OL,artist_title_year,
Album2540,spotify:album:5CnZjFfPDmxOX7KnWLLqpC,spotify_id,
Album4863,spotify:album:5TzQq2irJPHeHNnh11atPw,spotify_id,
Album667483,spotify:album:4QAH6e1Mi25uNXvvJTCneV,spotify_id,
Album8650,spotify:album:4X87hQ57jTYQTcYTaJWK5w,spotify_id,
Album1432472,spotify:album:0S0T225M4VIc2Dxxba5RJc,spotify_id,
Album37681,spotify:album:0PsWvfanO81FbkrBJNNlGu,artist_title_year,
Album907296,spotify:album:5lsYxQgeDven09644Fs97m,artist_title_year,
Album256299,spotify:album:4zpiU9UUTU44zfwqojZvY2,artist_title_year,
Album134046,spotify:album:21lGaSTCDDxBizt3v2n7hV,spotify_id,
Album37023,spotify:album:59GiU04zZYyxM3HQrunKlF,spotify_id,
Album37020,spotify:album:4eAXTiVDXuHgFUDBHcZiuV,spotify_id,
Album81113,spotify:album:3u6wRag95Y732WQq7Lxtas,spotify_id,
Album155780,spotify:album:595Y69vDazXtZ938LMXPKb,spotify_id,
Album16403,spotify:album:5Z3Vmde0ICQM0OnIBYNx2U,spotify_id,
Album299846,spotify:album:49AtpvtKhANqidVRLFIgTK,artist_title_year,
Album7409586,spotify:album:1emQ52KeGmHHG608r1eWAj,spotify_id,
Album92657,spotify:album:4Ud6dZkk0R58fGciQOLo2N,spotify_id,
Album2484326,spotify:album:5dVmbXxmkROv6smdOfTcyJ,spotify_id,
Album12364277,spotify:album:1qguKtaS5xGKsNm4CelbfK,manual,
sp:2OvXZbnYmDzI3xy8VOYI0w,spotify:album:2OvXZbnYmDzI3xy8VOYI0w,none,
Album13670377,spotify:album:7DAiPXN3HdbktwwFzQXqrZ,spotify_id,
Album2148396,spotify:album:4BWKCEUijxc5qlDqju6haQ,artist_title_year,
Album72894,spotify:album:3z3WKWIzEwKJ2T0YoOIGy4,artist_title_year,
Album105261,spotify:album:0XCFf2EGPTZuIrDJeu7dPW,artist_title_year,
Album153227,spotify:album:04NKKfKT2HvIf2QQjiNzsN,spotify_id,
Album30835,spotify:album:3byMNewZfj02zUw60uB0LU,spotify_id,
Album167759,spotify:album:3PNiV7XANAyD0u6Qq4QdkG,spotify_id,
Album27089,spotify:album:4H9m4NF5d5npFsSFI71StZ,spotify_id,
Album68,spotify:album:4AChnLbiWqxiotXz8kv6D7,artist_title_year,
Album6119,spotify:album:6eo9wHG2V79FTfz9pmfUEU,spotify_id,
Album1799,spotify:album:2fnWxy7UoIazBiewjgchvm,spotify_id,
Album5975,spotify:album:1uaQEWs4HAfSMxXnORJHhG,artist_title_year,
Album40447,spotify:album:1h4VM1Nsgav7liCdWBoGlC,spotify_id,
Album69513,spotify:album:74DOWHisu2jlFvPid9YTGB,spotify_id,
Album36013,spotify:album:1ILPBTSa7KJCPIs39Bp11d,spotify_id,
Album467266,spotify:album:7x84X6ve0wa2UYckfCm1uV,artist_title_year,
Album92545,spotify:album:2FhKn5iNDdMJ5TKRimt8Sa,spotify_id,
Album975214,spotify:album:0uecz2X2V83TuxOwJv7mgg,spotify_id,
Album31039,spotify:album:2n8DcbmSTtN7Gda05GXQqe,spotify_id,
Album6550,spotify:album:4AoZm62WXF3I0Rg1l6GCK6,spotify_id,
Album835123,spotify:album:4wj7dvOFqAEIiFS1WbpQdw,artist_title_year,
Album82837,spotify:album:6tBbwtL1simKd3VF6jE5dL,spotify_id,
Album142691,spotify:album:5XpebkLbd0qbYLR1zX6I4a,artist_title_year,
Album919786,spotify:album:56iZHlGvL7fjmvQjE9IqvI,artist_title_year,
sp:2tPU710CVyJiq8dCdfd0tP,spotify:album:2tPU710CVyJiq8dCdfd0tP,none,
Album12756452,spotify:album:1uD1kdwTWH1DZQZqGKz6rY,artist_title_year,
Album2693437,spotify:album:6b9NZDM5QhD2FViyXKwBRT,artist_title_year,
Album5082529,spotify:album:37ohOvaKOQIEkFjTWfg9Q4,artist_title_year,
Album88,spotify:album:6hmmX5UP4rIvOpGSaPerV8,spotify_id,
Album22280,spotify:album:2gdL5FVb9weq5fVFa7Qw5F,spotify_id,
Album3562,spotify:album:7GWkceE5McMVfffd1RGL6Y,artist_title_year,
Album7534,spotify:album:3wH6S3fkVgfMG4WKuCFbqj,artist_title_year,
Album55668,spotify:album:0l9HvMchT9T7ZPoWBhu1Zj,spotify_id,
Album16033,spotify:album:08bEulqC4lsoYUaNn642ct,spotify_id,
Album6719,spotify:album:4ukegur2dXKuIbuvb5cQIL,artist_title_year,
sp:1DqmjjZWSoD8786dZ0mHWV,spotify:album:1DqmjjZWSoD8786dZ0mHWV,none,
Album38086,spotify:album:3iIaJ5KOzksixKpJwdpQnz,spotify_id,
Album2416,spotify:album:60peDyBYVk0DWanN2GPxhO,spotify_id,
sp:5XgEM5g3xWEwL4Zr6UjoLo,spotify:album:5XgEM5g3xWEwL4Zr6UjoLo,none,
Album153914,spotify:album:0rPJ2znDbPkk6N44UuhF9e,artist_title_year,
Album21192,spotify:album:3RVXWDsIyhuJb62tCgh8DU,spotify_id,
Album38457,spotify:album:6IkSIELZhtmZKlnjwKTe91,spotify_id,
Album12783,spotify:album:557bzwt1Yb2hUSGIZNrToj,spotify_id,
Album314183,spotify:album:4zJT6c0bh2o1RcVlZOfcbe,spotify_id,
Album21644,spotify:album:5qTnsSJHgsLUGGDeV9h1uQ,artist_title_year,
Album15320,spotify:album:6Z3hBwBSLHU0eZ6QFxxI43,artist_title_year,
sp:6PO5VhbU6vmw1OG3o9anff,spotify:album:6PO5VhbU6vmw1OG3o9anff,none,
Album26764,spotify:album:1gDs61sxoI4By9TKxe8Y0k,spotify_id,
sp:6qUytVWmtw4xh2tjCv39GE,spotify:album:6qUytVWmtw4xh2tjCv39GE,none,
Album282248,spotify:album:0E8ncEzD2tftWSVKm3x322,spotify_id,
Album115584,spotify:album:5fgZ3tsCKrZMM3Y2PojJwb,spotify_id,
Album42839,spotify:album:3EF2QL5cEctLrXwNqTIBZX,artist_title_year,
Album720235,spotify:album:3JX6cmgt6MFiCMfDfyrm1R,artist_title_year,
Album3192211,spotify:album:6dl1bRIrWYiQkmG5WQDrmi,spotify_id,
Album56421,spotify:album:52vxvueV32JO6tZHaSojRZ,spotify_id,
sp:4fxuoOfryOYbq6UXsb0Ani,spotify:album:4fxuoOfryOYbq6UXsb0Ani,none,
Album7735717,spotify:album:76290XdXVF9rPzGdNRWdCh,spotify_id,
Album11021740,spotify:album:5fO3IS08lcTw9rfUtkgILv,spotify_id,
Album6173,spotify:album:2nb3J8l5RKHOU3R4oTQP9u,artist_title_year,
Album89040,spotify:album:2u9kFU66dEBxvvw23QPujf,spotify_id,
Album22373,spotify:album:1Q83nQO2QG81TVa10hW7LX,spotify_id,
Album80752,spotify:album:5vCqxfNSqatehjPustNq4s,artist_title_year,
Album6514,spotify:album:4COZn5okauxP5luXkwEPLd,spotify_id,
Album1822517,spotify:album:7DAoA2gOvycforLAKyFD8Y,artist_title_year,
Album115116,spotify:album:6sJTXExBj2yCPRSukicLYz,spotify_id,
Album15849,spotify:album:035ND6cvm0RujVRaaLeRcC,spotify_id,
Album13833,spotify:album:1IxCkGzmfbrod37MqDPUHm,spotify_id,
Album70000,spotify:album:62DfrfxTI2GXCWfDcZU5rb,spotify_id,
Album826563,spotify:album:7bFLKkNR0wVV8SgIlgP8rX,spotify_id,
Album213520,spotify:album:6THMfRiJlnYgiEosa5QyjM,artist_title_year,
Album91460,spotify:album:6n4wsMoZ6SakgNfhTE8VgU,spotify_id,
sp:3ZqJGlPsvDsU1hlaeU2lr9,spotify:album:3ZqJGlPsvDsU1hlaeU2lr9,none,
Album2454042,spotify:album:0RldmYaAF6Q9YeQ0cxFJ06,artist_title_year,
Album40492,spotify:album:2vpTqx1tsOjFM6o0s58Qaj,spotify_id,
Album251,spotify:album:4uG8q3GPuWHQlRbswMIRS6,spotify_id,
Album5761,spotify:album:2QLp07RO6anZHmtcKTEvSC,spotify_id,
Album5675,spotify:album:0Em8m9kRctyH9S3MTXAHvY,artist_title_year,
Album39421,spotify:album:6UK4EMYa7by9xwU4eeAoE4,spotify_id,
sp:2O3avtEIE8xX9F0zcIjIZI,spotify:album:2O3avtEIE8xX9F0zcIjIZI,none,
Album6326,spotify:album:60LrVuTtesknPlWFx0t4o6,artist_title_year,
Album13463,spotify:album:2qvrCh2e86ZdDaLOdPfRDH,artist_title_year,
Album2136,spotify:album:0eMXd1VtCXCkuGWn9JjRDT,spotify_id,
Album175299,spotify:album:5IRWQFCxMwkoB2izPRic2k,spotify_id,
sp:2AqzvX37cFHXH5eW7PIlQZ,spotify:album:2AqzvX37cFHXH5eW7PIlQZ,none,
Album3358,spotify:album:2UXFXkQa4Gm0TA52CZieSS,artist_title_year,
Album712,spotify:album:6lf5L8JM1TomSM6mfjZ9I5,artist_title_year,
Album8006,spotify:album:7zhuy8vqMtMJF73gQN0lvi,spotify_id,
Album12251326,spotify:album:1pHHUjt6BW5x8bsxlZ2tkv,spotify_id,
sp:1tCQC9HuRvujLuSe2sgf2S,spotify:album:1tCQC9HuRvujLuSe2sgf2S,none,
Album56454,spotify:album:6xqltY0iFTRe72O3waQfNn,artist_title_year,
Album7817923,spotify:album:1LgidFgwYpFHzIFQHo199j,spotify_id,
Album53539,spotify:album:3H0HdocoAAEEfiDfcRZauz,spotify_id,
Album1539,spotify:album:30Perjew8HyGkdSmqguYyg,artist_title_year,
Album2130086,spotify:album:62O4QjMzIBjilnRYrAI7oX,artist_title_year,
Album254331,spotify:album:7CzEknt9gJwe0QC89ir1JX,spotify_id,
Album227238,spotify:album:0FgZKfoU2Br5sHOfvZKTI9,artist_title_year,
Album16096,spotify:album:0xnL6goTzcRFKzbrleXfpF,spotify_id,
sp:1bpHfzPfbM3vdcVRLIJXvf,spotify:album:1bpHfzPfbM3vdcVRLIJXvf,none,
Album810841,spotify:album:6YjSKoG1zWPa3Ooa2tmkpy,spotify_id,
Album11423,spotify:album:6U14REGXnBnep92KKVyUTV,spotify_id,
Album12413,spotify:album:6EGEGr4oY0PsV6yGBxeQ8J,artist_title_year,
Album4362612,spotify:album:5yodzaeggYSQmOTCkWMbL6,spotify_id,
Album5467,spotify:album:4vvtMZGxbWEHyOv7MNgrsT,artist_title_year,
Album18878,spotify:album:0Apb4rWlRu82RGhfyuLaVh,spotify_id,
sp:3X6ZYhmu0k29UmNw2zcCrL,spotify:album:3X6ZYhmu0k29UmNw2zcCrL,none,
Album20094,spotify:album:4v9igK7ATRWlhg64Dz0heB,spotify_id,
Album68543,spotify:album:1MEUma0HMxbmodne2AFsi1,spotify_id,
Album41779,spotify:album:1tVW3AZd75H4nszId8Nukg,spotify_id,
Album31893,spotify:album:1HL69BuLCP5QTfz6pE0Qg3,artist_title_year,
Album148185,spotify:album:7Iw4TahLkIe8RtKT8e4HIJ,artist_title_year,
sp:5fxYu3rqjCNTSPKN8mtEl2,spotify:album:5fxYu3rqjCNTSPKN8mtEl2,none,
Album11152312,spotify:album:5wnCTZtzIZxasRSHzI1JeW,spotify_id,
Album4586,spotify:album:5yAM3CcaXF6DPRJW3oL6Ya,spotify_id,
Album17243,spotify:album:250ldHML7p4xUXUD1e6OXo,artist_title_year,
Album1276,spotify:album:6SJqCAxTntHxfVpMSmWOu3,artist_title_year,
Album8218,spotify:album:7lXspOz49F8qFHTJRs8Mg7,artist_title_year,
Album338737,spotify:album:6ZeO3WNF2Gti8ZQnXog5SQ,artist_title_year,
Album2774042,spotify:album:276GJQROaVFWuxjiVe0qG4,spotify_id,
Album4308540,spotify:album:3PYWQo89juaAr0HooKtfEH,spotify_id,
Album392198,spotify:album:268vABoMdZ8lJ5EK0G2OQ0,spotify_id,
sp:0FHtUmahwAambT6S4boSP0,spotify:album:0FHtUmahwAambT6S4boSP0,none,
Album15040,spotify:album:2ZsuTUZqxNUup2KFr4ORzI,manual,
Album6758,spotify:album:3m5wpFC2BgADo6PxvxgN1c,spotify_id,
sp:7c8NVsxXciWMbAMN51GKim,spotify:album:7c8NVsxXciWMbAMN51GKim,none,
sp:384KUChoVOU4SsDyWkbhOH,spotify:album:384KUChoVOU4SsDyWkbhOH,none,
Album68383,spotify:album:1VxZGeDq9o2IDfpjWn8pBb,artist_title_year,
Album173495,spotify:album:7tIapzAUTxUTYMvWWFSzV5,artist_title_year,
Album610780,spotify:album:0bjJmoZgV7ijmlMwvF0Oij,spotify_id,
Album29410,spotify:album:135bIoJic8lP0osAK8mcYm,artist_title_year,
sp:29PSyE1ZD0XUgqm5yqC33x,spotify:album:29PSyE1ZD0XUgqm5yqC33x,none,
Album17606,spotify:album:745MsBQ2AVNHSZb01fs2B6,spotify_id,
sp:0GAqyZFjgaz6V5ozTS0dfW,spotify:album:0GAqyZFjgaz6V5ozTS0dfW,none,
Album315675,spotify:album:7HDpP2hSshzSa5Udm6aeUi,spotify_id,
sp:7Me29nlWdDxCGAAwupHfSV,spotify:album:7Me29nlWdDxCGAAwupHfSV,none,
Album2608372,spotify:album:5NgqwPu0hiNGTzltEHUTC0,spotify_id,
Album5768,spotify:album:7MejfRSNnrpcLZIxkeZDqR,spotify_id,
Album8101,spotify:album:3m2ltFkbJ34zxghz9vlY6p,spotify_id,
Album8383858,spotify:album:3PUYQl9mx2HmPo3bC1cwZg,artist_title_year,
sp:1N2Vu3DfuTZhdbGR0Rdy7F,spotify:album:1N2Vu3DfuTZhdbGR0Rdy7F,none,
Album17276,spotify:album:0cfgErKiWFnCFuJ51UMfJJ,spotify_id,
Album30493,spotify:album:1vka2f6xOuFJLPOAtagIIO,artist_title_year,
Album2418223,spotify:album:2cbp7xzpqDmURySnDkhNRR,spotify_id,
sp:1YZWEKi3WAzSk6IGnObgUO,spotify:album:1YZWEKi3WAzSk6IGnObgUO,none,
Album1999,spotify:album:4FtOLTQqwnxpaABrJWYdBy,spotify_id,
Album195474,spotify:album:1OWeyxYXD1bOdbjazirjOn,spotify_id,
sp:160euwnzg8f0oSEz3on32Z,spotify:album:160euwnzg8f0oSEz3on32Z,none,
Album15847,spotify:album:3CIgrdHPEJLe2ziTYY0Sex,artist_title_year,
Album256727,spotify:album:572or6ClfZjOVYs6FW835G,spotify_id,
Album249592,spotify:album:1xwNW7Q1daqJ8LNgymY04y,artist_title_year,
Album48201,spotify:album:6dCEC4tQAbUlrVEeP8IIo3,spotify_id,
Album12605,spotify:album:0Jo6Fx3HfybzdNhwXOPD7D,spotify_id,
Album84288,spotify:album:4WhHdmbsbPJKK9Zx6aZ3fQ,manual,
Album805483,spotify:album:2JQDn2wgm2nLVxdWE0GJJa,spotify_id,
Album325216,spotify:album:7dspuE9aK3DvHok97e4zGC,spotify_id,
Album19908,spotify:album:4fvBzXczcpD346IFgtWnaI,artist_title_year,
Album1600,spotify:album:2cDDG5rnwEgjNL8Q0cO9Zd,spotify_id,
Album382896,spotify:album:47jpunMpghKYwZPtXWVE81,spotify_id,
Album43264,spotify:album:2FRA0dAkkapRAy7sH6c4yu,spotify_id,
Album486841,spotify:album:4kxx6xCA6G6liFJa6D6J80,artist_title_year,
Album82419,spotify:album:17zRiRHTZcE86qmVnsy25L,artist_title_year,
Album746,spotify:album:2wBQbthVmSbVkEwP7jmv3o,artist_title_year,
Album28446,spotify:album:7sKtEM0XcdniOZL50Opz74,spotify_id,
Album3062977,spotify:album:478Px1irXROQF5tleOq5WG,spotify_id,
Album2414,spotify:album:39cy30Iaik6zMnqOlJdnAN,spotify_id,
Album3223,spotify:album:38uGoW7jS8jjJMvZA26sRq,spotify_id,
sp:60dj0AVW7k2jFHPPLN6J1X,spotify:album:60dj0AVW7k2jFHPPLN6J1X,none,
Album25957,spotify:album:51nrFLifQJAZjKQfid9Qs8,spotify_id,
Album147034,spotify:album:7iY6uPX5OfIohmDT1LxOdE,spotify_id,
Album103010,spotify:album:6NjOkiaNpDXEjXvBoN4JOj,spotify_id,
Album393870,spotify:album:1aDfrUrNxGmQkV8CYk8n6s,artist_title_year,
Album203956,spotify:album:1zHluzOKrLrp7n23wj6YOk,artist_title_year,
Album402556,spotify:album:5uoPkCw5Dip4HZO60B1Gbr,spotify_id,
Album3784,spotify:album:1w9opfGdFtR3ulNHxnnO1e,artist_title_year,
Album12925,spotify:album:2LUv0RreD5HGpQZv7A5pRf,spotify_id,
Album267734,spotify:album:4Gwf27nBqKVqEf1JwlxEBS,artist_title_year,
Album30523,spotify:album:7gXuElmegVReY7imkb5bf8,spotify_id,
sp:0FVpa0kZMT8Bhks7Sg7Jz9,spotify:album:0FVpa0kZMT8Bhks7Sg7Jz9,none,
Album11768,spotify:album:1PgXFAY89grykiyk18pB2P,spotify_id,
Album121604,spotify:album:7p2Kuwd0ML5eGoRKQtxTqi,manual,
Album696154,spotify:album:0mPCuxihg9PLTii895L1M5,artist_title_year,
sp:5Jxf3eOoGvWDGg957iXEkj,spotify:album:5Jxf3eOoGvWDGg957iXEkj,manual,
Album353409,spotify:album:4v0D1BWoGbd4RCdPSuEW77,spotify_id,
Album40284,spotify:album:0OoRiTZs9hsRz7KxB8JkSX,spotify_id,
Album592215,spotify:album:1KRsXhJ5zCpbvKXGvMcKLw,spotify_id,
sp:0aXp4vn3w3SSQ4ypDIcVrG,spotify:album:0aXp4vn3w3SSQ4ypDIcVrG,none,
Album66773,spotify:album:1OpaxcAJO5WE27G7r8sQz5,spotify_id,
Album392807,spotify:album:2n2KegoNeqONdc0r8JtP1h,spotify_id,
Album176448,spotify:album:4WBpgGCVdeXpk7QxN42wD4,spotify_id,
Album174253,spotify:album:4zeDPBFZnBCjBPCZc6NEPn,artist_title_year,
Album20518,spotify:album:4qM5MEMdIXr7p7734QEeB0,spotify_id,
Album8597,spotify:album:0H2ZqzI8mww9wNztJsEbFr,spotify_id,
Album1698731,spotify:album:1V0sdomb0xeyfhaKJASMaQ,spotify_id,
sp:0ui4S0TZghkf1d1Wz0oWpk,spotify:album:0ui4S0TZghkf1d1Wz0oWpk,none,
sp:5fEkyTeRzYV32RcT8c5tTn,spotify:album:5fEkyTeRzYV32RcT8c5tTn,none,
Album19492,spotify:album:4xzzmQZfCz1keTBkIgQZFc,artist_title_year,
Album19366,spotify:album:4ONkvBCQrd2A8qJ5Cw6FYo,spotify_id,
Album147973,spotify:album:5RXy2dzARyTcyXn4Vwomzr,artist_title_year,
Album90378,spotify:album:6yY6v4JnwTQGo5w9IZqTRu,artist_title_year,
Album137918,spotify:album:7d8AXmMuJDcwSArb8UP1U1,manual,
Album617397,spotify:album:4GXlMz68LyGZeHzJcetFi1,spotify_id,
Album13912623,spotify:album:0mFOKK4EHSie3Hu1bhOiIB,spotify_id,
Album31252,spotify:album:6NiJ8vCXUZoeqUIyhUDNZX,artist_title_year,
Album6654321,spotify:album:0JLN7JryQ2T7lBEYIrSQF1,spotify_id,
sp:5j0gG8sv3zqZhpW5e4HlvY,spotify:album:5j0gG8sv3zqZhpW5e4HlvY,none,
Album16705,spotify:album:1waasXN8fMNbWh4xq7Akeg,spotify_id,
Album226184,spotify:album:0oHhHfPF58IM1qgy7TMGHj,spotify_id,
Album8164,spotify:album:1V0trkg3Pt4pGCyxfztFLZ,spotify_id,
sp:0jz530LCAylYogWMXVAVzK,spotify:album:0jz530LCAylYogWMXVAVzK,none,
Album34579,spotify:album:6aUbIlHtJf14LG1bdy8caf,spotify_id,
Album18581,spotify:album:48SnM2iORxlYTyCefwJZvs,spotify_id,
Album41886,spotify:album:3fY4lCONvraB0yZgJjhKOi,spotify_id,
Album43686,spotify:album:6Wub7N4F0jXoqt66E5j2ql,spotify_id,
Album48281,spotify:album:7pdg36UUmax3wpWHmlGedg,artist_title_year,
sp:5RosKCtF8yOxkdbE0pytph,spotify:album:5RosKCtF8yOxkdbE0pytph,none,
Album7157,spotify:album:7unC5ENeNHJljlKtLQyseE,spotify_id,
Album22515,spotify:album:6rDwL1clVeqjgtYTsYhgGg,spotify_id,
Album137183,spotify:album:0FeZbhuzIoD7E5ru2eDpIH,spotify_id,
Album181610,spotify:album:1ofGOFzgt22AGMi9yQIOMq,artist_title_year,
Album15988,spotify:album:0AiXcZbksZoX2pSe2384Z3,spotify_id,
Album8302,spotify:album:48NYXFdasUBuSeO3RAolt3,spotify_id,
Album46531,spotify:album:4z5S4xdou220mwTfA2mmZn,artist_title_year,
Album925015,spotify:album:7pCkMAx0jUJOP7brpxxYHC,spotify_id,
Album17134,spotify:album:4LluPNK62d1cUvD1ZL46bf,artist_title_year,
Album54516,spotify:album:5K3FfkoIozJuEOhiwOm5SR,spotify_id,
sp:22j8SyiEyktiqQEQ0SBOkA,spotify:album:22j8SyiEyktiqQEQ0SBOkA,none,
Album928971,spotify:album:4HwmE9U2wyjTyaGDI87fm4,artist_title_year,
Album2307,spotify:album:7yTjsInNdNQJAlXAboi1nh,artist_title_year,
Album8957,spotify:album:59uGWiIsDCv9OKEplQEjO2,spotify_id,
Album4494710,spotify:album:3mUhfkEikAJjuvSDC1NEE4,manual,
Album2321,spotify:album:6uJkCskko3O83SRYWQVsjS,manual,
Album294178,spotify:album:7rjTtjpSy2SzL8cydh1W5s,spotify_id,
Album28606,spotify:album:4cxbRPxtGQgyNSCTtxoaSZ,spotify_id,
Album2675,spotify:album:1SV1Fh8rLes7MeTYTXznKd,spotify_id,
Album87477,spotify:album:429c9crfLRTZDj6VQ7EXrM,spotify_id,
Album60679,spotify:album:3QTdjueo8EUx1sMLcPbNZc,artist_title_year,
Album70640,spotify:album:37ICFsKtrwIi5sfycl40vN,artist_title_year,
Album22558,spotify:album:4bsGPs8nkPdrYL54gOZrH4,spotify_id,
Album34634,spotify:album:0EXE2JkwLwhSPaOuMBAxxu,spotify_id,
Album26183,spotify:album:31JZ8suzlVoBPKYgJFnZl1,artist_title_year,
Album134370,spotify:album:7MTY1Y0glEt0r7nNzzInwW,spotify_id,
Album160203,spotify:album:0d2kYndpc9gJafJgyEVwYk,artist_title_year,
Album99702,spotify:album:5xBO89A0hQexyN5UaZMSCp,spotify_id,
Album100717,spotify:album:6bTAca3o30tst1TIOMELrT,artist_title_year,
Album102982,spotify:album:0pu7grkQZ9rCK1ftl2DcYj,spotify_id,
sp:0sdrrK12qZrGjxDLJfQMff,spotify:album:0sdrrK12qZrGjxDLJfQMff,none,
Album13166,spotify:album:1TanbE0knS2g91OueucHT9,spotify_id,
Album652413,spotify:album:1cBy9wdPhcd0HQpSTe7bmA,artist_title_year,
Album62462,spotify:album:3ERPpOw6PkjPpHxKvscBOB,spotify_id,
sp:4VQvAALz2SrumsZMgvwWE5,spotify:album:4VQvAALz2SrumsZMgvwWE5,manual,
sp:7acrrQejzV4ybWWTM8TmPf,spotify:album:7acrrQejzV4ybWWTM8TmPf,none,
Album6606561,spotify:album:32lW13bcC2gaiS7Zke8rVw,artist_title_year,
Album26690,spotify:album:4g2Bs0K7hTjvMEWM44USwz,spotify_id,
sp:5HAXYSqdNjjbvoFrXwtrBw,spotify:album:5HAXYSqdNjjbvoFrXwtrBw,none,
Album4406718,spotify:album:4ctGQ5IIOwmA2FmzM0c22A,artist_title_year,
Album17292,spotify:album:5jynqY8ZyDoeqrIfYSwF8P,spotify_id,
Album72327,spotify:album:3AUkbuxvj1fH2jkbWI2gzn,spotify_id,
Album349136,spotify:album:1APfuoXoBLFK6PRolJdrEk,artist_title_year,
Album8459,spotify:album:1r9V2Babk2DkP8QtHA4Xlh,artist_title_year,
Album8159793,spotify:album:1cwDxz56RMKHDmgHHADDQX,spotify_id,
Album5886,spotify:album:2Plr11K7q3joEjDFSAOqvO,spotify_id,
Album294497,spotify:album:50nOn0QUZn4aqDmRDSHp4f,spotify_id,
Album58736,spotify:album:09jTPeDoSuJLLAwFGNUKCX,spotify_id,
Album14404,spotify:album:5DCO2FoF52d5s8zcUgurLE,spotify_id,
Album12889,spotify:album:5EdeZ3BHIqoOghQ9ygzVCe,spotify_id,
Album107168,spotify:album:4ywnOC8PXy8A5BgiZZawUv,artist_title_year,
Album1303363,spotify:album:6KKYxlupZBztRdmXQarlP7,spotify_id,
Album97439,spotify:album:3ra5BJuCFVkZGt7CVcwa2m,spotify_id,
Album653227,spotify:album:6wtDAlsbBwBpTLxsIxqqUD,artist_title_year,
sp:1e7UTqWSWjuU8mtA3BeQPl,spotify:album:1e7UTqWSWjuU8mtA3BeQPl,none,
Album9623,spotify:album:211jpltjNpUp8HukVtAEo5,spotify_id,
sp:6rZHxpyXVEH3tox9E1aHck,spotify:album:6rZHxpyXVEH3tox9E1aHck,none,
Album156245,spotify:album:2vRT2T376D5qVLpPaeyemx,artist_title_year,
Album4398657,spotify:album:2SlSnUYW5bgtdWXVymv18a,spotify_id,
Album672,spotify:album:6O62Cqi0YqOytEbFmeLyjU,artist_title_year,
Album2021437,spotify:album:5g5JAnBYxmaTMVvh6RnA1c,spotify_id,
Album11465,spotify:album:4A1vePlqDJtLjSqyWl2lLB,spotify_id,
Album84941,spotify:album:6Dzhy8VSlHZqHN1oZxMn9s,spotify_id,
Album4386242,spotify:album:41uUEhLnPAriHE4jZalkEq,spotify_id,
Album188976,spotify:album:3EG5tuu7kUS7IXdiyFjuX7,artist_title_year,
Album44033,spotify:album:6f2AFMhR7cNGG8FO3WzhUS,spotify_id,
Album54343,spotify:album:6U6vAt72s3871yhB7nDZwM,spotify_id,
Album7623,spotify:album:3yjxOpjDoULUBMWOZtzf2D,artist_title_year,
Album50314,spotify:album:45XZmTb2XSM57dnh3V07Qq,spotify_id,
Album58738,spotify:album:0prtrB4HNL9tiEeAv57Bz8,spotify_id,
Album34977,spotify:album:35Ml0uRskKkYOFi8nBiGzq,spotify_id,
Album62056,spotify:album:1DThdjKvkvxYaqlDUnQGzK,spotify_id,
Album7207243,spotify:album:4Coa8Eb9SzjrkwWEom963Q,artist_title_year,
Album224830,spotify:album:2YH6BUM898I2ddZYnggaJU,spotify_id,
Album7943,spotify:album:3Jm5rknuSOa0tTFDLpJbCg,artist_title_year,
Album3736,spotify:album:03EEf4WnO2irH5NQvuY4Ul,spotify_id,
Album4290553,spotify:album:70POdpOFGW960Nu0N04OWc,artist_title_year,
Album570,spotify:album:1RdOHAvb6xFz4GK48sDIYQ,spotify_id,
sp:12mc6H3V7xyUtxycPiKz88,spotify:album:12mc6H3V7xyUtxycPiKz88,none,
sp:5ixiXGmulZG9Dscnswm0Y0,spotify:album:5ixiXGmulZG9Dscnswm0Y0,none,
Album12923,spotify:album:4BiskzVSqzt6CDQgMJw02X,spotify_id,
Album189710,spotify:album:5ofjsUORpKb7uXYAsObEjH,artist_title_year,
Album40406,spotify:album:1YTBu6f2ZvVPHvE8WYNrbr,artist_title_year,
Album676328,spotify:album:0v4XwkYSBULSubs58aezbT,spotify_id,
sp:4LSbftlYOTP6hvRrW2AooJ,spotify:album:4LSbftlYOTP6hvRrW2AooJ,none,
Album261429,spotify:album:1rCRGY7HFJcbN1tNhMboM0,spotify_id,
Album563,spotify:album:0FjHy5dCyVROqDUl6f2VTK,spotify_id,
sp:4QsYvbpqj1FC6jQGYG6pPB,spotify:album:4QsYvbpqj1FC6jQGYG6pPB,none,
sp:2kgmLqUim1JdglABNIc5zn,spotify:album:2kgmLqUim1JdglABNIc5zn,none,
sp:0vo1E52Ii1yW8aD11Rn7yk,spotify:album:0vo1E52Ii1yW8aD11Rn7yk,none,
sp:0ka72x65Pev7XmsNBRxhf3,spotify:album:0ka72x65Pev7XmsNBRxhf3,none,
sp:2koh1DylbwkKhvxGMpA4HJ,spotify:album:2koh1DylbwkKhvxGMpA4HJ,none,
sp:2uMaCzN7a35J3I3qceso0c,spotify:album:2uMaCzN7a35J3I3qceso0c,none,
sp:4FCoFSNIFhK36holxHWCnc,spotify:album:4FCoFSNIFhK36holxHWCnc,none,
sp:2HGQJZb8cMX6GlLCdNuciB,spotify:album:2HGQJZb8cMX6GlLCdNuciB,none,
sp:3BpTqGx3AaQ0q4fHPgKRMd,spotify:album:3BpTqGx3AaQ0q4fHPgKRMd,none,
sp:2DcU3XHY41Z1InXHNkiJWe,spotify:album:2DcU3XHY41Z1InXHNkiJWe,none,
sp:5e5MtmjBRnh3eI5g5C0Tyv,spotify:album:5e5MtmjBRnh3eI5g5C0Tyv,none,
sp:0lq70zJB8BylaX5tgkNnOA,spotify:album:0lq70zJB8BylaX5tgkNnOA,none,
sp:03AUZkqlmxkgW6FxGGZalF,spotify:album:03AUZkqlmxkgW6FxGGZalF,none,
sp:72il2QTORUM9V5dFVR3Qau,spotify:album:72il2QTORUM9V5dFVR3Qau,none,
sp:4GKHyDVQYaMbpXpTckjX6G,spotify:album:4GKHyDVQYaMbpXpTckjX6G,none,
sp:0S4GSpFXpymljBbOEtZCUX,spotify:album:0S4GSpFXpymljBbOEtZCUX,none,
sp:4jyWDa1yM9ul7zgUdR80hw,spotify:album:4jyWDa1yM9ul7zgUdR80hw,none,
sp:3MylADAiyOAf5ddH6iiflo,spotify:album:3MylADAiyOAf5ddH6iiflo,none,
sp:7eB8a0ypQTeibu0w3nG1o3,spotify:album:7eB8a0ypQTeibu0w3nG1o3,none,
sp:5zK5hMBLhsPSOBkX2LzQX6,spotify:album:5zK5hMBLhsPSOBkX2LzQX6,none,
sp:0oCOeV4BgKgsuiLk1pbL7B,spotify:album:0oCOeV4BgKgsuiLk1pbL7B,none,
sp:5yOJZgCvTpcjtN1S8ng6uq,spotify:album:5yOJZgCvTpcjtN1S8ng6uq,none,
sp:4RJbAeNwDxTqz6jRY5igZl,spotify:album:4RJbAeNwDxTqz6jRY5igZl,none,
sp:19V6ebi9u4qOpxrOki3Lcz,spotify:album:19V6ebi9u4qOpxrOki3Lcz,none,
sp:0eCM4oIYMx8fhwTnthk7Pb,spotify:album:0eCM4oIYMx8fhwTnthk7Pb,none,
sp:4Db5w1mFaolDotknFJiteD,spotify:album:4Db5w1mFaolDotknFJiteD,none,
sp:7GvIlBDCCgy1xnjpQCLzkY,spotify:album:7GvIlBDCCgy1xnjpQCLzkY,none,
sp:5uV5cai6VPXvq9fmtvlRWn,spotify:album:5uV5cai6VPXvq9fmtvlRWn,none,
sp:1ji1gXJSrKhoazmsTdvYfb,spotify:album:1ji1gXJSrKhoazmsTdvYfb,none,
sp:3jp2nBhfeHODGumUVPeyHK,spotify:album:3jp2nBhfeHODGumUVPeyHK,none,
sp:5AY72J4ZHzlIqOYlyJLWuG,spotify:album:5AY72J4ZHzlIqOYlyJLWuG,none,
sp:6Re9R3oCK21cfSGPYcD7oB,spotify:album:6Re9R3oCK21cfSGPYcD7oB,none,
sp:0LW2FwC8ay4hXNDzaw7jWY,spotify:album:0LW2FwC8ay4hXNDzaw7jWY,none,
sp:79CvxovoFgGNuAMvQp9wul,spotify:album:79CvxovoFgGNuAMvQp9wul,none,
sp:4jBYjoYLD7GOHzVQ8olPlV,spotify:album:4jBYjoYLD7GOHzVQ8olPlV,none,
sp:1E0g1RP7XJem98VuCtRo8X,spotify:album:1E0g1RP7XJem98VuCtRo8X,none,
sp:0vRfdF2YJJ1i3vxr0C3W0F,spotify:album:0vRfdF2YJJ1i3vxr0C3W0F,none,
sp:5fMVIwR3w08f6QoaPR2h7u,spotify:album:5fMVIwR3w08f6QoaPR2h7u,none,
sp:4W8QeF9YMzO7nfMngq9eF7,spotify:album:4W8QeF9YMzO7nfMngq9eF7,none,
sp:0Y7ot7awdB33lDUJtqIS6i,spotify:album:0Y7ot7awdB33lDUJtqIS6i,none,
sp:2HF8BhwNVNbaLRf2Rk2WIG,spotify:album:2HF8BhwNVNbaLRf2Rk2WIG,none,
sp:1IcnToegRv641JAVAR8IqS,spotify:album:1IcnToegRv641JAVAR8IqS,none,
sp:6P2nv7OF0UngkW3OIcoMog,spotify:album:6P2nv7OF0UngkW3OIcoMog,manual,
sp:3oSLMALBuos75AqBHPdLrJ,spotify:album:3oSLMALBuos75AqBHPdLrJ,none,
sp:5jGFVnXiABfdzs3bTg5p3I,spotify:album:5jGFVnXiABfdzs3bTg5p3I,none,
sp:60I4lq1UDgFn1OhRmzIc4n,spotify:album:60I4lq1UDgFn1OhRmzIc4n,none,
sp:3Lfxp4dgtCBJN74rmo7tiE,spotify:album:3Lfxp4dgtCBJN74rmo7tiE,none,
sp:1lWCAe18KVQero0JgWSZQX,spotify:album:1lWCAe18KVQero0JgWSZQX,none,
sp:2AI3nzCa2kgdoiaygVrMIj,spotify:album:2AI3nzCa2kgdoiaygVrMIj,none,
sp:49rR58N66xdbRiioYbKnux,spotify:album:49rR58N66xdbRiioYbKnux,none,
sp:52OqOhJEmuAjDwvTKVfK05,spotify:album:52OqOhJEmuAjDwvTKVfK05,none,
sp:42nhTxeaxPiqdi6VHBz08f,spotify:album:42nhTxeaxPiqdi6VHBz08f,none,
sp:1uf2QzkWBAiZu0rGktnwrn,spotify:album:1uf2QzkWBAiZu0rGktnwrn,none,
sp:7w6ExTkJw1ZtCOk7da5JxE,spotify:album:7w6ExTkJw1ZtCOk7da5JxE,none,
sp:7lcbh7fJJwfCgacUm6t3FP,spotify:album:7lcbh7fJJwfCgacUm6t3FP,none,
sp:7C58OTvaGOkDzc3yp4gsyc,spotify:album:7C58OTvaGOkDzc3yp4gsyc,none,
sp:7Lu5TupvwrTTuleoR88Pd9,spotify:album:7Lu5TupvwrTTuleoR88Pd9,none,
sp:4xtxrhVKVsRmFvK12UGT5T,spotify:album:4xtxrhVKVsRmFvK12UGT5T,none,
sp:5G6YCclLa3K8lPuFNMbw4x,spotify:album:5G6YCclLa3K8lPuFNMbw4x,none,
sp:2NSJ5ABdmwwoFpZWzY9wzQ,spotify:album:2NSJ5ABdmwwoFpZWzY9wzQ,none,
sp:4EHd9um3QmrihW2AO343gJ,spotify:album:4EHd9um3QmrihW2AO343gJ,none,
sp:1I2USdbvrmhAsEAJz0NuXD,spotify:album:1I2USdbvrmhAsEAJz0NuXD,none,
sp:35nwF0CupBTm7LVpImKLaG,spotify:album:35nwF0CupBTm7LVpImKLaG,none,
sp:0HCEO9UaIJwSVvtv5E9P4j,spotify:album:0HCEO9UaIJwSVvtv5E9P4j,none,
sp:1yVoIc4Hhkhi9ovIcFVLmq,spotify:album:1yVoIc4Hhkhi9ovIcFVLmq,none,
sp:6ZmIx15nnYBTLvyG1LaTaA,spotify:album:6ZmIx15nnYBTLvyG1LaTaA,none,
sp:3Bf3z6ZeEEE3ZR3wyiqTR3,spotify:album:3Bf3z6ZeEEE3ZR3wyiqTR3,none,
sp:12NPAGlRcT3HK0DFL1MT1N,spotify:album:12NPAGlRcT3HK0DFL1MT1N,none,
sp:36nDwdvBHoJMIZn0wzYWrD,spotify:album:36nDwdvBHoJMIZn0wzYWrD,none,
sp:49lapJZmkJIgph4fhuI5gF,spotify:album:49lapJZmkJIgph4fhuI5gF,none,
sp:3T4CrFDnlVG83clXssAX10,spotify:album:3T4CrFDnlVG83clXssAX10,none,
sp:3uXN2NZ9v0hrKQ5JsJW0Ff,spotify:album:3uXN2NZ9v0hrKQ5JsJW0Ff,none,
sp:4q8idMGcUuilaleuHhaRvB,spotify:album:4q8idMGcUuilaleuHhaRvB,none,
sp:5WRdRVpptWX2cRw5r6dTVU,spotify:album:5WRdRVpptWX2cRw5r6dTVU,none,
sp:5nXqANlatc6AEUiS43kWTm,spotify:album:5nXqANlatc6AEUiS43kWTm,none,
sp:2n6CcbdkksbyCQplccpUKB,spotify:album:2n6CcbdkksbyCQplccpUKB,none,
sp:6kYt90nhYqLbrHmyzsIsdp,spotify:album:6kYt90nhYqLbrHmyzsIsdp,none,
sp:3JUf505JsGISBx0YZ4qMFW,spotify:album:3JUf505JsGISBx0YZ4qMFW,none,
sp:2RUX2ps4xMNTyI2iAwVyf3,spotify:album:2RUX2ps4xMNTyI2iAwVyf3,none,
sp:41Cm2L0F3Vmzp5VcrmCxKc,spotify:album:41Cm2L0F3Vmzp5VcrmCxKc,none,
sp:7rVNabMVrk4eBO5upSBDBr,spotify:album:7rVNabMVrk4eBO5upSBDBr,none,
sp:2Tm8ZMDLg4DVijCkvhKxJl,spotify:album:2Tm8ZMDLg4DVijCkvhKxJl,none,
sp:0ofaIVDxemaYYQipgWRYKp,spotify:album:0ofaIVDxemaYYQipgWRYKp,none,
sp:1R0By8YtMv7XTYOc7tKAWu,spotify:album:1R0By8YtMv7XTYOc7tKAWu,none,
sp:25tczUJCFdB5GBfqqahoOq,spotify:album:25tczUJCFdB5GBfqqahoOq,none,
sp:5gD4BU64TwXSUldt6tD9H9,spotify:album:5gD4BU64TwXSUldt6tD9H9,none,
sp:6Le1FSqseZp41WAub4Ct4v,spotify:album:6Le1FSqseZp41WAub4Ct4v,none,
sp:0ffmwwS9EBmpLAgjblX75O,spotify:album:0ffmwwS9EBmpLAgjblX75O,none,
sp:0TCO2EcOh5ZyKqOHSKDSTm,spotify:album:0TCO2EcOh5ZyKqOHSKDSTm,none,
sp:2L7shqDUofo6LWE67efjAl,spotify:album:2L7shqDUofo6LWE67efjAl,none,
sp:3IZFEX574UDojq8Z0cTf6q,spotify:album:3IZFEX574UDojq8Z0cTf6q,none,
sp:1SLVua74uCqY1cIO4NxD4S,spotify:album:1SLVua74uCqY1cIO4NxD4S,none,
sp:5EFc749NRBcIlecddebQXB,spotify:album:5EFc749NRBcIlecddebQXB,none,
sp:4VzhDOgXQ0WxNtXdP4nD7v,spotify:album:4VzhDOgXQ0WxNtXdP4nD7v,none,
sp:0a2pznUCA1JGmSJo1LAosc,spotify:album:0a2pznUCA1JGmSJo1LAosc,none,
sp:5UDAJbDljEo9F1G6JU80EB,spotify:album:5UDAJbDljEo9F1G6JU80EB,none,
sp:7Fi8lXzsEN0kFs7hmppyCR,spotify:album:7Fi8lXzsEN0kFs7hmppyCR,none,
sp:3BPXGhfbQxXm0mPltGJpO3,spotify:album:3BPXGhfbQxXm0mPltGJpO3,none,
sp:3FabCzGQgFLqkCqzceB5ii,spotify:album:3FabCzGQgFLqkCqzceB5ii,none,
sp:31nThm3LyQVvrndqxhvjWl,spotify:album:31nThm3LyQVvrndqxhvjWl,manual,
sp:1a8lndLvlxQsRyiLdKPtze,spotify:album:1a8lndLvlxQsRyiLdKPtze,none,
sp:3Aqf5QCXxPkfvgUt5krKbC,spotify:album:3Aqf5QCXxPkfvgUt5krKbC,none,
sp:18LrM1Ag5HCyRIIzj7H7mK,spotify:album:18LrM1Ag5HCyRIIzj7H7mK,none,
sp:6uFSBE7OH1GzlMzbfp2MbN,spotify:album:6uFSBE7OH1GzlMzbfp2MbN,none,
Album10595,spotify:album:0PEMxmj2m6pLKoqYR0WtzW,manual,
sp:0Upl3YeSZcM8vmqJfV9Wql,spotify:album:0Upl3YeSZcM8vmqJfV9Wql,none,
sp:6tHkUh6i37v9f2dpeI5vlL,spotify:album:6tHkUh6i37v9f2dpeI5vlL,none,
sp:2Y6LzDPlugAIahEsJflVfJ,spotify:album:2Y6LzDPlugAIahEsJflVfJ,none,
sp:1Lj1hDF4hcyKGUiw0k7iC3,spotify:album:1Lj1hDF4hcyKGUiw0k7iC3,none,
sp:3ujWbyBHwZjiA9K9Ti9M0A,spotify:album:3ujWbyBHwZjiA9K9Ti9M0A,none,
sp:0ZGnDoF1tmUYBDdzG1gKIq,spotify:album:0ZGnDoF1tmUYBDdzG1gKIq,none,
sp:1GC93XfkXlBFNJ9MaLRmjH,spotify:album:1GC93XfkXlBFNJ9MaLRmjH,none,
sp:5CGe3OmWPA1SPkgykPn9rK,spotify:album:5CGe3OmWPA1SPkgykPn9rK,none,
sp:7c4Bp3iG7HtgDVqWYDMLhZ,spotify:album:7c4Bp3iG7HtgDVqWYDMLhZ,none,
sp:41x44rV5KQYRIFUmFJwmW5,spotify:album:41x44rV5KQYRIFUmFJwmW5,none,
sp:1DnaxL3inEUJLHphEuNGN2,spotify:album:1DnaxL3inEUJLHphEuNGN2,none,
sp:6Gkr2rfEaP8tWbxZdt7HOv,spotify:album:6Gkr2rfEaP8tWbxZdt7HOv,none,
sp:2qgL0xRuWEv0zX865Hykte,spotify:album:2qgL0xRuWEv0zX865Hykte,none,
sp:11BkAgpde3thbHAF91hurl,spotify:album:11BkAgpde3thbHAF91hurl,none,
sp:1pdhpVSMHNqqOUJ5ESk7r6,spotify:album:1pdhpVSMHNqqOUJ5ESk7r6,none,
sp:6HQXJs1JW7h8nDUZSfBER6,spotify:album:6HQXJs1JW7h8nDUZSfBER6,none,
sp:318b6Is2MnqkuL079NnPko,spotify:album:318b6Is2MnqkuL079NnPko,none,
sp:4uc7axZwgp3TZ8dVLTZrgs,spotify:album:4uc7axZwgp3TZ8dVLTZrgs,none,
sp:0C70nQsr5BRv8Ih8GWgePr,spotify:album:0C70nQsr5BRv8Ih8GWgePr,none,
sp:1UTUaGgazW903gGukLzLe5,spotify:album:1UTUaGgazW903gGukLzLe5,none,
sp:5P6xLnIcOiu2jZtkwwq324,spotify:album:5P6xLnIcOiu2jZtkwwq324,none,
sp:672R806xxpbATLi7TQauyP,spotify:album:672R806xxpbATLi7TQauyP,none,
sp:71l7qijDCtngANjrxmkNwd,spotify:album:71l7qijDCtngANjrxmkNwd,none,
sp:0w3NDo617KZktU7gtIdxTR,spotify:album:0w3NDo617KZktU7gtIdxTR,none,
sp:0mf2hphtGvSxnOit7Uy2aB,spotify:album:0mf2hphtGvSxnOit7Uy2aB,none,
sp:4AXVGhEaYC6I4S0KSZPSdk,spotify:album:4AXVGhEaYC6I4S0KSZPSdk,none,
sp:2X1G1CjQbDTYVPHzmacsry,spotify:album:2X1G1CjQbDTYVPHzmacsry,none,
sp:3CB74Cm0oYsV3hyv0EjREv,spotify:album:3CB74Cm0oYsV3hyv0EjREv,none,
sp:26wR9tU6FSzJcLNSCz83XM,spotify:album:26wR9tU6FSzJcLNSCz83XM,none,
sp:3ZJmTuWDjMVIFrTs3yxzGv,spotify:album:3ZJmTuWDjMVIFrTs3yxzGv,none,
sp:0bwlrhBRjtqdy4eTlfg2UD,spotify:album:0bwlrhBRjtqdy4eTlfg2UD,none,
sp:0r0yqkHaDfqWi9PlhHACDb,spotify:album:0r0yqkHaDfqWi9PlhHACDb,none,
sp:7MP330SJOQhGwI5CcyyCn3,spotify:album:7MP330SJOQhGwI5CcyyCn3,none,
sp:6JF49ixyHmOgS0Rsda2k42,spotify:album:6JF49ixyHmOgS0Rsda2k42,none,
sp:261QvR3MgGdyL2HyYIlgfd,spotify:album:261QvR3MgGdyL2HyYIlgfd,none,
sp:43lTJdWh1mIO5mnQzJhCrY,spotify:album:43lTJdWh1mIO5mnQzJhCrY,none,
sp:40aLMQTxbukx6EckyfWkSM,spotify:album:40aLMQTxbukx6EckyfWkSM,none,
sp:10R27xbMQrHEXyvsUXBgTw,spotify:album:10R27xbMQrHEXyvsUXBgTw,none,
sp:68C1frRjf0XeSIVR88Tvg7,spotify:album:68C1frRjf0XeSIVR88Tvg7,none,
sp:3ayMAU7t3Dba50X6b9YKrY,spotify:album:3ayMAU7t3Dba50X6b9YKrY,none,
sp:2rf4I3JAnmvTqtkZVKcxkv,spotify:album:2rf4I3JAnmvTqtkZVKcxkv,none,
sp:3HXi8v64hk46CDqgOELMLP,spotify:album:3HXi8v64hk46CDqgOELMLP,none,
sp:0kjHB0lIsPYeJrrvoG6ES8,spotify:album:0kjHB0lIsPYeJrrvoG6ES8,none,
sp:3WG7osXmDwUsMt3QGNoYll,spotify:album:3WG7osXmDwUsMt3QGNoYll,none,
sp:41UH0BgBejGCPoWhmN6LZL,spotify:album:41UH0BgBejGCPoWhmN6LZL,none,
sp:1QUy0Jie6ZN3wNNiBa9tJl,spotify:album:1QUy0Jie6ZN3wNNiBa9tJl,none,
sp:6pgMP7FTBnWxDnOwvqrdqm,spotify:album:6pgMP7FTBnWxDnOwvqrdqm,none,
sp:5zfrnDksYBABjCBCrX1q50,spotify:album:5zfrnDksYBABjCBCrX1q50,none,
sp:0vdqAhwqzVSErTcdiuI2vv,spotify:album:0vdqAhwqzVSErTcdiuI2vv,none,
sp:2GIvWaWK9zhvRHffreWoxk,spotify:album:2GIvWaWK9zhvRHffreWoxk,none,
sp:1s532qHq6opxTrMH3ycyVK,spotify:album:1s532qHq6opxTrMH3ycyVK,none,
sp:76vnzL1stIIYGE4EzK57iT,spotify:album:76vnzL1stIIYGE4EzK57iT,none,
sp:1zyviLwr9LNHsAcD70t3XF,spotify:album:1zyviLwr9LNHsAcD70t3XF,none,
sp:6SBbHIm02NB3YcandHIi8B,spotify:album:6SBbHIm02NB3YcandHIi8B,none,
sp:6jJKeu4hPomUuMOM6iGVzQ,spotify:album:6jJKeu4hPomUuMOM6iGVzQ,none,
sp:5neL5Vyjoi0qJxoIkRoht2,spotify:album:5neL5Vyjoi0qJxoIkRoht2,none,
sp:2g2ubJNEQusioi927rzACi,spotify:album:2g2ubJNEQusioi927rzACi,none,
sp:7sl2KHvTAxTeIsPrafXoO5,spotify:album:7sl2KHvTAxTeIsPrafXoO5,none,
sp:56scO5M9TpZ9ateCi0nmDf,spotify:album:56scO5M9TpZ9ateCi0nmDf,none,
sp:2VvTBQLXmRWTuZFiOAbfZd,spotify:album:2VvTBQLXmRWTuZFiOAbfZd,none,
sp:7HOTAkNpLiNtBg70E8BhV1,spotify:album:7HOTAkNpLiNtBg70E8BhV1,none,
sp:4Lcmos3Uhgo2jyvZYQRKzA,spotify:album:4Lcmos3Uhgo2jyvZYQRKzA,none,
sp:5qCkA62utmPQEVNKVBGeDz,spotify:album:5qCkA62utmPQEVNKVBGeDz,none,
sp:5lCQtNmeRx4cI4UDwdv6Rn,spotify:album:5lCQtNmeRx4cI4UDwdv6Rn,none,
sp:3TKKuhUegDNFu6FRPmVyLW,spotify:album:3TKKuhUegDNFu6FRPmVyLW,none,
sp:6ikjhrv6OIZjfsUvo3ydQG,spotify:album:6ikjhrv6OIZjfsUvo3ydQG,none,
sp:1eBuGQjFPI35kjY3juPV0l,spotify:album:1eBuGQjFPI35kjY3juPV0l,none,
sp:2jrrWeSrojSEt8Lmw2a1wx,spotify:album:2jrrWeSrojSEt8Lmw2a1wx,none,
sp:6a5f8Ox6TV6wLjUfbIMauo,spotify:album:6a5f8Ox6TV6wLjUfbIMauo,none,
sp:2rKCNeoWItxLPg8EmGeCdn,spotify:album:2rKCNeoWItxLPg8EmGeCdn,none,
sp:5gI7xQZ3E4O2s3OTY3ldgN,spotify:album:5gI7xQZ3E4O2s3OTY3ldgN,none,
sp:1NnGKhRqXDCAQamxjjzlRG,spotify:album:1NnGKhRqXDCAQamxjjzlRG,none,
sp:3xzxWAf2E3Pp1wNMFFUDb0,spotify:album:3xzxWAf2E3Pp1wNMFFUDb0,none,
sp:3f4mU3VfnMffOZJ9D05Xi0,spotify:album:3f4mU3VfnMffOZJ9D05Xi0,none,
sp:6YMhMyOnucElTwYRFH279P,spotify:album:6YMhMyOnucElTwYRFH279P,none,
sp:0Phig05U6rGFZEZzGroour,spotify:album:0Phig05U6rGFZEZzGroour,none,
sp:7nThwEV875rviPzMvWcWkC,spotify:album:7nThwEV875rviPzMvWcWkC,none,
sp:2iG2ZQHeJeNtnSUjeU5RvY,spotify:album:2iG2ZQHeJeNtnSUjeU5RvY,none,
sp:1wsZWHGBWj89l20dIuiiIi,spotify:album:1wsZWHGBWj89l20dIuiiIi,none,
sp:68BukGIvlqRYiUiozZsdgo,spotify:album:68BukGIvlqRYiUiozZsdgo,none,
sp:4F3gOs3FDgTOUUHjA4xnLj,spotify:album:4F3gOs3FDgTOUUHjA4xnLj,none,
sp:67PK2JzYrlc48K2A89RkO3,spotify:album:67PK2JzYrlc48K2A89RkO3,none,
sp:2XkaOF85agqQM5B57L1EDJ,spotify:album:2XkaOF85agqQM5B57L1EDJ,none,
sp:1iCBFVMvmf9kwHSZIGDKty,spotify:album:1iCBFVMvmf9kwHSZIGDKty,none,
sp:1OXMhwIwZ1TfHt9A9P8KTa,spotify:album:1OXMhwIwZ1TfHt9A9P8KTa,none,
sp:0beYW3oI7CfCv3uYVMjp6V,spotify:album:0beYW3oI7CfCv3uYVMjp6V,none,
sp:5Vw8ZMoNrK2HDyIuA4MJrK,spotify:album:5Vw8ZMoNrK2HDyIuA4MJrK,none,
sp:1rlbW7GyYihxIOoM41QwnG,spotify:album:1rlbW7GyYihxIOoM41QwnG,none,
Album689791,spotify:album:0Tw4IEPDfOj7cLefk75Qft,manual,
sp:5qzulzfu4wC4MMccjQFgtK,spotify:album:5qzulzfu4wC4MMccjQFgtK,none,
sp:3lpcZOAsYJzvPepNSbzMSb,spotify:album:3lpcZOAsYJzvPepNSbzMSb,none,
sp:6wt9UTlj4kyhYyyLlWDDSi,spotify:album:6wt9UTlj4kyhYyyLlWDDSi,none,
sp:0LDCQOBp7NFjkD1LbuusCG,spotify:album:0LDCQOBp7NFjkD1LbuusCG,none,
sp:1KaTIdAepIJDxbSEEL3M2z,spotify:album:1KaTIdAepIJDxbSEEL3M2z,none,
sp:27mYcqBm2VpBorjYaXKshh,spotify:album:27mYcqBm2VpBorjYaXKshh,none,
sp:1WwqFHxZI5l4E54m0e7f0F,spotify:album:1WwqFHxZI5l4E54m0e7f0F,none,
sp:6CvjbqbUiGCpAYnrvDKtAj,spotify:album:6CvjbqbUiGCpAYnrvDKtAj,none,
sp:3NQBPabmRm3LzVcmtkTLfo,spotify:album:3NQBPabmRm3LzVcmtkTLfo,none,
sp:3Mv0s0P5Oe21zuSCHS6kmG,spotify:album:3Mv0s0P5Oe21zuSCHS6kmG,none,
sp:5RTcg3hyd7ON4vBfYIx0Nl,spotify:album:5RTcg3hyd7ON4vBfYIx0Nl,none,
sp:7LmjJC5DuAFZGhYo6bq0FQ,spotify:album:7LmjJC5DuAFZGhYo6bq0FQ,none,
sp:5SKnXCvB4fcGSZu32o3LRY,spotify:album:5SKnXCvB4fcGSZu32o3LRY,none,
sp:2HIwUmdxEl7SeWa1ndH5wC,spotify:album:2HIwUmdxEl7SeWa1ndH5wC,none,
sp:7zCODUHkfuRxsUjtuzNqbd,spotify:album:7zCODUHkfuRxsUjtuzNqbd,none,
sp:6R8ir7mqaqV3vrtv5pmvID,spotify:album:6R8ir7mqaqV3vrtv5pmvID,none,
sp:7zdC29g2TE4gwR9iAOjL42,spotify:album:7zdC29g2TE4gwR9iAOjL42,none,
Album5964757,spotify:album:1JXnrNpiExB8uScA3duWOW,spotify_id,
sp:3ZA85zeudxFA1NGeb6avXS,spotify:album:3ZA85zeudxFA1NGeb6avXS,none,
sp:4fmoTjTyfvg19kORQMqhhy,spotify:album:4fmoTjTyfvg19kORQMqhhy,none,
sp:18Scpsg5OV1iYNtSaCsjwz,spotify:album:18Scpsg5OV1iYNtSaCsjwz,none,
sp:2eOq3NFUjyhOdyzQOQvnaI,spotify:album:2eOq3NFUjyhOdyzQOQvnaI,none,
Album6308297,spotify:album:0LUi08SLGlWvCPWv6ybipF,manual,
sp:04DOnsOFx8MrXA1JpjwZLH,spotify:album:04DOnsOFx8MrXA1JpjwZLH,none,
sp:67sUOjUevVJGgfCj1N2e4N,spotify:album:67sUOjUevVJGgfCj1N2e4N,none,
sp:5ra51AaWF3iVebyhlZ1aqq,spotify:album:5ra51AaWF3iVebyhlZ1aqq,none,
sp:0cT1SQDE7wSh1eUJkGFXse,spotify:album:0cT1SQDE7wSh1eUJkGFXse,none,
sp:53eRw37Sne9d5kCGwu0Yk0,spotify:album:53eRw37Sne9d5kCGwu0Yk0,none,
sp:69GCBR2npYfD14Q6VX2G1E,spotify:album:69GCBR2npYfD14Q6VX2G1E,none,
sp:7lviWqvc7xuOVQf9MEvp1p,spotify:album:7lviWqvc7xuOVQf9MEvp1p,none,
sp:4UvAp7hXHRhCzRnpp7CLf2,spotify:album:4UvAp7hXHRhCzRnpp7CLf2,none,
sp:04hy4jb1GDD00otiwzsFUB,spotify:album:04hy4jb1GDD00otiwzsFUB,none,
sp:4B2lDHlvLNu7Yp5HRCQOVd,spotify:album:4B2lDHlvLNu7Yp5HRCQOVd,none,
sp:09JQ7disLcWal2JEUEz9rB,spotify:album:09JQ7disLcWal2JEUEz9rB,none,
sp:67kKwHR4P5SDUOxXclaq55,spotify:album:67kKwHR4P5SDUOxXclaq55,none,
sp:45PaEwQodQtfw2nElzigDl,spotify:album:45PaEwQodQtfw2nElzigDl,none,
sp:2BZtObSyOb12VN5z4BBm5m,spotify:album:2BZtObSyOb12VN5z4BBm5m,none,
sp:3Mr4nF9lB48VGIMbAdAsVz,spotify:album:3Mr4nF9lB48VGIMbAdAsVz,none,
sp:1yKOjBznVpmU9GD8qBSude,spotify:album:1yKOjBznVpmU9GD8qBSude,none,
sp:75tV8lB2MBi2srhYWYfFJl,spotify:album:75tV8lB2MBi2srhYWYfFJl,none,
sp:33rXKpkB2YbJBxIzIXHn62,spotify:album:33rXKpkB2YbJBxIzIXHn62,none,
sp:6y1IgQ6egBrEtxD1n9CLzk,spotify:album:6y1IgQ6egBrEtxD1n9CLzk,none,
sp:3eckskczN8yxSmOa5Y89n4,spotify:album:3eckskczN8yxSmOa5Y89n4,none,
sp:0BsMZIueWsJLWng8A7sE8e,spotify:album:0BsMZIueWsJLWng8A7sE8e,none,
sp:2Vx9FC6Um8i6kEtY7HNswB,spotify:album:2Vx9FC6Um8i6kEtY7HNswB,none,
sp:02Ul5rixacEwGhvkJpJDrJ,spotify:album:02Ul5rixacEwGhvkJpJDrJ,none,
sp:3BF0m3llpGGYFpjK7BlrSL,spotify:album:3BF0m3llpGGYFpjK7BlrSL,none,
sp:3OQshkQDiLAMxFKCfw7H6o,spotify:album:3OQshkQDiLAMxFKCfw7H6o,none,
sp:0rPRrEkaPmKc9lXY9mkKkd,spotify:album:0rPRrEkaPmKc9lXY9mkKkd,none,
sp:6f2DZKdpDMpENF1n0dFnIF,spotify:album:6f2DZKdpDMpENF1n0dFnIF,none,
sp:71qVRPrxzK6Nbv75d3bkHY,spotify:album:71qVRPrxzK6Nbv75d3bkHY,none,
sp:6leWdHYCaLZNmnNcd6JHj4,spotify:album:6leWdHYCaLZNmnNcd6JHj4,none,
sp:48W8LCOd5fFNmEIgWfOFdb,spotify:album:48W8LCOd5fFNmEIgWfOFdb,none,
sp:1lq3Kqo4e1oiVE1LwZV7M0,spotify:album:1lq3Kqo4e1oiVE1LwZV7M0,none,
sp:6vJ5kjSmxUvdxBhQS2Cigl,spotify:album:6vJ5kjSmxUvdxBhQS2Cigl,none,
sp:5eLNgH4QJRaUiL7Iz2rIS4,spotify:album:5eLNgH4QJRaUiL7Iz2rIS4,none,
Album2602,spotify:album:2rT82YYlV9UoxBYLIezkRq,manual,
Album2593,spotify:album:2dAxS22qLNJsj2QbmYCr1V,manual,
Album1311,spotify:album:6KMdn9HDIqcBPaaok0K34K,artist_title_year,
Album6853748,spotify:album:2w1YJXWMIco6EBf0CovvVN,manual,
Album4700253,spotify:album:1E4MXxSYoAMN5qpy1y6aBm,spotify_id,
Album51085,spotify:album:0eUUQ4rly8Q8PyJPWLgde2,manual,
Album11618,spotify:album:2NDFw84v8oUouELMdzeYsb,spotify_id,
Album8343,spotify:album:4Hbe1M0BDbgMwbw6Tw2fmD,manual,
