key,source,source_album_id,matched_title,matched_artist,score,ambiguous,n_tracks,n_clips_available,matched_by,edition,runtime_s,under_covered,short_preview
Album45,deezer,14879699,OK Computer,Radiohead,0.9974,0,12,12,,,,,
Album974,deezer,12114242,Wish You Were Here,Pink Floyd,0.9997,0,5,5,,,,,
Album6286502,deezer,9896722,To Pimp A Butterfly,Kendrick Lamar,0.9995,0,16,16,,,,,
Album2328,deezer,78808872,In The Court Of The Crimson King (Expanded & Remastered Original Album Mix),King Crimson,0.9997,0,8,8,,,,,
Album46,deezer,14880741,Kid A,Radiohead,0.9969,0,11,11,,,,,
Album355,itunes:gb,1556921230,loveless,my bloody valentine,0.9992,0,11,11,,,,,
Album976,deezer,12114240,The Dark Side of the Moon,Pink Floyd,0.9978,0,10,10,,,,,
Album12,deezer,12047952,Abbey Road (Remastered),The Beatles,0.9907,0,17,17,,,,,
Album142671,deezer,54307722,Madvillainy,Madvillain,0.9912,0,22,22,,,,,
Album173,deezer,6004996,The Velvet Underground & Nico 45th Anniversary,The Velvet Underground,0.9014,0,11,11,,,,,
Album623,deezer,11205422,The Rise and Fall of Ziggy Stardust and the Spiders from Mars (2012 Remaster),David Bowie,0.9958,0,11,11,,,,,
Album1052924,deezer,14880659,In Rainbows,Radiohead,0.9972,0,10,10,,,,,
Album206,deezer,12047948,Revolver (Remastered),The Beatles,0.9836,0,14,14,,,,,
Album1036,deezer,467270,Remain in Light (Deluxe Version),Talking Heads,0.9970,0,12,12,,,,,
Album17906,deezer,1427653,The Black Saint And The Sinner Lady,Charles Mingus,0.9044,0,4,4,,,,,
Album3597082,deezer,7203293,"good kid, m.A.A.d city (Deluxe)",Kendrick Lamar,0.8928,0,16,16,,,,,
Album10702,deezer,823871261,A Love Supreme (Monophonic Edition),John Coltrane,0.9985,0,4,4,,,,,
Album964277,deezer,69856542,98.12.28 Otokotachino Wakare (Live),Fishmans,0.9329,0,14,14,,,,,
Album2276,deezer,7308090,Paranoid (Remaster),Black Sabbath,0.9980,0,8,8,,,,,
Album2571,deezer,262078,Kind Of Blue (Legacy Edition),Miles Davis,0.9976,0,21,21,,,,,
Album11082,deezer,7664645,Illmatic,Nas,0.9955,0,10,10,,,,,
Album63,deezer,436186197,Pet Sounds,The Beach Boys,0.9630,0,13,13,,,,,
Album1245,deezer,819546971,In the Aeroplane Over the Sea,Neutral Milk Hotel,0.9981,0,11,11,,,,,
Album16,deezer,12047960,Sgt. Pepper's Lonely Hearts Club Band (Remastered),The Beatles,0.9966,0,13,13,,,,,
Album3050748,deezer,2320921,My Beautiful Dark Twisted Fantasy,Kanye West,0.9989,0,13,13,,,,,
Album11014,deezer,71652,Enter The Wu-Tang (36 Chambers) [Expanded Edition],Wu-Tang Clan,0.9959,0,15,15,,,,,
Album2671,deezer,13254973,Spiderland,Slint,0.9980,0,6,6,,,,,
Album6543,deezer,78808822,Red (Expanded & Remastered Original Album Mix),King Crimson,0.9997,0,8,8,,,,,
Album90,deezer,231727202,Pink Moon,Nick Drake,0.9933,0,11,11,,,,,
Album324,deezer,1347456,Disintegration (2010 Remaster),The Cure,0.8910,0,12,12,,,,,
Album8,deezer,12047934,The Beatles (Remastered),The Beatles,0.9705,0,30,30,,,,,
Album978,deezer,12114246,Animals,Pink Floyd,0.9986,0,5,5,,,,,
Album544,deezer,86885,Unknown Pleasures (Collector's Edition),Joy Division,0.9974,0,22,22,,,,,
Album164,deezer,1261474,The Queen Is Dead,The Smiths,0.9971,0,10,10,,,,,
Album51,deezer,1329897,Highway 61 Revisited,Bob Dylan,0.9961,0,9,9,,,,,
Album1089,deezer,106387,Doolittle,Pixies,0.9945,0,15,15,,,,,
Album43,deezer,8887733,Led Zeppelin IV (Deluxe Edition),Led Zeppelin,0.9974,0,16,16,,,,,
Album10394,deezer,1210678,In A Silent Way,Miles Davis,0.9993,0,2,2,,,,,
Album453563,deezer,69856482,Long Season,Fishmans,0.9992,0,1,1,,,,,
Album629,deezer,56889282,Low (2017 Remaster),David Bowie,0.9971,0,11,11,,,,,
Album2660,deezer,109301,Dummy,Portishead,0.9889,0,11,11,,,,,
Album3137,deezer,413452427,Hounds Of Love,Kate Bush,0.9997,0,12,12,,,,,
Album2438,deezer,1345731,Vespertine,Björk,0.9971,0,12,12,,,,,
Album450392,,,,,,0,,,,,,,
Album1167,deezer,85859,Marquee Moon,Television,0.9978,0,8,8,,,,,
Album94,deezer,1400030,Blonde On Blonde,Bob Dylan,0.9997,0,14,14,,,,,
Album2612,deezer,388025577,Endtroducing.....,DJ Shadow,0.9976,0,16,16,,,,,
Album2711,deezer,224401,Souvlaki,Slowdive,0.9891,0,10,10,,,,,
Album4588,deezer,645702,Bitches Brew,Miles Davis,0.9999,0,7,7,,,,,
Album2642,deezer,6120834,"The Glow, Pt. 2",The Microphones,0.9955,0,20,20,,,,,
Album5721,deezer,685035591,Close to the Edge (Super Deluxe Edition),Yes,0.8838,0,28,28,,,,,
Album1189,deezer,340878,The Doors,The Doors,0.9450,0,11,11,,,,,
Album7406,deezer,242316,The Low End Theory,A Tribe Called Quest,0.9995,0,14,14,,,,,
Album50,deezer,1399868,Blood On The Tracks,Bob Dylan,0.9983,0,10,10,,,,,
Album3892102,deezer,1678780,The Money Store,Death Grips,0.9946,0,13,13,,,,,
Album3380439,deezer,1299950,The Smile Sessions,The Beach Boys,0.9964,0,139,139,,,,,
Album2277,deezer,7308099,Master of Reality (2014 Remaster),Black Sabbath,0.9975,0,8,8,,,,,
Album4660,deezer,96001912,Songs In The Key Of Life,Stevie Wonder,0.9981,0,21,21,,,,,
Album545,deezer,86907,Closer (Collector's Edition),Joy Division,0.9979,0,21,21,,,,,
Album2161,itunes:us,357652252,Electric Ladyland,The Jimi Hendrix Experience,1.0000,0,16,16,,,,,
Album7548871,deezer,13868756,Atrocity Exhibition,Danny Brown,0.9947,0,15,15,,,,,
Album11,deezer,455130,Are You Experienced,Jimi Hendrix,0.9621,0,17,17,,,,,
Album94103,deezer,68440261,The College Dropout,Kanye West,0.9958,0,21,21,,,,,
Album7630705,deezer,104660202,Blonde,Frank Ocean,0.9960,0,17,17,,,,,
Album882,deezer,400582,Homogenic,Björk,0.9971,0,10,10,,,,,
Album281704,deezer,6158892,Illinois,Sufjan Stevens,0.9231,0,22,22,,,,,
Album15269,deezer,1103889532,Soundtracks For The Blind,Swans,0.9978,0,26,26,,,,,
Album3120,deezer,788682491,Songs Of Leonard Cohen,Leonard Cohen,0.9793,0,10,10,,,,,
Album125223,deezer,7216486,Swans Are Dead: Live '95-'97,Swans,0.7675,1,16,16,,,,,
Album1179,deezer,106054,Heaven or Las Vegas,Cocteau Twins,0.9975,0,10,10,,,,,
Album2779,deezer,88690202,Laughing Stock,Talk Talk,0.9981,0,6,6,,,,,
Album5892,deezer,184480112,What's Going On,Marvin Gaye,0.9966,0,9,9,,,,,
Album10523,deezer,81386,The Name of This Band Is Talking Heads (Expanded 2004 Remaster),Talking Heads,0.9975,0,33,33,,,,,
Album205,deezer,12047936,Rubber Soul (Remastered 2009),The Beatles,0.9874,0,14,14,,,,,
Album628,deezer,15318359,Station to Station (2016 Remaster),David Bowie,0.9976,0,6,6,,,,,
Album22312,itunes:us,1440835438,Liquid Swords,GZA,0.9610,0,13,13,,,,,
Album1117,deezer,10843530,Daydream Nation (Remastered Original Album),Sonic Youth,0.8960,0,14,14,,,,,
Album1225777,deezer,14590600,Ride The Lightning (Remastered),Metallica,0.9106,0,8,8,,,,,
Album1038,deezer,1346727,Stop Making Sense (Live),Talking Heads,0.9510,0,16,16,,,,,
Album15,deezer,12047938,Magical Mystery Tour (Remastered),The Beatles,0.9886,0,11,11,,,,,
Album2157,deezer,7308107,Black Sabbath (2014 Remaster),Black Sabbath,0.9983,0,5,5,,,,,
Album304,deezer,119282,MTV Unplugged In New York,Nirvana,0.9971,0,14,14,,,,,
Album6156,itunes:us,826532086,Tago Mago (40th Anniversary Edition),Can,1.0000,0,10,10,,,,,
Album93,deezer,1261189,Bringing It All Back Home,Bob Dylan,0.9961,0,11,11,,,,,
Album2590,deezer,12977824,Selected Ambient Works 85-92,Aphex Twin,0.9999,0,13,13,,,,,
Album2115,deezer,82417442,Ágætis byrjun,Sigur Rós,0.9976,0,10,10,,,,,
Album7381,deezer,107860,Aquemini,OutKast,0.9958,0,16,16,,,,,
Album2339,deezer,356691,After the Gold Rush (2009 Remaster),Neil Young,0.9028,0,11,11,,,,,
Album5115,itunes:us,826492492,Future Days (Remastered),Can,1.0000,0,4,4,,,,,
Album622,deezer,11205658,Hunky Dory (2015 Remaster),David Bowie,0.9931,0,11,11,,,,,
Album845,deezer,271550,Fun House (Deluxe Edition),The Stooges,0.9976,0,21,21,,,,,
Album8862,deezer,1207252,Midnight Marauders,A Tribe Called Quest,0.9977,0,14,14,,,,,
Album185833,deezer,152555282,MM..FOOD,MF Doom,0.9988,0,15,15,,,,,
Album185644,deezer,43265861,Funeral,Arcade Fire,0.9973,0,10,10,,,,,
Album1593,deezer,51188172,Master of Puppets (Remastered),Metallica,0.8900,0,8,8,,,,,
Album236,deezer,6856704,London Calling (Remastered),The Clash,0.9935,0,19,19,,,,,
Album6136253,deezer,9859372,Carrie & Lowell,Sufjan Stevens,0.9998,0,11,11,,,,,
Album294,deezer,460929645,Rain Dogs (2023 Remaster),Tom Waits,0.9983,0,19,19,,,,,
Album398852,deezer,54294542,Donuts,J Dilla,0.9366,0,31,31,,,,,
Album507466,deezer,1454228,"Hammersmith Odeon, London '75",Bruce Springsteen,0.9729,0,16,16,,,,,
Album58951,deezer,58654022,How the West Was Won (Remaster),Led Zeppelin,0.9984,0,18,18,,,,,
Album5734,deezer,230976,Innervisions,Stevie Wonder,0.9979,0,9,9,,,,,
Album2679,deezer,302210,Spirit of Eden,Talk Talk,0.9982,0,6,6,,,,,
Album6793952,deezer,11748072,The Complete Matrix Tapes,The Velvet Underground,0.9983,0,42,42,,,,,
Album2584,deezer,587849692,Purple Rain,Prince,0.9665,0,9,9,,,,,
Album126,deezer,1252978,Nevermind (Remastered),Nirvana,0.9935,0,13,13,,,,,
Album174,deezer,81459092,White Light / White Heat,The Velvet Underground,0.9138,0,20,20,,,,,
Album2542,deezer,301773,Mezzanine,Massive Attack,0.9943,0,11,11,,,,,
Album10701,deezer,173465852,Giant Steps (2020 Remaster),John Coltrane,0.9975,0,7,7,,,,,
Album218218,deezer,126525,Late Registration,Kanye West,0.9992,0,21,21,,,,,
Album1206880,deezer,14107478,Deathconsciousness,Have a Nice Life,0.9989,0,13,13,,,,,
Album4390,deezer,5819501,Hot Rats,Frank Zappa,0.9995,0,6,6,,,,,
Album28235,deezer,14585566,"Live at the Old Quarter, Houston, Texas",Townes Van Zandt,0.9959,0,27,27,,,,,
Album9363,deezer,747884691,Odessey and Oracle (Mono Remastered),The Zombies,0.9878,0,12,12,,,,,
Album1795,deezer,7452568,At Folsom Prison,Johnny Cash,0.9854,0,16,16,,,,,
Album13461,deezer,247084,The Olatunji Concert: The Last Live Recording,John Coltrane,0.9973,0,3,3,,,,,
Album1711,deezer,125584,The Downward Spiral,Nine Inch Nails,0.9982,0,14,14,,,,,
Album4203,deezer,93500,Symbolic (Remastered Version),Death,0.9978,0,14,14,,,,,
Album9979,deezer,913575091,Live After Death,Iron Maiden,0.9985,0,18,18,,,,,
Album21235,deezer,73412952,"Absent Lovers (Live in Montreal, 1984)",King Crimson,0.9999,0,20,20,,,,,
Album128,deezer,6916355,In Utero,Nirvana,0.9359,0,12,12,,,,,
Album13801985,deezer,265280732,Ants From Up There,"Black Country, New Road",0.9977,0,10,10,,,,,
Album14795,deezer,5942124,Karma,Pharoah Sanders,0.9977,0,2,2,,,,,
sp:1j57Q5ntVi7crpibb0h4sv,deezer,1261479,Hatful of Hollow,The Smiths,0.9963,0,16,16,,,,,
Album2632,deezer,228054752,The Lonesome Crowded West,Modest Mouse,0.9995,0,15,15,,,,,
Album11392,deezer,82030,My Favorite Things (Deluxe Edition),John Coltrane,0.9985,0,6,6,,,,,
Album133797,deezer,13278177,Twin Peaks,Angelo Badalamenti,0.9079,0,2,2,,,,,
sp:7J7sZIPRWHxt3eVPGKsfi6,itunes:us,330824125,Keep an Eye On the Sky,Big Star,0.9996,0,98,98,,,,,
Album2833,deezer,7811749,Made in Japan (2014 Remaster),Deep Purple,0.9990,0,7,7,,,,,
Album964599,deezer,304193,Alive 2007,Daft Punk,0.9977,0,13,13,,,,,
Album2980,deezer,72168832,Live At Leeds (Expanded Edition),The Who,0.9982,0,14,14,,,,,
Album11222,deezer,96117,Mingus Ah Um,Charles Mingus,0.8923,0,12,12,,,,,
Album10255382,deezer,97140952,IGOR,"Tyler, The Creator",0.9974,0,12,12,,,,,
Album376578,deezer,7496440,The Cellar Door Sessions 1970,Miles Davis,0.9999,0,28,28,,,,,
sp:5faKzawYFUfk3IRRe6ERXl,deezer,76597082,"More Blood, More Tracks: The Bootleg Series, Vol. 14 (Sampler)",Bob Dylan,0.8521,0,10,10,,,,,
Album22562,deezer,114005,The Infamous,Mobb Deep,0.9980,0,16,16,,,,,
Album52,deezer,227828,Five Leaves Left,Nick Drake,0.9929,0,10,10,,,,,
Album8638,deezer,120989,Roseland NYC Live,Portishead,0.9992,0,11,11,,,,,
Album8094725,deezer,40463291,Cornell 5/8/77 (Live),Grateful Dead,0.9524,0,20,20,,,,,
Album320,deezer,1347675,Pornography,The Cure,0.9978,0,8,8,,,,,
Album5030,deezer,83207,Blade Runner (Music From The Original Soundtrack),Vangelis,0.9972,0,12,12,,,,,
Album35500,deezer,104485932,Clube Da Esquina,Milton Nascimento,0.9730,0,21,21,,,,,
Album2611,deezer,215948112,Since I Left You (20th Anniversary Deluxe Edition),The Avalanches,0.9974,0,33,33,,,,,
Album10405,deezer,1211435,Dark Magus: Live At Carnegie Hall,Miles Davis,0.9076,0,8,8,,,,,
Album2320,deezer,6237061,Rumours,Fleetwood Mac,0.8975,0,11,11,,,,,
Album29773,deezer,1451392,"One Night Stand - Sam Cooke Live At The Harlem Square Club, 1963",Sam Cooke,0.8730,0,10,10,,,,,
Album5196775,deezer,7729069,To Be Kind,Swans,0.9999,0,10,10,,,,,
Album706,deezer,299485,Another Green World (2004 Remaster),Brian Eno,0.8058,1,14,14,,,,,
Album2264,deezer,8548959,All Things Must Pass (Remastered 2014),George Harrison,0.9992,0,28,28,,,,,
Album21732,deezer,6716201,"The Bootleg Series, Vol. 5 - Bob Dylan Live 1975: The Rolling Thunder Revue",Bob Dylan,0.9593,0,22,22,,,,,
Album7380,deezer,113990,ATLiens,OutKast,0.9974,0,15,15,,,,,
Album2436,deezer,1442557,Is This It,The Strokes,0.9909,0,11,11,,,,,
Album3783,deezer,318250,Rust In Peace,Megadeth,0.9414,0,9,9,,,,,
Album13083,deezer,366381,Music for 18 Musicians,Steve Reich and Musicians,0.9971,0,14,14,,,,,
Album975,deezer,12114236,Meddle,Pink Floyd,0.9979,0,6,6,,,,,
Album7855,deezer,5374241,"Il Buono, Il Brutto, il Cattivo - The Good, The Bad and The Ugly (Colonna Sonora Originale) (Remastered Edition)",Ennio Morricone,0.9061,0,21,21,,,,,
Album145,deezer,384314,Sticky Fingers (Remastered),The Rolling Stones,0.9943,0,10,10,,,,,
Album4648,deezer,902136052,The Kinks Are the Village Green Preservation Society (Remastered 2018),The Kinks,0.9784,0,15,15,,,,,
Album231,itunes:us,826494403,Ege Bamyasi (Remastered),Can,1.0000,0,7,7,,,,,
Album5287875,deezer,7785415,the long goodbye (lcd soundsystem live at madison square garden),LCD Soundsystem,0.9981,0,28,28,,,,,
Album23971,deezer,70193262,"Love Power Peace (Live At The Olympia, Paris, 1971)",James Brown,0.9978,0,17,17,,,,,
Album2863,deezer,302127,Discovery,Daft Punk,0.9975,0,14,14,,,,,
Album846,deezer,112805,Raw Power (Iggy Mix - 2023 Remaster),Iggy & the Stooges,0.9885,0,8,8,,,,,
Album1277,deezer,11205606,Forever Changes (2015 Remaster),Love,0.9973,0,11,11,,,,,
Album3287,deezer,254297,Blue,Joni Mitchell,0.9450,0,10,10,,,,,
Album9079,deezer,9573588,Ready to Die (The Remaster; 2015 Remaster),The Notorious B.I.G.,0.9686,0,18,18,,,,,
Album1035,deezer,608933,Fear of Music (Deluxe Version),Talking Heads,0.9973,0,15,15,,,,,
sp:5hBbiVCgSQ68JfWE3UAwf3,deezer,46301482,1970: The Complete Fun House Sessions,The Stooges,0.9955,0,142,142,,,,,
Album3122,deezer,789271651,Songs of Love and Hate,Leonard Cohen,0.9813,0,8,8,,,,,
Album602,deezer,14581030,Violator (Deluxe),Depeche Mode,0.9994,0,15,15,,,,,
Album10734616,deezer,114654172,"Thanks, Sorry!",Jeff Rosenstock,0.9954,0,29,29,,,,,
Album6544,deezer,78808862,Larks' Tongues In Aspic (Expanded & Remastered Original Album Mix),King Crimson,0.9995,0,8,8,,,,,
Album780,deezer,1460206,"Live At The ""It"" Club - Complete",Thelonious Monk,0.9991,0,17,17,,,,,
Album17997,deezer,941125,Turn On The Bright Lights,Interpol,0.9970,0,11,11,,,,,
Album902,deezer,11336428,Grace,Jeff Buckley,0.9954,0,11,11,,,,,
Album2591,deezer,2795271,Music Has The Right To Children,Boards Of Canada,0.9979,0,18,18,,,,,
Album3136,deezer,413452377,The Dreaming,Kate Bush,0.9973,0,10,10,,,,,
Album4354997,deezer,7498503,Piñata,Freddie Gibbs,0.9698,0,17,17,,,,,
Album630,deezer,56889262,"""Heroes"" (2017 Remaster)",David Bowie,0.9951,0,10,10,,,,,
Album14798,deezer,5941909,Journey in Satchidananda,Alice Coltrane,0.9673,0,5,5,,,,,
Album5919,deezer,1347637,Selling England by the Pound (2007 Stereo Mix),Genesis,0.9981,0,8,8,,,,,
Album76795,deezer,292394,Live At Sin-é (Legacy Edition),Jeff Buckley,0.9999,0,34,34,,,,,
Album11343,deezer,8588134,'Live And Dangerous',Thin Lizzy,0.9966,0,17,17,,,,,
Album5657,deezer,58736382,Irish Tour ‘74 (Live / Remastered 2017),Rory Gallagher,0.7510,0,10,10,,,,,
Album42,deezer,7824595,Led Zeppelin II (Deluxe Edition),Led Zeppelin,0.8927,0,17,17,,,,,
Album2615,deezer,1346714,Perfect from Now On,Built To Spill,0.9985,0,8,8,,,,,
Album1905,deezer,105611632,Lateralus,TOOL,0.9659,0,13,13,,,,,
Album160,deezer,1452138,Siamese Dream (2011 - Remaster),The Smashing Pumpkins,0.9060,0,13,13,,,,,
Album933,deezer,6088193,Rage Against The Machine - XX (20th Anniversary Special Edition),Rage Against the Machine,0.9696,0,25,25,,,,,
Album5583989,itunes:us,6781077443,Live at the Rainbow (Deluxe),Queen,0.7687,1,41,41,,,,,
Album2338,deezer,374595827,Harvest (50th Anniversary Edition),Neil Young,0.8396,0,27,27,,,,,
Album2090,deezer,902135342,Powerslave (Remastered 2015),Iron Maiden,0.9977,0,8,8,,,,,
Album2192747,deezer,1011313,You Will Never Know Why,Sweet Trip,0.9559,0,14,14,,,,,
Album8328,deezer,11692568,Cosmo's Factory (Expanded Edition),Creedence Clearwater Revival,0.9965,0,14,14,,,,,
Album810,deezer,340896,It's Alive,Ramones,0.9321,0,28,28,,,,,
Album67,deezer,256643,If You're Feeling Sinister,Belle & Sebastian,0.9869,0,10,10,,,,,
Album5166,deezer,98711,Painkiller,Judas Priest,0.9932,0,12,12,,,,,
Album44,deezer,14880317,The Bends,Radiohead,0.9970,0,12,12,,,,,
Album1064977,deezer,8045388,Untrue,Burial,0.9998,0,13,13,,,,,
Album2426,deezer,13962700,The Complete BBC Sessions (Remastered),Led Zeppelin,0.8719,0,33,33,,,,,
Album1088,deezer,10966644,Surfer Rosa (2007 Remaster),Pixies,0.9943,0,13,13,,,,,
Album3377949,deezer,894481382,Minecraft - Volume Alpha,C418,0.9960,0,24,24,,,,,
Album2771,deezer,6439870,Reign In Blood (Expanded),Slayer,0.9983,0,12,12,,,,,
Album314,deezer,369843,The Stone Roses,The Stone Roses,0.9955,0,12,12,,,,,
Album8410429,deezer,44730061,Flower Boy,"Tyler, The Creator",0.9967,0,14,14,,,,,
Album14776,deezer,1212764,"Live At The Fillmore East (March 7, 1970) - It's About That Time",Miles Davis,0.9995,0,9,9,,,,,
Album133,deezer,10965566,"Crooked Rain, Crooked Rain",Pavement,0.9952,0,12,12,,,,,
Album503443,deezer,800651951,Acabou Chorare,Novos Baianos,0.9971,0,10,10,,,,,
Album996,deezer,543353,Exile On Main Street (2010 Re-Mastered),The Rolling Stones,0.9001,0,18,18,,,,,
Album6116,deezer,100448982,Blue Train,John Coltrane,0.9565,0,5,5,,,,,
Album179,deezer,249099,Weezer (Blue Album),Weezer,0.9968,0,10,10,,,,,
Album16779,deezer,9414534,Leaves Turn Inside You,Unwound,1.0000,0,14,14,,,,,
Album7381986,deezer,14879823,A Moon Shaped Pool,Radiohead,0.9969,0,11,11,,,,,
Album5037,deezer,7308086,Sabbath Bloody Sabbath (2014 Remaster),Black Sabbath,0.9974,0,8,8,,,,,
Album9959,deezer,905274382,No Sleep 'Til Hammersmith (Live / Deluxe Edition),Motörhead,0.9969,0,29,29,,,,,
Album88306,deezer,176247572,"Live at the Atlanta International Pop Festival July 3 & 5, 1970",Allman Brothers Band,0.9985,0,19,19,,,,,
Album19286,deezer,321172117,Songs For The Deaf,Queens Of The Stone Age,0.9969,0,15,15,,,,,
Album5845,deezer,300263,Thick as a Brick,Jethro Tull,0.9998,0,4,4,,,,,
Album1763021,deezer,45434731,Colors_Live,Between The Buried And Me,0.9998,0,8,8,,,,,
Album4052,deezer,901405462,First Utterance,Comus,0.9980,0,11,11,,,,,
Album19288,deezer,299568,Static Age,Misfits,0.9940,0,17,17,,,,,
Album185,deezer,213021,Who's Next (Deluxe Edition),The Who,0.9950,0,29,29,,,,,
Album993,deezer,908516,Let It Bleed,The Rolling Stones,0.9996,0,9,9,,,,,
Album574882,deezer,407228837,THE END OF EVANGELION (Original Soundtrack),Shiro Sagisu,0.9081,0,16,16,,,,,
sp:0X8uUl77dOADdr7v1ECVB2,,,,,,0,,,,,,,
Album7804852,deezer,14521020,We got it from Here... Thank You 4 Your service,A Tribe Called Quest,0.9991,0,16,16,,,,,
Album2564,deezer,13632602,At Fillmore East,The Allman Brothers Band,0.9918,0,7,7,,,,,
Album2576,deezer,1009578691,Fresh Fruit for Rotting Vegetables (Remastered 2026),Dead Kennedys,0.9935,0,14,14,,,,,
Album356,deezer,345012,Astral Weeks,Van Morrison,0.9974,0,8,8,,,,,
Album5687,deezer,2795621,Geogaddi,Boards Of Canada,0.9964,0,23,23,,,,,
Album33363,itunes:us,739004054,Expensive Shit,Fela Kuti,0.9622,0,2,2,,,,,
Album14030,deezer,98859112,Dopethrone,Electric Wizard,0.9987,0,9,9,,,,,
sp:78sy1qgqdfjea9lZHoVWRK,deezer,179823252,Live (Remastered),Magma,0.9987,0,8,8,,,,,
Album1990,deezer,96126,Thriller,Michael Jackson,0.8903,0,9,9,,,,,
Album76768,deezer,915447231,"Live At Stubb's, 7/2000",Ween,0.9977,0,31,31,,,,,
Album880,deezer,1344851,Post,Björk,0.9976,0,11,11,,,,,
Album1045,deezer,1399089,Dirt (2022 Remaster),Alice In Chains,0.9996,0,13,13,,,,,
Album6296,deezer,6716152,The Freewheelin' Bob Dylan,Bob Dylan,0.9968,0,13,13,,,,,
Album4600,deezer,102022,Curtis (Expanded Edition),Curtis Mayfield,0.9967,0,17,17,,,,,
Album29700,itunes:us,1480613834,Songs For Groovy Children: The Fillmore East Concerts (Live),Jimi Hendrix,0.7475,1,43,43,,,,,
Album5168,deezer,99421372,Discipline,King Crimson,1.0000,0,10,10,,,,,
Album10393,deezer,1213267,Live - Evil,Miles Davis,0.9995,0,8,8,,,,,
sp:7FqSyloel4zhfQSP96RM7N,deezer,165842592,Made Available: John Peel Sessions,This Heat,0.9982,0,8,8,,,,,
sp:6FMu88LoghMcmme2aDkK3S,deezer,187562312,Beethoven: Symphony No. 9,Berliner Philharmoniker,0.7854,1,5,5,,,,,
Album13532,deezer,1211185,Get Up With It,Miles Davis,0.9984,0,8,8,,,,,
Album13337,deezer,15385043,Live At The Isle Of Wight Festival 1970,The Who,0.9948,0,30,30,,,,,
Album756,deezer,82032,Blues & Roots,Charles Mingus,0.9674,0,10,10,,,,,
Album2030,deezer,9674822,Physical Graffiti (Deluxe Edition),Led Zeppelin,0.9974,0,22,22,,,,,
Album7997,deezer,7452480,At San Quentin,Johnny Cash,0.9954,0,10,10,,,,,
Album10403,deezer,112907,Agharta,Miles Davis,0.9879,0,5,5,,,,,
Album17489,deezer,86848,Mingus At Antibes,Charles Mingus,0.9990,0,6,6,,,,,
Album2325,itunes:us,357222341,Axis: Bold As Love,The Jimi Hendrix Experience,1.0000,0,13,13,,,,,
Album7675,deezer,72270,Blackwater Park,Opeth,0.9983,0,8,8,,,,,
Album20786,deezer,1484717,Jane Doe,Converge,0.9959,0,12,12,,,,,
Album4649,deezer,888988862,Arthur or the Decline and Fall of the British Empire (Remastered 2019),The Kinks,0.9567,0,12,12,,,,,
Album2689,deezer,271542,Yankee Hotel Foxtrot,Wilco,0.9978,0,11,11,,,,,
Album18846,deezer,5814661,"You Can't Do That On Stage Anymore, Vol. 2 - The Helsinki Concert",Frank Zappa,0.8105,0,20,20,,,,,
Album1175,deezer,10966656,Treasure,Cocteau Twins,0.9980,0,10,10,,,,,
Album297,deezer,460929475,Swordfishtrombones (2023 Remaster),Tom Waits,0.9693,0,15,15,,,,,
Album37920,deezer,6120832,Mount Eerie,The Microphones,0.9982,0,5,5,,,,,
Album427739,deezer,751654,A Tribute To Jack Johnson,Miles Davis,0.9992,0,2,2,,,,,
Album12410,deezer,326558017,Strangers in the Night (Live) (2008 Remaster),UFO,0.9509,0,15,15,,,,,
Album21066,deezer,80673142,Live At Birdland,John Coltrane,0.9061,0,5,5,,,,,
Album52304,deezer,14731874,Rear View Mirror,Townes Van Zandt,0.9962,0,17,17,,,,,
Album2634,deezer,6962249,The Moon & Antarctica,Modest Mouse,0.9834,0,15,15,,,,,
sp:4Xk3AEGdw9ha1NAMKWtRFJ,deezer,11241502,"The Cutting Edge 1965-1966: The Bootleg Series, Vol.12 (Deluxe Edition)",Bob Dylan,0.8484,0,111,111,,,,,
Album1904,deezer,105614492,Ænima,TOOL,0.9956,0,15,15,,,,,
Album31572,deezer,15056483,Townes Van Zandt,Townes Van Zandt,0.9980,0,10,10,,,,,
Album4201,deezer,1282493,Human - Reissue,Death,0.9231,0,29,29,,,,,
Album2089,itunes:us,1716093955,Seventh Son of a Seventh Son (2015 Remaster),Iron Maiden,1.0000,0,8,8,,,,,
Album2466366,deezer,423223,Live at Reading,Nirvana,0.9995,0,24,24,,,,,
Album3873725,deezer,4474111,The Seer,Swans,0.9992,0,11,11,,,,,
Album8440075,deezer,48835642,For Sale: Live at Maxwell's 1986,The Replacements,0.9965,0,29,29,,,,,
Album9655,deezer,131151272,Entertainment!,Gang Of Four,0.9965,0,12,12,,,,,
Album30878,itunes:us,559710299,Zombie,Fela Kuti,0.9622,0,4,4,,,,,
Album41463,deezer,432731,A Tabua De Esmeralda,Jorge Ben Jor,0.9590,0,12,12,,,,,
Album9186703,deezer,65434762,KIDS SEE GHOSTS,KIDS SEE GHOSTS,0.9992,0,7,7,,,,,
Album597785,deezer,54162472,Live In Munich 1977,Rainbow,0.9973,0,9,9,,,,,
Album46466,deezer,112873,Bill Withers Live At Carnegie Hall,Bill Withers,0.8904,0,14,14,,,,,
Album2086,deezer,904930042,The Number of the Beast (Remastered 2015),Iron Maiden,0.9979,0,8,8,,,,,
Album89,deezer,482869875,Bryter Layter,Nick Drake,0.9931,0,10,10,,,,,
Album7764,deezer,272469712,Maggot Brain,Funkadelic,0.9998,0,7,7,,,,,
Album4597,deezer,111628,Head Hunters,Herbie Hancock,0.9993,0,4,4,,,,,
Album3581,itunes:us,310730204,Born to Run,Bruce Springsteen,0.9974,0,8,8,,,,,
Album9684,deezer,212184,Black On Both Sides,Mos Def,0.9973,0,17,17,,,,,
Album40634,deezer,7291528,Magnolia Electric Co. (Deluxe Edition),Songs: Ohia,0.8850,0,19,19,,,,,
Album11215,itunes:us,1440942198,Waltz for Debby (Original Jazz Classics Remasters) [with Paul Motian & Scott LaFaro],Bill Evans Trio,0.9538,0,11,11,,,,,
sp:4yqm0ZLcphXs8M8cVvLKym,deezer,401025427,0,Ichiko Aoba,0.9985,0,8,8,,,,,
Album1430,deezer,53944722,Pink Flag (2006 Remastered Version),Wire,0.9922,0,21,21,,,,,
Album254090,,,,,,0,,,,,,,
Album13916,deezer,125834,The Köln Concert,Keith Jarrett,0.9993,0,4,4,,,,,
Album391022,deezer,81569,"Kicking Television, Live in Chicago",Wilco,0.9973,0,23,23,,,,,
Album5720,deezer,254318,Fragile,Yes,0.8941,0,9,9,,,,,
Album298,deezer,460929665,Bone Machine (2023 Remaster),Tom Waits,0.9938,0,16,16,,,,,
Album12984831,deezer,363782127,Sometimes I Might Be Introvert,Little Simz,0.9968,0,19,19,,,,,
Album5917,deezer,1347640,Foxtrot (2007 Stereo Mix),Genesis,0.9983,0,6,6,,,,,
Album7757,deezer,339697,Europe '72 (Live; 2001 Remaster),Grateful Dead,0.9981,0,17,17,,,,,
Album8857731,deezer,56233712,Twin Fantasy,Car Seat Headrest,0.9981,0,10,10,,,,,
Album7812,deezer,198466,Still Life (Remastered),Opeth,0.9982,0,7,7,,,,,
Album7833,deezer,13255841,Alive In Athens (Live),Iced Earth,0.9517,0,31,31,,,,,
Album9386,deezer,223741,Construção,Chico Buarque,0.9997,0,10,10,,,,,
Album37270,deezer,157805572,COWBOY BEBOP (Original Motion Picture Soundtrack),Seatbelts,0.9966,0,17,17,,,,,
Album9486927,deezer,956656081,You Won't Get What You Want,Daughters,0.9971,0,10,10,,,,,
Album1190,deezer,340880,Strange Days,The Doors,0.9979,0,10,10,,,,,
Album87,deezer,901489842,Let Love In (Remastered 2011),Nick Cave & The Bad Seeds,0.9975,0,10,10,,,,,
Album712947,deezer,300592,Sound of Silver,LCD Soundsystem,0.9981,0,9,9,,,,,
Album149,deezer,1208585,Bridge Over Troubled Water,Simon & Garfunkel,0.9898,0,11,11,,,,,
Album13541,deezer,555889142,Stratosphere,Duster,0.9997,0,17,17,,,,,
Album17249,deezer,164839372,Deceit,This Heat,0.9957,0,11,11,,,,,
Album10376,,,,,,0,,,,,,,
Album515,deezer,301720,Paul's Boutique (20th Anniversary Edition / Remastered),Beastie Boys,0.9956,0,23,23,,,,,
Album1312,deezer,248213,XO,Elliott Smith,0.9996,0,14,14,,,,,
Album1731,deezer,491146635,Aja,Steely Dan,0.9871,0,7,7,,,,,
Album11218,deezer,81390,The Shape Of Jazz To Come,Ornette Coleman,0.9975,0,6,6,,,,,
Album453567,deezer,69856912,Uchu Nippon Setagaya,Fishmans,0.9702,0,8,8,,,,,
Album1744,deezer,9883550,Transformer,Lou Reed,0.9894,0,11,11,,,,,
Album6130,deezer,7286633,Live: Decade Of Aggression,Slayer,0.9061,0,21,21,,,,,
Album969,deezer,12114248,The Wall,Pink Floyd,0.9957,0,26,26,,,,,
Album2029,deezer,11591216,Houses of the Holy (Remaster),Led Zeppelin,0.9975,0,8,8,,,,,
Album704,itunes:us,723783174,Here Come the Warm Jets,Brian Eno,0.8110,1,10,10,,,,,
Album992,deezer,912322,Beggars Banquet,The Rolling Stones,0.9938,0,10,10,,,,,
Album17499,deezer,309068,Out To Lunch (The Rudy Van Gelder Edition),Eric Dolphy,0.9956,0,5,5,,,,,
Album47142,deezer,328912,Moment Of Truth,Gang Starr,0.9770,0,20,20,,,,,
Album11812,deezer,5819691,Roxy & Elsewhere,Frank Zappa,0.8825,0,10,10,,,,,
Album11221,deezer,115825,Let My Children Hear Music,Charles Mingus,0.9987,0,14,14,,,,,
Album2966,deezer,14949665,Voodoo,D'Angelo,0.9992,0,13,13,,,,,
Album16567804,deezer,915446901,Live In Chicago,Ween,0.9976,0,17,17,,,,,
Album3392,deezer,942295,Moving Pictures (2011 Remaster),Rush,0.9989,0,7,7,,,,,
Album8282,itunes:us,995157199,Otis Blue: Otis Redding Sings Soul,Otis Redding,0.9311,0,11,11,,,,,
Album8176770,deezer,40168821,Carrie & Lowell Live,Sufjan Stevens,0.9999,0,16,16,,,,,
Album8048135,deezer,15318349,Live Nassau Coliseum '76,David Bowie,0.9972,0,15,15,,,,,
Album1263018,deezer,455045,Third,Portishead,0.9959,0,11,11,,,,,
Album5920,deezer,1347636,The Lamb Lies Down on Broadway (2007 Stereo Mix),Genesis,0.9973,0,23,23,,,,,
Album7862,deezer,1346734,The Lord of the Rings: The Fellowship of the Ring (Original Motion Picture Soundtrack),Howard Shore,0.8618,0,18,18,,,,,
Album442,deezer,6350099,Relationship Of Command,At The Drive-In,0.9993,0,13,13,,,,,
Album1030,deezer,12114226,The Piper at the Gates of Dawn,Pink Floyd,0.9975,0,11,11,,,,,
Album27890,deezer,3801131,Live,Donny Hathaway,0.9984,0,8,8,,,,,
Album12157822,deezer,179568992,Live in San Francisco '16,King Gizzard & The Lizard Wizard,0.9979,0,13,13,,,,,
Album2287,deezer,1345762,Machine Head,Deep Purple,0.9981,0,7,7,,,,,
Album103098,deezer,6947696,Vaudeville Villain,Viktor Vaughn,0.9956,0,17,17,,,,,
Album357,deezer,7014850,Moondance,Van Morrison,0.9973,0,10,10,,,,,
Album5629,deezer,123830,Mirage,Camel,0.9605,0,9,9,,,,,
Album14705,deezer,90488,Olé Coltrane (Deluxe Edition),John Coltrane,0.9988,0,4,4,,,,,
Album9049220,deezer,65799602,Welcome To The Blackout (Live London '78),David Bowie,0.9972,0,24,24,,,,,
Album9999224,deezer,185277222,Titanic Rising,Weyes Blood,0.9966,0,10,10,,,,,
Album23085,deezer,83631552,( ),Sigur Rós,0.9988,0,8,8,,,,,
Album73082,deezer,80676782,Pastel Blues,Nina Simone,0.9985,0,9,9,,,,,
Album1946,deezer,97368,White Pony,Deftones,0.9977,0,12,12,,,,,
Album8758,itunes:us,1422655717,Getz/Gilberto,Stan Getz & João Gilberto,0.9311,0,8,8,,,,,
Album64354,deezer,973412081,Africa/Brass,John Coltrane Quartet,0.9584,0,3,3,,,,,
Album1894233,,,,,,0,,,,,,,
Album41329,deezer,382011,Comfort Y Musica Para Volar,Soda Stereo,0.9996,0,11,11,,,,,
Album442105,deezer,373104127,The Ape of Naples,Coil,0.9953,0,11,11,,,,,
Album98731,deezer,6989684,El Jardin de los Presentes,Invisible,0.9925,0,8,8,,,,,
Album1094980,deezer,684430741,Le sacre du printemps (Remastered 2023),New York Philharmonic Orchestra,0.9308,0,14,14,,,,,
Album601717,itunes:us,1452618050,Beethoven: Symphony No. 5 (The Works),Vienna Philharmonic & Carlos Kleiber,1.0000,0,4,4,,,,,
Album1116,deezer,10843448,Sister,Sonic Youth,0.9966,0,11,11,,,,,
Album19133,deezer,682237041,Live at Carnegie Hall,Renaissance,0.9990,0,8,8,,,,,
Album53859,deezer,915446621,Quebec,Ween,0.9983,0,15,15,,,,,
Album641,deezer,43048331,The Soft Bulletin,The Flaming Lips,0.9978,0,14,14,,,,,
Album12873,deezer,95090032,Star Wars: Galaxy's Edge Symphonic Suite (Music Inspired by the Disney Themed Land),John Williams,0.7867,1,1,1,,,,,
Album7937,itunes:us,29168532,Curtis Live!,Curtis Mayfield,0.8901,0,18,18,,,,,
Album86171,deezer,329243887,Live at the Fillmore East 1970,Ten Years After,0.9983,0,12,12,,,,,
Album1431,deezer,53969772,Chairs Missing,Wire,0.9946,0,15,15,,,,,
Album88585,itunes:gb,1385320232,Karuki Zahmen Kuri No Hana - Kalk Samen Chestnut Flower,Sheena Ringo,0.8390,0,11,11,,,,,
Album39355,deezer,203533222,Lanquidity (Definitive Edition),Sun Ra,0.9982,0,10,10,,,,,
Album2674,deezer,71049,Horses (Legacy Edition),Patti Smith,0.9997,0,18,18,,,,,
Album4204,deezer,1000291,The Sound of Perseverance - Reissue,Death,0.9976,0,19,19,,,,,
Album10059163,deezer,92820412,Live At The Paramount (Live),Nirvana,0.9532,0,19,19,,,,,
Album5386,deezer,611587,The Mollusk,Ween,0.9949,0,14,14,,,,,
Album12445,deezer,267969452,Stress: The Extinction Agenda,Organized Konfusion,0.9965,0,14,14,,,,,
Album602177,deezer,1681822,Concert In Japan,John Coltrane,0.9970,0,3,3,,,,,
Album1705,deezer,14879749,Amnesiac,Radiohead,0.9968,0,11,11,,,,,
Album4568422,deezer,6694046,Yeezus,Kanye West,0.9989,0,10,10,,,,,
Album9753704,deezer,79981842,Some Rap Songs,Earl Sweatshirt,0.9907,0,15,15,,,,,
Album7724093,,,,,,0,,,,,,,
Album8021508,deezer,15021195,A Crow Looked at Me,Mount Eerie,0.9974,0,11,11,,,,,
Album27682,deezer,114188,Only Built 4 Cuban Linx...,Raekwon,0.9999,0,18,18,,,,,
Album13114,deezer,11318526,Another Lesson In Violence (Live),Exodus,0.9577,0,12,12,,,,,
Album507076,deezer,6832415,Afro Blue Impressions (Remastered & Expanded),John Coltrane,0.9939,0,12,12,,,,,
Album1008755,deezer,1007458461,Queen Rock Montreal,Queen,0.9950,0,28,28,,,,,
sp:65AZCCjT1TuGGW7wUWnQop,,,,,,0,,,,,,,
Album217,deezer,70982,When The Pawn...,Fiona Apple,0.9977,0,10,10,,,,,
Album26,deezer,12752508,Automatic For The People,R.E.M.,0.9973,0,12,12,,,,,
Album157,deezer,114570382,Dots And Loops (Expanded Edition),Stereolab,0.9974,0,24,24,,,,,
Album180,deezer,287798,Pinkerton,Weezer,0.9959,0,10,10,,,,,
Album506,itunes:us,1173536469,The Last Waltz,The Band,0.9251,0,30,30,,,,,
Album161,deezer,6158273,Mellon Collie And The Infinite Sadness (Remastered),The Smashing Pumpkins,0.9158,0,28,28,,,,,
Album22684,deezer,62557682,Star Wars: The Empire Strikes Back (Original Motion Picture Soundtrack),John Williams,0.9964,0,17,17,,,,,
Album8182,deezer,107862,Royal Albert Hall October 10 1997 Live,Spiritualized,0.9611,0,15,4,,,,,
Album19,deezer,320951687,Murmur,R.E.M.,0.9838,0,12,12,,,,,
Album2135,itunes:us,193085545,Time Out,The Dave Brubeck Quartet,0.9841,0,7,7,,,,,
Album1432,deezer,55652402,154 (2006 Remastered Version),Wire,0.9959,0,13,13,,,,,
Album1110,deezer,165119,Double Nickels on the Dime,Minutemen,0.9806,0,43,43,,,,,
Album23310,deezer,7032246,The Ascension: The Sequel,Glenn Branca,0.9061,0,6,6,,,,,
Album5169,deezer,6204004,None So Vile,Cryptopsy,0.9966,0,8,8,,,,,
sp:3DnRgUY7EP00cklj0vGiVv,deezer,700947,BBC Sessions,Jimi Hendrix,0.9608,0,38,38,,,,,
Album1525373,,,,,,0,,,,,,,
Album17474,deezer,125746,Sunday At The Village Vanguard,Bill Evans,0.9590,0,10,10,,,,,
Album294303,deezer,299620,Minimum - Maximum,Kraftwerk,0.9978,0,22,22,,,,,
Album2667,deezer,8938827,Things Fall Apart,The Roots,0.9970,0,18,18,,,,,
Album858756,deezer,246974,The Great Concert of Charles Mingus,Charles Mingus,0.9968,0,8,8,,,,,
Album9136,deezer,15385289,Hot Buttered Soul,Isaac Hayes,0.9972,0,4,4,,,,,
Album2286,deezer,1345699,Deep Purple in Rock,Deep Purple,0.9981,0,7,7,,,,,
Album11341,deezer,124376,Rising,Rainbow,0.9861,0,6,6,,,,,
Album709,deezer,299484,Before And After Science,Brian Eno,0.9881,0,10,10,,,,,
Album5634,deezer,160296,A Live Record,Camel,0.9776,0,30,30,,,,,
Album300,deezer,10965534,I Can Hear The Heart Beating As One,Yo La Tengo,0.9977,0,16,16,,,,,
Album24827,deezer,393687,Saxophone Colossus,Sonny Rollins,0.9940,0,5,5,,,,,
Album5843,deezer,300262,Aqualung (Special Edition),Jethro Tull,0.9973,0,14,14,,,,,
Album1712,deezer,125487,The Fragile,Nine Inch Nails,0.9980,0,23,23,,,,,
Album6053920,deezer,9366536,Black Messiah,D'Angelo,0.9703,0,12,12,,,,,
Album9980,deezer,900579382,Rock in Rio (Live),Iron Maiden,0.9534,0,19,19,,,,,
Album19727,deezer,8865113,Les Bains Douches 18 December 1979,Joy Division,0.9965,0,15,15,,,,,
Album10283,deezer,70345,Tribute,Ozzy Osbourne,0.9704,0,14,14,,,,,
Album379137,,,,,,0,,,,,,,
Album116663,deezer,11445118,"Creative Orchestra - Köln, 1978 (Live)",Anthony Braxton,0.9610,0,6,6,,,,,
Album757,deezer,5942052,Mingus Mingus Mingus Mingus Mingus,Charles Mingus,0.9960,0,8,8,,,,,
Album1195,deezer,6415260,L.A. Woman,The Doors,0.9967,0,10,10,,,,,
Album1310,deezer,2908211,Elliott Smith,Elliott Smith,0.9985,0,12,12,,,,,
Album10400,deezer,1211445,On The Corner,Miles Davis,0.9450,0,4,4,,,,,
Album114057,deezer,871876502,Mitch All Together,Mitch Hedberg,0.9949,0,17,17,,,,,
Album28663,itunes:us,344779456,Live At Berkeley (2nd Show),The Jimi Hendrix Experience,0.7629,1,12,12,,,,,
Album143,deezer,224907,Different Class,Pulp,0.9930,0,12,12,,,,,
Album333322,deezer,97418,Ghost Reveries,Opeth,0.9988,0,8,8,,,,,
Album6847528,deezer,13030402,Bottomless Pit,Death Grips,0.9961,0,13,13,,,,,
Album3115,deezer,328176677,Exodus (Deluxe Edition),Bob Marley & The Wailers,0.8356,0,30,30,,,,,
Album66381,deezer,871874032,Strategic Grill Locations,Mitch Hedberg,0.9960,0,21,21,,,,,
Album15928,itunes:gb,1629661592,CHRONO CROSS: THE RADICAL DREAMERS EDITION,Yasunori Mitsuda,0.8564,1,8,8,,,,,
Album17057,deezer,11609954,Obscura,Gorguts,0.9976,0,12,12,,,,,
Album2009,deezer,1434890,Toxicity,System of A Down,0.9971,0,15,15,,,,,
Album7187,deezer,362534,Let It Be,The Replacements,0.9239,0,11,11,,,,,
Album1740,deezer,10513570,There's a Riot Goin' On,Sly & The Family Stone,0.9923,0,12,12,,,,,
Album13799017,deezer,289107242,Dragon New Warm Mountain I Believe In You,Big Thief,0.9960,0,20,20,,,,,
Album19392,deezer,354741787,Storm Of The Light's Bane,Dissection,0.9998,0,23,23,,,,,
Album6155,deezer,625591271,"Plastic Surgery Disasters/In God We Trust, Inc.",Dead Kennedys,0.8631,0,22,22,,,,,
Album51445,deezer,7491159,Computer World (2009 Remaster),Kraftwerk,0.8384,1,7,7,,,,,
Album4202,deezer,1284614,Individual Thought Patterns,Death,0.9971,0,21,21,,,,,
Album10143,deezer,427442,Rock Bottom,Robert Wyatt,0.9975,0,6,6,,,,,
Album81646,deezer,11043700,Youth of America,Wipers,0.9978,0,6,6,,,,,
Album186,deezer,565271372,Quadrophenia (Original Motion Picture Soundtrack),The Who,0.8476,0,23,17,,,,,
Album3583,deezer,694232,Darkness On the Edge of Town,Bruce Springsteen,0.9992,0,10,10,,,,,
Album90705,itunes:us,1570084770,Ghosts of the Great Highway,Sun Kil Moon,1.0000,0,16,16,,,,,
Album84233,deezer,1215732,Artaud,Pescado Rabioso,0.9763,0,9,9,,,,,
Album7976,deezer,306125,Pawn Hearts,Van Der Graaf Generator,0.9893,0,8,8,,,,,
Album5200,deezer,162461132,Love Deluxe,Sade,0.9931,0,9,9,,,,,
Album1894992,deezer,283541,Crack the Skye,Mastodon,0.9979,0,7,7,,,,,
Album3556,deezer,1440802,The Miseducation of Lauryn Hill,Lauryn Hill,0.9679,0,14,14,,,,,
Album471234,deezer,889021892,Ashes Against The Grain,Agalloch,0.9985,0,8,8,,,,,
Album4906,deezer,1003988,Through Silver In Blood,Neurosis,0.9981,0,9,9,,,,,
Album650730,deezer,6708878,101 (Live),Depeche Mode,0.9519,0,20,20,,,,,
Album5313,deezer,1345732,Electric Warrior [Expanded & Remastered],T. Rex,0.9976,0,18,18,,,,,
Album4193,deezer,405411247,In The Nightside Eclipse,Emperor,0.9983,0,10,10,,,,,
Album13931,deezer,8305150,The Inner Mounting Flame (with John McLaughlin),Mahavishnu Orchestra,0.9270,0,9,9,,,,,
Album7171,deezer,85852,Hejira,Joni Mitchell,0.9200,0,9,9,,,,,
Album4194,deezer,403883037,Anthems To The Welkin At Dusk,Emperor,0.9978,0,11,11,,,,,
Album3481999,deezer,72486602,Anesthetize,Porcupine Tree,0.9980,0,19,19,,,,,
Album292201,,,,,,0,,,,,,,
Album4869,deezer,1422540,Safe As Milk,Captain Beefheart & His Magic Band,0.9916,0,19,19,,,,,
Album3390,deezer,229925,Hemispheres,Rush,0.9935,0,4,4,,,,,
Album1093,deezer,375206,Zen Arcade,Hüsker Dü,0.9999,0,23,23,,,,,
Album2614,deezer,1346721,Keep It like a Secret,Built To Spill,0.9975,0,10,10,,,,,
Album3560,deezer,361797117,The Velvet Rope,Janet Jackson,0.8258,1,23,23,,,,,
Album604041,deezer,679202871,Roforofo Fight,Fela Kuti,0.8850,0,4,4,,,,,
Album16147,deezer,262609,One More From The Road (Live / Deluxe Edition),Lynyrd Skynyrd,0.8384,0,24,24,,,,,
Album10453,deezer,1573611,Script of the Bridge (Remastered),The Chameleons,0.9973,0,12,12,,,,,
Album40100,deezer,6958443,Close to a World Below,Immolation,0.9972,0,8,8,,,,,
Album271115,deezer,301752,Demon Days,Gorillaz,0.9981,0,15,15,,,,,
Album11130,deezer,300267,Somethin' Else (Rudy Van Gelder Edition),Cannonball Adderley,0.9913,0,6,6,,,,,
Album19835,deezer,273266,I Have A Pony,Steven Wright,0.9955,0,14,14,,,,,
Album4040583,deezer,9908666,channel ORANGE,Frank Ocean,0.9993,0,17,17,,,,,
Album187440,itunes:gb,1122115415,Astigmatic,Komeda Quintet,1.0000,0,3,3,,,,,
Album1501671,deezer,708671,Where the Light Is: John Mayer Live In Los Angeles,John Mayer,0.9986,0,22,22,,,,,
Album69628,deezer,45831672,Live Insurrection,Halford,0.9972,0,28,28,,,,,
Album99481,deezer,57216012,Concert For George (Live),Various Artists,0.9523,0,27,27,,,,,
Album8797,deezer,2795001,Selected Ambient Works Volume II,Aphex Twin,0.9983,0,24,24,,,,,
Album9910,deezer,1100473,Emergency & I,Dismemberment Plan,0.9962,0,12,12,,,,,
Album5340,deezer,300442,"Space Ritual (Live, 2007 Remaster)",Hawkwind,0.9983,0,21,21,,,,,
Album37596,itunes:us,1534138492,Goldberg Variations,"Trevor Pinnock, Royal Academy of Music Soloists Ensemble & The Glenn Gould School",0.8822,1,32,32,,,,,
Album3805982,deezer,51971692,Mista Thug Isolation,Lil Ugly Mane,0.9965,0,18,18,,,,,
Album4000,deezer,208945,A Blaze In The Northern Sky,Darkthrone,0.9978,0,6,6,,,,,
Album361,deezer,6639391,Scott 4,Scott Walker,0.8343,1,10,10,,,,,
Album8236,deezer,6357050,Yessongs,Yes,0.9988,0,13,13,,,,,
Album84315,deezer,321914,Free For All (Remastered / Rudy Van Gelder Edition),Art Blakey,0.9671,0,4,4,,,,,
Album190014,deezer,11300688,Quartet (Santa Cruz) 1993,Anthony Braxton,0.9996,0,4,4,,,,,
Album7646634,deezer,42218891,Radical Action To Unseat the Hold of Monkey Mind (Live),King Crimson,0.9768,0,25,25,,,,,
Album1793672,itunes:us,1716600430,Buena Vista Social Club at Carnegie Hall (Live),Buena Vista Social Club,0.7804,1,17,17,,,,,
Album9858,deezer,993035,Deltron 3030,Deltron 3030,0.9960,0,24,24,,,,,
Album175797,deezer,956439861,Panopticon (Remastered),Isis,0.9982,0,7,7,,,,,
Album839,deezer,1225814,Third,Soft Machine,0.8937,0,4,4,,,,,
Album188620,deezer,9558352,Mystic Stylez,Three-6 Mafia,0.9850,0,16,12,,,,,
Album131802,deezer,71377632,Enlightenment,McCoy Tyner,0.9984,0,7,7,,,,,
Album13762028,deezer,266475492,LP!,JPEGMAFIA,0.9953,0,18,18,,,,,
Album47550,deezer,6928754,Lifestylez Ov Da Poor & Dangerous,Big L,0.9983,0,12,12,,,,,
Album25613,deezer,400146427,Reasonable Doubt,JAŸ-Z,0.9527,0,16,16,,,,,
Album625893,deezer,8237796,Okonokos,My Morning Jacket,0.9977,0,21,21,,,,,
Album1154150,deezer,6038647,e.s.t. Live in Hamburg,Esbjorn Svensson Trio,0.9217,0,10,10,,,,,
Album1037,deezer,1345642,Speaking in Tongues,Talking Heads,0.9582,0,9,9,,,,,
Album68627,deezer,960484,Ella In Japan,Ella Fitzgerald,0.7567,1,26,26,,,,,
Album14338,deezer,12384300,Mothership Connection,Parliament,0.9918,0,7,7,,,,,
Album12907,deezer,227357,Exit ... Stage Left,Rush,0.9991,0,13,13,,,,,
Album171197,deezer,15151267,Sobrevivendo no Inferno,Racionais MC's,0.9981,0,12,12,,,,,
Album17034,deezer,108828,Amazing Grace: The Complete Recordings,Aretha Franklin,0.7614,1,27,27,,,,,
Album690148,deezer,82648772,One Cold Winter's Night,Kamelot,0.9976,0,19,19,,,,,
Album12690,deezer,3957961,Altars Of Madness,Morbid Angel,0.9999,0,13,13,,,,,
Album78164,deezer,240229,Mos Def & Talib Kweli Are Black Star,Black Star,0.9983,0,13,13,,,,,
Album17501,deezer,230432,"At The 5 Spot, Vol. 1",Eric Dolphy,0.9380,0,4,4,,,,,
Album72156,itunes:us,1053521016,"J.S. Bach: Mass in B Minor, BWV 232","Monteverdi Choir, English Baroque Soloists & John Eliot Gardiner",0.7312,1,25,25,,,,,
Album152993,deezer,217792952,The Bloomsbury Theatre 12.3.95,Tindersticks,0.9977,0,14,14,,,,,
Album29618,deezer,1215915,Live...With A Little Help From Our Friends,Gov't Mule,0.9982,0,12,12,,,,,
Album644,deezer,107858,Stankonia,OutKast,0.9989,0,24,24,,,,,
Album5160,deezer,6441476,Seasons In The Abyss,Slayer,0.9988,0,10,10,,,,,
Album4878,deezer,7740828,Abraxas,Santana,0.9924,0,9,9,,,,,
Album4418,deezer,648566,California,Mr. Bungle,0.9973,0,10,10,,,,,
Album8154,deezer,102209,Lady Soul (With Bonus Selections),Aretha Franklin,0.9968,0,14,14,,,,,
Album857996,deezer,72539752,Arriving Somewhere,Porcupine Tree,0.9979,0,17,17,,,,,
Album17044,deezer,53501372,No Other,Gene Clark,0.9966,0,8,8,,,,,
Album41462,deezer,641635,Africa Brasil,Jorge Ben Jor,0.9072,0,11,11,,,,,
Album8166,deezer,287866212,Déjà vu (2021 Remaster),"Crosby, Stills, Nash & Young",0.8902,0,10,10,,,,,
Album14793,deezer,321087817,Black Unity,Pharoah Sanders,0.9994,0,1,1,,,,,
Album17856,deezer,470824435,Playing the Fool (The Official Live),Gentle Giant,0.9520,0,13,13,,,,,
Album399795,deezer,6958450,Those Once Loyal,Bolt Thrower,0.9966,0,9,9,,,,,
Album836740,deezer,121245,United States Live,Laurie Anderson,0.9971,0,78,78,,,,,
Album2345,deezer,7816775,Superunknown (20th Anniversary),Soundgarden,0.8993,0,15,15,,,,,
Album6295,deezer,1417053,Desire,Bob Dylan,0.9966,0,9,9,,,,,
Album28513,deezer,231840,Koyaanisqatsi (Original Soundtrack Album From The Film),Philip Glass,0.9978,0,6,6,,,,,
Album4986488,deezer,894481492,Minecraft - Volume Beta,C418,0.9988,0,30,30,,,,,
Album7391195,deezer,42620701,Live in San Francisco,Thee Oh Sees,0.9976,0,11,11,,,,,
Album39027,deezer,77256,"Muddy ""Mississippi"" Waters Live (Legacy Edition)",Muddy Waters,0.9998,0,18,18,,,,,
Album11659,itunes:us,902277483,Ellington at Newport: The Original Album,Duke Ellington and His Orchestra,0.7711,1,10,10,,,,,
Album863683,deezer,14047930,Live At The Star-Club Hamburg,Jerry Lee Lewis,0.9936,0,8,8,,,,,
Album12256,deezer,257803,Yoshimi Battles the Pink Robots,The Flaming Lips,0.9986,0,11,11,,,,,
Album18850,deezer,81920582,The Best Band You Never Heard In Your Life,Frank Zappa,0.9024,0,28,28,,,,,
Album409492,deezer,453509,"One Down, One Up: Live At The Half Note",John Coltrane,0.9990,0,8,8,,,,,
Album2127,itunes:us,49249888,Repeater & 3 Songs,Fugazi,0.7690,1,14,14,,,,,
Album5719,deezer,254323,The Yes Album,Yes,0.8914,0,6,6,,,,,
Album2069058,deezer,88260422,Daughter of Darkness,Natural Snow Buildings,0.9995,0,18,18,,,,,
Album52627,deezer,639282481,1969 Velvet Underground Live With Lou Reed,The Velvet Underground,0.9374,0,17,17,,,,,
sp:3gEqq6EYr32lyb63XEKBqK,itunes:gb,1439554076,Past Lives (Deluxe Edition),Black Sabbath,1.0000,0,18,18,,,,,
Album184040,deezer,1003959,Leviathan,Mastodon,0.9974,0,10,10,,,,,
Album731,deezer,125231,To Bring You My Love,PJ Harvey,0.9952,0,10,10,,,,,
Album442463,deezer,584380342,Modal Soul,Nujabes,0.9996,0,14,14,,,,,
Album691058,deezer,10168648,One Too Many Salty Swift and Not Goodbye (Live),Cecil Taylor Unit,0.9341,0,8,8,,,,,
Album11342,deezer,8230928,Sad Wings Of Destiny,Judas Priest,0.9933,0,9,8,,,,,
Album4659,deezer,246245,Talking Book,Stevie Wonder,0.9986,0,10,10,,,,,
Album13936005,deezer,265701822,Once Twice Melody,Beach House,0.9970,0,18,18,,,,,
Album12502,deezer,301289,Godbluff,Van Der Graaf Generator,0.9991,0,6,6,,,,,
Album9662313,,,,,,0,,,,,,,
Album13491134,deezer,248529532,By the Time I Get to Phoenix,Injury Reserve,0.9962,0,11,11,,,,,
Album2091,itunes:us,1713867069,Somewhere in Time (2015 Remaster),Iron Maiden,1.0000,0,8,8,,,,,
Album3612,deezer,192217162,1999,Prince,0.9980,0,11,11,,,,,
Album12095,deezer,231191,In The Land Of Grey And Pink,Caravan,0.9956,0,5,5,,,,,
Album774,itunes:us,1442260239,Misterioso,Thelonious Monk,0.9622,0,8,8,,,,,
Album86110,deezer,557968,Rush in Rio (Live),Rush,0.9518,0,31,31,,,,,
Album163,deezer,1261473,The Smiths,The Smiths,0.9956,0,11,11,,,,,
Album476330,deezer,11141138,Imaginary Diseases (Live),Frank Zappa,0.9524,0,7,7,,,,,
Album2132,deezer,310453887,The Argument,Fugazi,0.9959,0,11,11,,,,,
Album23684,deezer,12983196,Jammin' in New York,George Carlin,0.9991,0,5,5,,,,,
Album8344,deezer,75878112,Tracks,Bruce Springsteen,1.0000,0,69,69,,,,,
Album872173,deezer,368827637,Folk Aesthetic (1996-2006),Tenhi,0.9526,0,27,27,,,,,
Album7701,deezer,84943892,Down Colorful Hill,Red House Painters,0.9980,0,6,6,,,,,
Album3799,deezer,94517,Angel Dust,Faith No More,0.9190,0,14,14,,,,,
Album7819,deezer,5586641,Screaming For Vengeance (Expanded Edition),Judas Priest,0.9970,0,16,16,,,,,
Album13935,deezer,78436,Sextant,Herbie Hancock,1.0000,0,3,3,,,,,
Album53487,deezer,80672512,Wild Is The Wind,Nina Simone,0.9952,0,11,11,,,,,
Album34236,deezer,901410502,Tokyo Tapes (Live),Scorpions,0.9518,0,25,25,,,,,
Album789949,,,,,,0,,,,,,,
Album3770,deezer,71768952,...And Justice for All (Remastered),Metallica,0.8900,0,9,9,,,,,
Album42034,deezer,51166482,You Forgot It In People,Broken Social Scene,0.9968,0,13,13,,,,,
Album12102815,deezer,173720002,LIVE DRUGS,The War On Drugs,0.9200,0,10,10,,,,,
Album78183,deezer,693978171,Live at the Austin Outhouse,Blaze Foley,0.9894,0,12,12,,,,,
Album116819,deezer,79086422,Duke Ellington's Finest Hour,Duke Ellington,0.7847,1,17,17,,,,,
Album12644,deezer,115791,Lotus,Santana,0.9918,0,22,22,,,,,
Album515872,deezer,98839792,Vigilante,Héctor Lavoe,0.9606,0,4,4,,,,,
Album6269116,deezer,13357219,The Life Of Pablo,Kanye West,0.9945,0,20,20,,,,,
Album2665585,deezer,545327,Cosmogramma,Flying Lotus,0.9949,0,17,17,,,,,
Album48818,deezer,500987601,Melissa (2005 Remaster by Ted Jensen),Mercyful Fate,0.9985,0,7,7,,,,,
Album29355,deezer,91747,The Lord of the Rings: The Two Towers (Original Motion Picture Soundtrack),Howard Shore,0.8765,0,20,20,,,,,
Album5654,deezer,58737692,Live! In Europe (Remastered 2017),Rory Gallagher,0.9993,0,9,9,,,,,
Album16935,deezer,97695342,"Exuma, The Obeah Man",Exuma,0.7280,1,7,7,,,,,
Album381036,deezer,72343,Hell Hath No Fury,Clipse,0.9961,0,12,12,,,,,
Album8679,deezer,8469605,Bizarre Ride II The Pharcyde,The Pharcyde,0.9939,0,16,16,,,,,
Album30988,deezer,1214479,Ridin' Dirty,UGK,0.9979,0,13,13,,,,,
Album20115,deezer,128394,Full House,Wes Montgomery,0.8900,0,5,5,,,,,
Album772221,,,,,,0,,,,,,,
Album1315243,deezer,933507031,Live March 2001,16 Horsepower,0.8902,0,18,18,,,,,
Album393538,deezer,46769,From Mars to Sirius,Gojira,0.9975,0,12,12,,,,,
Album6216,itunes:us,1734818655,Neu! 75,Neu!,1.0000,0,6,6,,,,,
Album3026362,deezer,261492882,Just Got Back from the Discomfort We're Alright,Brave Little Abacus,0.9953,0,12,12,,,,,
Album397016,deezer,48723372,"Orphans: Brawlers, Bawlers & Bastards (Remastered)",Tom Waits,0.9960,0,56,56,,,,,
Album11315319,deezer,506976601,"""gift"" at Sogetsu Hall (Live)",Ichiko Aoba,0.9504,0,17,17,,,,,
Album132,deezer,106827,Slanted & Enchanted,Pavement,0.9961,0,14,14,,,,,
Album44333,deezer,14585886,Our Mother the Mountain,Townes Van Zandt,0.9971,0,11,11,,,,,
Album13802,deezer,931458,Monk's Music [Original Jazz Classics Remasters],Thelonious Monk Septet,0.9490,0,9,9,,,,,
Album5942,deezer,800415471,..It's Too Late to Stop Now...Vol. 1 (Live),Van Morrison,0.7659,1,18,18,,,,,
Album15064,deezer,162198,On Stage,Rainbow,0.9965,0,6,6,,,,,
Album48115,deezer,382588897,Operation: Doomsday (Complete),MF Doom,0.9999,0,42,42,,,,,
Album661816,deezer,105853,Within the Realm of a Dying Sun (Remastered),Dead Can Dance,0.9978,0,8,8,,,,,
Album9051,deezer,123097,Juju,Siouxsie And The Banshees,0.9930,0,12,12,,,,,
Album5932,deezer,70206542,Peter Gabriel 1: Car (Remastered Version),Peter Gabriel,0.7669,1,9,9,,,,,
Album8326,deezer,9817262,Willy And The Poor Boys (Expanded Edition),Creedence Clearwater Revival,0.9327,0,13,13,,,,,
Album126092,deezer,901495742,Jackson C. Frank (Remastered 2001),Jackson C. Frank,0.9975,0,15,15,,,,,
Album4859,deezer,7796904,I Never Loved a Man the Way I Love You (Mono),Aretha Franklin,0.9687,0,11,11,,,,,
Album55831,deezer,299362,Live in Santa Monica '72,David Bowie,0.8999,0,18,18,,,,,
Album41068,deezer,7357938,Flood (Live in Tokyo - 1975),Herbie Hancock,0.9532,0,7,7,,,,,
Album6702,deezer,1398519,Nebraska,Bruce Springsteen,0.9987,0,10,10,,,,,
Album801167,deezer,896688312,Overkill,Motörhead,0.9656,0,15,15,,,,,
Album10874,deezer,286400,Meditations,John Coltrane,0.9987,0,5,5,,,,,
Album4651,deezer,1007323081,A Night At The Opera (Deluxe Edition),Queen,0.9985,0,18,18,,,,,
Album17902,deezer,904956272,The Mantle,Agalloch,0.9955,0,9,9,,,,,
Album2281,deezer,1347633,Heaven and Hell (2008 Remaster),Black Sabbath,0.9976,0,8,8,,,,,
Album6210,deezer,328170,Faust IV (Deluxe Edition),Faust,0.9975,0,13,13,,,,,
Album1019220,deezer,401351,Strawberry Jam,Animal Collective,0.9977,0,9,9,,,,,
Album33040,deezer,995769,Yank Crime,Drive Like Jehu,0.9977,0,12,12,,,,,
Album7176,itunes:us,1440928474,One Size Fits All,Frank Zappa & The Mothers of Invention,0.9987,0,9,9,,,,,
Album929689,deezer,1347762,Live From Radio City Music Hall,Heaven & Hell,0.9980,0,15,15,,,,,
Album2829672,deezer,539508,This Is Happening,LCD Soundsystem,0.9990,0,9,9,,,,,
Album1034,deezer,7689048,More Songs About Buildings and Food,Talking Heads,0.9445,0,11,11,,,,,
Album12136,deezer,905343012,The Modern Lovers (Expanded Version),The Modern Lovers,0.9958,0,17,17,,,,,
Album808,deezer,1347314,Rocket to Russia (Expanded 2005 Remaster),Ramones,0.8961,0,19,19,,,,,
Album7975,deezer,254638892,"H To He, Who Am The Only One (Deluxe)",Van Der Graaf Generator,0.9987,0,14,14,,,,,
Album292409,deezer,716309801,Sleeping Beauty,Sun Ra,0.8823,0,3,3,,,,,
Album901577,itunes:us,1191604913,Bir Pesimistin Gözyaşları,Sagopa Kajmer,1.0000,0,39,39,,,,,
Album16879,deezer,373731,Bocanada,Gustavo Cerati,0.9987,0,15,15,,,,,
Album10878,deezer,11475952,White Light from the Mouth of Infinity,Swans,0.9987,0,13,13,,,,,
Album308550,deezer,11253936,Power Corruption and Lies,New Order,0.9975,0,8,8,,,,,
Album55442,deezer,224928,Deloused in the Comatorium,The Mars Volta,0.9050,0,11,11,,,,,
Album18447,deezer,300719,I Could Live In Hope,Low,0.9856,0,11,11,,,,,
Album4012,deezer,967751,Hvis Lyset Tar Oss,Burzum,0.9990,0,4,4,,,,,
Album5268,deezer,715510201,Songs From The Big Chair,Tears For Fears,0.9472,0,8,8,,,,,
Album313188,,,,,,0,,,,,,,
Album140655,deezer,387639,Mahler: Symphony No. 5,Wiener Philharmoniker,0.7277,1,5,5,,,,,
Album5053,deezer,2795201,Richard D. James Album,Aphex Twin,0.9953,0,10,10,,,,,
Album7048527,deezer,14879857,Teens Of Denial,Car Seat Headrest,0.9981,0,12,12,,,,,
Album9777,deezer,40516211,The Great Annihilator (Remastered),Swans,0.9967,0,17,17,,,,,
Album14339,deezer,1347732,Holy Diver,Dio,0.9971,0,9,9,,,,,
Album2574,deezer,216746,Tim (Expanded),The Replacements,0.9957,0,17,17,,,,,
Album7820,deezer,99224,Defenders Of The Faith,Judas Priest,0.9983,0,12,12,,,,,
sp:4LWewX01YWWghyjOWbuFXr,itunes:us,669711833,"The Bootleg Series, Vol. 10: Another Self Portrait (1969-1971)",Bob Dylan,0.9652,0,35,35,,,,,
Album2068942,itunes:us,1858998237,"Symphony No. 9 ""From the New World""",Bojan Sudjic & RTS Symphony Orchestra,0.7632,1,4,4,,,,,
Album12819,deezer,344656,The Carl Stalling Project - Music From Warner Bros. Cartoons 1936-1958,The Carl Stalling Project,0.9600,0,11,11,,,,,
Album1716,deezer,135916502,Ladies and gentlemen we are floating in space,Spiritualized,0.9987,0,12,12,,,,,
Album38636,deezer,41047,At The Heart Of Winter,IMMORTAL,0.9984,0,6,6,,,,,
Album11164,deezer,78203,Ironman,Ghostface Killah,0.9961,0,16,15,,,,,
Album2513343,itunes:us,1682502835,Halo 3: ODST (Original Soundtrack),Martin O'Donnell & Michael Salvatori,1.0000,0,17,17,,,,,
Album6647,deezer,39804011,Sketches of Spain (Mono Version),Miles Davis,0.9779,0,5,5,,,,,
Album269139,deezer,217750,Be,Common,0.9988,0,11,11,,,,,
Album218,deezer,122163072,The Band,The Band,0.9703,0,12,12,,,,,
Album10027,deezer,230228,Supreme Clientele,Ghostface Killah,0.9995,0,21,21,,,,,
Album46453,deezer,6775199,Mental Funeral,Autopsy,0.9970,0,12,12,,,,,
Album59048,deezer,311158377,Brahms: Symphony No. 4,Wiener Philharmoniker,0.7287,1,4,4,,,,,
Album578,deezer,256271972,This Year's Model (2021 Remaster),Elvis Costello & The Attractions,0.9455,0,14,14,,,,,
Album14706,deezer,1681820,Sun Ship,John Coltrane,0.9974,0,5,5,,,,,
Album8778911,,,,,,0,,,,,,,
Album18586,deezer,3304571,Transa,Caetano Veloso,0.9979,0,7,7,,,,,
sp:5xeMctXQWNmMq4aAjwuR3e,deezer,294538,Unearthed,Johnny Cash,0.9981,0,79,79,,,,,
Album10494,deezer,300216,Empyrean Isles (Expanded Edition),Herbie Hancock,0.9318,0,6,6,,,,,
sp:3vyMhFtK8R0cFoMfnBfztb,deezer,735669451,XXX (Deluxe Version),Danny Brown,0.9955,0,22,22,,,,,
Album766532,deezer,6114376,And Their Refinement of the Decline,Stars of the Lid,0.9978,0,18,18,,,,,
Album3832,deezer,80268,Arise,Sepultura,0.9977,0,13,13,,,,,
Album3322739,deezer,185283542,Helplessness Blues,Fleet Foxes,0.9968,0,12,12,,,,,
Album3905558,deezer,3619531,The Idler Wheel Is Wiser Than the Driver of the Screw and Whipping Cords Will Serve You More Than Ropes Will Ever Do (Expanded Edition),Fiona Apple,0.9995,0,11,11,,,,,
Album18246,deezer,300214,Speak No Evil (The Rudy Van Gelder Edition),Wayne Shorter,0.9835,0,7,7,,,,,
Album3830,deezer,271540,Beneath the Remains,Sepultura,0.9979,0,12,12,,,,,
Album77815,deezer,5283241,Sorrow Tears and Blood,Fela Kuti,0.8839,0,2,2,,,,,
Album8143331,itunes:us,1891388870,Fight Songs: The Music of Team Fortress 2,Valve Studio Orchestra,0.9561,0,33,33,,,,,
Album118334,deezer,115675,Staying A Life (Live),Accept,0.9499,0,15,15,,,,,
Album68172,itunes:us,1442957819,Thelonious In Action (Remastered) [Live],Thelonious Monk Quartet,0.9538,0,10,10,,,,,
Album705,itunes:us,724602951,Taking Tiger Mountain By Strategy,Brian Eno,0.8110,1,10,10,,,,,
Album37287,deezer,9414526,Repetition,Unwound,0.9996,0,12,12,,,,,
Album100873,deezer,10994412,Nation Time,Joe McPhee,0.9990,0,3,3,,,,,
Album189,deezer,302148,Skylarking,XTC,0.9969,0,15,15,,,,,
Album9049,deezer,98594,Stained Class,Judas Priest,0.9968,0,11,11,,,,,
Album4235,deezer,167038792,Musick To Play In The Dark,Coil,0.9992,0,6,6,,,,,
sp:4E3ouPyBZAxYbje4uEEeoX,deezer,165314752,Forged Prescriptions (2018 Remaster),Spacemen 3,0.9975,0,18,18,,,,,
Album9553,deezer,369501337,American Football,American Football,0.9983,0,9,9,,,,,
Album14024,deezer,273380,Waiting for Columbus (Live Version; Deluxe Edition),Little Feat,0.9963,0,27,27,,,,,
Album3572,deezer,415485177,Doggystyle,Snoop Dogg,0.9594,0,13,13,,,,,
Album4114,deezer,369942567,Blood Fire Death,Bathory,1.0000,0,9,9,,,,,
Album23048,deezer,709076811,Crimson,Edge Of Sanity,0.9594,0,8,8,,,,,
Album13549,deezer,72170272,Funkentelechy Vs. The Placebo Syndrome,Parliament,0.9969,0,6,6,,,,,
Album8429,deezer,542443592,Desertshore,Nico,0.9961,0,8,8,,,,,
Album83323,deezer,59393282,Let It Be... Naked (Remastered),The Beatles,0.9978,0,11,11,,,,,
Album46318,deezer,1401245,Black Beauty: Miles Davis At Fillmore West,Miles Davis,0.9898,0,9,9,,,,,
Album14630,deezer,43847231,The Shape Of Punk To Come (Deluxe Edition),Refused,0.9976,0,24,24,,,,,
Album4199,itunes:us,847924059,Leprosy (Reissue),Death,0.9518,0,18,18,,,,,
Album17646,deezer,320942047,Ask The Ages,Sonny Sharrock,0.9973,0,6,6,,,,,
Album190011,deezer,59249592,(Willisau) 1991 Studio,Anthony Braxton Quartet,0.8452,0,10,10,,,,,
Album8128922,deezer,42553711,"Cracked Actor (Live, Los Angeles '74)",David Bowie,0.9971,0,20,20,,,,,
Album8800,deezer,937731691,The Cold Vein (Deluxe Edition),Cannibal Ox,0.9977,0,30,30,,,,,
Album27054,deezer,87263,Górecki: Symphony No. 3,Dawn Upshaw,0.8525,0,3,3,,,,,
sp:3Lf8VA23cMAl5imbABTZoo,deezer,12779756,Anthology 2,The Beatles,0.9904,0,45,45,,,,,
Album10754,itunes:us,203258539,Glassworks (Expanded Edition),"Philip Glass, Michael Reisman & The Philip Glass Ensemble",0.9735,0,11,11,,,,,
Album91173,deezer,321858,Mosaic (The Rudy Van Gelder Edition),Art Blakey,0.9652,0,5,5,,,,,
Album972667,deezer,196309,The Roundhouse Tapes,Opeth,0.9985,0,9,9,,,,,
Album1115,deezer,10843466,Evol,Sonic Youth,0.9968,0,10,10,,,,,
Album3389,deezer,162134,A Farewell To Kings,Rush,0.9924,0,6,6,,,,,
Album5445,deezer,326493,Blowout Comb,Digable Planets,0.9913,0,13,13,,,,,
Album22066,deezer,7354732,6 Feet Deep,Gravediggaz,0.9999,0,16,16,,,,,
sp:0eBI0K4a1gou6xKYZmSsIy,deezer,88777722,A Clockwork Orange - The Complete Fantasy Playlist,Various Artists,0.9318,0,20,20,,,,,
Album23915,deezer,11570902,Sex Machine,James Brown,0.9023,0,18,18,,,,,
Album1848760,deezer,401359,Merriweather Post Pavilion,Animal Collective,0.9984,0,11,11,,,,,
Album4145,itunes:us,1713874713,Iron Maiden (2015 Remaster),Iron Maiden,1.0000,0,8,8,,,,,
Album8078,deezer,42220181,The Idiot,Iggy Pop,0.9976,0,8,8,,,,,
Album70433,deezer,842368582,Nespithe,Demilich,0.9966,0,15,15,,,,,
Album17350,itunes:us,207177629,Monk's Dream,Thelonious Monk Quartet,1.0000,0,12,12,,,,,
Album10506478,,,,,,0,,,,,,,
Album134,deezer,708674,Ten,Pearl Jam,0.9997,0,11,11,,,,,
Album1550515,deezer,7051758,Live In Gdansk,David Gilmour,0.9948,0,22,22,,,,,
Album23674,deezer,12983192,You Are All Diseased,George Carlin,0.9950,0,17,17,,,,,
Album3888174,itunes:us,509665145,Bloom,Beach House,1.0000,0,10,10,,,,,
Album83,deezer,901407752,Tender Prey (Remastered 2010),Nick Cave & The Bad Seeds,0.9980,0,10,10,,,,,
Album624,deezer,11205662,Aladdin Sane (2013 Remaster),David Bowie,0.9968,0,10,10,,,,,
Album6542513,,,,,,0,,,,,,,
Album923022,deezer,247043822,Violent Femmes,Violent Femmes,0.9983,0,12,12,,,,,
Album7226281,deezer,12965126,Nonagon Infinity,King Gizzard & The Lizard Wizard,0.9979,0,9,9,,,,,
Album143533,deezer,95090942,Don Cherry,Don Cherry,0.9989,0,4,4,,,,,
Album8557,deezer,14443110,Fragments Of A Rainy Season,John Cale,0.9965,0,28,28,,,,,
Album372,deezer,6863554,The Clash (Remastered),The Clash,0.9947,0,14,14,,,,,
Album2082,deezer,1101470,Bee Thousand,Guided By Voices,0.9960,0,20,20,,,,,
Album3408861,deezer,6312738,A I A: Alien Observer,Grouper,0.9973,0,6,6,,,,,
Album626992,deezer,6114378,Harmony in Ultraviolet,Tim Hecker,0.9964,0,15,15,,,,,
Album3391,deezer,124360,Permanent Waves,Rush,0.9974,0,6,6,,,,,
Album1473,deezer,677606,Band On The Run,Paul McCartney,0.9690,0,9,9,,,,,
Album4907,deezer,1003967,Times of Grace,Neurosis,0.9980,0,11,11,,,,,
Album8482,deezer,213094,Mama's Gun,Erykah Badu,0.9980,0,14,14,,,,,
Album1326092,deezer,6604365,Bruckner: Symphony No.7,Wiener Philharmoniker,0.7661,1,4,4,,,,,
Album9976,deezer,901401662,Everything Louder Than Everyone Else (Live Hamburg Germany 1998),Motörhead,0.9534,0,25,25,,,,,
Album27342,deezer,299428,Search For The New Land (Rudy Van Gelder Edition/2000 Remastered),Lee Morgan,0.9939,0,5,5,,,,,
Album55072,deezer,728683121,Al Final de Este Viaje...,Silvio Rodríguez,0.9963,0,10,10,,,,,
Album171200,deezer,15151449,"Nada Como um Dia Após o Outro Dia, Vol. 1 & 2",Racionais MC's,0.7666,1,21,21,,,,,
Album2110834,deezer,284691,Live In London,Leonard Cohen,0.9991,0,27,27,,,,,
Album2661,deezer,109457,Portishead,Portishead,0.9971,0,11,11,,,,,
Album4648303,deezer,6929866,Virgins,Tim Hecker,0.9972,0,12,12,,,,,
Album13991,deezer,14910897,Epicus Doomicus Metallicus,Candlemass,0.9984,0,13,13,,,,,
Album11217,deezer,295453012,Free Jazz,The Ornette Coleman Double Quartet,0.9996,0,2,2,,,,,
Album5894,deezer,239681,Let's Get It On,Marvin Gaye,0.9546,0,8,8,,,,,
Album6440,deezer,745674,Jailbreak (Deluxe Edition),Thin Lizzy,0.9999,0,20,20,,,,,
Album47974,deezer,73438532,The Main Ingredient,Pete Rock & C.L. Smooth,0.9984,0,16,16,,,,,
Album53587,deezer,6450841,Steve Reich: Octet - Music for a Large Ensemble - Violin Phase,Steve Reich,0.9444,0,3,3,,,,,
Album344980,deezer,12920208,Vertigo (Original Motion Picture Soundtrack),Bernard Herrmann,0.9998,0,16,16,,,,,
sp:1CwWqZ21WMLbOLPd9QsTCW,deezer,382923,"At the Five Spot, Vol. 2 [Rudy Van Gelder Remaster]",Eric Dolphy,0.9978,0,4,4,,,,,
Album2700,deezer,10965536,And Then Nothing Turned Itself Inside-Out,Yo La Tengo,0.9977,0,13,13,,,,,
Album7673858,deezer,929187561,WORRY.,Jeff Rosenstock,0.9990,0,17,17,,,,,
Album1730,deezer,764732291,The Royal Scam (2025 Remaster),Steely Dan,0.9889,0,9,9,,,,,
Album6579129,itunes:us,1698381946,LISA: The PAINFUL (Game Soundtrack),Widdly 2 Diddly & Marina Hova,0.6904,1,35,35,,,,,
Album507117,deezer,81385,Mingus At Carnegie Hall,Charles Mingus,0.9999,0,2,2,,,,,
Album88584,itunes:gb,1385305936,Shouso Strip - Winning Strip,Sheena Ringo,0.8739,0,13,13,,,,,
Album15189,deezer,13256535,Atomizer (Remastered),Big Black,0.9978,0,10,10,,,,,
Album5159,deezer,6443119,South Of Heaven,Slayer,0.9980,0,10,10,,,,,
Album201,deezer,819984271,69 Love Songs,The Magnetic Fields,0.9954,0,69,69,,,,,
Album702978,deezer,81566,The Fountain OST,Clint Mansell,0.9046,0,10,10,,,,,
Album188956,itunes:us,171063518,Live At the Fillmore 1968,Santana,1.0000,0,9,9,,,,,
Album3074508,deezer,6156571,The Age of Adz,Sufjan Stevens,0.9997,0,11,11,,,,,
Album5543,deezer,302069,For Your Pleasure,Roxy Music,0.9961,0,8,8,,,,,
Album7300,deezer,212942,Fear Of A Black Planet,Public Enemy,0.9958,0,20,20,,,,,
Album25138,deezer,956464411,Oceanic (Remastered),Isis,0.9987,0,9,9,,,,,
Album3781,deezer,1152715,Peace Sells...But Who's Buying (Deluxe Edition - Remastered),Megadeth,0.9940,0,21,21,,,,,
Album2959,deezer,302211,The Colour of Spring,Talk Talk,0.9980,0,8,8,,,,,
Album14719,deezer,49241642,Bad Brains,Bad Brains,0.9987,0,16,16,,,,,
Album42035,deezer,72266,Damnation,Opeth,0.9929,0,8,8,,,,,
Album4596,deezer,300266,Maiden Voyage (Remastered 1999/Rudy Van Gelder Edition),Herbie Hancock,0.9898,0,5,5,,,,,
Album22349,deezer,329611,Idle Moments,Grant Green,0.9909,0,6,6,,,,,
Album24832,deezer,300265,The Sidewinder (The Rudy Van Gelder Edition),Lee Morgan,0.9877,0,6,6,,,,,
Album12517,deezer,6453309,Varèse: The Complete Works,Royal Concertgebouw Orchestra,0.8492,1,25,25,,,,,
Album418698,itunes:gb,769412080,Tchaikovsky: The Nutcracker,Valery Gergiev & Mariinsky Orchestra,0.7634,1,16,16,,,,,
Album79378,deezer,454052,Live At Berkeley,Jimi Hendrix,0.9605,0,12,12,,,,,
Album32748,deezer,10965564,Painful,Yo La Tengo,0.9972,0,11,11,,,,,
Album4113,deezer,369943957,Under the Sign of the Black Mark,Bathory,0.9988,0,10,10,,,,,
Album17376,deezer,300226,The Real McCoy (Remastered / Rudy Van Gelder Edition),McCoy Tyner,0.9942,0,5,5,,,,,
Album244940,itunes:us,163511973,Silent Hill 3 (Original Game Soundtrack),Akira Yamaoka,0.9171,0,25,25,,,,,
Album17707,deezer,1224093,Da Lama Ao Caos,Chico Science,0.9705,0,13,13,,,,,
Album502,deezer,425190,Rock Of Ages (Expanded Edition),The Band,0.9962,0,28,28,,,,,
Album101582,deezer,89276682,Passing Ships,Andrew Hill,0.9987,0,7,7,,,,,
Album10551,deezer,326839,Money Jungle (Expanded Edition / 2002 Remaster),Duke Ellington,0.8965,0,15,15,,,,,
Album844,deezer,667044,The Stooges,The Stooges,0.9959,0,8,8,,,,,
Album2448,deezer,1440807,Off the Wall,Michael Jackson,0.9853,0,10,10,,,,,
Album6243,deezer,205286062,Concerts (Live),Henry Cow,0.9514,0,22,22,,,,,
Album418552,deezer,6881114,Stravinsky: Pétrouchka & Le sacre du printemps,Pierre Boulez,0.7645,1,29,29,,,,,
Album39642,deezer,70205892,Rocks The House,Etta James,0.9907,0,11,11,,,,,
Album7584,deezer,48723342,Mule Variations (Remastered),Tom Waits,0.9969,0,16,16,,,,,
Album13507,deezer,584421682,João Gilberto,João Gilberto,0.8901,0,10,10,,,,,
Album513457,deezer,6517865,Chopin: Nocturnes,Maurizio Pollini,0.8795,0,19,19,,,,,
Album448113,deezer,249657042,Pink,Boris,0.9997,0,11,11,,,,,
Album733,deezer,125502,"Stories From The City, Stories From The Sea",PJ Harvey,0.9964,0,12,12,,,,,
Album123829,deezer,6450534,Satie: Gnossiennes; Gymnopédies; Ogives; Trois Sarabandes; Petite ouverture à danser.,Reinbert de Leeuw,0.9448,0,17,17,,,,,
sp:7y2gHGuQhJmesRiNO8d8fK,deezer,116961,Gershwin: Rhapsody in Blue & An American in Paris,Leonard Bernstein,0.8917,0,2,2,,,,,
Album3957,deezer,291317,One from the Vault (Live),Grateful Dead,0.9519,0,16,16,,,,,
Album2088,itunes:us,1713861903,Piece of Mind (2015 Remaster),Iron Maiden,1.0000,0,9,9,,,,,
Album8325,deezer,326313317,Green River (Remastered 1985),Creedence Clearwater Revival,0.9596,0,9,9,,,,,
Album20659,deezer,7189722,Left Hand Path (Full Dynamic Range Edition),Entombed,0.9668,0,10,10,,,,,
Album9616308,deezer,80059152,Glastonbury 2000 (Live),David Bowie,0.8564,0,22,22,,,,,
Album5384784,deezer,11178392,Offering: Live At Temple University,John Coltrane,0.9952,0,5,5,,,,,
Album5113727,deezer,880889112,Run The Jewels 2,Run The Jewels,0.9410,0,12,12,,,,,
Album4479921,deezer,6619332,...Like Clockwork,Queens Of The Stone Age,0.9976,0,10,10,,,,,
Album46381,deezer,390446,Solar Music - Live,Grobschnitt,0.8986,0,7,7,,,,,
Album63969,deezer,6954961,Sinatra At The Sands,Frank Sinatra,0.8824,0,21,21,,,,,
Album14046303,deezer,273547532,Live at Montreux Jazz Festival,Anna von Hausswolff,0.9987,0,6,6,,,,,
Album10610710,deezer,117709222,MAGDALENE,FKA twigs,0.9969,0,9,9,,,,,
Album7299302,deezer,12825844,The Glowing Man,Swans,0.9991,0,8,8,,,,,
Album5877,deezer,1345207,Nursery Cryme,Genesis,0.9976,0,7,7,,,,,
Album8204,deezer,387799227,"My Arms, Your Hearse",Opeth,0.9984,0,11,11,,,,,
Album7537,deezer,96844742,Imaginations from the Other Side (Remastered 2007),Blind Guardian,0.9971,0,12,12,,,,,
Album9492,deezer,225063752,Fall in a Hole (Live Expanded Edition),The Fall,0.8967,0,34,34,,,,,
Album1033,deezer,608940,Talking Heads '77,Talking Heads,0.9315,0,11,11,,,,,
Album14076,deezer,360509,Blues for the Red Sun,Kyuss,0.9976,0,14,14,,,,,
Album3016,deezer,888988962,Buena Vista Social Club,Buena Vista Social Club,0.9978,0,14,14,,,,,
Album15875,deezer,137324,Nightfall,Candlemass,0.9977,0,17,17,,,,,
sp:4f0Yjw7TR3BEdIsmZDg0K7,deezer,929493731,We Insist! Max Roach's Freedom Now Suite (Remastered),Max Roach,0.9940,0,5,5,,,,,
Album20824,deezer,86002,Pierced From Within,Suffocation,0.9976,0,9,9,,,,,
Album20419,deezer,1041088472,The Rocky Horror Picture Show - Original Soundtrack (Soundtrack from the Motion Picture),The Rocky Horror Picture Show,0.8637,0,16,16,,,,,
Album48531,deezer,157805542,COWBOY BEBOP - Knockin' on Heaven's Door (Original Motion Picture Soundtrack - Future Blues),Seatbelts,0.8403,0,24,24,,,,,
Album100705,deezer,329231427,Recorded Live,Ten Years After,0.9984,0,21,21,,,,,
sp:7aKzrHCJ0Y5Mdb44uMDakg,,,,,,0,,,,,,,
Album1073,deezer,14590598,Kill 'Em All (Remastered),Metallica,0.9971,0,10,10,,,,,
Album1118,deezer,228344,Goo,Sonic Youth,0.9921,0,11,11,,,,,
Album204491,deezer,185287542,The Woods,Sleater-Kinney,0.9960,0,10,10,,,,,
Album3088389,deezer,67178032,Paracletus,Deathspell Omega,0.9958,0,10,10,,,,,
Album2728,deezer,1373300,Steve McQueen,Prefab Sprout,0.9971,0,22,22,,,,,
Album9478906,deezer,66094402,After (Live),Mount Eerie,0.9511,0,12,12,,,,,
Album128340,deezer,11328106,Sleepy Buildings (A Semi-Acoustic Evening) [Live],The Gathering,0.9694,0,14,14,,,,,
Album703563,deezer,15528344,Relentless,Bill Hicks,0.9960,0,15,15,,,,,
Album27314,deezer,13619731,American IV: The Man Comes Around,Johnny Cash,0.9973,0,15,15,,,,,
Album92347,deezer,1530148,Souls At Zero,Neurosis,0.9899,0,13,11,,,,,
Album68370,deezer,14910883,The Forever Changes Concert (Live),Love,0.9518,0,19,19,,,,,
Album3608,deezer,613668,Floating Into The Night,Julee Cruise,0.9690,0,10,10,,,,,
Album982762,itunes:us,1571406209,The Blues And The Abstract Truth,Oliver Nelson,1.0000,0,6,6,,,,,
Album17040,deezer,46352852,Estudando o samba,Tom Zé,0.9956,0,14,14,,,,,
Album4870,deezer,113624,"Straight, No Chaser",Thelonious Monk,0.9992,0,18,18,,,,,
Album63030,deezer,7573174,Cartola (1976),Cartola,0.9048,0,12,12,,,,,
Album6232368,deezer,11126554,Rodeo,Travis Scott,0.9979,0,16,16,,,,,
Album211593,deezer,85806002,Game Theory,The Roots,0.9672,0,13,13,,,,,
Album16968,deezer,307846,JuJu,Wayne Shorter,0.9835,0,8,8,,,,,
Album632,deezer,56889622,Scary Monsters (And Super Creeps) (2017 Remaster),David Bowie,0.9971,0,10,10,,,,,
Album4151,deezer,86280892,De Mysteriis Dom Sathanas,Mayhem,0.9982,0,8,8,,,,,
Album12509,deezer,337576117,Lightning To The Nations (The White Album) (Remastered 2021),Diamond Head,0.8606,1,19,19,,,,,
Album7216,deezer,402935287,The Chronic,Dr. Dre,0.9976,0,16,16,,,,,
Album3135,deezer,413450827,Never for Ever,Kate Bush,0.9949,0,11,11,,,,,
Album4002,deezer,208087,Transilvanian Hunger,Darkthrone,0.9975,0,8,8,,,,,
Album15944,deezer,5819991,Zappa In New York (Live),Frank Zappa,0.8569,0,15,15,,,,,
Album26985,deezer,545161572,A Night At The Village Vanguard (The Complete Masters),Sonny Rollins,0.8373,1,18,18,,,,,
Album807633,deezer,6509058,Boxer,The National,0.9971,0,12,12,,,,,
Album12832,deezer,676682901,Scheherazade And Other Stories (Expanded Edition 2021 Remaster),Renaissance,0.8300,1,11,11,,,,,
Album3731166,,,,,,0,,,,,,,
Album9275699,deezer,64371122,DAYTONA,Pusha T,0.9973,0,7,7,,,,,
Album6193,deezer,905273212,Yeti,Amon Düül II,0.9979,0,13,13,,,,,
Album5547,deezer,70207382,So (25th Anniversary Deluxe Edition),Peter Gabriel,0.9978,0,25,25,,,,,
Album6043,deezer,620607,Ommadawn,Mike Oldfield,0.9984,0,6,6,,,,,
Album2548617,itunes:us,349535407,Teen Dream (Bonus Track Version),Beach House,0.8622,1,12,12,,,,,
Album3208874,deezer,6114424,"Ravedeath, 1972",Tim Hecker,0.9974,0,12,12,,,,,
Album156,deezer,114570402,Emperor Tomato Ketchup (Expanded Edition),Stereolab,0.9960,0,28,28,,,,,
Album15348,deezer,6968825,Necroticism - Descanting the Insalubrious (Full Dynamic Range Edition),Carcass,0.9984,0,13,13,,,,,
Album12503,deezer,306162,Still Life,Van Der Graaf Generator,0.9986,0,6,6,,,,,
Album6036,deezer,247655,The Turning Point,John Mayall,0.9981,0,10,10,,,,,
Album18845,deezer,5820231,"You Can't Do That On Stage Anymore, Vol. 1 (Live)",Frank Zappa,0.8756,0,28,28,,,,,
Album8687117,itunes:us,1281821853,TVアニメ「メイドインアビス」オリジナルサウンドトラック,Kevin Penkin,0.5831,1,52,52,,,,,
Album32123,deezer,6112276,The Tired Sounds of Stars of the Lid,Stars of the Lid,0.8308,0,19,19,,,,,
Album226174,deezer,404237027,Verisäkeet,Moonsorrow,0.9991,0,5,5,,,,,
Album5936,deezer,86466142,Secret World Live,Peter Gabriel,0.9976,0,16,16,,,,,
Album2483583,deezer,400097,Leonard Cohen Live at the Isle of Wight 1970,Leonard Cohen,0.9096,0,19,19,,,,,
Album4856604,deezer,6936078,Universal,Anathema,0.9984,0,12,12,,,,,
Album322,deezer,1347711,The Head on the Door,The Cure,0.9983,0,10,10,,,,,
Album40344,deezer,261951902,Abigail,King Diamond,0.9969,0,9,9,,,,,
sp:4l0xO28Y37MBBXQEcBIbXQ,itunes:us,1441145645,Anthology 3,The Beatles,0.9993,0,50,50,,,,,
Album5923,deezer,1345209,Seconds Out (Live),Genesis,0.9518,0,12,12,,,,,
Album3743186,deezer,846676982,The Elder Scrolls V: Skyrim (Original Game Soundtrack),Jeremy Soule,0.9957,0,53,53,,,,,
Album27532,deezer,96076,The Lost Trident Sessions,Mahavishnu Orchestra,0.9996,0,6,6,,,,,
Album3651,deezer,5821251,Freak Out!,The Mothers Of Invention,0.9999,0,15,15,,,,,
Album5722,deezer,8574414,Relayer (Expanded),Yes,0.9982,0,6,6,,,,,
Album714,deezer,10982440,This Nation's Saving Grace,The Fall,0.9970,0,16,16,,,,,
Album17248,deezer,164839432,This Heat,This Heat,0.9450,0,11,11,,,,,
Album788,deezer,86572,Phil Ochs In Concert,Phil Ochs,0.9970,0,11,11,,,,,
Album12857631,deezer,228234412,Cavalcade,black midi,0.9968,0,8,8,,,,,
Album3133,deezer,413817627,The Kick Inside (2018 Remaster),Kate Bush,0.9969,0,13,13,,,,,
Album10058,deezer,172085462,Children of God (2020 Remaster),Swans,0.9973,0,13,13,,,,,
Album18544,deezer,9414522,New Plastic Ideas,Unwound,0.9989,0,9,9,,,,,
Album17324,deezer,387405,The Cannonball Adderley Quintet In San Francisco,Cannonball Adderley Quintet,0.9702,0,6,6,,,,,
Album813080,deezer,647130971,In Absentia,Porcupine Tree,0.9215,0,12,12,,,,,
Album1745,deezer,6927481,Berlin,Lou Reed,0.9948,0,10,10,,,,,
Album770,deezer,387410,Brilliant Corners,Thelonious Monk,0.9934,0,5,5,,,,,
Album130483,deezer,6522778,Calling Out Of Context,Arthur Russell,1.0000,0,12,12,,,,,
Album3652132,itunes:us,826534655,The Lost Tapes,Can,1.0000,0,30,30,,,,,
Album63837,deezer,846539932,The Elder Scrolls III: Morrowind (Original Game Soundtrack),Jeremy Soule,0.8999,0,20,20,,,,,
Album10598987,deezer,274929962,Outer Wilds (Original Soundtrack),Andrew Prahlow,0.9947,0,28,28,,,,,
Album7441509,deezer,351534447,Skeleton Tree,Nick Cave & The Bad Seeds,0.9983,0,8,8,,,,,
Album685,deezer,22233631,Histoire de Melody Nelson,Serge Gainsbourg,0.9955,0,7,7,,,,,
sp:67GJo4ajqUWHsuY0f4aQz2,itunes:us,1657544540,The Grand Wazoo,Frank Zappa,1.0000,0,5,5,,,,,
Album5631,deezer,267389502,Moonmadness,Camel,0.9987,0,12,12,,,,,
Album5314,deezer,321161727,The Slider,T. Rex,0.9904,0,13,13,,,,,
Album3368570,deezer,63799442,Coin Coin Chapter One: Gens de Couleur Libres,Matana Roberts,0.9999,0,8,8,,,,,
Album7709725,itunes:us,1549975894,Over the Garden Wall (Original Television Soundtrack),Over The Garden Wall & The Blasting Company,0.9019,0,40,40,,,,,
Album28550,deezer,898257382,Songs About Leaving,Carissa's Wierd,0.9970,0,12,12,,,,,
Album12504,deezer,217274,Argus (Expanded Edition),Wishbone Ash,0.9950,0,10,10,,,,,
Album40103,deezer,1344579,Consuming Impulse,Pestilence,0.9976,0,10,10,,,,,
Album12692,deezer,14410124,Covenant,Morbid Angel,0.9969,0,10,10,,,,,
Album25449,deezer,6967411,The IVth Crusade,Bolt Thrower,0.9997,0,11,11,,,,,
Album8363,deezer,9410166,If You Want Blood You've Got It (Live),AC/DC,0.8065,0,10,10,,,,,
Album155740,deezer,125624,The Jazz Composer's Orchestra,The Jazz Composer's Orchestra,0.8900,0,6,6,,,,,
Album8096418,deezer,800592941,Hollow Knight (Original Soundtrack),Christopher Larkin,0.9956,0,26,26,,,,,
Album79428,deezer,144486322,Smokin' At The Half Note (Expanded Edition),Wes Montgomery,0.9615,0,11,11,,,,,
Album26374,deezer,86908,Bright Moments,Rahsaan Roland Kirk,0.9974,0,14,14,,,,,
Album30957,deezer,1681819,Live In Seattle,John Coltrane,0.8635,1,4,4,,,,,
Album355297,deezer,115459542,Feels,Animal Collective,0.9981,0,9,9,,,,,
Album12687179,itunes:us,1550697816,Promises (feat. London Symphony Orchestra),"Floating Points, Pharoah Sanders, London Symphony Orchestra & Sam Shepherd",0.9174,0,9,9,,,,,
Album6743,deezer,2382981,Sackcloth 'N' Ashes,16 Horsepower,0.8784,0,13,13,,,,,
Album11181034,deezer,156005952,What's Your Pleasure?,Jessie Ware,0.9987,0,12,12,,,,,
Album2618854,deezer,415421067,A Reality Tour (Live),David Bowie,0.8567,0,35,35,,,,,
Album1209,deezer,7517452,Goodbye Yellow Brick Road (Remastered),Elton John,0.9971,0,17,17,,,,,
Album23995,deezer,259292,Clics Modernos,Charly García,0.9954,0,9,9,,,,,
Album7383,deezer,319767,Operation: Mindcrime (Remastered / Expanded Edition),Queensrÿche,0.8766,0,17,17,,,,,
Album335147,deezer,368480837,Paysage d'hiver,Paysage D'hiver,0.9997,0,3,3,,,,,
Album47973,deezer,86005,Mecca And The Soul Brother,Pete Rock & CL Smooth,0.9890,0,16,16,,,,,
Album5605,deezer,7740831,Santana (III),Santana,1.0000,0,9,9,,,,,
Album922998,deezer,1408435,Bookends,Simon & Garfunkel,0.9985,0,12,12,,,,,
Album176698,deezer,1328671,La Fusa (Live),Vinícius de Moraes,0.9231,0,16,16,,,,,
Album792,deezer,401263317,The Modern Dance,Pere Ubu,0.9964,0,10,10,,,,,
Album12090,deezer,168695,The Crimson Idol,W.A.S.P.,0.9977,0,23,23,,,,,
Album2306365,deezer,15149051,Two Airships / Exploder Falls,Candy Claws,0.9992,0,2,2,,,,,
Album7811,deezer,8554491,Dusty In Memphis,Dusty Springfield,0.9602,0,11,11,,,,,
Album20509,itunes:us,174892411,Taxi Driver (Original Soundtrack Recording),Bernard Herrmann,1.0000,0,18,18,,,,,
sp:2mCvtea2fbrtU10GMsHbAM,deezer,6450674,Vivaldi: The Four Seasons,Alan Loveday,0.8042,1,12,12,,,,,
Album723260,deezer,115459532,Person Pitch,Panda Bear,0.9984,0,7,7,,,,,
Album3017,deezer,2795561,Drukqs,Aphex Twin,0.9973,0,30,30,,,,,
Album11938310,deezer,185277522,Visions of Bodies Being Burned,clipping.,0.9966,0,16,16,,,,,
Album146,deezer,3095471,Graceland (25th Anniversary Deluxe Edition),Paul Simon,0.9949,0,17,17,,,,,
Album7963,deezer,95517252,Apollo: Atmospheres And Soundtracks (Extended Edition),Brian Eno,0.9708,0,23,23,,,,,
Album9489,deezer,225663362,Hex Enduction Hour (Expanded Deluxe Edition),The Fall,0.9982,0,20,20,,,,,
Album1692,deezer,901490002,No More Shall We Part (Remastered 2011),Nick Cave & The Bad Seeds,0.9940,0,12,11,,,,,
Album7664,deezer,123500,Long Live Rock 'n' Roll,Rainbow,0.9875,0,8,8,,,,,
Album17030,deezer,15104429,Call Me,Al Green,0.9964,0,9,9,,,,,
Album109517,deezer,56393192,Live Without Sense,Destruction,0.9977,0,11,11,,,,,
Album1060497,deezer,7291105,"For Emma, Forever Ago",Bon Iver,1.0000,0,9,9,,,,,
Album17256,deezer,4850171,Jeopardy,The Sound,0.9965,0,11,11,,,,,
Album5630,deezer,67759572,The Snow Goose,Camel,0.9939,0,21,21,,,,,
Album20846,deezer,117189,Crescent,John Coltrane Quartet,0.9873,0,5,5,,,,,
Album13549032,deezer,249106052,"You Heat Me Up, You Cool Me Down",King Krule,0.9977,0,17,17,,,,,
Album3225,deezer,42220171,Lust For Life,Iggy Pop,0.9869,0,9,9,,,,,
Album8683644,deezer,284810102,Max & Match,LOONA,0.9014,0,8,8,,,,,
Album8602,deezer,160210,"""A Divina Comédia Ou Ando Meio Desligado""",Os Mutantes,0.9382,0,11,11,,,,,
Album34296,itunes:us,1783205715,Gentleman,Fela Kuti,0.9622,0,3,3,,,,,
Album11579,deezer,309687,Legacy Of Brutality,Misfits,0.9952,0,13,13,,,,,
Album20249,itunes:us,1202351929,Woodstock - EP,Heather Maloney & Darlingside,0.7838,1,5,5,,,,,
Album49471,deezer,14784385,Mishima,Philip Glass,0.9960,0,14,14,,,,,
Album25820,deezer,9510856,One Flight Up (Remastered 2015),Dexter Gordon,0.9980,0,3,3,,,,,
Album31658,deezer,6522715,The Peach Orchard,William Parker / In Order To Survive,0.9784,0,8,8,,,,,
Album58200,deezer,126330,Vienna Concert,Keith Jarrett,0.9993,0,2,2,,,,,
Album24752,,,,,,0,,,,,,,
Album8216,deezer,898460722,Crime Of The Century (Remastered 2025),Supertramp,0.9980,0,8,8,,,,,
Album23037,deezer,11376630,City,Strapping Young Lad,0.9977,0,9,9,,,,,
Album20814,deezer,6928704,The Complete Science Fiction Sessions,Ornette Coleman,0.8258,0,19,19,,,,,
sp:0jcDk8bLwQzMSKzAxdfNQA,deezer,632476981,Barry Lyndon,Pecan,0.8139,1,1,1,,,,,
Album1596,deezer,7690769,Rated R,Queens Of The Stone Age,0.9998,0,12,12,,,,,
Album2648,deezer,10965508,Wowee Zowee,Pavement,0.9959,0,18,18,,,,,
Album10404,itunes:us,209407331,Miles Smiles,Miles Davis Quintet,0.9913,0,6,6,,,,,
Album2501,deezer,239743,Liege And Lief,Fairport Convention,0.9506,0,10,10,,,,,
Album696226,deezer,72093102,Clifford Brown And Max Roach (Expanded Edition),Clifford Brown,0.8971,0,11,11,,,,,
Album155335,deezer,5941893,Elevation (Live),Pharoah Sanders,0.9533,0,5,5,,,,,
Album356528,deezer,314602,The Ravi Shankar Collection: Live: Ravi Shankar At The Monterey International Pop Festival (Live),Ravi Shankar,0.8340,0,3,3,,,,,
Album10596352,deezer,109271372,All My Heroes Are Cornballs,JPEGMAFIA,0.9956,0,18,18,,,,,
Album2565,deezer,13632894,Eat A Peach,The Allman Brothers Band,0.9907,0,9,9,,,,,
Album10501,deezer,793109141,Saint Dominic's Preview,Van Morrison,0.9977,0,7,7,,,,,
Album53205,deezer,75932892,Psycho,Bernard Hermann,0.9515,0,35,35,,,,,
Album2332259,deezer,502723,Plastic Beach,Gorillaz,0.9966,0,16,16,,,,,
Album7381150,deezer,101778542,Bandana,Freddie Gibbs,0.9281,0,15,15,,,,,
Album174551,deezer,230048,Frances the Mute,The Mars Volta,0.9990,0,12,12,,,,,
Album164379,deezer,905342842,Abattoir Blues / The Lyre of Orpheus,Nick Cave & The Bad Seeds,0.9967,0,17,17,,,,,
Album25566,deezer,993625641,Impressions,John Coltrane,0.9962,0,4,4,,,,,
Album51298,deezer,901414792,Little Girl Blue (Remastered 2013),Nina Simone,0.9904,0,10,10,,,,,
Album475452,deezer,6585174,Chopin: Etudes Opp.10 & 25,Maurizio Pollini,0.8232,1,24,24,,,,,
Album832036,,,,,,0,,,,,,,
Album85859,deezer,50651672,"The Youth Are Getting Restless (Live at the Paradiso, Amsterdam 1987)",Bad Brains,0.9536,0,17,17,,,,,
Album8317378,deezer,41473471,3-D The Catalogue,Kraftwerk,0.8917,0,10,10,,,,,
Album210,deezer,901489932,Murder Ballads (Remastered 2011),Nick Cave & The Bad Seeds,0.9981,0,10,10,,,,,
Album40099,deezer,6958650,Here In After,Immolation,0.9970,0,8,8,,,,,
Album14773,deezer,115608,Pangaea,Miles Davis,0.9999,0,2,2,,,,,
Album814723,deezer,484879935,Live At The Annandale Hotel,Life Without Buildings,0.9970,0,12,12,,,,,
Album8448172,deezer,48716252,Live At Pompeii,David Gilmour,0.9977,0,21,21,,,,,
Album9836,deezer,8141158,"Everything, Everything (Live)",Underworld,0.9538,0,8,8,,,,,
Album13233,itunes:gb,162569251,The Complete Live at Raji's (Live),The Dream Syndicate,0.8469,0,15,15,,,,,
Album8344759,deezer,46708332,SATURATION II,BROCKHAMPTON,0.9349,0,16,16,,,,,
Album413190,deezer,6709174,Music for the Masses,Depeche Mode,0.9646,0,10,10,,,,,
Album595791,deezer,6709147,Black Celebration,Depeche Mode,0.9280,0,14,14,,,,,
Album7970,deezer,221079822,Hosianna Mantra,Popol Vuh,0.9602,0,8,8,,,,,
Album9405,deezer,7582152,Structures From Silence (30th Anniversary Remaster),Steve Roach,0.9999,0,3,3,,,,,
Album36597,deezer,41428,Unholy Cult,Immolation,0.9908,0,8,8,,,,,
Album8155,deezer,102210,Aretha Now,Aretha Franklin,0.9959,0,10,10,,,,,
Album2748172,deezer,550601,The ArchAndroid,Janelle Monáe,0.9970,0,18,18,,,,,
Album109538,deezer,88948872,Mother Earth's Plantasia,Mort Garson,0.9975,0,10,10,,,,,
Album10196274,deezer,447966605,HOMECOMING: THE LIVE ALBUM,Beyoncé,0.9993,0,40,40,,,,,
Album11232,deezer,1209036,'Round About Midnight,Miles Davis,0.9970,0,19,19,,,,,
Album85556,deezer,430005,Gal Costa,Gal Costa,0.9964,0,12,12,,,,,
Album13568,deezer,6439862,American III: Solitary Man,Johnny Cash,0.9930,0,14,14,,,,,
Album8256,deezer,41288691,S.F. Sorrow,The Pretty Things,0.9875,0,17,17,,,,,
Album5047,deezer,245463,Solid Air,John Martyn,0.9974,0,10,10,,,,,
Album7776162,deezer,717666131,Those Who Throw Objects at the Crocodiles Will Be Asked to Retrieve Them,Bruno Pernadas,0.9984,0,10,10,,,,,
Album5935,deezer,70712612,Passion: Music for The Last Temptation of Christ,Peter Gabriel,0.9952,0,21,21,,,,,
Album7119,deezer,123412,Live: And All That Could Have Been,Nine Inch Nails,0.7955,1,16,16,,,,,
Album59908,deezer,901261642,The Eagle Has Landed - Live (Remastered 1999),Saxon,0.9973,0,16,16,,,,,
Album8912509,deezer,766971251,Veteran,JPEGMAFIA,0.9957,0,19,19,,,,,
Album215118,deezer,647128281,Deadwing,Porcupine Tree,0.9981,0,9,9,,,,,
Album660809,deezer,917537181,The Elder Scrolls IV: Oblivion (Original Game Soundtrack),Jeremy Soule,0.9025,0,26,26,,,,,
Album7753946,deezer,68848411,TA13OO,Denzel Curry,0.9949,0,13,13,,,,,
Album303641,deezer,484104395,SIREN,Susumu Hirasawa,0.8951,0,13,13,,,,,
Album360,deezer,6639385,Scott 3,Scott Walker,0.9848,0,13,13,,,,,
Album68050,deezer,6200536,Leaving Your Body Map,Maudlin of the Well,0.9982,0,10,10,,,,,
Album109149,deezer,1018900,Diabolical Conquest,Incantation,0.9980,0,8,8,,,,,
Album17502,deezer,300205,The Illinois Concert,Eric Dolphy,0.9974,0,7,7,,,,,
Album806,itunes:us,847972873,Ramones,Ramones,0.9397,0,14,14,,,,,
Album295,deezer,54617482,Closing Time (Remastered),Tom Waits,0.9965,0,12,12,,,,,
Album81645,deezer,11043726,Is This Real?,Wipers,0.9962,0,12,12,,,,,
Album2668,deezer,1541554,Illadelph Halflife,The Roots,0.9980,0,20,20,,,,,
Album46454,deezer,12134260,Severed Survival,Autopsy,0.9964,0,14,14,,,,,
Album5606,deezer,1401719,Caravanserai,Santana,0.9944,0,10,10,,,,,
Album55666,deezer,262216742,Conspiracy,King Diamond,0.9963,0,10,10,,,,,
Album480029,deezer,12973860,Life Is Worth Losing,George Carlin,0.9983,0,11,11,,,,,
Album499,deezer,65988822,Music From Big Pink (Remastered),The Band,0.9997,0,11,11,,,,,
Album27904,deezer,1011588,When the Kite String Pops,Acid Bath,0.9973,0,14,14,,,,,
Album584566,deezer,13183256,Third,Big Star,0.9203,0,18,18,,,,,
Album1286578,deezer,697689501,Songs from Suicide Bridge,David Kauffman,0.9715,0,10,10,,,,,
Album14218,deezer,319656,Basra (Remastered),Pete La Roca,0.9883,0,6,6,,,,,
Album1975569,deezer,402646767,Live Inferno,Emperor,0.9975,0,15,15,,,,,
Album2278,deezer,233681052,Sabotage (2021 Remaster),Black Sabbath,0.9990,0,8,8,,,,,
Album5474,deezer,8287684,Secret Treaties,Blue Öyster Cult,0.9963,0,8,8,,,,,
Album7756,deezer,365797,Live / Dead,Grateful Dead,0.8919,0,7,7,,,,,
Album14785,deezer,124892,Sahara,McCoy Tyner,0.9968,0,5,5,,,,,
Album1098,deezer,1261477,Meat Is Murder,The Smiths,0.9972,0,9,9,,,,,
Album782,deezer,160222,"""Os Mutantes""",Os Mutantes,0.9831,0,11,11,,,,,
Album8508,deezer,88585,Starsailor,Tim Buckley,0.9963,0,9,9,,,,,
Album3567,deezer,14949781,Brown Sugar,D'Angelo,0.9992,0,10,10,,,,,
Album27685,deezer,300212,Point Of Departure (The Rudy Van Gelder Edition),Andrew Hill,0.9838,0,8,8,,,,,
Album879,deezer,1344848,Debut,Björk,0.9974,0,11,11,,,,,
Album2534,deezer,11234190,Low-Life,New Order,0.9978,0,8,8,,,,,
Album98741,deezer,1003970,Onward To Golgotha,Incantation,0.9975,0,11,11,,,,,
sp:4UnilfHlPTjL2fEz1vEWlc,deezer,6577643,Wagner: Tristan und Isolde,Kirsten Flagstad,0.7803,1,27,27,,,,,
Album319,deezer,1347663,Faith,The Cure,0.8924,0,8,8,,,,,
Album153,deezer,95531742,Transient Random-Noise Bursts With Announcements (Expanded Edition),Stereolab,0.9970,0,23,23,,,,,
Album20820,deezer,86302,Effigy of the Forgotten,Suffocation,0.9956,0,9,9,,,,,
Album10797,deezer,433091,Samba Esquema Novo,Jorge Ben Jor,0.9524,0,12,12,,,,,
Album87393,deezer,6156534,Michigan,Sufjan Stevens,0.9999,0,15,15,,,,,
Album408901,deezer,11317928,Monotheist,Celtic Frost,0.9979,0,11,11,,,,,
Album4115,deezer,77671942,Hammerheart,Bathory,0.9985,0,8,8,,,,,
Album1076,deezer,199692772,Dog Man Star (Remastered),The London Suede,0.9027,0,14,14,,,,,
Album35751,deezer,901496062,Mental Vortex,Coroner,0.9983,0,8,8,,,,,
Album49366,itunes:de,1444219349,"""X"" (Remastered 2017)",Klaus Schulze,0.9200,0,7,7,,,,,
Album500920,itunes:us,401697586,Julius Eastman: Unjust Malaise,Julius Eastman,0.8845,0,8,8,,,,,
Album3316,deezer,322504,Hex,Bark Psychosis,0.9979,0,7,7,,,,,
Album388,deezer,1456111,THE HOLY BIBLE,Manic Street Preachers,0.9918,0,13,13,,,,,
Album84906,deezer,2909691,From a Basement on the Hill,Elliott Smith,0.9994,0,15,15,,,,,
Album22294,deezer,98822272,Come My Fanatics...,Electric Wizard,0.9984,0,8,8,,,,,
Album25450,deezer,6967420,For Victory,Bolt Thrower,0.9991,0,10,10,,,,,
Album611212,,,,,,0,,,,,,,
Album1322533,deezer,7490189,Fleet Foxes,Fleet Foxes,0.9908,0,11,11,,,,,
Album176168,deezer,43851901,You Fail Me,Converge,0.9569,0,12,12,,,,,
Album144341,deezer,95710122,Dortmund (Quartet) 1976 (Live),Anthony Braxton Quartet,0.9117,0,4,4,,,,,
Album38748,deezer,107538,Miles In Europe,Miles Davis,0.8130,1,7,7,,,,,
Album10069,deezer,918255851,Tilt,Scott Walker,0.9985,0,9,9,,,,,
Album6432007,deezer,260450812,Third Side of Tape,Lil Ugly Mane,0.9955,0,50,50,,,,,
Album27184,deezer,329520247,The Somberlain,Dissection,0.9993,0,11,11,,,,,
Album130776,deezer,95089312,Love In Us All,Pharoah Sanders,0.9994,0,2,2,,,,,
Album32764,deezer,753442971,The Diary,Scarface,0.9961,0,13,13,,,,,
Album95557,deezer,329660,Evolution (Remastered),Grachan Moncur III,0.9884,0,4,4,,,,,
Album5735,deezer,229571,Fulfillingness' First Finale,Stevie Wonder,0.9958,0,10,10,,,,,
Album19496,deezer,7189723,Clandestine (Full Dynamic Range Edition),Entombed,0.9980,0,9,9,,,,,
Album76556,deezer,1003997,Transcendence Into the Peripheral / Dusk,Disembowelment,0.9663,0,16,16,,,,,
Album57470,deezer,61280902,No More Color,Coroner,0.9973,0,8,8,,,,,
Album36439,deezer,111239,Storia Di Un Impiegato,Fabrizio De André,0.9911,0,9,9,,,,,
Album16304,deezer,320939437,It's Time,Max Roach,0.9641,0,6,6,,,,,
Album204039,deezer,315325,Mahler: Das Lied von der Erde,Otto Klemperer,0.8948,0,6,6,,,,,
sp:3pSTyVZneMf0MAT43tcUYq,deezer,915446771,All Request Live,Ween,0.9968,0,16,16,,,,,
Album243,deezer,302275,Ambient 1: Music For Airports (Remastered 2004),Brian Eno,0.9588,0,4,4,,,,,
Album895,deezer,49988752,Parallel Lines,Blondie,0.9717,0,12,12,,,,,
Album8796,deezer,738116881,People's Instinctive Travels and the Paths of Rhythm (25th Anniversary Edition),A Tribe Called Quest,0.8860,0,20,20,,,,,
Album59266,deezer,317746,Minas,Milton Nascimento,0.9936,0,13,13,,,,,
Album13800737,deezer,265535642,volcanic bird enemy and the voiced concern,Lil Ugly Mane,0.9959,0,19,19,,,,,
Album10189,deezer,684797,Kimono My House,Sparks,0.9994,0,13,13,,,,,
Album2673,deezer,60151522,American Water,Silver Jews,0.9983,0,12,12,,,,,
Album391158,deezer,1021940,A Piece Of Strange,Cunninlynguists,0.9959,0,16,16,,,,,
Album19497,deezer,1052575,A Sun That Never Sets,Neurosis,0.9979,0,10,10,,,,,
Album2174692,deezer,6127862,Black Future,Vektor,0.9985,0,9,9,,,,,
Album20740,deezer,901495792,The Chemical Wedding,Bruce Dickinson,0.9982,0,13,13,,,,,
Album26445,deezer,72069302,Study In Brown,Clifford Brown,0.9202,0,9,9,,,,,
Album42817,deezer,6942620,Miles Davis At Fillmore: Live At The Fillmore East,Miles Davis,0.9338,0,17,17,,,,,
Album3612968,deezer,507223211,Replica,Oneohtrix Point Never,0.9959,0,10,10,,,,,
Album20,deezer,320966907,Reckoning,R.E.M.,0.9973,0,10,10,,,,,
Album5499,deezer,12487266,Tapestry,Carole King,0.9973,0,12,12,,,,,
Album12276,deezer,65021602,Ascenseur pour l'échafaud,Miles Davis,0.9869,0,27,27,,,,,
Album16330,deezer,154982132,Stormcock (2006 Remastered version),Roy Harper,0.9997,0,4,4,,,,,
Album64587,deezer,154368202,Alucinação,Belchior,0.9996,0,1,1,,,,,
Album163483,deezer,11611870,Epidemic Of Violence (Re-Issue),Demolition Hammer,0.9975,0,13,13,,,,,
Album337539,deezer,80379,The Minstrel Show (Explicit Version),Little Brother,0.9947,0,17,17,,,,,
Album11771,deezer,888979492,Death or Glory (Expanded Version / Remastered 2017),Running Wild,0.9978,0,17,17,,,,,
Album20864,deezer,160169,Live In Cook County Jail,B.B. King,0.9915,0,8,8,,,,,
Album852556,deezer,46586932,"Bach: Variations Goldberg, BWV 988",Pierre Hantaï,0.9550,0,32,32,,,,,
Album9013,deezer,900626922,Suicide (Remastered 2019),Suicide,0.9450,0,7,7,,,,,
Album2645,deezer,181095532,NEU!,Neu!,0.9450,0,6,6,,,,,
Album3388,deezer,6152799,2112 (Deluxe Edition),Rush,0.9969,0,9,9,,,,,
Album5231,deezer,77496,Surrealistic Pillow,Jefferson Airplane,0.9966,0,17,17,,,,,
Album40477,deezer,15438306,Pop,GAS,0.9992,0,7,7,,,,,
Album3190,deezer,154000552,Crazy Rhythms,The Feelies,0.9998,0,11,11,,,,,
Album17385,deezer,108391,Tijuana Moods,Charles Mingus,0.9509,0,22,22,,,,,
Album11245349,deezer,141631152,Fetch The Bolt Cutters,Fiona Apple,0.9989,0,13,13,,,,,
Album1638,deezer,108285,The Stranger (Legacy Edition),Billy Joel,0.9115,0,21,21,,,,,
Album53577,deezer,5735951,Radio Amor,Tim Hecker,0.9982,0,10,10,,,,,
Album3866,deezer,260542,October Rust (Special Edition),Type O Negative,0.9973,0,18,18,,,,,
Album36438,deezer,110574,"Non Al Denaro, Non All'Amore, Ne Al Cielo",Fabrizio De André,0.9899,0,9,9,,,,,
Album73060,deezer,936013,Take Me To Your Leader,King Geedorah,0.9962,0,13,13,,,,,
Album125628,deezer,1494527,Arthur Verocai,Arthur Verocai,0.9951,0,10,10,,,,,
Album7997739,deezer,15057671,Jane Live,Converge,0.9968,0,12,12,,,,,
Album1883,deezer,613531,In Case You Didn't Feel Like Showing Up (Live),Ministry,0.9986,0,6,6,,,,,
Album42129,deezer,71936,"Live From New York City, 1967",Simon & Garfunkel,0.9998,0,19,19,,,,,
Album8842897,deezer,492852391,OIL OF EVERY PEARL'S UN-INSIDES,SOPHIE,0.9972,0,9,9,,,,,
Album2605,deezer,10965506,Alien Lanes,Guided By Voices,0.9925,0,28,28,,,,,
Album3610,deezer,192406492,Dirty Mind,Prince,0.9869,0,8,8,,,,,
Album10584,deezer,115181742,Not Available: pREServed Edition,The Residents,0.9042,0,27,27,,,,,
Album48382,deezer,10596531,Darkness Descends,Dark Angel,0.9920,0,7,7,,,,,
Album12473918,deezer,711835771,I am Omori,Omori,0.7360,1,5,5,,,,,
Album125809,deezer,2795161,Tri Repetae,Autechre,0.9982,0,10,10,,,,,
Album47559,deezer,2910051,A Promise,Xiu Xiu,0.9994,0,10,10,,,,,
Album11911,deezer,104946,Days Of Future Passed (Expanded Edition),The Moody Blues,0.8427,0,17,17,,,,,
Album5711,deezer,320928987,Pronounced' Leh-'Nerd 'Skin-'Nerd,Lynyrd Skynyrd,1.0000,0,8,8,,,,,
Album1727,deezer,443483005,Countdown To Ecstasy,Steely Dan,0.9998,0,8,8,,,,,
Album2323,itunes:us,1667693815,Over-Nite Sensation,Frank Zappa & The Mothers,0.9618,0,7,7,,,,,
Album1063,deezer,302141,Black Sea,XTC,0.9972,0,14,14,,,,,
Album18940,deezer,267389862,Death Certificate,Ice Cube,0.9952,0,20,20,,,,,
Album33920,deezer,259495,Les Cinq Saisons,Harmonium,0.9984,0,5,5,,,,,
Album28348,deezer,104742,What Color Is Love,Terry Callier,0.9980,0,7,7,,,,,
Album40240,,,,,,0,,,,,,,
Album318,deezer,1345746,Seventeen Seconds (Deluxe Edition),The Cure,0.9960,0,25,25,,,,,
Album3813509,deezer,43862861,All We Love We Leave Behind (Deluxe Edition),Converge,0.9965,0,17,17,,,,,
Album10354,deezer,113509,The Notorious Byrd Brothers,The Byrds,0.9223,0,17,17,,,,,
Album10979,deezer,230999,I Want To See The Bright Lights Tonight,Richard & Linda Thompson,0.9766,0,13,13,,,,,
Album31923,deezer,82035,The Inflated Tear,Roland Kirk,0.9964,0,10,10,,,,,
Album23111,deezer,392774,Thundersteel,Riot,0.9993,0,9,9,,,,,
Album687758,deezer,404237507,Viides Luku - Hävitetty,Moonsorrow,0.8553,1,2,2,,,,,
Album125981,deezer,5374201,Nuovo Cinema Paradiso (Original Motion Picture Soundtrack) (Remastered Edition),Ennio Morricone,0.9960,0,23,23,,,,,
Album913,deezer,406841,Q: Are We Not Men? A: We Are Devo!,Devo,0.9986,0,11,11,,,,,
Album686344,deezer,300294,Lifes Rich Pageant,R.E.M.,0.9785,0,12,12,,,,,
Album23920,deezer,80675962,Revolution Of The Mind (Live),James Brown,0.9535,0,12,12,,,,,
Album13244437,deezer,742624121,SINNER GET READY,Lingua Ignota,0.9995,0,9,9,,,,,
Album264505,deezer,827495281,The Sunset Tree (2025 Remaster),The Mountain Goats,0.9995,0,13,13,,,,,
Album754,itunes:us,299036715,Pithecanthropus Erectus,Charles Mingus,0.8560,0,4,4,,,,,
Album7535,deezer,96844702,Somewhere Far Beyond (Remastered 2007),Blind Guardian,0.9973,0,15,15,,,,,
Album9060776,deezer,67215212,Boxer (Live in Brussels),The National,0.9957,0,12,12,,,,,
Album256492,deezer,10982502,Alligator,The National,0.9971,0,13,13,,,,,
Album8544,deezer,629452021,Paris 1919 (Deluxe Edition),John Cale,0.8559,1,16,16,,,,,
Album1791,deezer,320445247,#1 Record,Big Star,0.9986,0,12,12,,,,,
Album4001,deezer,208103,Under A Funeral Moon,Darkthrone,0.9974,0,8,8,,,,,
Album6709,deezer,265182102,Pulse (Live),Pink Floyd,0.9510,0,25,25,,,,,
sp:12Ul3nb1lU4EJN8ZFSMHGn,deezer,211859822,Madvillainy Instrumentals,Madvillain,0.9942,0,17,17,,,,,
Album3211132,deezer,751052,Let England Shake,PJ Harvey,0.9498,0,12,12,,,,,
Album8012,deezer,189259342,Tea For The Tillerman (Remastered 2020),Yusuf / Cat Stevens,0.9613,0,11,11,,,,,
Album1792,deezer,320932177,Radio City,Big Star,0.9987,0,12,12,,,,,
Album22886,deezer,901406632,Pleasure to Kill,Kreator,0.9992,0,12,12,,,,,
Album5555,deezer,900629922,Morbid Tales (Expanded Version),Celtic Frost,0.8910,0,13,13,,,,,
Album12435,deezer,1209439,Nefertiti (Expanded Edition),Miles Davis,0.9977,0,10,10,,,,,
Album19951,deezer,901480622,Live (Expanded Edition),Colosseum,0.8300,1,7,7,,,,,
Album755757,deezer,173835572,Fear of a Blank Planet,Porcupine Tree,0.9983,0,6,6,,,,,
Album85,deezer,901493642,Henry's Dream (Remastered 2010),Nick Cave & The Bad Seeds,0.9976,0,9,9,,,,,
Album5885,deezer,14720852,Milestones (Mono),Miles Davis,0.9227,0,6,6,,,,,
Album198487,deezer,1003960,Terrifyer,Pig Destroyer,0.9916,0,21,21,,,,,
Album26606,deezer,539735722,Eastern Sounds (Remastered 2023),Yusef Lateef,0.9875,0,9,9,,,,,
Album301581,deezer,1022768361,Ella Fitzgerald Sings The Cole Porter Song Book,Ella Fitzgerald,0.9879,0,32,32,,,,,
Album25490,deezer,299427,Adam's Apple (Rudy Van Gelder Edition),Wayne Shorter,0.9916,0,7,7,,,,,
Album5604,deezer,7740824,Santana,Santana,0.8900,0,9,9,,,,,
Album4592569,deezer,6809437,Colored Sands,Gorguts,0.9986,0,9,9,,,,,
Album16103,deezer,7291442,Ghost Tropic,Songs: Ohia,0.9999,0,8,8,,,,,
Album53504,deezer,74551,Nina Simone Sings The Blues (Expanded Edition),Nina Simone,0.9296,0,13,13,,,,,
Album56700,deezer,779036931,"Rip, Rig And Panic",Roland Kirk Quartet,0.8903,0,7,7,,,,,
Album18145,deezer,301074,Black Dots,Bad Brains,0.9950,0,16,16,,,,,
Album26547,deezer,484889625,Mode For Joe,Joe Henderson,0.9621,0,6,6,,,,,
Album1774,deezer,12431928,A Wizard / A True Star,Todd Rundgren,0.9967,0,19,19,,,,,
Album16104,deezer,7291364,The Lioness,Songs: Ohia,0.9992,0,9,9,,,,,
Album31067,deezer,70551452,Cold Fact,Rodriguez,0.9953,0,12,12,,,,,
Album964594,deezer,6959356,To the Nameless Dead,Primordial,0.9989,0,8,8,,,,,
Album44457,deezer,6585223,Messiaen: Quatuor pour la fin du temps,Luben Yordanoff,0.9091,0,8,8,,,,,
Album30549,deezer,175927162,Elephant,The White Stripes,0.9726,0,14,14,,,,,
Album2130,deezer,310454037,Red Medicine,Fugazi,0.9971,0,13,13,,,,,
Album12420,deezer,227144532,Heartwork (Ultimate Edition),Carcass,0.9969,0,22,22,,,,,
Album35217,deezer,6200533,"""Bath""",Maudlin of the Well,0.9973,0,10,10,,,,,
Album92546,deezer,742586951,We Are the Romans,Botch,0.9998,0,21,21,,,,,
Album130190,deezer,414393847,Spectrum of Death,Morbid Saint,0.9367,0,8,8,,,,,
Album1313,deezer,228067,Figure 8,Elliott Smith,0.9953,0,16,16,,,,,
Album78,deezer,901410982,The Boatman's Call (Remastered 2011),Nick Cave & The Bad Seeds,0.9968,0,12,12,,,,,
Album100738,deezer,112854212,Anima latina,Lucio Battisti,0.9934,0,11,11,,,,,
Album14364,deezer,9679568,Destination...Out!,Jackie McLean,0.9973,0,4,4,,,,,
Album49358,deezer,12509598,Mystification,Manilla Road,0.9951,0,30,30,,,,,
Album2631,deezer,228054852,This Is a Long Drive for Someone with Nothing to Think About,Modest Mouse,0.9970,0,16,16,,,,,
Album6764290,deezer,12436142,Terminal Redux,Vektor,0.9991,0,10,10,,,,,
Album8651,deezer,653085,Breakfast In America (Deluxe Edition),Supertramp,0.9334,0,22,22,,,,,
Album17021,deezer,6967397,Streetcleaner,Godflesh,0.9997,0,14,14,,,,,
Album19372,deezer,1213693,The United States Of America,The United States Of America,0.8916,0,20,20,,,,,
Album19972,itunes:us,910532068,Ghost in the Shell - Koukaku Kidoutai (Original Soundtrack),Kenji Kawai,0.8132,1,11,11,,,,,
Album2719,deezer,1346728,LIVE,Built To Spill,0.9987,0,9,9,,,,,
Album9919011,deezer,364032877,GREY Area,Little Simz,0.9968,0,10,10,,,,,
Album13311674,deezer,234682722,Mercurial World,Magdalena Bay,0.9965,0,14,14,,,,,
Album66,deezer,256645,Tigermilk,Belle & Sebastian,0.9964,0,10,10,,,,,
Album517,deezer,301839,Ill Communication,Beastie Boys,0.9992,0,20,20,,,,,
Album8335,deezer,667034,Happy Sad,Tim Buckley,0.9989,0,6,6,,,,,
Album69528,itunes:us,984516888,El patio - 40 aniversario,Triana,1.0000,0,11,11,,,,,
Album105636,deezer,329614,"Alive! (Live At The Cliche' Lounge, Newark, New Jersey, 1970 / Remastered 2000)",Grant Green,0.8436,0,8,8,,,,,
Album21067,deezer,11091798,Chinatown (Original Motion Picture Soundtrack),Jerry Goldsmith,0.9950,0,12,11,,,,,
Album56332,deezer,14879739,Hail To the Thief,Radiohead,0.9969,0,14,14,,,,,
Album12188858,deezer,182543292,For the first time,"Black Country, New Road",0.9985,0,6,6,,,,,
Album730,deezer,124333,Rid Of Me,PJ Harvey,0.9975,0,14,14,,,,,
Album8612,itunes:us,1443185382,Uncle Meat,The Mothers of Invention,1.0000,0,31,31,,,,,
Album49301,deezer,404163397,Kivenkantaja,Moonsorrow,0.9977,0,9,9,,,,,
Album24833,deezer,309070,Cool Struttin' (Remastered / Rudy Van Gelder Edition),Sonny Clark,0.9885,0,6,6,,,,,
Album28162,deezer,321925,A Night In Tunisia (Remaster),Art Blakey,0.9651,0,7,7,,,,,
Album12710,deezer,241510,Schindler's List,John Williams,0.9219,0,14,14,,,,,
Album1321601,deezer,538568102,Schnittke: String Quartets Nos. 1-3,Tale Quartet,0.8160,1,10,10,,,,,
Album1055,deezer,416500997,Psychocandy,The Jesus And Mary Chain,0.9453,0,14,14,,,,,
Album348392,itunes:us,1447486974,Takk...,Sigur Rós,1.0000,0,11,11,,,,,
Album8637591,deezer,892830842,4eva Is A Mighty Long Time,Big K.R.I.T.,0.9972,0,22,22,,,,,
Album3841,deezer,2795821,Confield,Autechre,0.9982,0,9,9,,,,,
Album11346,deezer,8604770,Black Rose: A Rock Legend,Thin Lizzy,0.9973,0,9,9,,,,,
Album669038,deezer,10650156,Back To Black,Amy Winehouse,0.9429,0,11,11,,,,,
Album17500,deezer,68430971,Out There (Rudy Van Gelder Remaster),Eric Dolphy,0.9903,0,7,7,,,,,
Album25863,deezer,832264721,Sonny Side Up,Dizzy Gillespie,0.9727,0,4,4,,,,,
Album91172,deezer,321910,Indestructible,Art Blakey,0.9733,0,6,6,,,,,
Album5069,deezer,700934,Just For A Day,Slowdive,0.9975,0,21,21,,,,,
Album1094,deezer,375514,New Day Rising,Hüsker Dü,0.9993,0,15,15,,,,,
Album81487,deezer,8695647,Word...Life (Deluxe Edition),O.C.,0.9971,0,27,27,,,,,
Album2435426,itunes:us,888170228,Sonic R (Original Soundtrack),SEGA/Richard Jacques,0.9622,0,17,17,,,,,
Album4150391,deezer,6051312,Koi No Yokan,Deftones,0.9974,0,11,11,,,,,
Album33889,deezer,6508996,Tallahassee,The Mountain Goats,0.9961,0,14,14,,,,,
Album31498,deezer,102204,Spirit in the Dark,Aretha Franklin,0.9972,0,12,12,,,,,
Album34354,deezer,12714634,Crystal Logic,Manilla Road,0.9999,0,26,26,,,,,
Album244941,deezer,1041008442,SILENT HILL: The Short Message ORIGINAL SOUNDTRACK,Akira Yamaoka,0.7857,1,82,82,,,,,
Album1062567,deezer,905342562,The Assassination of Jesse James by the Coward Robert Ford (Music From The Original Motion Picture Soundtrack),Nick Cave,0.9698,0,14,14,,,,,
Album44066,deezer,608923,Live in Europe,Otis Redding,0.9961,0,10,10,,,,,
Album69888,deezer,54290082,The Unseen,Quasimoto,0.9950,0,24,24,,,,,
Album1604,deezer,99603212,"Parsley, Sage, Rosemary And Thyme",Simon & Garfunkel,0.9660,0,12,12,,,,,
Album6643149,deezer,91557192,Exercises in Futility,Mgła,0.9987,0,6,6,,,,,
Album732,deezer,123020,Is This Desire?,PJ Harvey,0.9959,0,12,12,,,,,
Album10769,deezer,512316,Rum Sodomy & The Lash,The Pogues,0.9580,0,13,13,,,,,
Album504365,deezer,6967541,Somewhere Along The Highway,Cult Of Luna,0.9999,0,7,7,,,,,
Album826,deezer,101996,Complete & Unbelievable: The Otis Redding Dictionary of Soul,Otis Redding,0.9966,0,12,12,,,,,
Album141177,deezer,699544201,Court In The Act,Satan,0.9964,0,10,10,,,,,
Album28120,deezer,62000012,Tell Mama,Etta James,0.9761,0,12,12,,,,,
Album22685,deezer,62557492,Star Wars: Return of the Jedi (Original Motion Picture Soundtrack),John Williams,0.9973,0,11,11,,,,,
Album1997523,deezer,251011802,Smile,Boris,0.9998,0,8,8,,,,,
Album8802820,deezer,814180551,Dead Magic,Anna von Hausswolff,0.9987,0,5,5,,,,,
Album2539,deezer,6014554,Blue Lines (2012 Mix/Master),Massive Attack,0.9356,0,9,9,,,,,
Album6604529,deezer,11253354,Have You In My Wilderness,Julia Holter,0.9966,0,10,10,,,,,
Album342304,itunes:us,792609761,The Moon Is a Dead World,Gospel,1.0000,0,8,8,,,,,
Album8588041,,,,,,0,,,,,,,
Album10740,deezer,81577,If I Should Fall from Grace with God (Expanded Edition),The Pogues,0.9953,0,19,19,,,,,
Album22733,deezer,613305,John Prine,John Prine,0.9953,0,13,13,,,,,
Album81647,deezer,11082218,Over the Edge,Wipers,0.9956,0,11,11,,,,,
Album2500,deezer,249212,Unhalfbricking (Bonus Track Edition),Fairport Convention,0.9239,0,10,10,,,,,
Album40356,deezer,1249708,Hoodoo Man Blues (Deluxe Edition),Junior Wells' Chicago Blues Band,0.9338,0,26,26,,,,,
Album15371,deezer,192364242,1996,Ryuichi Sakamoto,0.9964,0,12,12,,,,,
Album9235476,deezer,369463837,Time 'n' Place,Kero Kero Bonito,0.9946,0,12,12,,,,,
Album8195,deezer,99691652,Ricochet (Live / Deluxe Version),Tangerine Dream,0.9950,0,4,4,,,,,
Album21274,deezer,66647842,Raiders of the Lost Ark (Original Motion Picture Soundtrack),John Williams,0.9963,0,22,22,,,,,
Album10278077,deezer,100249032,Schlagenheim,black midi,0.9970,0,9,9,,,,,
Album3800,deezer,14581962,Badmotorfinger (25th Anniversary Remaster),Soundgarden,0.9982,0,12,12,,,,,
Album577,deezer,123974,My Aim Is True,Elvis Costello,0.9854,0,13,13,,,,,
Album5382,deezer,111848,Time Out Of Mind,Bob Dylan,0.9998,0,11,11,,,,,
Album11264,deezer,6604362,Younger Than Yesterday,The Byrds,0.9967,0,17,17,,,,,
Album96442,deezer,2378391,The Black Album,JAŸ-Z,0.9945,0,14,14,,,,,
Album14372,deezer,97632,Birds Of Fire,Mahavishnu Orchestra,0.9993,0,10,10,,,,,
Album17445,deezer,1345199,Hall Of The Mountain King,Savatage,0.9962,0,10,10,,,,,
Album24021,deezer,717471951,La Grasa de las Capitales: Edición 40º Aniversario (Remasterizado 2019),Seru Giran,0.9681,0,9,9,,,,,
Album199317,deezer,321376,Dance With Death,Andrew Hill,0.9892,0,7,7,,,,,
Album8598,deezer,88306,Chocolate and Cheese,Ween,0.9965,0,16,16,,,,,
Album14590,deezer,4851741,From The Lion's Mouth,The Sound,0.9975,0,10,10,,,,,
Album409882,deezer,50272182,Suspiria (40th Anniversary) (Original Motion Picture Soundtrack),Goblin,0.9968,0,22,22,,,,,
Album143534,deezer,7770428,Eternal Rhythm,Don Cherry,0.9990,0,2,2,,,,,
Album24943,deezer,6118319,Coltrane (Expanded Edition),John Coltrane Quartet,0.8131,1,7,7,,,,,
Album48646,deezer,89560,The Baby Huey Story: The Living Legend,Baby Huey,0.9982,0,8,8,,,,,
Album25739,deezer,326566347,Bridge Of Sighs (2007 Remaster),Robin Trower,0.9973,0,8,8,,,,,
Album59872,deezer,314333157,You Got My Mind Messed Up,James Carr,0.9946,0,24,24,,,,,
Album24029,deezer,1217378,Peliculas,La Maquina De Hacer Pájaros,0.9978,0,8,8,,,,,
Album176,deezer,11443478,Loaded (2015 Remaster),The Velvet Underground,0.9369,0,14,14,,,,,
Album2424491,deezer,43855121,Axe To Fall,Converge,0.9959,0,13,13,,,,,
Album17775,deezer,41218911,Spiritual Unity 50th Anniversary Expanded Edition,Albert Ayler Trio,0.9974,0,5,5,,,,,
Album3124,deezer,8082926,New Skin For The Old Ceremony,Leonard Cohen,0.9954,0,11,11,,,,,
Album7767,deezer,272915712,Standing On The Verge Of Getting It On,Funkadelic,0.9982,0,7,7,,,,,
Album8118,deezer,329230367,This Is the Sea (Deluxe Version),The Waterboys,0.9974,0,23,23,,,,,
Album17825,deezer,300264,Soul Station,Hank Mobley,0.9851,0,6,6,,,,,
Album292466,deezer,45031831,The Elements,Joe Henderson,0.9708,0,4,4,,,,,
Album3613472,deezer,82417372,Inni (Live),Sigur Rós,0.9520,0,15,15,,,,,
Album92,deezer,1422098,The Times They Are A-Changin',Bob Dylan,0.9994,0,10,10,,,,,
Album25288,deezer,11471752,Deliverance,Opeth,0.9988,0,6,6,,,,,
Album4864,deezer,95911,"King for a Day, Fool for a Lifetime",Faith No More,0.9966,0,14,14,,,,,
Album28848,deezer,123703,Mark Hollis,Mark Hollis,0.9978,0,8,8,,,,,
Album12134,deezer,687551,Begin,The Millennium,0.9989,0,16,16,,,,,
Album7754,deezer,46291182,Land of the Free (Anniversary Edition),Gamma Ray,0.9972,0,20,20,,,,,
Album20512,deezer,278523492,USA (Live),King Crimson,0.9525,0,9,9,,,,,
Album5652,deezer,58738212,Rory Gallagher (Remastered 2017),Rory Gallagher,0.9883,0,12,12,,,,,
Album36437,deezer,111212,La Buona Novella,Fabrizio De André,0.9909,0,10,10,,,,,
Album5656,deezer,58735692,Tattoo (Remastered 2017),Rory Gallagher,0.9968,0,10,10,,,,,
Album5933,deezer,86469162,Plays Live,Peter Gabriel,0.9975,0,16,16,,,,,
Album13175,itunes:us,1452250908,Pärt: Te Deum,"Tõnu Kaljuste, Estonian Philharmonic Chamber Choir & Tallinn Chamber Orchestra",0.8747,0,11,11,,,,,
Album10356,deezer,293540,Paris,Supertramp,0.9485,0,16,16,,,,,
Album245503,deezer,98253162,Lo Mato,Willie Colón,0.9909,0,8,7,,,,,
Album10872,deezer,88552402,Silent Tongues,Cecil Taylor,0.9985,0,5,5,,,,,
Album2962,deezer,91272,Around the Fur,Deftones,0.9821,0,10,10,,,,,
Album2688,deezer,91347,Summerteeth,Wilco,0.9962,0,17,17,,,,,
Album15725,deezer,467134345,Octopus (2011 Remaster),Gentle Giant,0.9983,0,9,9,,,,,
Album8045,deezer,460929655,Frank’s Wild Years (2023 Remaster),Tom Waits,0.9983,0,17,17,,,,,
Album24505,,,,,,0,,,,,,,
Album20241,deezer,166480,Brave Murder Day,Katatonia,0.9977,0,9,9,,,,,
Album12107,deezer,67414822,Acquiring The Taste,Gentle Giant,0.9978,0,8,8,,,,,
Album7650,deezer,901421522,Look At Yourself (Expanded Version),Uriah Heep,0.9980,0,24,24,,,,,
Album496,deezer,10945520,In the Flat Field,Bauhaus,0.9970,0,18,18,,,,,
Album17444,deezer,7688610,Gutter Ballet,Savatage,0.9976,0,11,11,,,,,
Album19958,deezer,106742,Toward the Within (Remastered),Dead Can Dance,0.9971,0,15,15,,,,,
Album10876,deezer,6118312,Stellar Regions (Expanded Edition),John Coltrane,0.9275,0,11,11,,,,,
Album4936945,deezer,352380427,Live from KCRW,Nick Cave & The Bad Seeds,0.9986,0,10,10,,,,,
Album46199,,,,,,0,,,,,,,
Album132050,itunes:us,1692802275,"Rimsky-Korsakov: Scheherazade, Op. 35 (Remastered 2023)",Chicago Symphony Orchestra & Fritz Reiner,1.0000,0,4,4,,,,,
Album5921,deezer,1345208,A Trick of the Tail,Genesis,0.9979,0,8,8,,,,,
Album7938,deezer,1345727,Roots,Curtis Mayfield,0.9966,0,11,11,,,,,
Album6629,deezer,13632578,The Allman Brothers Band,The Allman Brothers Band,0.9616,0,7,7,,,,,
Album280331,itunes:us,269238587,Consume Red,Ground Zero,0.9808,0,1,1,,,,,
Album10955,deezer,1035648822,Secos & Molhados (Remasterizado),Secos & Molhados,0.9908,0,13,13,,,,,
Album9473,deezer,465415,The Headless Children,W.A.S.P.,0.9970,0,16,16,,,,,
Album781,deezer,39385391,Underground,Thelonious Monk,0.9997,0,7,7,,,,,
Album8935298,deezer,193375342,Celeste (Original Soundtrack),Lena Raine,0.9974,0,21,21,,,,,
Album223065,deezer,321369,Compulsion,Andrew Hill,0.9987,0,4,4,,,,,
Album11839,deezer,81920342,Make A Jazz Noise Here (Live),Frank Zappa,0.9512,0,25,25,,,,,
sp:25Uej9vkdGxJOclrpDaetA,itunes:gb,510129517,"Tchaikovsky: Piano Concerto No. 1, Op. 23","RCA Orchestra, Kirill Kondrashin & Van Cliburn",1.0000,0,3,3,,,,,
Album1066,deezer,302144,English Settlement,XTC,0.9926,0,15,15,,,,,
Album10395,deezer,7094221,Big Fun (2022 Remaster),Miles Davis,0.9986,0,8,8,,,,,
Album77562,deezer,81790212,El Derecho de Vivir en Paz,Víctor Jara,0.9405,0,14,14,,,,,
Album19706,deezer,102212,"Young, Gifted and Black",Aretha Franklin,0.9967,0,12,12,,,,,
Album18963,deezer,308812,Vital (Live),Van Der Graaf Generator,0.9612,0,10,10,,,,,
Album3000596,deezer,659382,Halcyon Digest,Deerhunter,0.9975,0,11,11,,,,,
Album3674,deezer,924092,Layla And Other Assorted Love Songs (Remastered 2010),Derek & The Dominos,0.9952,0,14,14,,,,,
Album18864,itunes:us,1191753743,Substrata,Biosphere,1.0000,0,21,21,,,,,
Album34848,deezer,611802,"Full House ""Live""",The J. Geils Band,0.8434,0,8,8,,,,,
Album1359,deezer,10039886,Little Earthquakes (Deluxe Edition),Tori Amos,0.9972,0,30,30,,,,,
Album7322,deezer,162463222,Promise,Sade,0.9942,0,11,11,,,,,
Album26051,itunes:us,637056287,Philip Glass: Einstein on the Beach,The Philip Glass Ensemble,0.8908,0,20,20,,,,,
Album513518,,,,,,0,,,,,,,
Album148848,itunes:us,510627656,Bartók: Concerto for Orchestra,Chicago Symphony Orchestra & Fritz Reiner,0.8083,1,14,14,,,,,
Album1099341,itunes:us,1682505763,Halo 3 (Original Soundtrack),"Martin O'Donnell, Michael Salvatori & Princeton",0.9622,0,32,32,,,,,
Album7208026,deezer,99421352,Live in Toronto,King Crimson,1.0000,0,18,18,,,,,
Album13218994,deezer,239516692,CALL ME IF YOU GET LOST,"Tyler, The Creator",0.9956,0,16,16,,,,,
Album12924,deezer,72087952,The Sun Rises In The East,Jeru The Damaja,0.9952,0,13,13,,,,,
Album23927,deezer,247216,The Payback,James Brown,0.9343,0,8,8,,,,,
Album12416,deezer,78423,On Your Feet Or On Your Knees,Blue Öyster Cult,0.9800,0,12,12,,,,,
Album54515,deezer,6228210,The Immortal Otis Redding,Otis Redding,0.9951,0,11,11,,,,,
Album106860,deezer,88219,Forest Flower: Charles Lloyd At Monterey (Live),Charles Lloyd,0.9058,0,5,5,,,,,
Album8428,deezer,542443822,The Marble Index,Nico,0.9911,0,10,10,,,,,
Album154212,deezer,116976992,Nowa Aleksandria,Siekiera,0.9996,0,25,25,,,,,
Album13840,deezer,11322786,Remedy Lane,Pain Of Salvation,0.9974,0,13,13,,,,,
Album184,deezer,94830112,Tommy,The Who,0.9938,0,24,24,,,,,
Album161792,deezer,81543,Smile,Brian Wilson,0.9961,0,18,18,,,,,
Album12691,deezer,3957971,Blessed Are the Sick,Morbid Angel,0.9976,0,13,13,,,,,
Album10411,deezer,2375961,Follow The Leader (Expanded Edition),Eric B. & Rakim,0.9996,0,14,14,,,,,
Album330417,deezer,321138327,Fishscale (Expanded Edition),Ghostface Killah,0.9977,0,27,27,,,,,
Album1981,deezer,302510,Clutching at Straws,Marillion,0.9969,0,23,23,,,,,
Album113010,deezer,1052593,Mortal Throne of Nazarene,Incantation,0.9974,0,8,8,,,,,
Album29002,deezer,162128,Muddy Waters,Redman,0.9975,0,23,23,,,,,
Album82004,deezer,115854,Bram Stoker's Dracula: Original Motion Picture Soundtrack,Wojciech Kilar,0.9048,0,16,16,,,,,
Album57945,deezer,329672,Matador,Grant Green,0.9996,0,5,5,,,,,
Album660739,deezer,104260,The Joshua Tree,U2,0.9378,0,11,11,,,,,
Album7407,deezer,300591,Real Life,Magazine,0.9791,0,13,13,,,,,
Album5554,deezer,901408862,To Mega Therion,Celtic Frost,0.9961,0,11,11,,,,,
Album37367,itunes:us,1443115749,Little Richard,Little Richard,0.9639,0,12,12,,,,,
Album4065445,deezer,5946143,Lonerism,Tame Impala,0.9981,0,12,12,,,,,
Album537986,deezer,257854,The Black Parade,My Chemical Romance,0.9968,0,14,14,,,,,
Album4578738,deezer,15149991,Ceres & Calypso in the Deep Time,Candy Claws,0.9964,0,12,12,,,,,
Album22859,deezer,208418,The Dreadful Hours,My Dying Bride,0.9985,0,8,8,,,,,
Album503589,deezer,901441652,Three Cheers for Disappointment,The Arrogant Sons Of Bitches,0.9953,0,13,13,,,,,
Album540634,itunes:us,1220777588,Iannis Xenakis: Chamber Music 1955 - 1990,Claude Helfer & Arditti String Quartet,0.7445,1,15,15,,,,,
sp:66z2S9wlqHeXhSSklAtk7y,deezer,185284182,Werewolves and Lollipops,Patton Oswalt,0.9955,0,22,22,,,,,
Album1099,deezer,1261475,"Strangeways, Here We Come",The Smiths,0.9974,0,10,10,,,,,
Album9852,deezer,63797792,He Has Left Us Alone But Shafts Of Light Sometimes Grace The Corner Of Our Rooms,Silver Mt. Zion,0.8716,1,8,8,,,,,
Album3509185,deezer,14107280,Giles Corey,Giles Corey,0.9993,0,9,9,,,,,
Album37285,deezer,9414520,Fake Train,Unwound,0.9998,0,12,12,,,,,
Album41476,deezer,303469,Ziggy Stardust and the Spiders from Mars (The Motion Picture Soundtrack; Live),David Bowie,0.8268,0,18,18,,,,,
Album505409,itunes:us,1443211091,"A Night At Birdland, Vol. 1 (Live)",Art Blakey,0.9202,0,6,6,,,,,
Album444903,deezer,94352362,End of an Era (Live),Nightwish,0.9529,0,18,18,,,,,
Album17439,deezer,387798587,Morningrise,Opeth,0.9990,0,6,6,,,,,
Album133661,deezer,123542962,Teenage Snuff Film,Rowland S. Howard,0.9974,0,10,10,,,,,
Album23996,deezer,69919582,Piano Bar,Charly García,0.9904,0,11,11,,,,,
Album10688,deezer,587491882,The Legacy (Remastered 2024),Testament,0.9985,0,9,9,,,,,
Album15727,deezer,9372272,The Power and the Glory (Mixed by Steven Wilson),Gentle Giant,0.9516,0,10,10,,,,,
Album15726,deezer,470679955,In a Glass House,Gentle Giant,0.9979,0,8,8,,,,,
Album14863,deezer,126117,Workin' With The Miles Davis Quintet,Miles Davis,0.9447,0,8,8,,,,,
Album33000,deezer,117007,Per Un Amico,Premiata Forneria Marconi,0.9985,0,5,5,,,,,
Album10002,deezer,613070,Metal Church,Metal Church,0.9985,0,9,9,,,,,
sp:7njGz7ZeDXL6cH3VnflcQ2,deezer,239674,Live At The Regal,B.B. King,0.9979,0,10,10,,,,,
Album185429,deezer,526142052,Un Baión para el Ojo Idiota,Patricio Rey y sus Redonditos de Ricota,0.9973,0,8,8,,,,,
Album21728,deezer,972051,American Poet,Lou Reed,0.9983,0,12,12,,,,,
Album27671,deezer,107921,Southernplayalisticadillacmuzik,OutKast,0.9987,0,17,17,,,,,
Album296,deezer,57893612,Small Change (Remastered),Tom Waits,0.9974,0,11,11,,,,,
Album28519,deezer,59980592,Moondog,Moondog,0.9731,0,8,8,,,,,
Album5970,deezer,11674580,A New World Record,Electric Light Orchestra,0.9969,0,9,9,,,,,
Album4185,deezer,57553952,Wildhoney,Tiamat,0.9975,0,10,10,,,,,
Album440129,deezer,1014773,The Galilean Satellites,Rosetta,0.9988,0,10,10,,,,,
Album759605,deezer,264472912,Zarathustra,Museo Rosenbach,0.9959,0,5,5,,,,,
Album174554,deezer,875322852,Center of Attention,Pete Rock,0.9373,0,15,15,,,,,
Album123818,deezer,8297998,Straight Life (CTI Records 40th Anniversary Edition),Freddie Hubbard,0.9251,0,3,3,,,,,
Album1309,deezer,2909681,Roman Candle,Elliott Smith,0.9995,0,9,9,,,,,
Album206648,deezer,956559641,Absence,Dälek,0.9972,0,10,10,,,,,
Album5446,deezer,326492,Reachin' (A New Refutation Of Time And Space),Digable Planets,0.9987,0,14,14,,,,,
Album7441,deezer,1003994,Prowler In the Yard,Pig Destroyer,0.9917,0,22,22,,,,,
Album13929,deezer,321145227,Captain Beyond,Captain Beyond,0.9940,0,13,13,,,,,
Album33001,deezer,111977,Storia Di Un Minuto,Premiata Forneria Marconi,0.9576,0,7,7,,,,,
Album8680,deezer,865788522,Labcabincalifornia (30th Anniversary Edition),The Pharcyde,0.8648,0,29,29,,,,,
sp:3jbnkGDaYChChu5Cs8LEvD,deezer,80672622,Live At The Apollo (Expanded Edition),James Brown,0.8366,0,12,12,,,,,
Album40809,deezer,301815,Hard To Earn,Gang Starr,0.9981,0,17,17,,,,,
Album30795,deezer,10590911,Black Fire,Andrew Hill,0.9642,0,7,7,,,,,
Album31848,deezer,7095268,Hell On Earth,Mobb Deep,0.9996,0,14,14,,,,,
Album70262,itunes:us,1554111548,Another Thought,Arthur Russell,1.0000,0,15,15,,,,,
Album4562,deezer,70493232,Ella and Louis,Ella Fitzgerald,0.8912,0,11,11,,,,,
Album300485,deezer,19745401,Korowod,Marek Grechuta,0.9699,0,9,9,,,,,
Album22809,deezer,903308162,The John Coltrane Quartet Plays,John Coltrane Quartet,0.9972,0,4,4,,,,,
Album46469,deezer,10154728,Still Bill,Bill Withers,0.9857,0,10,10,,,,,
Album295852,itunes:us,1375807797,Star Wars: Revenge of the Sith (Original Motion Picture Soundtrack),John Williams,0.7391,1,15,15,,,,,
sp:0FvmG2hOYcoG63bcQpizxp,deezer,51696882,The Earache Peel Sessions,Napalm Death,0.8806,0,34,34,,,,,
Album14777,deezer,107540,Miles In Berlin,Miles Davis,0.9998,0,6,6,,,,,
sp:27eyUk7nflmPUUH2zkdOy9,deezer,12973862,Class Clown,George Carlin,0.9975,0,9,9,,,,,
Album14444,deezer,247681,Travels,Pat Metheny,0.9611,0,11,11,,,,,
Album6207,deezer,169246712,Faüst,Faust,0.9465,0,3,3,,,,,
Album16764,deezer,1499340,Dimension Hatröss,Voivod,0.9970,0,9,9,,,,,
Album4550,deezer,286914,Burnin' (Deluxe Edition),Bob Marley & The Wailers,0.8892,0,27,27,,,,,
Album49354,deezer,69584652,The Deluge,Manilla Road,1.0000,0,16,16,,,,,
Album5653,deezer,58736522,Deuce (Remastered 2017),Rory Gallagher,0.9933,0,10,10,,,,,
Album6904,deezer,215304,Live,Erykah Badu,0.9736,0,14,14,,,,,
Album229366,deezer,6657263,Sonhos E Memórias - 1941 / 1972,Erasmo Carlos,0.9948,0,12,12,,,,,
Album28715,deezer,647118901,Lightbulb Sun,Porcupine Tree,0.9980,0,10,10,,,,,
Album6532,deezer,86972,Killer,Alice Cooper,0.9983,0,8,8,,,,,
Album145924,deezer,255128742,Chega de Saudade (Remastered Edition),João Gilberto,0.9985,0,12,12,,,,,
Album55664,deezer,262199472,Them,King Diamond,0.9972,0,12,12,,,,,
Album27372,deezer,331467,One Step Beyond (Remastered 2008/Rudy Van Gelder Edition),Jackie McLean,0.9831,0,5,5,,,,,
sp:72W7TzrmjvTkUtk7Cmv0ag,deezer,112216592,Live from Japan,death's dynamic shroud,0.9988,0,17,17,,,,,
Album19129,deezer,425197,Ashes Are Burning,Renaissance,0.9980,0,6,6,,,,,
sp:4pv4SQkB4SXrY5bynbW0lf,deezer,118405,Edward Scissorhands,Danny Elfman,0.9961,0,17,17,,,,,
Album27344,deezer,9160393,The Gigolo,Lee Morgan,0.9904,0,5,5,,,,,
Album6465,deezer,58736492,Stage Struck (Live / Remastered 2017),Rory Gallagher,0.9986,0,11,11,,,,,
Album64547,deezer,113939672,A Peleja do Diabo com o Dono do Céu,Zé Ramalho,0.9926,0,14,14,,,,,
Album4946,deezer,226291,Disraeli Gears,Cream,0.9241,0,11,11,,,,,
Album95,deezer,1417052,John Wesley Harding,Bob Dylan,0.9973,0,12,12,,,,,
Album6129,deezer,8986673,Hell Awaits,Slayer,0.9991,0,7,7,,,,,
Album29022,deezer,6967618,Sleep's Holy Mountain,Sleep,1.0000,0,9,9,,,,,
Album10290521,deezer,96713052,Purple Mountains,Purple Mountains,0.9998,0,10,10,,,,,
Album5966738,deezer,12053060,Bury Me At Makeout Creek,Mitski,0.9988,0,10,10,,,,,
Album22012,deezer,14910555,The Angel & The Dark River,My Dying Bride,0.9979,0,10,10,,,,,
Album13841,deezer,11323838,"The Perfect Element, Pt. I",Pain Of Salvation,0.9607,0,12,12,,,,,
Album1104962,deezer,6312063,Dragging a Dead Deer Up a Hill,Grouper,0.9962,0,12,12,,,,,
Album260240,deezer,105304,Spleen and Ideal (Remastered),Dead Can Dance,0.9969,0,9,9,,,,,
sp:4PVyUMglBuxtPVip15aFfq,deezer,742624091,10 Years Gone (Live),deafheaven,0.9537,0,8,8,,,,,
Album30176,deezer,119062,Changeless,Keith Jarrett Trio,0.9372,0,4,4,,,,,
Album1178,deezer,106730,Blue Bell Knoll,Cocteau Twins,0.9967,0,10,10,,,,,
Album8859,deezer,1209409,Resurrection,Common,0.9045,0,15,15,,,,,
Album8181,deezer,60151262,The Natural Bridge,Silver Jews,1.0000,0,10,10,,,,,
Album50896,deezer,322422147,You Must Believe In Spring (Remastered 2022),Bill Evans,1.0000,0,10,10,,,,,
Album9171,deezer,68619391,"O Brother, Where Art Thou? (Original Motion Picture Soundtrack)",Various Artists,0.9931,0,19,17,,,,,
Album75242,deezer,7361948,Ellington Uptown (Expanded Edition),Duke Ellington,0.9688,0,13,13,,,,,
Album807800,deezer,50489062,Сто лет одиночества,Егор И Опизденевшие,0.9955,0,21,21,,,,,
sp:3RaK95jcB6YrjBiBEp32Dd,deezer,111665,"4,5,6",Kool G Rap,0.9999,0,11,11,,,,,
Album39352,deezer,272237812,Previsão Do Tempo,Marcos Valle,0.9997,0,12,12,,,,,
Album14679,deezer,9160389,The Cooker,Lee Morgan,0.9620,0,5,5,,,,,
Album64,deezer,150702902,Odelay,Beck,0.9025,0,14,14,,,,,
Album39002,deezer,1080478702,Las Últimas Composiciones,Violeta Parra,0.7738,1,14,14,,,,,
Album26546,deezer,332274,Inner Urge (The Rudy Van Gelder Edition),Joe Henderson,0.9933,0,5,5,,,,,
Album2650,deezer,10965510,Brighten the Corners,Pavement,0.9027,1,12,12,,,,,
Album603,deezer,6709171,Songs of Faith and Devotion (Deluxe),Depeche Mode,0.9944,0,18,18,,,,,
Album807,deezer,7037997,Leave Home,Ramones,0.9506,0,15,15,,,,,
Album9974,deezer,48723362,Alice (Remastered),Tom Waits,0.9954,0,15,15,,,,,
Album22002,deezer,212837,Baduizm,Erykah Badu,0.9979,0,14,14,,,,,
Album5110,deezer,761244151,Aaliyah,Aaliyah,0.9964,0,15,15,,,,,
Album111066,deezer,158801712,Nara Dez Anos Depois,Nara Leão,0.9338,0,24,24,,,,,
Album352566,deezer,7241878,Paebiru,Lula Cortes,0.9708,0,14,14,,,,,
Album68623,itunes:us,1469580881,Ella Fitzgerald Sings the Irving Berlin Song Book,Ella Fitzgerald,1.0000,0,31,31,,,,,
Album11353,deezer,299426,Our Man In Paris (Rudy Van Gelder Edition),Dexter Gordon,0.9940,0,7,7,,,,,
Album128416,deezer,81457122,Ahmad Jamal At The Pershing: But Not For Me,Ahmad Jamal,0.8084,0,8,8,,,,,
Album34753,deezer,7027298,Performance - Rockin' The Fillmore: The Complete Recordings,Humble Pie,0.9521,0,22,22,,,,,
Album926090,deezer,189095222,Leo Ornstein: Complete Works For Cello And Piano,Joshua Gordon,0.8971,0,14,14,,,,,
Album1728,deezer,466975425,Pretzel Logic,Steely Dan,0.9840,0,11,11,,,,,
Album5958,deezer,1413698,Time,Electric Light Orchestra,0.7048,1,13,13,,,,,
Album4653,deezer,272206452,Teaser And The Firecat (Remastered 2021),Yusuf / Cat Stevens,0.9567,0,10,10,,,,,
Album650550,deezer,880726942,Persecution Mania,Sodom,0.9977,0,13,13,,,,,
Album14778,deezer,7498882,Filles De Kilimanjaro,Miles Davis,0.9999,0,5,5,,,,,
Album19068,deezer,90818,Excitable Boy,Warren Zevon,0.9963,0,13,13,,,,,
Album18874,deezer,49229782,Yellow Magic Orchestra USA,Yellow Magic Orchestra,0.9581,0,9,9,,,,,
Album28283,deezer,79085882,"At Newport (Live at Newport Jazz Festival, 1957 / Expanded Edition)",Dizzy Gillespie,0.9961,0,9,9,,,,,
Album690976,itunes:us,137294342,Indent - Single,Cecil Taylor,0.9049,0,3,3,,,,,
Album9999,deezer,10599666,Bonded by Blood,Exodus,0.9980,0,9,9,,,,,
Album5850,deezer,299409,Songs from the Wood,Jethro Tull,0.9977,0,10,10,,,,,
Album11068,deezer,1215916,93 'til Infinity,Souls of Mischief,0.9991,0,14,14,,,,,
Album37309,deezer,382899,America,John Fahey,0.9958,0,13,13,,,,,
Album28119,deezer,217268,At Last!,Etta James,0.9957,0,14,14,,,,,
sp:7J9wATH6I891OTHteIWSEj,deezer,717108581,Racional (Vol 1),Tim Maia,0.9969,0,9,9,,,,,
Album45714,deezer,948764051,The Evil One,Roky Erickson,0.9699,0,15,15,,,,,
Album87852,deezer,244903572,Expresso 2222,Gilberto Gil,0.9966,0,11,11,,,,,
Album15905,itunes:us,1442975380,"Sonny Rollins, Vol. 2",Sonny Rollins,0.9791,0,6,6,,,,,
Album10742785,deezer,114635302,A Beautiful Thing: IDLES Live at Le Bataclan,IDLES,0.9976,0,19,19,,,,,
Album7762,deezer,272227382,Funkadelic,Funkadelic,0.9981,0,7,7,,,,,
Album12150,deezer,241981,Train Of Thought,Reflection Eternal,0.9967,0,20,20,,,,,
Album46468,deezer,230313,Just As I Am,Bill Withers,0.9949,0,12,12,,,,,
Album12371,deezer,76057,Hard Again,Muddy Waters,0.9987,0,10,10,,,,,
Album34297,deezer,679202881,Shakara,Fela Kuti,0.8846,0,2,2,,,,,
Album701985,deezer,2475691,Crimson Glory,Crimson Glory,0.9967,0,10,10,,,,,
Album251543,itunes:us,376141813,Libertango - Buenos Aires Hora Cero,Piazzolla Astor Pantaleon,0.8695,0,10,10,,,,,
Album27412,deezer,79884592,Songs For Distingué Lovers,Billie Holiday,0.9804,0,6,6,,,,,
Album2244129,itunes:us,1716092224,Flight 666 - The Original Soundtrack (Live),Iron Maiden,0.9538,0,17,17,,,,,
Album6789509,deezer,768484871,PRODUCT,SOPHIE,0.8911,0,11,11,,,,,
Album121606,deezer,8218288,Птица,Аукцыон,0.9971,0,12,12,,,,,
Album11332993,deezer,148126272,how i'm feeling now,Charli xcx,0.9956,0,11,11,,,,,
Album4067,deezer,1522137,Thunder Perfect Mind,Current 93,0.9974,0,30,30,,,,,
Album7657,deezer,6750056,Fire of Unknown Origin,Blue Öyster Cult,0.9908,0,9,9,,,,,
Album29895,deezer,230951,I Want You (Deluxe Edition),Marvin Gaye,0.9971,0,28,27,,,,,
Album1822283,deezer,1233879,Everything Is Fire,Ulcerate,0.9995,0,8,8,,,,,
Album19404,deezer,314402437,Caught Up,Millie Jackson,0.9905,0,13,13,,,,,
Album82474,deezer,331444,Right Now,Jackie McLean,0.9934,0,5,5,,,,,
Album1800,,,,,,0,,,,,,,
Album410,deezer,4045211,Moon Safari,Air,0.9961,0,10,10,,,,,
Album3798,deezer,339060,The Real Thing,Faith No More,0.9976,0,11,11,,,,,
Album2129,deezer,310453937,In On The Kill Taker,Fugazi,0.9972,0,12,12,,,,,
Album6676646,deezer,419248227,A mulher do fim do mundo (The Woman at the End of the World),Elza Soares,0.8515,0,11,11,,,,,
Album19601,deezer,260079952,Space Shanty (feat. Steve Hillage & Dave Stewart),KHAN,0.9516,0,8,8,,,,,
sp:4rjGyhPnaKV5hfwFNiHtQA,deezer,1421230,Super Tight,UGK,0.9971,0,11,11,,,,,
Album4594304,,,,,,0,,,,,,,
Album7905,deezer,9762506,Frizzle Fry (Remastered),Primus,0.9963,0,14,14,,,,,
Album8343679,deezer,548412382,All Bitches Die,Lingua Ignota,0.9999,0,5,5,,,,,
Album7288,deezer,97701,Gunfighter Ballads And Trail Songs,Marty Robbins,0.9975,0,15,15,,,,,
Album8472,deezer,268974822,The Inalienable Dreamless (Reissue),Discordance Axis,0.9916,0,20,20,,,,,
Album70436,deezer,359412797,Slumber of Sullen Eyes,Demigod,0.9584,0,12,12,,,,,
Album84411,deezer,85248432,Screams of Anguish,Brutality,0.9970,0,10,10,,,,,
Album633897,deezer,746694481,Diablo II Original Soundtrack,Matt Uelmen,0.9119,0,17,17,,,,,
Album30563,deezer,10945550,Earth Inferno,Fields of the Nephilim,0.9984,0,9,9,,,,,
Album30312,deezer,7688820,Swiss Movement (Montreux 30th Anniversary),Les McCann,0.9721,0,6,6,,,,,
Album4452557,deezer,444477505,Immunity,Jon Hopkins,0.8978,0,17,17,,,,,
Album8969,deezer,93144412,The Score,Fugees,0.9558,0,15,15,,,,,
Album9990,deezer,48723352,Blood Money (Remastered),Tom Waits,0.9954,0,13,13,,,,,
Album124752,deezer,183565792,Sunset Mission,Bohren & Der Club Of Gore,0.9985,0,9,9,,,,,
Album7724,deezer,86977,Love It to Death,Alice Cooper,0.9964,0,9,9,,,,,
Album3032303,deezer,802913521,Tell Me About the Long Dark Path Home,Newfound Interest in Connecticut,0.9975,0,10,10,,,,,
Album1435,deezer,314459297,Machine Gun Etiquette,The Damned,0.9981,0,11,11,,,,,
Album20352,deezer,315503,The Silent Corner And The Empty Stage,Peter Hammill,0.9787,0,8,8,,,,,
Album144101,deezer,68527251,Jorge Ben,Jorge Ben Jor,0.9492,0,11,11,,,,,
Album10782495,deezer,122619842,Uncut Gems - Original Motion Picture Soundtrack,Daniel Lopatin,0.9954,0,17,17,,,,,
Album8119,deezer,329228497,Fisherman's Blues,The Waterboys,0.9969,0,22,22,,,,,
Album157989,deezer,212518,Trilogie De La Mort,Eliane Radigue,0.9998,0,3,3,,,,,
Album145189,,,,,,0,,,,,,,
Album56896,deezer,82228,Prepare Thyself To Deal With A Miracle,Rahsaan Roland Kirk,0.9986,0,4,4,,,,,
Album4308898,deezer,6622399,Sunbather,deafheaven,0.9985,0,7,7,,,,,
Album2787325,deezer,6509003,High Violet,The National,0.9969,0,11,11,,,,,
Album66539,deezer,6968822,Realm Of Chaos,Bolt Thrower,0.9989,0,12,12,,,,,
Album95969,deezer,8305234,Presenting the Fabulous Ronettes Featuring Veronica,The Ronettes,0.9888,0,12,12,,,,,
Album27339,deezer,81514,Good Old Boys,Randy Newman,0.9967,0,13,13,,,,,
Album239398,deezer,6959625,The Gathering Wilderness,Primordial,0.9987,0,7,7,,,,,
Album20944,itunes:us,192995929,Singles (Original Motion Picture Soundtrack),Various Artists,0.8600,1,13,13,,,,,
Album136540,deezer,6180987,A German Requiem,ASU Symphony Orchestra,0.8348,1,7,7,,,,,
Album9574303,deezer,108706862,Norman Fucking Rockwell!,Lana Del Rey,0.9970,0,14,14,,,,,
Album169,deezer,1316047,Achtung Baby (Deluxe Edition),U2,0.9973,0,26,26,,,,,
Album2340,deezer,9893092,Van Halen (Remastered),Van Halen,0.9951,0,11,11,,,,,
Album7649,deezer,901421702,Demons and Wizards (Expanded Version),Uriah Heep,0.9978,0,28,28,,,,,
Album17028,deezer,9884426,Let's Stay Together,Al Green,0.9962,0,9,9,,,,,
Album710708,deezer,2909281,New Moon,Elliott Smith,1.0000,0,24,24,,,,,
Album57471,deezer,61280872,Punishment for Decadence,Coroner,0.9973,0,10,10,,,,,
Album30497,deezer,70497132,World Wide Live,Scorpions,0.9743,0,19,19,,,,,
Album20418,deezer,8619802,Phantom Of The Paradise (Original Soundtrack Recording),Various Artists,0.9604,0,10,10,,,,,
Album8111538,deezer,42886421,Melodrama,Lorde,0.9965,0,11,11,,,,,
Album852,deezer,62217532,TNT,Tortoise,0.9974,0,12,12,,,,,
Album2941,deezer,901496532,Face to Face (Bonus Track Edition),The Kinks,0.9289,0,21,21,,,,,
Album5324,deezer,11753484,Tusk (2015 Remaster),Fleetwood Mac,0.9682,0,20,20,,,,,
Album17467,deezer,647128631,Stupid Dream,Porcupine Tree,0.9978,0,12,12,,,,,
Album3912,deezer,1458680,Soul Mining,The The,1.0000,0,8,8,,,,,
Album490826,deezer,105225,The Drift,Scott Walker,0.9980,0,10,10,,,,,
Album11697,deezer,306061517,Hats,The Blue Nile,0.9665,0,7,7,,,,,
Album1773,deezer,396517777,Something / Anything?,Todd Rundgren,0.9950,0,25,25,,,,,
Album14027,deezer,906325632,Accident of Birth (Expanded Edition),Bruce Dickinson,0.9996,0,21,21,,,,,
Album160769,deezer,321412,Judgment (Remastered 2003 / Rudy Van Gelder Edition),Andrew Hill,0.9996,0,7,7,,,,,
Album1793236,deezer,383365,La ley innata,Extremoduro,0.9983,0,6,6,,,,,
Album2680,deezer,61421342,Tindersticks,Tindersticks,0.9959,0,16,16,,,,,
Album168013,itunes:us,259502631,The Eye of Every Storm,Neurosis,0.9992,0,8,8,,,,,
Album40051,deezer,901496132,Coma of Souls,Kreator,0.9979,0,10,10,,,,,
Album40456,deezer,248716,Universal Consciousness,Alice Coltrane,0.9980,0,6,6,,,,,
Album15111,deezer,11324006,Dead Heart In a Dead World,Nevermore,0.9964,0,11,11,,,,,
Album31241,deezer,1458751,Banco del Mutuo Soccorso,Banco Del Mutuo Soccorso,0.9426,0,10,10,,,,,
Album7580,itunes:us,317564400,Jeff Wayne's Musical Version of The War of the Worlds,"Jeff Wayne, Richard Burton, Justin Hayward, David Essex, Phil Lynott, Chris Thompson & Julie Covington",0.7392,1,15,15,,,,,
Album19132,deezer,642532031,Turn of the Cards,Renaissance,0.9950,0,6,6,,,,,
Album34353,deezer,11945146,Open The Gates (2015 Remaster - Ultimate Edition),Manilla Road,0.9998,0,13,13,,,,,
Album60073,deezer,104974,The Freedom Book [RVG Remaster],Booker Ervin,0.9875,0,6,6,,,,,
sp:7wPDOZ30toNEBkr5uBIANF,deezer,107625,The Thin Red Line,Hans Zimmer,0.9993,0,11,11,,,,,
Album44772,deezer,6967399,World Downfall,Terrorizer,0.9999,0,16,16,,,,,
Album61171,deezer,1209561,Capital Punishment,Big Pun,0.9958,0,24,24,,,,,
Album206495,deezer,9363338,Munly & The Lee Lewis Harlots,Munly & The Lee Lewis Harlots,0.9972,0,15,15,,,,,
Album40301,deezer,103491,Dare Iz A Darkside,Redman,0.9970,0,20,20,,,,,
Album36426,deezer,111211,Tutti Morimmo A Stento,Fabrizio De André,0.9862,0,10,10,,,,,
Album6886,deezer,6869526,From Here to Eternity (Live) [Remastered],The Clash,0.9969,0,19,19,,,,,
sp:3jsUfEJ8PA0dtCtwFHbI3V,deezer,9179003,John Peel Sessions (2014 Remaster),The Chameleons,0.9967,0,12,12,,,,,
Album2934347,deezer,43734931,The Suburbs,Arcade Fire,0.9967,0,16,16,,,,,
Album15226,deezer,78670,The Bridge,Sonny Rollins,0.9925,0,6,6,,,,,
sp:1X1So5oX4TCFGdK6BN9UXs,deezer,100641762,Originals,Prince,0.9974,0,15,15,,,,,
Album5480,deezer,5909111,Surf's Up,The Beach Boys,0.9945,0,10,10,,,,,
Album5542,deezer,302068,Roxy Music,Roxy Music,0.9069,0,10,10,,,,,
Album347184,deezer,71777882,Chaos Is Me,Orchid,0.9926,0,11,11,,,,,
Album16227,deezer,1091325,What Does Anything Mean? Basically (2009 Remaster),The Chameleons,0.9969,0,21,21,,,,,
Album11212,deezer,300217,Go! (The Rudy Van Gelder Edition),Dexter Gordon,0.9918,0,6,6,,,,,
Album8228,deezer,112576,II,Kingston Wall,0.9988,0,10,10,,,,,
Album6313503,deezer,9907414,"I Don't Like Shit, I Don't Go Outside: An Album by Earl Sweatshirt",Earl Sweatshirt,0.9046,0,10,10,,,,,
Album27371,deezer,331438,Let Freedom Ring (Rudy Van Gelder Edition),Jackie McLean,0.9986,0,4,4,,,,,
sp:4pSCGZfWXF7z8QBwUFZ4eU,itunes:us,1045605788,12:05 (Live),Pain of Salvation,1.0000,0,16,16,,,,,
sp:7qmHIp9ajGfRLy1QXmEryT,deezer,704082,Double Live Gonzo,Ted Nugent,0.9957,0,11,11,,,,,
Album158623,deezer,12552322,Dreamer,Bobby Bland,0.9866,0,10,10,,,,,
Album24739,deezer,698886571,It Serve You Right To Suffer (2025 Remaster),John Lee Hooker,0.9905,0,8,8,,,,,
Album35,deezer,153406392,(What's The Story) Morning Glory?,Oasis,0.9525,0,12,12,,,,,
Album474362,deezer,352313657,Silent Shout,The Knife,0.9971,0,11,11,,,,,
Album333,deezer,4351411,13,Blur,0.9974,0,13,13,,,,,
Album2718861,deezer,956733321,Daughters,Daughters,0.8904,0,8,8,,,,,
Album741,deezer,13259231,Goat (Remaster / Reissue),The Jesus Lizard,0.9991,0,14,14,,,,,
Album348132,deezer,584380142,Metaphorical Music,Nujabes,0.9975,0,15,15,,,,,
Album5990,deezer,360550,Cure for Pain,Morphine,0.9954,0,13,13,,,,,
Album1725,deezer,86966,Billion Dollar Babies,Alice Cooper,0.9583,0,10,10,,,,,
Album10190,deezer,390710,Propaganda (Digitally Remastered),Sparks,0.9950,0,14,14,,,,,
Album16774,deezer,901424712,Killing Technology,Voivod,0.9977,0,9,9,,,,,
Album8003,deezer,11329788,Mandylion,The Gathering,0.9980,0,8,8,,,,,
Album30723,deezer,341695467,"Fan-Tas-Tic, Vol. 2 (Radio Edit)",Slum Village,0.8877,0,26,26,,,,,
Album22187,deezer,329904,No Room For Squares (Remastered 2000 / Rudy Van Gelder Edition),Hank Mobley,0.9929,0,8,8,,,,,
sp:4ZS20hxmwWsL7SxeknGRZx,deezer,81572,Score: 20th Anniversary World Tour (with The Octavarium Orchestra),Dream Theater,0.9525,0,14,14,,,,,
Album579,deezer,191628862,Armed Forces (Remastered 2020),Elvis Costello & The Attractions,0.9864,0,13,13,,,,,
Album5498,deezer,87717092,Secrets Of The Beehive (Remastered 2003),David Sylvian,0.9967,0,10,10,,,,,
Album10669,deezer,132010922,16 Lovers Lane (Remastered),The Go-Betweens,0.9965,0,10,10,,,,,
Album454671,deezer,319950,Chet Baker Sings,Chet Baker,0.9784,0,14,14,,,,,
Album20039,deezer,13640552,The Last in Line (2016 Remaster),Dio,0.9968,0,9,9,,,,,
Album4670,deezer,6227255,Texas Flood (Legacy Edition),Stevie Ray Vaughan & Double Trouble,0.9973,0,20,20,,,,,
Album40736,deezer,230935602,La Voce Del Padrone (Remastered 2021),Franco Battiato,0.9889,0,7,7,,,,,
Album17473,deezer,657674561,Everybody Digs Bill Evans (Restored Edition),Bill Evans,0.9173,0,9,9,,,,,
Album4882,deezer,185282252,Diary (Remastered and Expanded Edition),Sunny Day Real Estate,0.9979,0,13,13,,,,,
Album2536,deezer,108831,Technique,New Order,0.9932,0,9,9,,,,,
Album1052,deezer,185272942,Dig Me Out (Remastered),Sleater-Kinney,0.9946,0,13,13,,,,,
Album4940,deezer,162222,Natty Dread,Bob Marley & The Wailers,0.9929,0,10,10,,,,,
Album1333086,deezer,6151767,The Maniacal Vale,Esoteric,0.9989,0,7,7,,,,,
Album10863,deezer,638195041,Lady Sings The Blues,Billie Holiday,0.9654,0,12,12,,,,,
Album3180,deezer,97533,Cheap Thrills,Big Brother & The Holding Company,0.9962,0,11,11,,,,,
Album26444,itunes:gb,700052779,At Basin Street,Clifford Brown & Max Roach,1.0000,0,7,7,,,,,
Album679717,deezer,46614342,Arvo Pärt: Da pacem,Estonian Philharmonic Chamber Choir,0.8561,0,9,9,,,,,
Album1732,deezer,516055782,Gaucho,Steely Dan,0.9983,0,7,7,,,,,
Album40106,deezer,10037206,Seven Churches,Possessed,0.9976,0,10,10,,,,,
Album49481,deezer,1067285001,Breaking Atoms,Main Source,0.9484,0,12,12,,,,,
Album1193,deezer,340887,Absolutely Live,The Doors,0.9968,0,21,21,,,,,
Album26988,deezer,323229,Dialogue,Bobby Hutcherson,0.9884,0,6,6,,,,,
Album40147,deezer,250262,Criss-Cross (Expanded Edition),Thelonious Monk,0.9984,0,12,12,,,,,
Album8677,deezer,700937,Pygmalion,Slowdive,0.9857,0,21,21,,,,,
Album8193,deezer,99688542,Phaedra (Deluxe Version),Tangerine Dream,0.9955,0,14,14,,,,,
Album168894,deezer,430552,Chico Buarque,Chico Buarque,0.9117,0,11,11,,,,,
Album39377,deezer,675011,Almoraima,Paco de Lucía,0.9957,0,8,8,,,,,
Album1995522,deezer,13188040,"Synecdoche, New York (Original Motion Picture Soundtrack)",Jon Brion,0.9950,0,19,19,,,,,
Album11309585,itunes:us,61018952,FINAL FANTASY VII (Original Soundtrack),Nobuo Uematsu,0.7848,1,85,85,,,,,
Album5002,deezer,340032,"Metropolis, Pt. 2: Scenes from a Memory",Dream Theater,0.9979,0,12,12,,,,,
Album20847,deezer,102689,Duke Ellington & John Coltrane,Duke Ellington,0.9726,0,7,7,,,,,
Album10689,itunes:us,1746690083,The New Order (Remastered 2024),Testament,0.9988,0,10,10,,,,,
Album35142,deezer,1522200,Enemy of the Sun,Neurosis,0.9984,0,10,10,,,,,
Album73081,deezer,79884472,I Put A Spell On You,Nina Simone,0.9975,0,12,12,,,,,
Album10834,deezer,2462891,Paid In Full,Eric B. & Rakim,0.9920,0,12,12,,,,,
Album34222,deezer,49229592,Solid State Survivor,Yellow Magic Orchestra,0.9971,0,8,8,,,,,
Album22614,deezer,398851,Return to the 36 Chambers: The Dirty Version,Ol' Dirty Bastard,0.9963,0,17,17,,,,,
sp:70qW8u5D3htj4ALS9lDfof,deezer,1345209,Seconds Out (Live),Genesis,0.7991,1,12,12,,,,,
Album7321,deezer,162457162,Diamond Life,Sade,0.9959,0,9,9,,,,,
Album7663,deezer,162197,Ritchie Blackmore's Rainbow,Rainbow,0.9047,0,9,9,,,,,
Album5261,deezer,95832432,It's A Wonderful Life,Sparklehorse,0.9920,0,14,14,,,,,
Album51484,deezer,299311,The Cape Verdean Blues,Horace Silver Quintet,0.9602,0,6,6,,,,,
Album18891,deezer,320899587,Live In Concert With The Edmonton Symphony Orchestra,Procol Harum,0.9946,0,5,5,,,,,
Album98054,deezer,7595874,Cajas de Música Difíciles de Parar (Versión Extendida),Nacho Vegas,0.9485,0,24,24,,,,,
Album35127,itunes:us,1486114133,"Night of Fate (From ""Kingdom Hearts"") [feat. Øystein Wangen] - Single",Simen Sandnes & Yoko Shimomura,0.7338,1,1,1,,,,,
Album267522,deezer,1003964,Annihilation of the Wicked,Nile,0.9974,0,10,10,,,,,
Album5071,deezer,40761521,Cobra And Phases Group Play Voltage In The Milky Night,Stereolab,0.8901,0,15,15,,,,,
Album26191,deezer,309069,Midnight Blue (The Rudy Van Gelder Edition),Kenny Burrell,0.9851,0,9,9,,,,,
Album17048,deezer,89921312,War Ina Babylon (Expanded Edition),Max Romeo & The Upsetters,0.9948,0,14,14,,,,,
Album762624,deezer,12880526,Funky Kingston,Toots & The Maytals,0.9873,0,10,10,,,,,
Album27678,deezer,267969472,Organized Konfusion,Organized Konfusion,0.9972,0,15,15,,,,,
Album110715,deezer,9833588,Violent Restitution (Deluxe Reissue),Razor,0.9940,0,18,18,,,,,
Album51668,deezer,86635,New Orleans Suite,Duke Ellington,0.9948,0,9,9,,,,,
Album6510883,deezer,54723492,The Witcher 3: Wild Hunt (Original Game Soundtrack),Marcin Przybyłowicz,0.8739,0,55,55,,,,,
Album7967,deezer,86285,Batman (Original Motion Picture Score),Danny Elfman,0.9950,0,21,21,,,,,
Album22379,deezer,77994622,Perdition City,Ulver,0.9977,0,9,9,,,,,
Album5229,deezer,902083632,Oxygène,Jean-Michel Jarre,0.9979,0,6,6,,,,,
Album592858,deezer,14585850,Blood Visions,Jay Reatard,0.9937,0,15,15,,,,,
Album13054,deezer,81602,Sail Away (Expanded & Remastered Edition),Randy Newman,0.9957,0,17,17,,,,,
Album18829,deezer,8568409,Edge Of Thorns,Savatage,0.9967,0,13,13,,,,,
Album17991,deezer,658886061,Fish Out of Water,Chris Squire,0.9990,0,5,5,,,,,
Album11338,deezer,117240,All The World's A Stage,Rush,0.9992,0,10,10,,,,,
Album167375,deezer,313185,Contours,Sam Rivers,0.9918,0,5,5,,,,,
Album8865,deezer,279174472,Prince Among Thieves,Prince Paul,0.9724,0,35,35,,,,,
Album4170911,deezer,6072496,Celebration Day,Led Zeppelin,0.9980,0,16,16,,,,,
Album17038,deezer,1495033,Todos os Olhos,Tom Zé,0.9958,0,12,12,,,,,
Album57094,deezer,92489892,Plague Mass,Diamanda Galas,0.9980,0,10,10,,,,,
Album8317,deezer,15067995,The Grateful Dead (50th Anniversary Deluxe Edition),Grateful Dead,0.8730,0,26,26,,,,,
Album114865,deezer,6352407,Procession to the Infraworld,The Chasm,0.9987,0,8,8,,,,,
Album778751,deezer,905218802,The Abattoir Blues Tour,Nick Cave & The Bad Seeds,0.9978,0,17,17,,,,,
Album1607,deezer,1408423,Sounds Of Silence,Simon & Garfunkel,0.9873,0,11,11,,,,,
Album13344058,deezer,237984452,A Beginner's Mind,Sufjan Stevens,0.9728,0,14,14,,,,,
Album71233,deezer,7952070,Parallelograms,Linda Perhacs,0.9879,0,11,11,,,,,
Album14496,itunes:us,1169557746,The Texas-Jerusalem Crossroads,Lift to Experience,1.0000,0,11,11,,,,,
Album12376,deezer,387399,Portrait In Jazz,Bill Evans,0.9532,0,11,11,,,,,
Album9997,deezer,693875,Danzig II: Lucifuge,Danzig,0.9975,0,11,11,,,,,
Album46428,deezer,132969902,Enta Da Stage,Black Moon,0.9975,0,13,13,,,,,
Album52061,deezer,901410142,Taken by Force,Scorpions,0.9975,0,14,14,,,,,
Album194991,deezer,12342536,The Black Halo,Kamelot,0.9970,0,16,16,,,,,
Album12904,deezer,7589307,Wrecking Ball,Emmylou Harris,0.9965,0,25,25,,,,,
Album899090,deezer,411338617,Sojourner,Magnolia Electric Co.,0.9362,0,33,33,,,,,
Album8004,deezer,11330794,Nighttime Birds,The Gathering,0.9979,0,9,9,,,,,
Album26972,deezer,307818,Night Dreamer,Wayne Shorter,0.9928,0,7,7,,,,,
Album8266824,deezer,56298312,Little Dark Age,MGMT,0.9968,0,10,10,,,,,
Album4003,deezer,14912105,Panzerfaust,Darkthrone,0.9974,0,7,7,,,,,
Album6883,itunes:gb,1443422478,Strange Times,The Chameleons UK,1.0000,0,15,15,,,,,
Album8087,deezer,72280,Draconian Times,Paradise Lost,0.9932,0,12,12,,,,,
Album39722,deezer,612872,Horrorscope,Overkill,0.9971,0,11,11,,,,,
Album9479055,deezer,716966121,Lance,Niños Del Cerro,0.9976,0,9,9,,,,,
sp:7o6zfGW9eywRuc0eOdzJFK,deezer,353171227,Idiot Prayer (Nick Cave Alone at Alexandra Palace),Nick Cave & The Bad Seeds,0.9699,0,22,22,,,,,
Album7547006,deezer,14124862,Stardew Valley (Original Game Soundtrack),ConcernedApe,0.9943,0,70,70,,,,,
Album734252,deezer,43734921,Neon Bible,Arcade Fire,0.9976,0,11,11,,,,,
Album2687,deezer,175927142,White Blood Cells,The White Stripes,0.9949,0,16,16,,,,,
Album9022268,deezer,63066902,Wide Awake!,Parquet Courts,0.9962,0,13,13,,,,,
Album6024,deezer,10232416,Tubular Bells,Mike Oldfield,0.9948,0,4,4,,,,,
Album5797,deezer,5909101,Sunflower,The Beach Boys,0.9958,0,12,12,,,,,
Album44602,deezer,1522136,Just Another Diamond Day,Vashti Bunyan,0.9943,0,18,18,,,,,
Album8510,deezer,369499,Lorca,Tim Buckley,0.9985,0,5,5,,,,,
Album10748,deezer,113899,Radio Ethiopia,Patti Smith,0.9514,0,9,9,,,,,
Album3614,deezer,80527,Parade - Music from the Motion Picture Under the Cherry Moon,Prince,0.9702,0,12,12,,,,,
Album14794,deezer,6118323,Thembi,Pharoah Sanders,0.9979,0,6,6,,,,,
Album13923,deezer,75106252,Elis & Tom,Elis Regina,0.9520,0,14,14,,,,,
Album1321230,deezer,243158202,Kirtan: Turiya Sings,Alice Coltrane,0.8940,0,9,9,,,,,
Album48459,deezer,9600054,A Flame To The Ground Beneath,Lost Horizon,0.9982,0,9,9,,,,,
Album44942,deezer,1034680,West Side Soul (Deluxe Edition),Magic Sam,0.9597,0,12,12,,,,,
Album11772,deezer,1547115,Black Hand Inn,Running Wild,0.9849,0,13,13,,,,,
sp:2C9kceX8onhaGScmaT9xGC,deezer,8281786,The Album Of The Soundtrack Of The Trailer Of The Film Of Monty Python And The Holy Grail,Monty Python,0.9939,0,27,27,,,,,
Album1194,deezer,81314,Morrison Hotel,The Doors,0.9967,0,11,11,,,,,
Album43587,deezer,125703,The Colours Of Chloë,Eberhard Weber,0.9916,0,4,4,,,,,
Album36420,deezer,264564232,Picchio Dal Pozzo,Picchio dal pozzo,0.9965,0,8,8,,,,,
Album307347,deezer,89559982,"Re : usE - The ""JuGgStRuMenTaL ""Album",Juggaknots,0.6704,1,23,23,,,,,
Album15155,deezer,329622,Live Album (Live/1970),Grand Funk Railroad,0.9450,0,11,11,,,,,
Album22632,deezer,77653052,The Thing (Original Motion Picture Soundtrack),Ennio Morricone,0.9973,0,10,10,,,,,
Album76584,deezer,82733222,The Individualism Of Gil Evans,Gil Evans,0.9989,0,9,9,,,,,
Album60951,deezer,113939902,Zé Ramalho (Versão com Faixas Bônus),Zé Ramalho,0.8474,1,14,14,,,,,
sp:4IDxQlR4AjOBAsBFLtnqNP,deezer,382188917,Lawrence of Arabia,Maurice Jarre,0.9481,0,13,13,,,,,
Album4818592,itunes:us,1566889640,Benji,Sun Kil Moon,1.0000,0,11,11,,,,,
Album26428,deezer,1222448,Dynamo,Soda Stereo,0.9980,0,12,12,,,,,
Album23792,deezer,173940762,Pärson Sound,Pärson Sound,0.9999,0,11,11,,,,,
Album30165,deezer,99681,The Survivors' Suite,Keith Jarrett,0.9965,0,2,2,,,,,
Album1814,deezer,598033,The Cars,The Cars,0.9973,0,9,9,,,,,
Album7661,deezer,172861592,Blizzard Of Ozz (40th Anniversary Expanded Edition),Ozzy Osbourne,0.9279,0,19,19,,,,,
Album5267,deezer,117810,The Hurting,Tears For Fears,0.9919,0,14,14,,,,,
Album9486,deezer,901411462,Grotesque (After the Gramme) (Expanded Edition),The Fall,0.9970,0,15,15,,,,,
Album13494,deezer,328842,Daily Operation,Gang Starr,0.9952,0,18,18,,,,,
Album19144,deezer,338680,Critical Beatdown (Re-Issue),Ultramagnetic Mcs,0.9969,0,21,21,,,,,
Album27235,deezer,326557207,Phenomenon (2007 Remaster),UFO,0.9965,0,16,16,,,,,
Album64768,itunes:gb,1442278974,Foi Um Rio Que Passou Em Minha Vida,Paulinho da Viola,0.9651,0,11,11,,,,,
Album480487,deezer,369453267,"Hissing Fauna, Are You The Destroyer?",Of Montreal,0.9975,0,12,12,,,,,
Album531204,deezer,81786,Blood Mountain,Mastodon,0.9973,0,12,12,,,,,
Album2616,deezer,185273262,There's Nothing Wrong With Love,Built To Spill,0.9966,0,13,13,,,,,
Album33190,deezer,381019,East West,The Paul Butterfield Blues Band,0.9588,0,9,9,,,,,
Album15810,deezer,989312341,The Blues Brothers,The Blues Brothers,0.9012,0,10,10,,,,,
Album15328,deezer,317601,Today!,Mississippi John Hurt,0.9963,0,12,12,,,,,
Album14107,deezer,256885672,Industrial Silence,Madrugada,0.9973,0,13,13,,,,,
Album28605,deezer,364587,Phases And Stages,Willie Nelson,0.9955,0,11,11,,,,,
Album378561,deezer,107306,Out Of The Cool,The Gil Evans Orchestra,0.9986,0,5,5,,,,,
Album82787,itunes:us,591312644,Traveller,The Lord Weird Slough Feg,1.0000,0,12,12,,,,,
Album122862,deezer,279598152,Electronic Sonata For Souls Loved By Nature - 1969,George Russell,0.9995,0,2,2,,,,,
Album11024839,deezer,902084212,RTJ4,Run The Jewels,0.9973,0,11,11,,,,,
Album118847,deezer,400580217,Codename: Dustsucker,Bark Psychosis,0.9975,0,9,9,,,,,
Album151,deezer,9163759,The Concert in Central Park (Live),Simon & Garfunkel,0.7965,0,19,19,,,,,
Album287212,deezer,11590838,O Poeta e o Violão,Toquinho,0.9694,0,14,14,,,,,
Album170404,deezer,125769,The Rain,Ghazal,0.9988,0,3,3,,,,,
Album29000,deezer,956515981,From Filthy Tongue of Gods and Griots,Dälek,0.9977,0,11,11,,,,,
Album911794,deezer,1528328,Two Hunters,Wolves In The Throne Room,0.9991,0,4,4,,,,,
Album14501,deezer,299898,Inflammable Material,Stiff Little Fingers,0.9965,0,16,16,,,,,
Album26441,deezer,668343,Red Clay,Freddie Hubbard,0.9965,0,6,6,,,,,
Album362730,deezer,11808204,Blues,Breakout,0.9967,0,9,9,,,,,
Album127292,,,,,,0,,,,,,,
sp:4dMWTj1OkiCKFN5yBMP1vS,deezer,6869599,Live at Shea Stadium (Remastered),The Clash,0.9952,0,16,16,,,,,
Album1809884,deezer,68216691,"Webern: Complete String Trios and Quartets (Arditti Quartet Edition, Vol. 8)",Arditti String Quartet,0.9534,0,20,20,,,,,
Album777097,deezer,345359,The Confessions Tour,Madonna,0.9980,0,13,13,,,,,
Album9306155,deezer,64985262,Joy as an Act of Resistance.,IDLES,0.9964,0,12,12,,,,,
Album19503,deezer,362145,Focus,Cynic,0.9976,0,8,8,,,,,
Album30221,deezer,747386,Concierto (CTI Records 40th Anniversary Edition),Jim Hall,0.9943,0,9,9,,,,,
Album51667,deezer,72448552,...And His Mother Called Him Bill,Duke Ellington & His Famous Orchestra,0.9414,0,12,12,,,,,
Album302641,deezer,203912,Desaparezca Aquí,Nacho Vegas,0.9976,0,10,10,,,,,
Album6543237,deezer,60316352,1976: A Space Odyssey,Zbigniew Wodecki,0.9719,0,14,14,,,,,
Album268491,deezer,6392692,Inspiration Information/ Wings Of Love,Shuggie Otis,0.8840,0,27,27,,,,,
Album19746,deezer,368820757,"Light of Day, Day of Darkness",Green Carnation,0.9996,0,1,1,,,,,
Album10491,deezer,339861,Mwandishi,Herbie Hancock,0.9994,0,3,3,,,,,
Album179287,deezer,41421641,Two Sevens Clash (40th Anniversary Edition),Culture,0.9963,0,21,21,,,,,
Album6249959,deezer,496120811,Sylva,Snarky Puppy,0.9722,0,6,6,,,,,
Album9243199,deezer,63158242,Die Lit,Playboi Carti,0.9961,0,19,19,,,,,
Album5593,deezer,113728,Pearl (Legacy Edition),Janis Joplin,0.9276,0,29,29,,,,,
Album13722,deezer,9759822,Judgement (Remastered),Anathema,0.9981,0,13,13,,,,,
Album13087,deezer,901415362,Extreme Aggression (Expanded Edition),Kreator,0.9988,0,23,23,,,,,
Album138009,deezer,54011982,Marbles,Marillion,0.9980,0,15,15,,,,,
Album36404,deezer,1435883,Il Tempo Della Gioia,Quella Vecchia Locanda,0.9988,0,5,5,,,,,
Album54691,deezer,728684631,Días y Flores,Silvio Rodríguez,0.9967,0,11,11,,,,,
Album14663,deezer,299831,Roll Call,Hank Mobley,0.9910,0,7,7,,,,,
Album223179,itunes:us,551495958,Unknown Soldier,Fela Kuti,0.9622,0,1,1,,,,,
Album242672,deezer,7028797,Rossz Csillag Alatt Született,Venetian Snares,0.9994,0,11,11,,,,,
Album30881,deezer,10037138,AmeriKKKa's Most Wanted,Ice Cube,0.9950,0,16,16,,,,,
Album755,deezer,80988,The Clown,Charles Mingus,0.9988,0,6,6,,,,,
Album11263,deezer,112731,Twelve Dreams Of Dr. Sardonicus,Spirit,0.9949,0,16,16,,,,,
Album17325,deezer,87188,Change Of The Century,Ornette Coleman,0.9976,0,7,7,,,,,
Album161561,deezer,6118321,The Awakening,Ahmad Jamal,0.9501,0,7,7,,,,,
Album191032,deezer,146183152,Miłość w czasach popkultury,Myslovitz,0.9957,0,12,12,,,,,
Album290937,deezer,1026777412,Golden Rain,Tropilux,0.7582,1,1,1,,,,,
Album31555,deezer,2606581,Gratitude,"Earth, Wind & Fire",0.9999,0,16,16,,,,,
Album11986,deezer,53659232,Hedwig and the Angry Inch (Original Australian Cast),Various Artists,0.8523,1,12,12,,,,,
Album1121,deezer,249100,Washing Machine,Sonic Youth,0.9995,0,11,11,,,,,
Album8223,deezer,129329,You,Gong,0.9450,0,8,8,,,,,
Album140,deezer,229564,Full Moon Fever,Tom Petty,0.9735,0,12,12,,,,,
Album12353,deezer,70199692,Folk Singer (Expanded Edition),Muddy Waters,0.9168,0,14,14,,,,,
Album182842,deezer,393925,OMEGA,Enrique Morente,0.8823,0,13,13,,,,,
Album98556,,,,,,0,,,,,,,
Album1174,deezer,10966596,Head Over Heels,Cocteau Twins,0.9971,0,10,10,,,,,
Album188,deezer,302143,Drums And Wires,XTC,0.9970,0,15,15,,,,,
Album400,deezer,102612,This Is Hardcore (Deluxe Edition),Pulp,0.9991,0,26,26,,,,,
Album54341,deezer,86278992,Arntor,Windir,0.9974,0,7,7,,,,,
Album27906,deezer,1052723,Paegan Terrorism Tactics,Acid Bath,0.9983,0,12,12,,,,,
Album16965,deezer,185271202,One Beat (Remastered),Sleater-Kinney,0.9961,0,12,12,,,,,
Album28662,deezer,92826302,Born Under A Bad Sign (Mono),Albert King,0.9963,0,11,11,,,,,
Album85242,itunes:us,959708044,Radios Appear (Black Deluxe),Radio Birdman,0.8301,1,22,22,,,,,
Album3509992,deezer,1190315,Vacation,Bomb The Music Industry!,0.9982,0,13,13,,,,,
Album11977,deezer,61217552,Time (The Revelator),Gillian Welch,0.9974,0,10,10,,,,,
Album127099,deezer,628042,On Top Of The World,Eightball & MJG,0.9997,0,15,15,,,,,
Album17921,deezer,8555657,Slaughter of the Soul (Full Dynamic Range Edition) (Full Dynamic Range Edition),At the Gates,0.9599,0,11,11,,,,,
Album8995,deezer,75100072,Halber Mensch,Einstürzende Neubauten,0.7671,1,11,11,,,,,
Album38634,deezer,41056,Pure Holocaust,IMMORTAL,0.9972,0,8,8,,,,,
Album10817,deezer,6439863,American Recordings,Johnny Cash,0.9997,0,13,13,,,,,
Album11402,deezer,466440825,Night Time,Killing Joke,0.9972,0,17,17,,,,,
sp:6rzN8DY8qGu4o14HI6TK7w,deezer,402643207,Emperial Live Ceremony,Emperor,0.9984,0,9,9,,,,,
Album129555,,,,,,0,,,,,,,
Album3892103,deezer,7090225,No Love Deep Web,Death Grips,0.9979,0,13,13,,,,,
Album12722099,deezer,223349232,To See the Next Part of the Dream,Parannoul,0.9990,0,10,10,,,,,
Album10296387,deezer,96921012,CALIGULA,Lingua Ignota,0.9980,0,11,11,,,,,
Album42636,deezer,185281002,Give Up (Deluxe 10th Anniversary Edition),The Postal Service,0.9976,0,25,25,,,,,
Album3121,deezer,1447938,Songs From A Room,Leonard Cohen,0.9994,0,10,10,,,,,
Album13683,deezer,191658912,Fire of Love (Remastered 2020),The Gun Club,0.9958,0,16,16,,,,,
Album5686,deezer,1399080,"The Wild, the Innocent & The E Street Shuffle",Bruce Springsteen,0.9996,0,7,7,,,,,
Album2692,deezer,223191,Car Wheels On A Gravel Road,Lucinda Williams,0.9974,0,13,13,,,,,
Album36050,deezer,264482562,Arbeit Macht Frei,Area,0.9975,0,6,6,,,,,
Album6796627,deezer,955756921,Yayayi Amai,Yayayi,0.7541,1,22,22,,,,,
Album107316,deezer,79884492,La Leyenda Del Tiempo (Remastered 2018),Camarón De La Isla,0.9018,0,10,10,,,,,
Album38388,itunes:us,1442877962,Will the Circle Be Unbroken,Nitty Gritty Dirt Band,0.8958,0,38,38,,,,,
Album19292,deezer,240659,Meus Caros Amigos,Chico Buarque,0.9944,0,10,10,,,,,
Album2869879,deezer,43862241,Like a Ship (Without a Sail),Pastor T.L. Barrett & The Youth For Christ Choir,0.9994,0,8,8,,,,,
Album836101,deezer,59823412,Hot February Night,Neil Hamburger,0.9994,0,10,10,,,,,
Album3584,deezer,1398520,The River,Bruce Springsteen,0.9956,0,20,20,,,,,
Album8413,deezer,5942073,"Here, My Dear",Marvin Gaye,0.9973,0,14,14,,,,,
sp:0XTMPQ2ktKd6GNs7sFXfCC,deezer,856201312,Alive! (50th Anniversary Super Deluxe),Kiss,0.8300,1,56,56,,,,,
Album59263,deezer,59331212,Clube Da Esquina 2,Milton Nascimento,0.9846,0,23,23,,,,,
Album68616,deezer,79089142,Ella And Louis Again,Ella Fitzgerald,0.9714,0,19,19,,,,,
sp:4y0wXNP3t9rUv1y58Peuj1,deezer,439406757,76:14,Global Communication,0.9854,0,10,10,,,,,
Album2398,deezer,216749,Pleased to Meet Me (Expanded),The Replacements,0.9987,0,22,22,,,,,
Album9521273,deezer,402222967,qp,Ichiko Aoba,0.9973,0,10,10,,,,,
Album4544681,deezer,6634408,The Last of Us,Gustavo Santaolalla,0.9937,0,30,30,,,,,
Album5377,deezer,6112273,Things We Lost in the Fire,Low,0.9969,0,13,13,,,,,
Album361683,deezer,11322960,Second Life Syndrome,Riverside,0.9977,0,9,9,,,,,
Album40312,deezer,1003974,Horrified,Repulsion,0.9934,0,48,48,,,,,
sp:5Fmv5hoJBVLxmtYlH7IW3L,deezer,5667761,Ray Charles At Newport,Ray Charles,0.9973,0,8,8,,,,,
sp:1kPp7AOikyDNfeTct74vBG,deezer,46461062,The Montreux / Berlin Concerts,Anthony Braxton,0.9983,0,7,7,,,,,
Album12746,deezer,301185,Voyage Of The Acolyte,Steve Hackett,0.9769,0,10,10,,,,,
Album926279,deezer,14910841,Parachute,The Pretty Things,0.9962,0,19,19,,,,,
Album191048,deezer,182062642,Uwaga! Jedzie tramwaj,Lenny Valentino,0.9966,0,10,10,,,,,
Album16026,deezer,100296962,Lost Highway,Alpha 88,0.7943,1,5,5,,,,,
Album11837,deezer,305163,True Blue,Tina Brooks,0.9928,0,8,8,,,,,
Album6464,deezer,58738892,Top Priority (Remastered 2017),Rory Gallagher,0.9896,0,11,11,,,,,
Album22729,deezer,228943,Jurassic Park,John Williams,0.9944,0,16,16,,,,,
Album37581,itunes:gb,1443737145,Cantar,Gal Costa,1.0000,0,11,11,,,,,
Album1075,deezer,893319482,Suede EP,Suede,0.8134,1,3,3,,,,,
Album3148,deezer,11680884,Floodland,The Sisters Of Mercy,0.9979,0,8,8,,,,,
Album213,deezer,119955,All Mod Cons (1997 Remaster),The Jam,0.9932,0,12,12,,,,,
Album5659,deezer,58738082,Calling Card (Remastered 2017),Rory Gallagher,0.9930,0,10,10,,,,,
Album24782,deezer,9585202,Awakening the World,Lost Horizon,0.9976,0,10,10,,,,,
Album294287,deezer,848289092,Glass Bead Games,Clifford Jordan,0.9565,0,12,12,,,,,
sp:1OhcoQdeYqt68I22NWEdF0,,,,,,0,,,,,,,
Album7229134,deezer,369463217,Plays the Music of Twin Peaks,Xiu Xiu,0.9973,0,12,12,,,,,
Album16945,deezer,900773012,Pale Folklore (Remastered 2016),Agalloch,0.9985,0,8,8,,,,,
Album10482,deezer,287087,Tinderbox,Siouxsie And The Banshees,0.9999,0,12,12,,,,,
Album12451,itunes:us,1440794254,Explorations (Remastered),Bill Evans Trio,1.0000,0,10,10,,,,,
Album1982,deezer,51780972,Misplaced Childhood (2017 Remaster),Marillion,0.9972,0,10,10,,,,,
Album3584810,deezer,1373410,Undun,The Roots,0.9934,0,14,13,,,,,
sp:2W7aQrGUh6ZAONQYGTd0xr,deezer,70197882,VU,The Velvet Underground,0.9869,0,10,10,,,,,
Album47971,,,,,,0,,,,,,,
Album27234,deezer,78471,The Lost Tapes,Nas,0.9617,0,12,12,,,,,
Album305947,deezer,11324114,This Godless Endeavor,Nevermore,0.9972,0,11,11,,,,,
sp:4H6JMsvxmh0U7VBYiWiyLa,deezer,9410158,Live (Collector's Edition),AC/DC,0.8881,0,23,23,,,,,
Album12411,deezer,326559777,Lights Out (2008 Remaster),UFO,0.9966,0,12,12,,,,,
Album38563,deezer,98252972,Siembra,Willie Colón,0.8937,0,7,7,,,,,
sp:5w3wNBSUiCEzUX1cRQHebg,itunes:us,692001176,Janácek: String Quartets,Alban Berg Quartett,0.8697,1,8,8,,,,,
Album621000,deezer,145197422,Rap É Compromisso (Edição Comemorativa),Sabotage,0.9505,0,13,13,,,,,
sp:0PT5m6hwPRrpBwIHVnvbFX,deezer,12047944,Help! (Remastered),The Beatles,0.9857,0,14,14,,,,,
Album204525,deezer,328711,Getting Ready... (World),Freddie King,0.9317,0,10,10,,,,,
Album155923,deezer,390185867,Georg Friedrich Haas: In Vain,Klangforum Wien,0.8578,1,1,1,,,,,
Album143501,deezer,6867575,Fome,Los Tres,0.9871,0,15,15,,,,,
Album633771,deezer,268793762,Banjo Kazooie: Re-Jiggyed,Grant Kirkhope,0.9043,0,10,10,,,,,
Album2597,deezer,1530090,On Fire,Galaxie 500,0.9961,0,13,13,,,,,
Album11514,deezer,89800292,Starless And Bible Black,King Crimson,0.9994,0,11,11,,,,,
Album773496,deezer,341058,Ocean Rain,Echo and the Bunnymen,0.9959,0,9,9,,,,,
Album460,deezer,1345671,The B-52's,The B-52's,0.9957,0,9,9,,,,,
Album8222,deezer,112128002,Flying Teapot (Deluxe Edition),Gong,0.9977,0,20,20,,,,,
Album40375,deezer,2378711,Super Ape,The Upsetters,0.9065,0,13,13,,,,,
Album15458,deezer,89923122,Still,Nine Inch Nails,0.9974,0,9,9,,,,,
Album20231,deezer,14910557,Turn Loose the Swans,My Dying Bride,0.9981,0,10,10,,,,,
Album798313,deezer,793047711,Watching from a Distance,Warning,0.9992,0,5,5,,,,,
Album42840,deezer,108401,Mediterráneo,Joan Manuel Serrat,0.9946,0,10,10,,,,,
Album21706,deezer,78941,Sweet Tea,Buddy Guy,0.9978,0,9,9,,,,,
Album38646,deezer,287088,Nocturne,Siouxsie And The Banshees,0.9913,0,16,16,,,,,
Album36490,deezer,682057,A Live One,Phish,0.9988,0,12,12,,,,,
sp:21zdv4QjuegVPhA9tro0HF,itunes:us,1625368022,Live In Dublin,Bruce Springsteen,0.9285,0,28,28,,,,,
Album589883,itunes:us,967636421,Berlioz: Symphonie Fantastique,"Bruno Walter, New York Philharmonic & Los Angeles Philharmonic",0.7793,1,7,7,,,,,
Album6541,deezer,89800222,Islands,King Crimson,0.9999,0,8,8,,,,,
Album33,deezer,10965522,Moon Pix,Cat Power,0.9977,0,11,11,,,,,
Album8333,deezer,667033,Goodbye And Hello,Tim Buckley,0.9972,0,10,10,,,,,
Album6350,deezer,1408159,Red Headed Stranger,Willie Nelson,0.9965,0,15,15,,,,,
Album10698,deezer,94348792,The Gathering,Testament,0.9973,0,12,12,,,,,
Album2315,deezer,500845,The Years of Decay,Overkill,0.9979,0,9,9,,,,,
Album381,deezer,258883,Setting Sons,The Jam,0.9419,0,10,10,,,,,
Album14075587,deezer,272508082,Acts Of God,Immolation,0.9972,0,15,15,,,,,
Album3112003,deezer,5604281,The Social Network,Trent Reznor and Atticus Ross,0.9967,0,19,19,,,,,
Album54237,deezer,668353,Stone Flower (CTI Records 40th Anniversary Edition),Antonio Carlos Jobim,0.9992,0,10,10,,,,,
Album678937,deezer,13367057,Love,The Beatles,0.9991,0,28,28,,,,,
Album4080,deezer,1520795,Sleep Has His House,Current 93,0.8223,1,9,9,,,,,
Album18584,deezer,100179,Caetano Veloso - 1969,Caetano Veloso,0.9957,0,12,12,,,,,
Album17504,deezer,324112,Conquistador!,Cecil Taylor,0.9986,0,3,3,,,,,
Album1238656,deezer,306944797,Graves of the Archangels,Dead Congregation,0.9976,0,9,9,,,,,
Album43384,deezer,404273277,Voimasta ja Kunniasta,Moonsorrow,0.9989,0,6,6,,,,,
Album19091,deezer,81688,Heart Food,Judee Sill,0.9965,0,10,10,,,,,
sp:1zKfZfFQHrH0AqEi7vX3UL,deezer,578062,Lucifer's Friend,Lucifer's Friend,0.9204,0,10,10,,,,,
Album84232,deezer,9487230,Pescado Rabioso 2,Pescado Rabioso,0.8545,0,18,18,,,,,
Album9380245,deezer,89227412,Slide,George Clanton,0.9969,0,10,10,,,,,
Album3139,deezer,413817567,The Sensual World (2018 Remaster),Kate Bush,0.9971,0,10,10,,,,,
Album2951,deezer,356395247,Introspective (2018 Remaster),Pet Shop Boys,0.8900,1,6,6,,,,,
Album15397,deezer,364532,Re,Café Tacvba,0.9967,0,20,20,,,,,
Album3956,deezer,1127540,Equal Rights (Legacy Edition),Peter Tosh,0.9965,0,30,30,,,,,
Album5263805,deezer,9865160,The Epic,Kamasi Washington,0.9986,0,17,17,,,,,
Album5969,deezer,11674696,Out of the Blue,Electric Light Orchestra,0.9961,0,17,17,,,,,
Album6536,deezer,1345195,Welcome to My Nightmare,Alice Cooper,0.9956,0,11,11,,,,,
Album16242,deezer,273177,Grievous Angel,Gram Parsons,0.9967,0,9,9,,,,,
Album1831033,deezer,221648372,Hatred for Mankind,DRAGGED INTO SUNLIGHT,0.9977,0,7,7,,,,,
Album8841940,deezer,53869152,Phantom Thread (Original Motion Picture Soundtrack),Jonny Greenwood,0.9957,0,18,18,,,,,
Album195476,deezer,11318106,Last One On Earth,Asphyx,0.9968,0,8,8,,,,,
Album24998,deezer,127426382,Sarah Vaughan,Sarah Vaughan,0.9659,0,10,10,,,,,
Album1021691,deezer,80981,Coltrane's Sound,John Coltrane,0.9947,0,8,8,,,,,
Album80239,deezer,1449312,Nocturnal,Heltah Skeltah,0.9975,0,17,17,,,,,
Album30967,deezer,97021192,Of Queues and Cures,National Health,0.9986,0,7,7,,,,,
sp:6NCWa4zayILcELsdLE64Ye,itunes:us,1663457593,Gérard Grisey: Les Espaces Acoustiques,"Andrew Joy, Hubert Stähle, Joachim Pöltl, Kathleen Putnam, Garth Knox, WDR Sinfonieorchester Köln, Asko Ensemble & Stefan Asbury",0.8544,0,6,6,,,,,
Album210707,deezer,81454742,Body and Soul,Billie Holiday,0.9988,0,11,11,,,,,
sp:2pXBGmVStydqqBl2dEgFyF,deezer,13067058,"Noskowski: Orchestral Works, Vol. 1",National Polish Radio Symphony Orchestra,0.8756,0,6,6,,,,,
Album840994,deezer,76349152,Nelson Cavaquinho,Nelson Cavaquinho,0.9949,0,12,12,,,,,
Album3146,deezer,10828576,First and Last and Always,The Sisters Of Mercy,0.9274,1,10,10,,,,,
Album8545,deezer,228011,Fear,John Cale,0.9970,0,9,9,,,,,
Album1729,deezer,160170,Katy Lied,Steely Dan,0.9975,0,10,10,,,,,
Album8055,deezer,82576,Gris Gris,Dr. John,0.9713,0,7,7,,,,,
Album8266,deezer,52254752,The Gilded Palace Of Sin,The Flying Burrito Brothers,0.9505,0,11,11,,,,,
Album5854,deezer,299408,Heavy Horses (2003 Remaster),Jethro Tull,0.9970,0,11,11,,,,,
Album700651,deezer,41328,Below The Lights,Enslaved,0.9979,0,7,7,,,,,
Album82832,deezer,15648616,Pentagram,Pentagram,0.9212,0,10,10,,,,,
Album14331,deezer,158850062,Come to My Garden,Minnie Riperton,0.9779,0,10,10,,,,,
Album800443,deezer,901405402,You Don't Mess Around With Jim,Jim Croce,0.9899,0,12,12,,,,,
Album216545,deezer,7291517,Trials & Errors,Magnolia Electric Co.,0.9998,0,10,10,,,,,
Album4612073,deezer,6974486,R Plus Seven,Oneohtrix Point Never,0.9980,0,10,10,,,,,
Album12306083,deezer,538335782,Smiling With No Teeth,Genesis Owusu,0.9955,0,15,15,,,,,
Album2087,itunes:us,1713874443,Killers (2015 Remaster),Iron Maiden,1.0000,0,10,10,,,,,
Album300198,,,,,,0,,,,,,,
Album121695,deezer,6169273,Seven Swans,Sufjan Stevens,0.9997,0,12,12,,,,,
Album18812,deezer,87738,Chicago Transit Authority,Chicago,0.9033,0,12,12,,,,,
Album7651,deezer,900597112,Salisbury (Expanded Version),Uriah Heep,0.9986,0,22,22,,,,,
Album31845,deezer,111468112,Internal Affairs,Pharoahe Monch,0.9965,0,15,15,,,,,
Album44336,deezer,11801514,The Late Great Townes Van Zandt,Townes Van Zandt,0.9969,0,11,11,,,,,
Album187422,deezer,12725606,Spokojnie,Kult,0.9983,0,10,10,,,,,
Album301577,itunes:us,1469584928,Ella Fitzgerald Sings the Rodgers & Hart Songbook,Ella Fitzgerald,0.9955,0,35,35,,,,,
Album41883,deezer,124725,Sama Layuca,McCoy Tyner,0.9987,0,5,5,,,,,
Album10059347,deezer,625368901,Hiding Places,Billy Woods,0.9691,0,12,12,,,,,
Album7745,deezer,130071152,The Jester Race (Black Ash-Inheritance Version),In Flames,0.9966,0,14,14,,,,,
sp:10c97X3beLEDlzFvyeUR7s,,,,,,0,,,,,,,
Album5481,deezer,396599,Autobahn (2009 Remaster),Kraftwerk,0.9983,0,5,5,,,,,
Album516,deezer,302933,Check Your Head (Deluxe Edition/Remastered/2009),Beastie Boys,0.9993,0,36,36,,,,,
Album7121,deezer,1183037,Me Against The World,2Pac,0.9969,0,15,15,,,,,
Album28169,deezer,144866612,Fantastic Damage,El-P,0.9972,0,16,16,,,,,
Album139386,deezer,11473340,Public Castration Is A Good Idea,Swans,0.9986,0,8,8,,,,,
Album7386,itunes:us,1588165443,The Don Killuminati: The 7 Day Theory,Makaveli,0.9997,0,12,12,,,,,
Album13948,deezer,112133592,Angel's Egg (Deluxe Edition),Gong,0.9984,0,28,28,,,,,
Album6427,deezer,330111,Hall of the Mountain Grill,Hawkwind,0.9968,0,13,13,,,,,
Album15728,deezer,14932911,Free Hand,Gentle Giant,0.9974,0,10,10,,,,,
Album78166,deezer,108353,Uptown Saturday Night,Camp Lo,0.9935,0,15,15,,,,,
Album28670,itunes:us,81873103,This Is Our Music,Ornette Coleman Quartet,0.8900,0,7,7,,,,,
Album141,deezer,381656,Wildflowers,Tom Petty,0.9970,0,15,15,,,,,
Album6548,deezer,240880,Naturally,J.J. Cale,0.9900,0,12,12,,,,,
Album10328,deezer,229608442,Metamorphogenesis,Esoteric,0.9996,0,3,3,,,,,
sp:7gTcPv1bE0THbjuvDbK1gq,deezer,115639842,Muddy Waters At Newport 1960,Muddy Waters,0.9958,0,13,13,,,,,
Album20351,deezer,315506,Over,Peter Hammill,0.9773,0,9,9,,,,,
Album41113,deezer,108161,Hildegard von Bingen - Canticles Of Ecstasy,Sequentia,0.7867,1,16,16,,,,,
Album123777,deezer,11052366,Go for Your Guns,The Isley Brothers,0.9965,0,10,10,,,,,
Album55541,deezer,245505,Silent Feet,Eberhard Weber,0.9530,0,3,3,,,,,
Album39026,deezer,115995002,Fathers And Sons (Expanded Edition),Muddy Waters,0.9256,0,20,20,,,,,
sp:5Qn9AJT7wY8kXdLEO4Wvm8,deezer,274861162,Cantata Santa María de Iquique (Remasterizado 2014),Quilapayún,0.9715,0,18,18,,,,,
Album2387,itunes:gb,884059844,Nowhere (Remastered),Ride,0.9971,0,15,15,,,,,
Album527757,deezer,105611582,"10,000 Days",TOOL,0.9990,0,11,11,,,,,
Album5323,deezer,339661,Fleetwood Mac,Fleetwood Mac,0.9956,0,11,11,,,,,
Album906080,deezer,45434671,Colors,Between The Buried And Me,0.8910,0,8,8,,,,,
Album1421,deezer,88249702,Los Angeles (2019 Remaster),X,0.9966,0,12,12,,,,,
Album36806,deezer,124358,Return To Forever,Chick Corea,0.9970,0,4,4,,,,,
Album13344,deezer,1210376,E.S.P. (2022 Remaster),Miles Davis,0.9979,0,7,7,,,,,
Album38250,deezer,244895462,Gilberto Gil (1968),Gilberto Gil,0.8902,0,14,14,,,,,
Album526152,deezer,1046737732,La Planète Sauvage (Original Motion Picture Soundtrack),Alain Goraguer,0.9614,0,25,25,,,,,
Album147308,deezer,905273562,Stray (Expanded Edition),Stray,0.8305,1,13,13,,,,,
Album106616,deezer,150889542,Black Earth,Bohren & Der Club Of Gore,0.9982,0,9,9,,,,,
Album12277,deezer,94353352,Sons of Northern Darkness,IMMORTAL,0.9980,0,8,8,,,,,
Album583,deezer,122882,Imperial Bedroom,Elvis Costello & The Attractions,0.9940,0,15,15,,,,,
Album4504,deezer,338694,World Coming Down,Type O Negative,0.9982,0,13,13,,,,,
Album134208,deezer,46058622,Haile I Hymn (Chapter One),Ijahman,0.9254,0,4,4,,,,,
sp:6V5NAHsrYhmvKlSshbSCKv,,,,,,0,,,,,,,
sp:0RnWcHck1zMA2xIPxDMNkH,deezer,9787240,Babylon By Gus Vol. 1 - o Ano do Macaco,Black Alien,0.9970,0,13,13,,,,,
sp:5nS5P1ezMatxfaGOXVw1lK,deezer,15528334,Dangerous,Bill Hicks,0.9982,0,10,10,,,,,
Album12736749,itunes:us,1612867237,An Evening With Silk Sonic,"Silk Sonic, Bruno Mars & Anderson .Paak",0.8948,0,10,10,,,,,
Album2682,deezer,398360,Maxinquaye (Deluxe Edition),Tricky,0.9964,0,25,25,,,,,
Album31354,deezer,494535,Strictly Business,EPMD,0.9928,0,10,10,,,,,
Album11525,deezer,1143457,Bad Reputation (Expanded Edition),Thin Lizzy,0.9300,0,15,15,,,,,
Album4069,deezer,1520878,Of Ruine or Some Blazing Starre (The Broken Heart of Man),Current 93,0.9496,0,14,14,,,,,
Album177783,deezer,68042992,A Long Hot Summer,Masta Ace,0.9945,0,22,22,,,,,
Album36427,deezer,7382921,Creuza de ma,Fabrizio De André,0.9972,0,23,22,,,,,
sp:1GYG80diXFWYwH7FJB7KeC,itunes:us,1705348153,Piñata Beats,Freddie Gibbs & Madlib,0.9622,0,16,16,,,,,
Album10869,deezer,1111864,Cecil Taylor Unit,Cecil Taylor,0.8956,1,3,3,,,,,
Album66032,deezer,302276,Ambient 2: The Plateaux Of Mirror (Remastered 2004),Harold Budd,0.9525,0,10,10,,,,,
Album1185,deezer,105795,The Serpent's Egg (Remastered),Dead Can Dance,0.9961,0,10,10,,,,,
Album17058,deezer,11323856,From Wisdom To Hate,Gorguts,0.9980,0,8,8,,,,,
Album28288,deezer,116755,Elegant Gypsy,Al Di Meola,0.9905,0,6,6,,,,,
Album19113,deezer,309003817,Remember The Future,Nektar,0.9977,0,2,2,,,,,
Album11072,deezer,68042982,Disposable Arts,Masta Ace,0.9966,0,24,24,,,,,
sp:3IpexZ309jiPcLdFkz3S6F,deezer,48723392,Glitter And Doom Live (Remastered),Tom Waits,0.9966,0,17,17,,,,,
Album16533,deezer,929817111,Hound Dog Taylor and The Houserockers,Hound Dog Taylor,0.9729,0,12,12,,,,,
Album185428,deezer,526142012,Oktubre,Patricio Rey y sus Redonditos de Ricota,0.9976,0,9,9,,,,,
Album232545,deezer,1247200,Solta O Pavão (1975),Jorge Ben Jor,0.9557,0,12,12,,,,,
Album106881,deezer,158895182,The Quest,Mal Waldron,0.9602,0,7,7,,,,,
Album152892,deezer,123840,Monk,Thelonious Monk,0.8900,0,7,7,,,,,
sp:2wb0OEOLPIiEtsqq2tgCk5,deezer,115654,Joplin In Concert,Janis Joplin,0.9301,0,14,14,,,,,
Album10951063,deezer,125931682,Live in Paris (1975),Pharoah Sanders,0.9984,0,6,6,,,,,
Album15910,deezer,6522779,World Of Echo,Arthur Russell,0.9968,0,18,18,,,,,
Album19400,deezer,80269,Cause of Death (Reissue),Obituary,0.9974,0,12,12,,,,,
Album36851,deezer,284176,Kulu Sé Mama,John Coltrane,0.9985,0,3,3,,,,,
Album27810,deezer,1019352201,Live Bullet,Bob Seger & The Silver Bullet Band,0.9987,0,15,15,,,,,
Album24821,deezer,311708,Sonny Clark Trio (Remastered 2001/Rudy Van Gelder Edition),Sonny Clark Trio,0.9949,0,9,9,,,,,
sp:5CXS5K2wldOxL8bweRXBrq,deezer,473885,Beauty And The Beast (Special Edition),Alan Menken,0.8957,0,19,17,,,,,
Album11773,deezer,1548110,Port Royal,Running Wild,0.9958,0,11,11,,,,,
Album3177,deezer,112966,I Am The Blues,Willie Dixon,0.9991,0,9,9,,,,,
sp:5hxuV74aEJSWI4bI53x0x6,deezer,185287572,"Shut Up, You Fucking Baby!",David Cross,0.9985,0,17,17,,,,,
Album683588,deezer,58417322,Belchior ou era uma vez um homem e seu tempo,Belchior,0.9147,0,11,11,,,,,
Album1601358,deezer,215576,The way of all flesh,Gojira,0.9972,0,12,12,,,,,
Album6165650,deezer,748556491,We Cool?,Jeff Rosenstock,0.9991,0,12,12,,,,,
Album210384,deezer,1213956,Invisible,Invisible,0.9108,0,6,6,,,,,
Album838,deezer,284626,Volume Two (Remastered),Soft Machine,0.9912,0,17,17,,,,,
Album18078,deezer,6508843,Any Other City,Life Without Buildings,0.9971,0,10,10,,,,,
Album22337,deezer,74540632,Written in Waters,Ved Buens Ende,0.9978,0,9,9,,,,,
Album605812,deezer,1234601,"Brother, Sister",mewithoutYou,0.9958,0,13,13,,,,,
Album382,deezer,109451,Sound Affects,The Jam,0.9917,0,11,11,,,,,
Album19090,deezer,89080,Judee Sill,Judee Sill,0.9963,0,11,11,,,,,
Album147426,deezer,6958555,Back to Times of Splendor - EP,Disillusion,0.9984,0,6,6,,,,,
Album77812,deezer,5327511,Shuffering & Shmiling,Fela Kuti,0.9618,0,1,1,,,,,
Album184725,itunes:us,1347734840,Coisas - Single,Moacir Santos,0.7978,1,1,1,,,,,
Album24016,deezer,570458,Pequenas Anécdotas Sobre Las Instituciones,Sui Generis,0.9853,0,11,11,,,,,
Album82942,deezer,930287361,Somebody Loan Me A Dime (Remastered),Fenton Robinson,0.9845,0,11,11,,,,,
sp:5Vxc9B6az1b2nrAALBaOwF,itunes:us,1727180392,Scream for Me Brazil (Live),Bruce Dickinson,0.9538,0,12,12,,,,,
Album358836,deezer,2795781,The Campfire Headphase,Boards Of Canada,0.9970,0,15,15,,,,,
Album2758328,deezer,180130472,Unsilent Death (10th Anniversary Edition),Nails,0.9328,0,15,15,,,,,
Album262,deezer,43958381,Fantasma (Remastered),Cornelius,0.9965,0,17,17,,,,,
Album6041193,deezer,9260990,NO NOW,Clarence Clarity,0.9963,0,20,20,,,,,
Album187496,itunes:us,415296152,Satori,Flower Travellin' Band,0.9991,0,5,5,,,,,
Album191130,deezer,6968759,Salvation,Cult Of Luna,1.0000,0,8,8,,,,,
sp:5ttDbNMKXczvp0Z8QRgKs6,deezer,78180,At Budokan,Cheap Trick,0.9963,0,10,10,,,,,
Album17527,deezer,302952,Unity (Remastered / Rudy Van Gelder Edition),Larry Young,0.9853,0,6,6,,,,,
Album129557,itunes:us,269238473,Hanging Gardens,The Necks,0.8900,0,1,1,,,,,
Album91649,deezer,299801,Lô Borges,Lô Borges,0.9542,0,15,15,,,,,
Album797286,deezer,6450752,J.S Bach - Die Kunst Der Fuge,Keller Quartett,0.9038,0,20,20,,,,,
sp:2uqRXekelqGRFSWNalNxE5,deezer,321884,"A Night At Birdland, Vol. 2 (The Rudy Van Gelder Edition)",Art Blakey Quintet,0.9690,0,7,7,,,,,
Album23,itunes:us,1440850529,Document,R.E.M.,0.9904,0,11,11,,,,,
Album165509,deezer,149088,"To the Depths, In Degradation",Infester,0.9974,0,10,10,,,,,
Album2092,itunes:us,1713865011,Brave New World (2015 Remaster),Iron Maiden,1.0000,0,10,10,,,,,
Album42700,deezer,905274612,Angel Witch (30th Anniversary Edition),Angel Witch,0.9993,0,30,30,,,,,
Album6630,deezer,72176592,Idlewild South (Deluxe Edition Remastered),The Allman Brothers Band,0.9328,0,19,19,,,,,
Album8324,deezer,118498,Bayou Country,Creedence Clearwater Revival,0.9974,0,7,7,,,,,
Album2694520,deezer,1610119,Going Places,Yellow Swans,0.9982,0,6,6,,,,,
Album5545,deezer,302071,Country Life,Roxy Music,0.9966,0,10,10,,,,,
Album2561289,deezer,988539,Hole in the Heart,Ramleh,0.9979,0,13,13,,,,,
Album289910,deezer,138113602,Beverly Glenn-Copeland,Beverly Glenn-Copeland,0.9973,0,8,8,,,,,
Album13539,deezer,64484722,Contemporary Movement,Duster,0.9986,0,12,12,,,,,
Album12106,deezer,470628785,Three Friends (2011 Remaster),Gentle Giant,0.9967,0,8,8,,,,,
Album238970,deezer,11328286,Alien,Strapping Young Lad,0.9968,0,11,11,,,,,
Album138641,deezer,132051862,Far Away from the Sun,Sacramentum,0.9983,0,9,9,,,,,
Album8005,deezer,11328990,How to Measure a Planet? (Deluxe Edition),The Gathering,0.9981,0,14,14,,,,,
Album18827,deezer,1345202,Streets - A Rock Opera,Savatage,0.9974,0,16,16,,,,,
Album494216,deezer,12551926,Graduation,Kanye West,0.9994,0,14,14,,,,,
Album5082240,deezer,139543252,Oblivion Access,Lil Ugly Mane,0.9954,0,13,13,,,,,
Album2592,deezer,6710434,The Basement Tapes,Bob Dylan,0.9590,0,24,24,,,,,
Album10509606,itunes:us,1709035427,OIL OF EVERY PEARL'S UN-INSIDES NON-STOP REMIX ALBUM,SOPHIE,0.9344,0,25,25,,,,,
Album14371,deezer,8305084,Between Nothingness & Eternity,Mahavishnu Orchestra,0.9996,0,3,3,,,,,
Album91170,deezer,321803,The Big Beat (The Rudy Van Gelder Edition),Art Blakey,0.9701,0,7,7,,,,,
Album64784,deezer,1547528,"Carlos, Erasmo (Versão Com Bônus 1971)",Erasmo Carlos,0.9470,0,14,14,,,,,
Album170708,deezer,124777,"Saxophone, Improvisations, Séries F",Anthony Braxton,0.9652,0,9,4,,,,,
Album1116585,deezer,99872742,Twin Peaks: Season Two Music And More,Angelo Badalamenti,0.9344,0,24,24,,,,,
Album41169,deezer,143065652,This Ain't No Rock N' Roll,Mississippi Fred McDowell,0.7885,1,18,18,,,,,
sp:1Yub41uoYXCmT10jjaEYiz,deezer,115667,Shakti with John McLaughlin (with John McLaughlin),Shakti,0.9273,0,3,3,,,,,
Album1709,deezer,44813341,Pretty Hate Machine (Remastered),Nine Inch Nails,0.9517,0,11,11,,,,,
Album796730,deezer,280254542,From Here We Go Sublime,The Field,0.9982,0,10,10,,,,,
Album4073,deezer,1530147,All the Pretty Little Horses (The Inmost Light),Current 93,0.9514,0,13,13,,,,,
Album256025,,,,,,0,,,,,,,
Album2914,deezer,356414377,Behaviour (2018 Remaster),Pet Shop Boys,0.9979,0,10,10,,,,,
Album5628,deezer,513587392,Camel (Expanded Edition),Camel,0.8600,1,17,17,,,,,
Album5000371,,,,,,0,,,,,,,
Album11343986,deezer,139385112,Punisher,Phoebe Bridgers,0.9991,0,11,11,,,,,
Album6126,deezer,8991837,Show No Mercy,Slayer,0.9975,0,10,10,,,,,
Album20866,deezer,86279382,Vikingligr Veldi,Enslaved,0.9989,0,5,5,,,,,
Album118966,deezer,1518090,Restless And Wild,Accept,0.9995,0,10,10,,,,,
Album13333,deezer,6441475,Tomorrow The Green Grass,The Jayhawks,0.9964,0,13,13,,,,,
Album4262885,deezer,421206357,MetaL MetaL,Metá Metá,0.8963,0,9,9,,,,,
Album1215910,deezer,61540102,King of Kings,The Pyramids,0.9981,0,6,6,,,,,
Album110153,itunes:us,1045382114,Slaughtersun (Crown of the Triarchy) [Reissue 2014],Dawn,1.0000,0,7,7,,,,,
Album1667,deezer,125748,The Marshall Mathers LP,Eminem,0.9975,0,18,18,,,,,
Album4997,deezer,273337,Images and Words,Dream Theater,0.9984,0,8,8,,,,,
Album3674189,deezer,62641682,Portal of I,Ne Obliviscaris,0.9984,0,7,7,,,,,
Album72093,deezer,104311,The Jaki Byard Experience,Jaki Byard,0.9888,0,6,6,,,,,
Album7287369,deezer,633380821,Hyper Light Drifter (Original Game Soundtrack),Disasterpeace,0.9258,0,29,29,,,,,
Album43479,deezer,311734,Leapin' And Lopin' (Remastered),Sonny Clark,0.9678,0,8,8,,,,,
sp:4lyOWeTFrmIdVHz36rgMnN,deezer,1016399,Ives: Symphony No. 4,American Symphony Orchestra,0.7900,1,4,4,,,,,
Album51299,deezer,1546656,Nina at the Village Gate,Nina Simone,0.9977,0,8,8,,,,,
Album3676,deezer,7407482,American Beauty (2013 Remaster),Grateful Dead,0.9958,0,10,10,,,,,
Album2798,deezer,119067,Among The Living,Anthrax,0.9995,0,9,9,,,,,
Album874217,deezer,242518982,Weighing Souls With Sand,The Angelic Process,0.9977,0,11,11,,,,,
Album3719,deezer,8678887,Dubnobasswithmyheadman (20th Anniversary Remaster),Underworld,0.9982,0,9,9,,,,,
Album4423063,deezer,763919101,One Of Us Is The Killer,The Dillinger Escape Plan,0.9964,0,11,11,,,,,
Album6496,deezer,231621,John Barleycorn Must Die,Traffic,0.9592,0,6,6,,,,,
Album10488,deezer,339860,Crossings,Herbie Hancock,0.9994,0,3,3,,,,,
Album775507,itunes:us,1733114651,"Moa Anbessa (feat. Xavier Charles, Joost Buis, Brodie West & Colin McLean)",The Ex & Getatchew Mekuria,0.9160,0,11,11,,,,,
Album298727,itunes:us,286768548,Jazz På Svenska,Jan Johansson,1.0000,0,16,16,,,,,
sp:48pTUkzVI2oGMNc3x5fL5c,deezer,15528346,Arizona Bay,Bill Hicks,0.9963,0,18,18,,,,,
Album169559,itunes:us,1713616695,"Pappo's Blues, Vol. 3",Pappo's Blues,1.0000,0,9,9,,,,,
Album824043,deezer,6290043,ONJQ Live in Lisbon,Otomo Yoshihide's New Jazz Quintet,0.9992,0,4,4,,,,,
Album644355,deezer,680070,Bad News Is Coming,Luther Allison,0.9863,0,11,11,,,,,
sp:6wCttLq0ADzkPgtRnUihLV,deezer,12047950,A Hard Day's Night (Remastered),The Beatles,0.9858,0,13,13,,,,,
Album657765,deezer,330060,The Pavilion Of Dreams,Harold Budd,0.9990,0,4,4,,,,,
Album6426,deezer,319939,Doremi Fasol Latido,Hawkwind,0.9973,0,11,11,,,,,
Album11351,deezer,1048221792,Cookin' With The Miles Davis Quintet (Remastered 2026),Miles Davis,0.9606,0,4,4,,,,,
Album15346,deezer,86258,Legion,Deicide,0.9950,0,8,8,,,,,
Album2562,deezer,79884952,Brothers And Sisters (Deluxe Edition),The Allman Brothers Band,0.8360,0,16,16,,,,,
Album9495,deezer,672010,The Wonderful and Frightening World of The Fall (Expanded Edition),The Fall,0.9018,1,25,25,,,,,
Album6499,deezer,162219,The Low Spark Of High Heeled Boys,Traffic,0.9951,0,7,7,,,,,
Album20733,deezer,301454,The Rotters Club,Hatfield & The North,0.9979,0,14,14,,,,,
Album11166,deezer,314557,Soul On Ice,Ras Kass,0.9983,0,13,13,,,,,
Album7919,deezer,57893702,Blue Valentine (Remastered),Tom Waits,0.9977,0,10,10,,,,,
Album8109,deezer,323886,Doc At The Radar Station,Captain Beefheart,0.9557,0,12,12,,,,,
Album8194,deezer,99688702,Rubycon (Deluxe Version),Tangerine Dream,0.9945,0,3,3,,,,,
Album1988234,deezer,59825372,Sometimes I Wish We Were An Eagle,Bill Callahan,0.9997,0,9,9,,,,,
Album101727,deezer,350141097,Lesser Matters,The Radio Dept.,0.9959,0,13,13,,,,,
Album7468467,deezer,14957857,VA-11 Hall-A (Original Soundtrack: Second Round),Garoad,0.9534,0,44,44,,,,,
Album12729197,itunes:us,1556328117,LIVE IN STUTTGART 1975 - EP,Can,1.0000,0,5,5,,,,,
Album149515,deezer,6151860,Autumn Aurora,Drudkh,0.9982,0,6,6,,,,,
Album17282,deezer,187368462,Miami (Remastered 2020),The Gun Club,0.9963,0,30,30,,,,,
Album39117,deezer,139176,Tales Of Creation,Candlemass,0.9975,0,17,17,,,,,
Album12116,deezer,162024,White Light,Gene Clark,0.9888,0,14,14,,,,,
Album335638,deezer,166780382,King of da Playaz Ball,Kingpin Skinny Pimp,0.9973,0,16,16,,,,,
Album4675,deezer,1399103,In Step,Stevie Ray Vaughan & Double Trouble,0.9943,0,10,10,,,,,
Album10327,deezer,125773712,The Pernicious Enigma,Esoteric,0.9998,0,9,9,,,,,
Album213149,deezer,6967732,The Spell Of Retribution,The Chasm,0.9999,0,10,10,,,,,
Album723449,itunes:us,1339697106,The Sound of Music,Various Artists,0.8903,0,22,22,,,,,
Album872566,deezer,320425,Adoniran Barbosa,Adoniran Barbosa,0.9916,0,11,11,,,,,
Album114,deezer,664237,Imagine,John Lennon,0.9860,0,10,10,,,,,
Album7602,deezer,106392,vs.,Mission Of Burma,0.9954,0,16,16,,,,,
Album871691,deezer,121922,Far Cry,Eric Dolphy,0.9926,0,8,8,,,,,
sp:6jTcrXW3mOPSDlQrnekktc,deezer,315385,801 Live,Phil Manzanera,0.6181,1,10,10,,,,,
Album118900,deezer,224630,Crystals,Sam Rivers,0.9942,0,6,6,,,,,
Album113420,deezer,10517470,Such Sweet Thunder (Expanded Edition),Duke Ellington,0.9674,0,22,20,,,,,
sp:0N9j00MnnGVvDGrra3hB6o,deezer,1530126,Peel Sessions,Galaxie 500,0.9962,0,8,8,,,,,
Album1119,deezer,226118,Dirty,Sonic Youth,0.9519,0,15,15,,,,,
Album10551933,deezer,185270022,There Existed an Addiction to Blood,clipping.,0.9966,0,15,15,,,,,
Album5989,deezer,643037611,Good (2020 Remaster),Morphine,0.9989,0,13,13,,,,,
Album10553,deezer,226419722,1990,Daniel Johnston,0.9966,0,17,17,,,,,
Album3821,deezer,86030,Demanufacture,Fear Factory,0.9063,0,11,11,,,,,
Album8099,deezer,753033,"Lick My Decals Off, Baby",Captain Beefheart & His Magic Band,0.9730,0,15,15,,,,,
Album5360,deezer,332071,Clarity (Expanded Edition),Jimmy Eat World,0.9971,0,15,15,,,,,
Album40097,deezer,7316566,Dawn Of Possession,Immolation,0.9965,0,10,10,,,,,
Album7266,deezer,931777141,Secret South,16 Horsepower,0.9996,0,11,11,,,,,
Album6428,deezer,307195337,Warrior on the Edge of Time,Hawkwind,0.9964,0,11,11,,,,,
Album1847613,deezer,597232532,SCRAMBLES,Bomb The Music Industry!,0.9993,0,13,13,,,,,
Album56879,deezer,230689,I Talk With The Spirits,Roland Kirk Quartet,0.9537,0,10,10,,,,,
Album186077,deezer,1215807,Durazno Sangrando,Invisible,0.9955,0,5,5,,,,,
Album85780,deezer,91255532,Deathcult for Eternity:the Triumph,The Chasm,0.9975,0,12,12,,,,,
Album5640,deezer,15196909,Nightingales & Bombers,Manfred Mann's Earth Band,0.9974,0,10,10,,,,,
Album61319,deezer,49661752,Symbiosis,Bill Evans,0.9986,0,5,5,,,,,
sp:11RrIE8R4WdmybwaItRa97,itunes:us,1440773535,Braveheart (Soundtrack from the Motion Picture),James Horner,1.0000,0,18,18,,,,,
Album199159,deezer,14585902,Most Things Haven't Worked Out,Junior Kimbrough,0.9979,0,8,8,,,,,
Album819606,,,,,,0,,,,,,,
Album39720,deezer,612739,Taking Over,Overkill,0.9976,0,9,9,,,,,
Album116869,deezer,90900562,Tempo of the Damned,Exodus,0.9975,0,10,10,,,,,
Album160120,deezer,326753,Symphony For Improvisers (Remastered / Rudy Van Gelder Edition),Don Cherry,0.9972,0,2,2,,,,,
Album2415899,deezer,91255322,Farseeing the Paranormal Abysm,The Chasm,0.9986,0,8,8,,,,,
sp:11y3Dzg44npGsTWKtmuzTW,deezer,74436772,American Beauty (Original Motion Picture Score),Thomas Newman,0.9993,0,19,19,,,,,
Album94557,deezer,692413871,'Frisco Mabel Joy,Mickey Newbury,0.9016,0,11,11,,,,,
Album141391,deezer,557460652,Power To The People (Remastered 2024),Joe Henderson,0.9894,0,7,7,,,,,
sp:1zfh94JtrSuduoJzGitL9D,deezer,901479902,Live At Earls Court,Morrissey,0.9974,0,18,18,,,,,
Album8125,deezer,78006362,The Sham Mirrors,Arcturus,0.9969,0,7,7,,,,,
Album7250,deezer,680224,Damn The Torpedoes (Deluxe Edition),Tom Petty And The Heartbreakers,0.9957,0,18,18,,,,,
Album45743,deezer,332333,The Yellow Princess,John Fahey,0.9987,0,12,12,,,,,
Album16325,deezer,300735,Fish Rising,Steve Hillage,0.9986,0,7,7,,,,,
Album18635,deezer,104940,6- And 12-String Guitar,Leo Kottke,0.9963,0,14,14,,,,,
Album13711,deezer,302966,Page One,Joe Henderson,0.9872,0,6,6,,,,,
Album1043555,deezer,9421352,Time and Place (Digitally Remastered),Lee Moses,0.9960,0,9,9,,,,,
sp:4bNE83zw6uZs5FyDFnSCui,deezer,246016922,A Boy Named Charlie Brown,Vince Guaraldi Trio,0.9981,0,11,11,,,,,
sp:0kL3TYRsSXnu0iJvFO3rud,deezer,12557222,untitled unmastered.,Kendrick Lamar,0.9969,0,8,8,,,,,
Album138739,deezer,115458262,Sung Tongs,Animal Collective,0.9969,0,12,12,,,,,
Album22039,deezer,86379,Alice In Hell,Annihilator,0.9976,0,12,12,,,,,
Album4658,deezer,321092707,The Who Sell Out (Expanded Edition),The Who,0.8585,0,23,23,,,,,
Album11440,deezer,299874,Undercurrent,Bill Evans,0.9526,0,10,10,,,,,
Album54342,deezer,86282312,1184,Windir,0.9984,0,8,8,,,,,
Album26151,deezer,905275722,Valentyne Suite (Deluxe Expanded Edition),Colosseum,0.9977,0,15,15,,,,,
sp:6cqQoeptBmTpSw23R87hxU,deezer,1505860,Some Things Just Stick In Your Mind (Singles And Demos 1964 To 1967),Vashti Bunyan,0.9929,0,25,25,,,,,
Album207124,deezer,7455209,Mystic Chords & Sacred Spaces (complete edition),Steve Roach,0.9999,0,29,29,,,,,
Album376712,deezer,41521751,Tristeza on Guitar,Baden Powell,0.9977,0,10,10,,,,,
Album10864130,deezer,304591887,E,Ecco2k,0.9961,0,12,12,,,,,
sp:4cvCazAnjMnrFsvA1AhpVI,itunes:us,826494813,Monster Movie (Remastered),Can,0.9450,0,4,4,,,,,
Album56988,deezer,9688554,Rounds,Four Tet,0.9973,0,10,10,,,,,
Album1887,deezer,241660,Sailing The Seas Of Cheese,Primus,0.9930,0,13,13,,,,,
Album729,deezer,320867697,Dry,PJ Harvey,0.9970,0,11,11,,,,,
Album266,deezer,1455307,Everything Must Go,Manic Street Preachers,0.9086,0,12,12,,,,,
Album5995,deezer,6307694,Above (Deluxe Edition),Mad Season,0.9966,0,26,25,,,,,
Album7880,deezer,193809382,The Gallery,Dark Tranquillity,0.9964,0,11,11,,,,,
Album3615142,deezer,1230757,Dead Roots Stirring,Elder,0.9996,0,5,5,,,,,
Album20816,deezer,1720791,Blasphemy Made Flesh,Cryptopsy,0.9971,0,10,10,,,,,
Album7794,deezer,71160,Fresh,Sly & The Family Stone,0.9977,0,16,16,,,,,
Album19690,deezer,86905,Spectrum,Billy Cobham,0.9966,0,10,10,,,,,
Album170173,deezer,179789862,Out Of Myself,Riverside,0.9978,0,9,9,,,,,
Album24534,deezer,680397,Dead Man's Party,Oingo Boingo,0.9973,0,9,9,,,,,
Album758373,deezer,9640174,Rain Upon the Impure,The Ruins Of Beverast,0.9998,0,7,7,,,,,
sp:4c5Olye77P5ii9DEG7UlZX,deezer,1007459621,Live Killers,Queen,0.9959,0,22,22,,,,,
Album26527,deezer,901400542,Hark! The Village Wait,Steeleye Span,0.9971,0,12,12,,,,,
Album348429,deezer,515516982,Światła Miasta,Grammatik,0.9963,0,12,12,,,,,
sp:3WYfkaZSSomQpGUTTBdy35,deezer,382038,Live,Foghat,0.9986,0,6,6,,,,,
Album351944,deezer,197976022,Conquering Lion (Expanded Edition),Yabby You,0.9951,0,22,22,,,,,
Album13659,deezer,612932,Houdini,Melvins,0.9972,0,13,13,,,,,
Album452328,deezer,165111,The Great Cold Distance,Katatonia,0.9974,0,12,12,,,,,
Album137669,itunes:us,724465582,India's Master Musician,Ravi Shankar,1.0000,0,5,5,,,,,
Album13471,deezer,241444,Por Este Rio Acima,Fausto,0.9947,0,16,16,,,,,
Album98053,deezer,175188,Actos Inexplicables,Nacho Vegas,0.9974,0,10,10,,,,,
Album157015,deezer,10901580,Vergogna schifosi (Original Motion Picture Soundtrack),Ennio Morricone,0.8613,1,6,6,,,,,
Album837859,deezer,74098372,Songs About Fucking (Remastered),Big Black,0.9948,0,13,13,,,,,
Album3154833,itunes:us,1839148090,Kaputt,Destroyer,1.0000,0,9,9,,,,,
Album793,deezer,400884797,Dub Housing,Pere Ubu,0.9966,0,10,10,,,,,
Album9350,deezer,898024582,Muswell Hillbillies (Remastered 2022),The Kinks,0.9910,0,12,12,,,,,
Album2560,,,,,,0,,,,,,,
Album138354,deezer,11324018,Mabool - The Story of the Three Sons of Seven,Orphaned Land,0.9982,0,12,12,,,,,
Album619652,deezer,387493267,Above The Weeping World,Insomnium,0.9980,0,9,9,,,,,
Album4356,deezer,107774542,Jordan: The Comeback,Prefab Sprout,0.9984,0,19,19,,,,,
Album5487,deezer,793371061,Into the Music (Bonus Track Version),Van Morrison,0.9984,0,12,12,,,,,
Album158651,deezer,326573177,New Ancient Strings,Toumani Diabaté,0.9715,0,8,8,,,,,
Album12806,deezer,324407,"Now He Sings, Now He Sobs (Expanded Edition)",Chick Corea,0.9317,0,13,13,,,,,
Album49254,deezer,55185542,Split Personalities,12 Rods,1.0000,0,10,10,,,,,
Album778070,deezer,81790982,Pongo en Tus Manos Abiertas,Víctor Jara,0.9971,0,18,18,,,,,
Album607574,deezer,4922781,Filmzenék Tarr Béla Filmjeihez (Underground Katalógus),Vig Mihály,0.9499,0,22,22,,,,,
Album3582,deezer,1440805,Born In The U.S.A.,Bruce Springsteen,0.9951,0,12,12,,,,,
Album1324536,deezer,95467,Watershed,Opeth,0.9016,0,7,7,,,,,
Album5667,deezer,5939949,Focus 3,Focus,0.8900,0,8,8,,,,,
Album104326,deezer,187025422,"I, Jonathan",Jonathan Richman,0.9764,0,10,10,,,,,
Album1851146,deezer,978789891,Love Is Overtaking Me (Redux),Arthur Russell,0.8529,1,23,23,,,,,
Album68256,deezer,74399002,Decoration Day,Drive-By Truckers,0.9994,0,15,15,,,,,
Album1095478,deezer,54718362,Последний герой,Кино,0.9963,0,10,10,,,,,
Album36452,deezer,108563,Anime Salve,Fabrizio De André,0.9956,0,9,9,,,,,
Album89777,deezer,91751772,Conjuration of the Spectral Empire,The Chasm,0.9981,0,10,10,,,,,
Album208239,deezer,71594822,Blues-ette,Curtis Fuller Quintet,0.9888,0,6,6,,,,,
Album17378,deezer,8150146,Expansions,McCoy Tyner,0.9981,0,5,5,,,,,
Album53022,deezer,287775,Halfbreed,Keef Hartley Band,0.9967,0,8,8,,,,,
sp:3zyih0MTiwrEUbJLS03saH,itunes:us,921017245,Naked Lunch (The Complete Original Soundtrack) [2014 Remaster],Howard Shore & Ornette Coleman,0.9622,0,24,24,,,,,
Album385926,deezer,331315787,Unfinished Masterpiece,Eddie Palmieri,0.9911,0,6,6,,,,,
Album11521,deezer,98260,Sin After Sin,Judas Priest,0.9965,0,10,10,,,,,
Album5544,deezer,302070,Stranded,Roxy Music,0.9872,0,8,8,,,,,
Album43265,deezer,251779752,Heavy Rocks (2011),Boris,0.9997,0,10,10,,,,,
Album22244,deezer,14777485,Stronghold,Summoning,0.9978,0,9,9,,,,,
Album5848,deezer,299808,Minstrel in the Gallery (2002 Remaster),Jethro Tull,0.9284,0,12,12,,,,,
Album40318,deezer,80273,The Erosion Of Sanity,Gorguts,0.9969,0,8,8,,,,,
Album8220,deezer,393258,Timewind,Klaus Schulze,0.9995,0,2,2,,,,,
Album34797,deezer,11319696,Dopesick (remastered Re-issue + Bonus),Eyehategod,0.9967,0,15,15,,,,,
Album50696,deezer,11330100,Accelerated Evolution,The Devin Townsend Band,0.9985,0,9,9,,,,,
Album69434,deezer,242802212,Sadness Will Prevail,TODAY IS THE DAY,0.9975,0,30,30,,,,,
Album1406397,deezer,278911562,Dark Space III,Darkspace,0.9987,0,7,7,,,,,
Album4619,deezer,228718,Kaya,Bob Marley & The Wailers,0.9981,0,11,11,,,,,
Album2681,deezer,61419632,Curtains,Tindersticks,0.9966,0,15,15,,,,,
Album12505,deezer,126287,Wishbone Ash,Wishbone Ash,0.9998,0,6,6,,,,,
Album8869198,deezer,950759331,No Dogs Allowed,Sidney Gish,0.9970,0,13,13,,,,,
Album12135,deezer,98916082,Roadmaster (Expanded Edition),Gene Clark,0.9956,0,13,13,,,,,
Album81178,deezer,1372305,Room On Fire,The Strokes,0.9833,0,11,11,,,,,
Album128260,deezer,392140,A Ghost Is Born,Wilco,0.9088,0,12,12,,,,,
Album1281,deezer,302277,Ambient 4: On Land (Remastered 2004),Brian Eno,0.9995,0,8,8,,,,,
Album7476169,deezer,106076392,Starspawn,Blood Incantation,0.9973,0,5,5,,,,,
Album69039,deezer,1004036,Helvete,Nasum,0.9924,0,22,22,,,,,
Album30719,deezer,1004427,Steal This Double Album,The Coup,0.9123,0,17,16,,,,,
sp:3qn8jYDeZCjukBoeKobEU4,deezer,579005431,"Gayle, Charles / Parker, William / Ali, Rashied: Touchin' on Trane",Charles Gayle,0.8573,0,5,5,,,,,
Album1507,deezer,607854,Rhythm Nation 1814,Janet Jackson,0.9985,0,20,20,,,,,
Album30111,deezer,7014343,Night Beat,Sam Cooke,0.9871,0,12,12,,,,,
Album34183,deezer,92098212,The Emitt Rhodes Recordings (1969-1973),Emitt Rhodes,0.8168,0,48,48,,,,,
Album165444,deezer,6251942,Jimmy Carter Syndrome,Munly J Munly,0.8947,0,12,12,,,,,
Album15899,deezer,13029816,Fuchsia Swing Song,Sam Rivers,0.9978,0,6,6,,,,,
sp:76ofcWONgm5BNXpKFy9Wxz,deezer,99692152,Encore (Remastered 2018 / Deluxe Version),Tangerine Dream,0.9951,0,6,6,,,,,
Album5518497,deezer,185320622,Interstellar (Original Motion Picture Soundtrack) (Expanded Edition),Hans Zimmer,0.9971,0,30,30,,,,,
Album16767,deezer,5946076,The Outer Limits,Voivod,0.9977,0,9,9,,,,,
Album39149,deezer,8141178,Volcanic Rock,Buffalo,0.9951,0,6,6,,,,,
Album27005,deezer,7174892,Warren Zevon,Warren Zevon,0.9477,0,11,11,,,,,
Album11300,deezer,13994680,Tons Of Sobs,Free,0.9863,0,10,10,,,,,
Album6636,deezer,5939951,Hamburger Concerto,Focus,0.9983,0,6,6,,,,,
sp:7eheMJVrG6qmG4NxR3MkXu,deezer,129081382,Musta Seremonia,Rippikoulu,0.9969,0,6,6,,,,,
Album330,deezer,4351521,Parklife,Blur,0.9651,0,16,16,,,,,
Album6608,deezer,1007457911,Sheer Heart Attack,Queen,0.9566,0,13,13,,,,,
Album9541350,deezer,70364272,Aviary,Julia Holter,0.9973,0,15,15,,,,,
Album28458,itunes:us,1773009664,cLOUDDEAD (2024 Remastered),cLOUDDEAD,0.8900,0,12,12,,,,,
Album29366,deezer,317970947,Labor Days,Aesop Rock,0.9993,0,14,14,,,,,
Album4945,deezer,248343,Wheels Of Fire,Cream,0.9946,0,13,13,,,,,
Album12306634,deezer,190723952,Charmed,DJ Sabrina The Teenage DJ,0.9980,0,31,31,,,,,
Album742,deezer,13258107,Liar,The Jesus Lizard,0.9998,0,14,14,,,,,
Album50313,deezer,6958651,Battle Cry,Omen,0.9970,0,10,10,,,,,
Album8621502,deezer,50988402,Cuphead (Original Soundtrack),Kristofer Maddigan,0.9952,0,56,56,,,,,
Album31357,deezer,8285254,Old No. 1,Guy Clark,0.9972,0,10,10,,,,,
Album77965,deezer,335034,Corazones,Los Prisioneros,0.9972,0,9,9,,,,,
Album48198,deezer,74897,Blues In Orbit,Duke Ellington,0.9982,0,19,19,,,,,
Album300599,deezer,1148580,Transient,Gaelle,0.9974,0,12,12,,,,,
Album77599,deezer,60345422,Jards Macalé,Jards Macalé,0.9016,0,9,9,,,,,
Album135,deezer,939399,Vs.,Pearl Jam,0.9971,0,15,15,,,,,
Album5824,deezer,608448,Paul Simon,Paul Simon,0.9880,0,14,14,,,,,
Album8033,deezer,10966638,Replicas (1998 Remaster),Tubeway Army,0.9976,0,16,16,,,,,
Album3835,deezer,276901,Chaos A.D.,Sepultura,0.9974,0,16,16,,,,,
Album11801,deezer,326530027,Cricklewood Green,Ten Years After,0.9972,0,8,8,,,,,
Album166549,deezer,150931092,Legenda,Armia,0.9978,0,10,10,,,,,
Album60959,deezer,11124976,Espelho Cristalino,Alceu Valença,0.9967,0,8,8,,,,,
Album418641,deezer,15349031,Spem in Alium - The Tallis Scholars Sing Thomas Tallis (With 3 Bonus Tracks),The Tallis Scholars & Peter Phillips,0.8170,1,74,74,,,,,
sp:0Q2nojEtnZQLrWr9VhjJUc,deezer,808761891,Hilarious,Louis C.K.,0.9979,0,11,11,,,,,
sp:4dkPMU6yIGsMW7oyhexxg0,deezer,324214,Jazz Portraits-Mingus In Wonderland,Charles Mingus,0.9990,0,4,4,,,,,
Album40545,deezer,6867362,La Espada & la Pared,Los Tres,0.9552,0,13,13,,,,,
Album11560268,deezer,149142962,Alfredo,Freddie Gibbs,0.9703,0,10,10,,,,,
Album1158,deezer,51652992,In Sides,Orbital,0.9986,0,9,9,,,,,
Album9057,deezer,302509,Script for a Jester's Tear,Marillion,0.9985,0,13,13,,,,,
Album580,deezer,120688,Get Happy,Elvis Costello & The Attractions,0.9901,0,20,20,,,,,
Album40353,deezer,7199974,War Master (Full Dynamic Range Edition),Bolt Thrower,0.9579,0,9,9,,,,,
Album3544012,deezer,11328956,Bilateral,Leprous,0.9979,0,10,10,,,,,
Album40314,deezer,3171461,The Ultra-Violence,Death Angel,0.9978,0,8,8,,,,,
Album84250,deezer,276760792,Death Church,Rudimentary Peni,0.9909,0,21,21,,,,,
Album164063,deezer,888988982,Inferno,Motörhead,0.9928,0,12,12,,,,,
Album7837,deezer,11328636,Burnt Offerings,Iced Earth,0.9979,0,8,8,,,,,
Album21612,deezer,2320071,Paix,Catherine Ribeiro + Alpes,0.9982,0,4,4,,,,,
Album19534,deezer,53116072,V: The New Mythology Suite,Symphony X,0.9978,0,13,13,,,,,
Album19493,deezer,569227501,Purgatory Afterglow (Remaster 2024),Edge Of Sanity,0.9994,0,10,10,,,,,
Album48,deezer,6927549,Another Side Of Bob Dylan,Bob Dylan,0.9914,0,11,11,,,,,
Album22126,deezer,1222449,Canción Animal,Soda Stereo,0.9999,0,10,10,,,,,
sp:6eedtCtCjibu80yOhylSGL,deezer,657673091,Berry Is On Top (Restored Original),Chuck Berry,0.9346,0,12,12,,,,,
Album12117,deezer,918001091,The Fantastic Expedition Of Dillard & Clark (Expanded Edition),Dillard & Clark,0.8691,1,12,12,,,,,
Album13617917,deezer,384925747,Liminal Space,Ill Considered,0.9983,0,10,10,,,,,
Album15042,deezer,1003972,In Their Darkened Shrines,Nile,0.9975,0,12,12,,,,,
Album149536,deezer,84779232,Soul Jazz Records Presents STEVE REID: Nova (feat. The Legendary Master Brotherhood),Steve Reid,0.5835,1,5,5,,,,,
Album8507758,deezer,50541902,The Dusk In Us,Converge,0.9956,0,13,13,,,,,
Album14207,,,,,,0,,,,,,,
Album4880,deezer,185289292,How It Feels To Be Something On,Sunny Day Real Estate,0.9981,0,10,10,,,,,
sp:6jbjx0LGKl11H6UtrgS2nV,deezer,392194,Magnolia (Music from the Motion Picture),Aimee Mann,0.9343,0,13,9,,,,,
Album16130,deezer,901407502,Hear Nothing See Nothing Say Nothing,Discharge,0.9933,0,23,23,,,,,
Album28445,deezer,601249522,A Rainbow In Curved Air,Terry Riley,0.9983,0,2,2,,,,,
Album148426,deezer,96151542,Hypermagic Mountain,Lightning Bolt,0.9976,0,12,12,,,,,
Album25427,deezer,121053,Ballads (Deluxe Edition - Rudy Van Gelder Remaster),John Coltrane Quartet,0.9961,0,22,22,,,,,
Album2937,deezer,15443996,Rattlesnakes (Remastered),Lloyd Cole and the Commotions,0.9833,0,10,10,,,,,
Album2085,deezer,106503,Under The Bushes Under The Stars,Guided By Voices,0.9946,0,24,24,,,,,
Album59909,deezer,901493572,Strong Arm of the Law (Remastered 2009),Saxon,0.9977,0,16,16,,,,,
sp:0NSRgubfAJoYv2kvVAcRKy,deezer,66644252,Both Directions At Once: The Lost Album (Deluxe Version),John Coltrane,0.9979,0,14,14,,,,,
Album55429,deezer,285304282,The Listening,Little Brother,0.9207,0,18,18,,,,,
Album365190,itunes:gb,1442222115,Quarteto Novo,Quarteto Novo,0.8904,0,8,8,,,,,
sp:18up6NykzEl2aS94I6TVDg,itunes:us,1625367911,Live in New York City,Bruce Springsteen & The E Street Band,0.9385,0,22,22,,,,,
Album28286,deezer,184494622,Refazenda,Gilberto Gil,0.9973,0,11,11,,,,,
sp:7JZZRKGjSSmFHRLM6Beg8F,deezer,1208593,Close Encounters Of The Third Kind,John Williams,0.9956,0,26,26,,,,,
Album432152,deezer,401340,"Whatever People Say I Am, That's What I'm Not",Arctic Monkeys,0.9952,0,13,13,,,,,
Album11140,deezer,10975090,Straight Outta Compton,N.W.A,0.9976,0,13,13,,,,,
Album12377846,deezer,625380391,Brass,Billy Woods,0.9584,0,15,15,,,,,
Album3243,deezer,1347381,Pretenders,Pretenders,0.9964,0,26,26,,,,,
Album11744,deezer,13681216,New Gold Dream (81/82/83/84),Simple Minds,0.9203,0,9,9,,,,,
sp:6VchpjG3Z86CJzQeBIyGfp,deezer,284590542,Psalm 9 (Remastered 2020),Trouble,0.9924,0,9,9,,,,,
Album10505,deezer,87716552,Gone To Earth (Remastered 2003),David Sylvian,0.9951,0,20,20,,,,,
Album20129,deezer,15144929,The Divine Wings of Tragedy (Special Edition),Symphony X,0.9985,0,9,9,,,,,
Album7918465,deezer,14781199,La La Land (Original Motion Picture Soundtrack),Justin Hurwitz,0.9982,0,15,15,,,,,
Album81488,deezer,8447005,Jewelz,O.C.,0.9994,0,15,15,,,,,
Album7510679,deezer,13123494,Wede Harer Guzo,Hailu Mergia and Dahlak Band,0.9977,0,10,10,,,,,
Album761546,deezer,808762591,Mythical & Magical,Pagan Altar,0.9984,0,12,12,,,,,
Album6105877,deezer,419830097,Africa Express Presents... Terry Riley's In C Mali,Africa Express,0.9997,0,1,1,,,,,
Album7536,deezer,96844692,Tokyo Tales (Remastered 2007) (Live),Blind Guardian,0.9520,0,13,13,,,,,
Album155811,deezer,1218945,El Silencio,Caifanes,0.9977,0,14,14,,,,,
sp:5IZWjMcN2qeNGqoTdMOQ5n,deezer,240042072,BlackBolshevik,Ghais Guevara,0.9949,0,8,8,,,,,
Album178636,deezer,486285,Elgar: Cello Concerto & Sea Pictures,Jacqueline du Pré,0.8880,0,10,10,,,,,
Album850,deezer,62220742,Millions Now Living Will Never Die,Tortoise,0.9974,0,6,6,,,,,
Album4573717,deezer,6857138,Loud City Song,Julia Holter,0.9968,0,9,9,,,,,
Album7111,deezer,302075,Avalon,Roxy Music,0.9955,0,10,10,,,,,
Album3653,deezer,271555,Being There,Wilco,0.9968,0,19,19,,,,,
Album12374,deezer,9932560,Lady In Satin,Billie Holiday,0.9735,0,16,16,,,,,
Album1008324,deezer,6967462,World Extermination,Insect Warfare,0.9998,0,20,20,,,,,
Album11113308,deezer,129943222,Mestarin kynsi,Oranssi Pazuzu,0.9989,0,6,6,,,,,
Album5266,deezer,494047931,"Reading, Writing And Arithmetic",The Sundays,0.9977,0,10,10,,,,,
Album1761,deezer,80552,New York,Lou Reed,0.9970,0,14,14,,,,,
Album9909,deezer,1100471,Change,Dismemberment Plan,0.9981,0,11,11,,,,,
Album2439595,deezer,687817031,Prima Edizione,Todd Edwards,0.9979,0,7,7,,,,,
Album33898,deezer,512462,Shotgun Willie,Willie Nelson,0.9975,0,12,12,,,,,
Album76741,,,,,,0,,,,,,,
Album92783,deezer,107660,Rhythm-Al-Ism,DJ Quik,0.9961,0,16,15,,,,,
sp:4IuvFHlZQM7urIcMuGwJxF,itunes:us,956714274,The Axeman Cometh,Wicked Lady,1.0000,0,8,8,,,,,
Album172648,deezer,2833061,"Thunder, Lightning, Strike",The Go! Team,0.9981,0,13,13,,,,,
Album55734,deezer,8601986,The Meadowlands,The Wrens,0.9975,0,13,13,,,,,
Album2413,deezer,10004272,Grand Prix,Teenage Fanclub,0.9870,0,13,13,,,,,
Album1077,itunes:us,1548830839,Coming up (Remastered),The London Suede,0.8317,1,12,12,,,,,
Album3406,deezer,2375511,Second Helping (Expanded Edition),Lynyrd Skynyrd,0.9322,0,11,11,,,,,
Album6461,deezer,13994546,Fire And Water,Free,0.9970,0,7,7,,,,,
Album9398432,deezer,905186742,FooL on CooL generation,The Pillows,0.9990,0,14,14,,,,,
Album15527,deezer,1435498,Super Session (with Al Kooper & Stephen Stills),Mike Bloomfield,0.9254,0,13,13,,,,,
Album6693903,deezer,12629796,Backwards,Coil,0.8906,1,12,12,,,,,
Album4380458,deezer,176532302,Modern Vampires of the City,Vampire Weekend,0.9962,0,12,12,,,,,
Album202690,deezer,983329,Isa,Enslaved,0.9976,0,10,10,,,,,
Album12407,deezer,320924497,Lovedrive,Scorpions,0.9932,0,8,8,,,,,
Album9469,deezer,171272,W.A.S.P.,W.A.S.P.,0.9967,0,13,13,,,,,
sp:2QjkCel3cxXA573yPStwVg,deezer,70193612,Dinah Jams (Live),Dinah Washington,0.9525,0,11,11,,,,,
Album216,deezer,8255472,Tidal,Fiona Apple,0.9958,0,10,10,,,,,
Album2871,deezer,1318764,Mutter,Rammstein,0.9989,0,11,11,,,,,
Album1299,deezer,7370235,The Sophtware Slump,Grandaddy,1.0000,0,11,11,,,,,
Album54744,deezer,301227,The Pearl,Harold Budd,0.9708,0,11,11,,,,,
Album4384,deezer,1345715,Burn (Expanded 2005 Remaster),Deep Purple,0.9974,0,13,13,,,,,
Album4554,deezer,111938,Fifth Dimension,The Byrds,0.9967,0,17,17,,,,,
Album290,deezer,326550317,The Specials (2002 Remaster),The Specials,0.9951,0,14,14,,,,,
Album186975,deezer,13436233,Temple of Shadows,Angra,0.9891,0,13,13,,,,,
Album27340,deezer,892810752,Lil' Beethoven (Deluxe Edition),Sparks,0.9941,0,12,12,,,,,
Album14756,deezer,1471731,Karma,Kamelot,0.9934,0,13,13,,,,,
sp:4VykjLwkyfKMZVLrJJVrYh,deezer,70198672,Every Picture Tells A Story,Rod Stewart,0.9906,0,8,8,,,,,
Album196373,deezer,299454,Catch For Us The Foxes,mewithoutYou,0.9971,0,12,12,,,,,
Album824,deezer,121231,The Great Otis Redding Sings Soul Ballads,Otis Redding,0.9958,0,12,12,,,,,
Album31077,deezer,71002902,Good For Your Soul,Oingo Boingo,0.9967,0,11,11,,,,,
Album374601,deezer,45742521,Africa Must Be Free By 1983,Hugh Mundell,0.9964,0,9,9,,,,,
Album47970,deezer,6581122,The Best Part,J-Live,0.9973,0,19,19,,,,,
Album7825525,deezer,915388561,Flying Microtonal Banana,King Gizzard & The Lizard Wizard,0.9996,0,9,9,,,,,
Album921,deezer,112951872,Bug,Dinosaur Jr.,0.9994,0,10,10,,,,,
sp:16MILExMR5RIvzTIII2YnH,deezer,422961787,Killing Joke - 2003 (2017 Remastered Version),Killing Joke,0.9336,0,12,12,,,,,
Album2733,deezer,735458,Buffalo Springfield Again,Buffalo Springfield,0.9957,0,10,10,,,,,
Album4228,deezer,218475512,Love's Secret Domain (30th-Anniversary Edition),Coil,0.9972,0,13,13,,,,,
Album33237,deezer,72042962,Wave,Antonio Carlos Jobim,0.9708,0,10,10,,,,,
Album391847,deezer,359719077,Concierto De Aranjuez,Paco de Lucía,0.9921,0,6,6,,,,,
Album508249,deezer,11705460,Colour Green,Sibylle Baier,0.9935,0,14,14,,,,,
Album400300,deezer,43839631,Fox Confessor Brings The Flood (Bonus Track Version),Neko Case,0.9946,0,13,13,,,,,
Album11817,deezer,229808,Hair Of The Dog,Nazareth,0.9734,0,8,8,,,,,
Album1330328,deezer,325535347,Memoria Vetusta II - Dialogue With The Stars,Blut Aus Nord,0.9982,0,9,9,,,,,
Album59238,deezer,11052356,3+3,The Isley Brothers,0.8969,0,18,18,,,,,
Album22041,deezer,86353,"Never, Neverland",Annihilator,0.9960,0,13,13,,,,,
sp:3xCTOthqxSO5WgqXTRLj8U,deezer,253695,What We Did On Our Holidays (Bonus Track Edition),Fairport Convention,0.9234,0,15,15,,,,,
Album122132,deezer,189541,"Songs Of Darkness, Words Of Light",My Dying Bride,0.9983,0,8,8,,,,,
Album24523,deezer,2317171,Nothing To Fear,Oingo Boingo,0.9989,0,10,10,,,,,
Album549,deezer,51599472,Six,Mansun,0.9862,0,11,11,,,,,
Album44012,deezer,6118314,Liberation Music Orchestra,Charlie Haden,0.9962,0,9,9,,,,,
Album5293121,deezer,53065192,We Like It Here,Snarky Puppy,0.9986,0,8,8,,,,,
Album161745,deezer,52329512,Num-Heavymetallic 15Th Anniversary Edition,Number Girl,0.8910,0,22,22,,,,,
Album4284805,deezer,348253147,Push the Sky Away,Nick Cave & The Bad Seeds,0.9972,0,9,9,,,,,
Album2628,deezer,7028394,Yerself Is Steam,Mercury Rev,0.9998,0,8,8,,,,,
Album4383,deezer,1347436,Fireball,Deep Purple,0.9972,0,7,7,,,,,
Album3013,deezer,299413,Architecture And Morality,Orchestral Manoeuvres In The Dark,0.9838,0,16,16,,,,,
Album254360,deezer,1085173,Beauty & The Beat,Edan,0.9871,0,13,13,,,,,
Album66038,deezer,123627592,Almendra,Almendra,0.9961,0,9,9,,,,,
Album16241,deezer,273179,GP,Gram Parsons,0.9953,0,11,11,,,,,
Album320347,deezer,856559422,Hosannas from the Basements of Hell,Killing Joke,0.9999,0,9,9,,,,,
Album165470,deezer,76701412,Anabelas,BUBU,0.9991,0,3,3,,,,,
Album40393,deezer,250264,It's Monk's Time,Thelonious Monk,0.9957,0,9,9,,,,,
Album856415,deezer,63683952,Kuře V Hodinkách (Jubilejní Edice 2012),Flamengo,0.9503,0,12,12,,,,,
sp:7wIDlGBp8ptwiDRbiHu7f6,deezer,123773,Mingus At The Bohemia,Charles Mingus,0.9864,0,8,8,,,,,
sp:0G3YLIcJdk5wqqLAgOCmL8,deezer,97535,Reunion,Black Sabbath,0.9996,0,18,18,,,,,
Album11083,deezer,111750,It Was Written,Nas,0.9984,0,14,14,,,,,
Album1965,deezer,91299,Ray of Light,Madonna,0.9974,0,13,13,,,,,
Album10391,deezer,178594922,Colossal Youth (40th Anniversary Edition),Young Marble Giants,0.9941,0,29,29,,,,,
Album186811,deezer,1321037,Living In Darkness (30th Anniversary Edition),Agent Orange,0.9974,0,9,9,,,,,
sp:5ucvCY0hFIAL95DVKohEiB,itunes:us,331545598,The Shawshank Redemption,Thomas Newman,0.9994,0,21,21,,,,,
Album7323,deezer,778956211,Underwater Moonlight (45th Anniversary Remaster),The Soft Boys,0.8819,0,10,10,,,,,
Album66703,deezer,83604962,To The Highest Bidder,Supersister,0.9767,0,4,4,,,,,
sp:3qDG7SAerJx4jorPihYdRY,deezer,905275652,Live,Uriah Heep,0.9998,0,24,24,,,,,
Album5335,itunes:us,724912383,Oil On Canvas,Japan,1.0000,0,15,15,,,,,
Album44542,deezer,14405606,Cargo,Cargo,0.8900,0,1,1,,,,,
Album173829,,,,,,0,,,,,,,
Album521638,deezer,54424792,After The Rain,Muddy Waters,0.9975,0,8,8,,,,,
Album1434481,deezer,165714392,Gently Disturbed,Avishai Cohen,0.9606,0,11,11,,,,,
Album306749,deezer,897318,You Are My Everlovin' / Celestial Power,Henry Flynt,0.9994,0,2,2,,,,,
Album8096,deezer,118020,The Mirror Man Sessions,Captain Beefheart & His Magic Band,0.8527,0,9,9,,,,,
Album9682,deezer,218105,Blazing Arrow,Blackalicious,0.9977,0,17,17,,,,,
Album10639,deezer,116040,Philip Glass: Solo Piano,Philip Glass,0.8828,0,7,7,,,,,
Album5879,deezer,321119907,Moontan,Golden Earring,0.9915,0,5,5,,,,,
Album14582,deezer,350137,Eternally Yours,The Saints,0.9962,0,27,27,,,,,
Album39737,,,,,,0,,,,,,,
Album825,deezer,512858,The Soul Album,Otis Redding,0.9952,0,11,11,,,,,
Album833427,deezer,948469621,Thelonious Alone In San Francisco (Remastered 2026),Thelonious Monk,0.9528,0,10,10,,,,,
Album134373,deezer,82247372,Beyond the Crimson Horizon,Solitude Aeturnus,0.9976,0,8,8,,,,,
Album34628,deezer,75623932,One Last Laugh In A Place Of Dying,The God Machine,0.9973,0,14,14,,,,,
Album33566,deezer,241263,Natural Elements (with John McLaughlin),Shakti,0.9200,0,8,8,,,,,
Album1173395,deezer,819071641,Dystopia,Dystopia,0.9237,0,3,3,,,,,
Album137695,deezer,1082070,Jericho,Jericho,0.8907,0,10,10,,,,,
sp:2XPh6gonHl6tBC4VATPlwp,itunes:us,396044980,"The Bootleg Series, Vol. 9: The Witmark Demos: 1962-1964",Bob Dylan,1.0000,0,47,47,,,,,
Album1003,deezer,1327608,Some Girls,The Rolling Stones,0.9972,0,10,10,,,,,
Album6265,deezer,6900979,Big Science,Laurie Anderson,0.9971,0,10,10,,,,,
Album3622342,deezer,416951867,Wildlife,La Dispute,0.9972,0,14,14,,,,,
Album345366,deezer,215143,OM,Negura Bunget,0.9981,0,11,11,,,,,
Album22245,deezer,14777363,Let Mortal Heroes Sing Your Fame,Summoning,0.9981,0,8,8,,,,,
Album31,deezer,153450592,Definitely Maybe,Oasis,0.9473,0,11,11,,,,,
Album10130,itunes:us,1443127584,Burnt Weeny Sandwich,The Mothers of Invention,0.9990,0,9,9,,,,,
Album7808,deezer,5808681,Easter Everywhere,13th Floor Elevators,0.9968,0,21,21,,,,,
Album11469,deezer,1408424,Eli And The Thirteenth Confession,Laura Nyro,0.9699,0,13,13,,,,,
Album6754,deezer,87720612,Brilliant Trees (Remastered 2003),David Sylvian,0.9857,0,7,7,,,,,
Album1053,deezer,185272162,The Hot Rock (Remastered),Sleater-Kinney,0.9940,0,13,13,,,,,
Album20375,deezer,6958588,Awaken The Guardian,Fates Warning,0.9972,0,8,8,,,,,
Album42639,deezer,302180,Ethiopian Knights,Donald Byrd,0.9971,0,3,3,,,,,
Album13937,deezer,11320414,A Pleasant Shade of Gray (Expanded Edition),Fates Warning,0.9980,0,29,29,,,,,
Album124001,deezer,328701,Ready For Freddie (Rudy Van Gelder Remaster Edition),Freddie Hubbard,0.9996,0,7,7,,,,,
Album5661,deezer,266671,On The Boards,Taste,0.9965,0,10,10,,,,,
Album526297,deezer,1295788,Locura,Virus,0.9918,0,8,8,,,,,
Album24015,deezer,570457,Confesiones De Invierno,Sui Generis,0.9865,0,10,10,,,,,
Album173268,deezer,123527962,Memento z banalnym tryptykiem,SBB,0.9986,0,4,4,,,,,
Album15812,deezer,901427342,Introducing,Ruben Gonzalez,0.9910,0,9,9,,,,,
sp:5JJdqK5In4dUfyAeGZXNvj,deezer,321086977,BBC Sessions,The Who,0.9910,0,25,25,,,,,
Album69071,deezer,120807892,Si Todo Hiciera Crack (Remasterizado),Crack,0.9984,0,7,7,,,,,
sp:2KoWjbIToq3TT7vaOg7S4y,deezer,94024,Snakes & Arrows Live,Rush,0.9973,0,27,27,,,,,
Album9671,deezer,13082894,The Madcap Laughs,Syd Barrett,0.9897,0,19,19,,,,,
Album2388,deezer,6253812,Going Blank Again (Expanded),Ride,0.9976,0,14,14,,,,,
Album22591,deezer,10945500,Mclusky Do Dallas,mclusky,0.9943,0,14,14,,,,,
Album11510,deezer,105107,Geek the Girl,Lisa Germano,0.9963,0,12,12,,,,,
Album809,deezer,7037806,Road to Ruin,Ramones,0.9536,0,12,12,,,,,
Album6366,deezer,78640622,Then Play On (2013 Remaster; Expanded Edition),Fleetwood Mac,0.9995,0,18,18,,,,,
Album80693,deezer,54717452,Группа крови,Кино,0.9979,0,11,11,,,,,
Album7409308,deezer,14101090,Winter's Gate,Insomnium,0.9974,0,7,7,,,,,
Album10903,deezer,104956,To Our Children's Children's Children,The Moody Blues,0.9966,0,18,18,,,,,
Album10003,deezer,381007,The Dark,Metal Church,0.9967,0,10,10,,,,,
Album30480,deezer,85607202,The Fix,Scarface,0.9770,0,13,12,,,,,
Album16160,deezer,8281550,Life After Death (2014 Remastered Edition),The Notorious B.I.G.,0.9972,0,24,24,,,,,
Album17714,deezer,1215892,Afrociberdelia,Chico Science,0.9373,0,23,21,,,,,
Album1305,deezer,271575,Flood,They Might Be Giants,0.9967,0,19,19,,,,,
Album36385,deezer,901399772,Epica,Kamelot,0.9960,0,16,16,,,,,
Album66828,deezer,929542861,Out Front (Remastered),Booker Little and his Quintet,0.9704,0,7,7,,,,,
sp:5etzySknik0gycSFgcakQz,itunes:us,182088027,Live At Newport 1958,Mahalia Jackson,0.8845,0,15,15,,,,,
Album10904150,deezer,142409462,"Un Canto por México, Vol. 1",Natalia Lafourcade,0.9450,0,14,14,,,,,
Album285968,deezer,433732117,The Disintegration Loops III (Remastered),William Basinski,0.9200,0,16,16,,,,,
Album699713,deezer,788536311,Desire (45th Anniversary),Tuxedomoon,0.8574,1,14,14,,,,,
Album3718,deezer,11747524,Second Toughest In The Infants (Deluxe / Remastered),Underworld,0.9982,0,18,18,,,,,
Album10489,deezer,78186,Thrust,Herbie Hancock,0.9998,0,4,4,,,,,
Album771,deezer,515710,Thelonious Monk with John Coltrane (OJC Remaster),Thelonious Monk,0.9722,0,7,7,,,,,
Album13567,deezer,6443116,American II: Unchained,Johnny Cash,0.7687,1,14,14,,,,,
Album11633076,deezer,265387152,Trisagion,Ethereal Shroud,0.9993,0,3,3,,,,,
Album7778,deezer,87458,Rejuvenation,The Meters,0.9967,0,9,9,,,,,
Album32977,deezer,9664138,Fire Down Under,Riot,0.9965,0,10,10,,,,,
Album19044,deezer,11979202,Live at Jittery Joe's,Jeff Mangum,0.9970,0,12,12,,,,,
Album41325,deezer,1214583,Signos,Soda Stereo,0.9981,0,8,8,,,,,
Album2179250,deezer,889700,Neotokyo,Ed Harrison,0.9976,0,27,27,,,,,
Album6463,deezer,58737412,Photo Finish (Remastered 2017),Rory Gallagher,0.9858,0,11,11,,,,,
Album87893,deezer,153415352,Tim Maia,Tim Maia,0.8902,0,12,12,,,,,
Album18995,deezer,6771505,Return to Heaven Denied,Labyrinth,0.9997,0,11,11,,,,,
Album11125891,deezer,139890932,The New Abnormal,The Strokes,0.9977,0,9,9,,,,,
Album2596,deezer,1522081,Today,Galaxie 500,0.9959,0,10,10,,,,,
Album11967755,deezer,165298402,songs,Adrianne Lenker,0.9968,0,11,11,,,,,
Album1055300,deezer,153890162,Księżyc,Księżyc,0.8900,0,14,14,,,,,
Album18968,deezer,309008477,A Tab In The Ocean,Nektar,0.9983,0,4,4,,,,,
Album479712,deezer,218778942,Movimento perpétuo,Carlos Paredes,0.9967,0,11,11,,,,,
Album24828,deezer,11375150,Newk's Time,Sonny Rollins,0.9872,0,6,6,,,,,
sp:09SWsvrgdxOMcNSHvEQ3OP,deezer,56638582,Cyborgs Revisited,Simply Saucer,0.9970,0,17,17,,,,,
Album30870,deezer,320937187,Percussion Bitter Sweet,Max Roach,0.9978,0,6,6,,,,,
Album12782,deezer,3000201,A Meeting by the River,Ry Cooder and V.M. Bhatt,0.9994,0,4,4,,,,,
Album137377,deezer,143079482,In Europe,Big Mama Thornton,0.9973,0,17,17,,,,,
Album10747,deezer,113901,Easter,Patti Smith,0.9365,0,12,11,,,,,
Album47143,deezer,301261,Step In The Arena,Gang Starr,0.9808,0,18,18,,,,,
sp:0DFbQjp468sMiIMTrZdr5w,deezer,11688768,Spaces,Nils Frahm,0.9993,0,11,11,,,,,
Album1983,deezer,302583,Brave,Marillion,0.9986,0,22,22,,,,,
Album256092,deezer,9088415,Cold Roses,Ryan Adams & The Cardinals,0.9986,0,18,18,,,,,
Album7722326,deezer,941543521,DOOM (Original Game Soundtrack),Mick Gordon,0.9976,0,31,31,,,,,
Album311260,deezer,84228432,The Visit,Loreena McKennitt,0.9968,0,9,9,,,,,
sp:1ywi5zQMqngyRWrmPUB0um,deezer,79884412,Cannonball Adderley Quintet In Chicago,Cannonball Adderley Quintet,0.9482,0,6,6,,,,,
Album10127,itunes:us,1442926805,Absolutely Free,The Mothers of Invention,0.9997,0,15,15,,,,,
Album2162,deezer,111734,Mr. Tambourine Man,The Byrds,0.9993,0,18,18,,,,,
Album3865,deezer,260514,Bloody Kisses (Top Shelf Edition),Type O Negative,0.9982,0,17,17,,,,,
Album82400,deezer,69666822,Litania - Music Of Krzysztof Komeda,Tomasz Stanko Septet,0.9966,0,10,10,,,,,
Album17374,deezer,321791,The Witch Doctor,Art Blakey,0.9696,0,7,7,,,,,
sp:5zf9aF4LGlw2cDuVghkGZf,deezer,90905172,Live at the Fillmore,Testament,0.9969,0,17,17,,,,,
Album3224419,deezer,63800452,New History Warfare Vol. 2: Judges,Colin Stetson,0.9999,0,14,14,,,,,
sp:7bUSN2rQZvNo1LweHnrzp2,deezer,204149,The Wacken Carnage (Live),Bloodbath,0.9511,0,13,13,,,,,
Album7625,deezer,1052567,Tales From The Thousand Lakes,Amorphis,0.9964,0,13,13,,,,,
Album1205,deezer,247855,Tumbleweed Connection,Elton John,0.9837,0,12,12,,,,,
Album10480,deezer,287090,A Kiss In The Dreamhouse,Siouxsie And The Banshees,0.9979,0,13,13,,,,,
Album2117330,deezer,11318666,Addicted,Devin Townsend Project,0.9966,0,10,10,,,,,
Album14622,deezer,1454482,Jaco Pastorius,Jaco Pastorius,0.9997,0,11,11,,,,,
Album16416,deezer,13669784,From Elvis in Memphis,Elvis Presley,0.9944,0,16,16,,,,,
Album263741,deezer,115954962,Klaus Mitffoch,Klaus Mitffoch,0.9948,0,16,16,,,,,
Album143225,deezer,11550998,Mu First Part,Don Cherry,0.8987,0,5,5,,,,,
Album237090,deezer,14400262,The Ending Quest,Gorement,0.9972,0,10,10,,,,,
Album25808,deezer,307845,The All Seeing Eye (The Rudy Van Gelder Edition),Wayne Shorter,0.9971,0,5,5,,,,,
Album4741,deezer,218147,Bless The Weather,John Martyn,0.9893,0,10,10,,,,,
Album172523,deezer,79165162,The Dirty South,Drive-By Truckers,0.9997,0,14,14,,,,,
sp:2vz9bOelnO5EoDBPkzEJjt,itunes:us,1469619207,Ella Fitzgerald Sings the George and Ira Gershwin Song Book,Ella Fitzgerald,1.0000,0,59,59,,,,,
Album128873,deezer,901408592,The Source,Ali Farka Touré,0.9340,0,10,10,,,,,
Album207601,deezer,15578608,Nuevo dia,Lole y Manuel,0.9970,0,10,10,,,,,
Album19356,deezer,120848522,Secret of the Runes,Therion,0.9963,0,11,11,,,,,
sp:7oR8aZ4ECropTmxPydooZ9,deezer,692642,The Promise,Bruce Springsteen,0.9972,0,21,21,,,,,
Album187429,deezer,12725524,Tata Kazika,Kult,0.9966,0,13,13,,,,,
Album30365,deezer,613295,Sweet Revenge,John Prine,0.9957,0,12,12,,,,,
Album3402,deezer,747917441,System Of A Down (Deluxe),System of A Down,0.9043,0,18,18,,,,,
Album2957197,deezer,7291112,Public Strain,Women,0.9998,0,11,11,,,,,
Album9058,deezer,257768222,Fugazi (2021 Stereo Remix),Marillion,0.9982,0,21,21,,,,,
Album576105,deezer,6439864,American V: A Hundred Highways,Johnny Cash,0.9982,0,12,12,,,,,
Album18666,deezer,43839661,Blacklisted,Neko Case,0.9948,0,14,14,,,,,
Album53962,deezer,270350062,...And The Cannons Of Destruction Have Begun,Warlord,0.9968,0,28,28,,,,,
Album41340,deezer,10618498,Dreaming My Dreams,Waylon Jennings,0.9781,0,11,11,,,,,
Album12544,deezer,301318,Hooker 'N Heat,John Lee Hooker,0.9229,0,17,16,,,,,
Album149013,deezer,72069552,Coleman Hawkins Encounters Ben Webster (Expanded Edition),Coleman Hawkins,0.9730,0,9,9,,,,,
Album122063,deezer,12870334,In The Dark,Toots & The Maytals,0.9976,0,12,12,,,,,
Album7438479,deezer,709687841,Castelos & Ruínas,BK',0.9953,0,13,13,,,,,
Album36966,deezer,1278854,The Toms,The Toms,0.9858,0,32,32,,,,,
Album35061,deezer,2942681,How I Loved You,Angels Of Light,0.9200,0,10,10,,,,,
Album4592,deezer,8604738,Love Over Gold,Dire Straits,0.9984,0,5,5,,,,,
Album1252,deezer,2376981,Look Sharp!,Joe Jackson,0.9920,0,13,13,,,,,
Album54361,deezer,66798042,The Key (Full Dynamic Range Edition),Nocturnus,0.9971,0,9,9,,,,,
Album8086,deezer,72279,Icon,Paradise Lost,0.9240,0,14,13,,,,,
Album41765,deezer,308429937,Eternal Nightmare,Vio-Lence,0.9093,0,19,19,,,,,
Album4239947,deezer,1344098,Ape Escape Originape Soundtracks / サルゲッチュ・オリジサル・サウンドトラック,"Ape Escape,Soichi Terada",0.7340,1,48,48,,,,,
Album34447,deezer,73303662,Marcus Garvey,Burning Spear,0.9746,0,10,10,,,,,
Album33010,deezer,1212982,Una Semana En El Motor De Un Autobus,Los Planetas,0.9975,0,12,12,,,,,
Album76555,deezer,872928092,Moontower,Dan Swanö,0.9980,0,8,8,,,,,
Album2464787,itunes:us,1185725095,Pop Crimes,Rowland S. Howard,1.0000,0,8,8,,,,,
Album30721,deezer,248407,Wrath Of The Math,Jeru The Damaja,0.9977,0,15,15,,,,,
Album39848,deezer,127031252,Stand By,Heldon,0.9985,0,3,3,,,,,
Album6245,deezer,326572897,Mighty Joe Moon,Grant Lee Buffalo,0.9963,0,13,13,,,,,
Album17052,deezer,72057872,Blackheart Man,Bunny Wailer,0.9976,0,10,10,,,,,
sp:4C3YBIjkoOfR0ESIXMvWRG,deezer,915389241,Chunky Shrapnel,King Gizzard & The Lizard Wizard,0.9997,0,16,16,,,,,
Album155781,deezer,93660172,We’ll Talk About It Later,Nucleus,0.9977,0,7,7,,,,,
sp:5F4l3s2NE3Xuqt1HTaJtvq,deezer,910363341,Royal Albert Hall London May 2-3-5-6 2005 (Live),Cream,0.7671,1,19,19,,,,,
Album47225,deezer,2910001,Knife Play,Xiu Xiu,0.9997,0,11,11,,,,,
Album1304,deezer,73957542,Lincoln,They Might Be Giants,0.9952,0,18,18,,,,,
Album142345,deezer,929542691,The World Of Cecil Taylor (Remastered),Cecil Taylor,0.9890,0,5,5,,,,,
Album11495,deezer,115640,(Accompanying Herself On The Piano) CHRISTMAS AND THE BEADS OF SWEAT,Laura Nyro,0.9442,0,9,9,,,,,
Album15654,deezer,314018,Mock Tudor,Richard Thompson,0.9976,0,12,12,,,,,
Album25790,deezer,856242952,Plus 4 (Remastered 2025),Sonny Rollins,0.9968,0,5,5,,,,,
Album68619,deezer,70494692,Porgy And Bess,Ella Fitzgerald,0.9696,0,15,15,,,,,
Album116632,deezer,126331,We Get Requests,Oscar Peterson,0.9622,0,10,10,,,,,
Album1207,deezer,122698,Honky Chateau,Elton John,0.9938,0,11,11,,,,,
Album907,deezer,43538371,Another Music In A Different Kitchen,Buzzcocks,0.9966,0,15,15,,,,,
Album83541,deezer,9571506,City of Caterpillar,City of Caterpillar,0.9980,0,7,7,,,,,
Album500416,deezer,936937,Maanam (2011 Remaster),Maanam,0.9033,0,9,9,,,,,
Album122830,deezer,10983338,We Shall All Be Healed,The Mountain Goats,0.9961,0,13,13,,,,,
Album79247,deezer,683624,Culpeper’s Orchard,Culpeper's Orchard,0.9923,0,16,16,,,,,
Album392805,deezer,46694412,Endless Skies,Ashbury,0.9967,0,9,9,,,,,
Album2297,deezer,7532337,Gossip,Paul Kelly,0.9690,0,24,24,,,,,
Album7129983,deezer,14284250,Imperial,Denzel Curry,0.9973,0,10,10,,,,,
Album3754052,deezer,91557182,With Hearts Toward None,Mgła,0.9994,0,7,7,,,,,
Album14017898,deezer,276602652,Inpariquipê,Kaatayra,0.9990,0,5,5,,,,,
Album15332,deezer,317693,The Immortal,Mississippi John Hurt,0.9863,0,13,13,,,,,
sp:66E3E9DaAxpGPE4SgrOBDX,deezer,91610592,Os Tincoãs,Os Tincoãs,0.9580,0,4,4,,,,,
Album8331982,deezer,369493327,Antisocialites,Alvvays,0.9962,0,10,10,,,,,
Album764659,deezer,14834723,"Alan Berg: Streichquartett, Op. 3 & Lyrische Suite",Arditti String Quartet,0.9203,0,8,8,,,,,
Album1788,deezer,58887492,Exile In Guyville (2018 Remaster),Liz Phair,0.9954,0,18,18,,,,,
Album1433,deezer,888987932,Damned Damned Damned (Remastered 2017),The Damned,0.8902,0,12,12,,,,,
Album164308,deezer,11320122,Take As Needed for Pain (Remastered Re-issue + Bonus Tracks),Eyehategod,0.9965,0,18,18,,,,,
Album10752412,deezer,125290222,Somewhere City,Origami Angel,0.9966,0,10,10,,,,,
Album6325,deezer,132140862,Liberty Belle and the Black Diamond Express (Remastered),The Go-Betweens,0.9959,0,10,10,,,,,
Album14560,deezer,11323726,Dreaming Neon Black,Nevermore,0.9974,0,13,13,,,,,
Album12406,deezer,70498422,Love At First Sting,Scorpions,0.9873,0,9,9,,,,,
Album91038,deezer,723429671,Crimson II,Edge Of Sanity,0.9620,0,11,11,,,,,
Album2555209,deezer,277999942,For Long Tomorrow,toe,0.9969,0,13,13,,,,,
Album3674335,deezer,625591501,History Will Absolve Me,Billy Woods,0.9858,0,18,18,,,,,
Album747,deezer,819536221,Get Lost,The Magnetic Fields,0.9958,0,13,13,,,,,
Album9953,deezer,1211480,Return of the Boom Bap,KRS-One,0.9940,0,14,14,,,,,
Album19610,deezer,714730711,A-Z (Remastered 2016),Colin Newman,0.9964,0,12,12,,,,,
Album143972,deezer,711862,Amoroso,João Gilberto,0.9979,0,8,8,,,,,
Album14366,deezer,901414992,Pile of Skulls (Expanded Version / Remastered 2017),Running Wild,0.9974,0,17,17,,,,,
sp:38pbe0Co6uxej8v82U2D4d,itunes:us,1438788039,Streams (Live At The Montreux Jazz Festival / 1973),Sam Rivers,1.0000,0,3,3,,,,,
Album1795900,deezer,13833162,808s & Heartbreak,Kanye West,0.9996,0,12,12,,,,,
Album239372,deezer,118783232,Drinking Songs,Matt Elliott,0.9982,0,8,8,,,,,
Album12405,deezer,320918027,Blackout,Scorpions,0.9928,0,9,9,,,,,
Album16258,deezer,272153,'Gîtâ',Raul Seixas,0.9897,0,14,14,,,,,
Album9105913,deezer,65984762,Year Of The Snitch,Death Grips,0.9992,0,13,13,,,,,
Album12264,deezer,78168,Taj Mahal,Taj Mahal,0.9957,0,8,8,,,,,
Album17050,deezer,299154,Right Time,The Mighty Diamonds,0.9823,0,10,10,,,,,
Album68283,deezer,594790142,Today! (Remastered 2024),Skip James,0.9852,0,12,12,,,,,
Album26545,deezer,332188,In 'n Out (The Rudy Van Gelder Edition),Joe Henderson,0.9962,0,6,6,,,,,
sp:57JDZNjlc0W3oQJjOscraH,deezer,66645372,Indiana Jones and the Last Crusade (Original Motion Picture Soundtrack),John Williams,0.9973,0,19,19,,,,,
Album143499,deezer,6867576,Los Tres,Los Tres,0.9522,0,10,10,,,,,
Album44104,deezer,324854,Ho Visto Anche Degli Zingari Felici,Claudio Lolli,0.9975,0,8,8,,,,,
Album1056,deezer,420783897,DARKLANDS,The Jesus And Mary Chain,0.9004,0,4,4,,,,,
Album3014,deezer,7407468,Workingman's Dead,Grateful Dead,0.9974,0,8,8,,,,,
Album13569,deezer,819817761,Streethawk: A Seduction,Destroyer,0.9975,0,12,12,,,,,
Album11646564,deezer,178682802,Manger on McNichols,Boldy James,0.9696,0,11,11,,,,,
Album1210,deezer,223179,Captain Fantastic And The Brown Dirt Cowboy,Elton John,0.9945,0,13,13,,,,,
Album52292,deezer,15055791,Delta Momma Blues,Townes Van Zandt,0.9991,0,10,10,,,,,
sp:14YY4AaUCXICymdzNYBUS3,deezer,8351746,Donnie Darko (Original Motion Picture Soundtrack),Michael Andrews,0.9992,0,18,18,,,,,
Album5550,deezer,326549967,The Psychomodo (2012 Remaster),Steve Harley & Cockney Rebel,0.9590,0,11,11,,,,,
sp:7H1fdyzaLwztj1WOcwLEfA,itunes:us,283379708,Spongebob Squarepants - The Yellow Album,SpongeBob SquarePants,0.8845,0,23,23,,,,,
sp:6hCJzKSxRUjXx7pNBse3GH,deezer,933507011,Hoarse,16 Horsepower,0.9987,0,11,11,,,,,
Album9957869,deezer,86524702,JazzArt Underground,Ciśnienie,0.9986,0,4,4,,,,,
Album16660,deezer,73413012,"Epitaph (Live, 1969)",King Crimson,0.9532,0,20,20,,,,,
Album168,deezer,161962,War (Remastered),U2,0.9946,0,10,10,,,,,
Album5363131,deezer,12816216,Muerte,Canserbero,0.9970,0,14,14,,,,,
Album20441,deezer,445203535,Jazz in Silhouette (Expanded Edition),Sun Ra,0.8338,1,22,22,,,,,
Album128246,deezer,118873282,For Alto,Anthony Braxton,0.9984,0,8,8,,,,,
sp:7Jkv05qDgXZynnNaYcxY5W,itunes:us,41228773,Requiem for a Dream (Soundtrack from the Motion Picture),Clint Mansell,0.9727,0,33,33,,,,,
Album8984,deezer,10163180,Shahen-Shah (Real World Gold),Nusrat Fateh Ali Khan,0.9527,0,6,6,,,,,
sp:3Fp8eyamYD70UHc4VCQFsc,,,,,,0,,,,,,,
Album24330,deezer,248142,Where Have I Known You Before,Return To Forever,0.9705,0,8,8,,,,,
Album49401,deezer,5664481,Rainy Day Music,The Jayhawks,0.9950,0,20,20,,,,,
sp:3DCQhS6eII8WUExSzdN9sE,deezer,1068138,West Side Story,Various Artists,0.8902,0,15,15,,,,,
Album115763,deezer,12006598,Keine Macht für niemand,Ton Steine Scherben,0.9978,0,12,12,,,,,
Album24382,deezer,230972,Indianola Mississippi Seeds,B.B. King,0.9905,0,9,9,,,,,
Album603784,deezer,81388,T-Bone Blues,T-Bone Walker,0.9988,0,15,15,,,,,
Album2137,deezer,165168,Damaged,Black Flag,0.9942,0,15,15,,,,,
Album169952,deezer,91985,Three Cheers for Sweet Revenge,My Chemical Romance,0.9973,0,13,13,,,,,
Album7438,deezer,53318422,Fantastic Planet,Failure,0.9967,0,17,17,,,,,
Album10329,deezer,256286482,Stormcrowfleet,Skepticism,0.9987,0,6,6,,,,,
Album11025,deezer,7846331,Where Did Our Love Go,The Supremes,0.9721,0,12,12,,,,,
Album64577,deezer,6967736,Extreme Conditions Demand Extreme Responses,Brutal Truth,0.9956,0,15,15,,,,,
Album282786,deezer,60149632,A River Ain't Too Much To Love,Smog,0.9998,0,10,10,,,,,
Album32958,deezer,9183957,"The Metal Opera, Pt. I",Avantasia,0.9144,0,13,13,,,,,
Album35041,deezer,366153,No One Can Do It Better,The D.O.C.,0.9956,0,13,13,,,,,
Album41777,deezer,697593731,They Say I'm Different,Betty Davis,0.9969,0,12,12,,,,,
Album14020,deezer,613172,Dixie Chicken,Little Feat,0.9945,0,10,10,,,,,
Album18911,deezer,401196297,Thank Christ for the Bomb,The Groundhogs,0.9977,0,9,9,,,,,
Album145925,deezer,272066572,"O Amor, O Sorriso e a Flor (Digital Remaster)",João Gilberto,0.9937,0,12,12,,,,,
sp:1T7YIthjEvwsxbUHZ7NdBD,deezer,243364,Reckoning (Live),Grateful Dead,0.9514,0,16,16,,,,,
Album30880,deezer,88433,Kronos Quartet Performs Philip Glass,Kronos Quartet,0.9982,0,18,18,,,,,
Album65575,deezer,125566,Straight Ahead,Oliver Nelson,0.9706,0,6,6,,,,,
Album1500010,deezer,519280,Los Angeles,Flying Lotus,0.9951,0,17,17,,,,,
Album8375,deezer,531080,Alternative 4,Anathema,0.9925,0,14,13,,,,,
sp:4Kw6qYDGxoolXoQemIYgn1,deezer,5390641,Coffin for Head of State,Fela Kuti,0.9050,0,1,1,,,,,
Album342451,deezer,115361442,Historia podwodna,Lech Janerka,0.9974,0,9,9,,,,,
Album184914,deezer,952231,A 18' Del Sol,Luis Alberto Spinetta,0.9000,0,8,8,,,,,
Album1469,deezer,273229,The Dance,Fleetwood Mac,0.9972,0,17,17,,,,,
Album159359,deezer,11933316,La Biblia,Vox Dei,0.9985,0,8,8,,,,,
Album27088,deezer,740869701,Side By Side (2025 Remaster),Duke Ellington,0.9725,0,9,9,,,,,
sp:4lOnHUOucOSQV57f1lvYxl,deezer,13026388,First Daze Here Too (Reissue),Pentagram,0.9965,0,22,22,,,,,
Album4862,deezer,500858,Disco Volante,Mr. Bungle,0.9973,0,12,12,,,,,
Album8035,deezer,105582,The Pleasure Principle,Gary Numan,0.9963,0,17,17,,,,,
Album341,deezer,614128,El Corazon,Steve Earle,0.9970,0,12,12,,,,,
Album6035,deezer,118842,Blues From Laurel Canyon,John Mayall & The Bluesbreakers,0.9633,0,14,14,,,,,
Album16337,deezer,70206312,Completely Well,B.B. King,0.9949,0,9,9,,,,,
Album88663,itunes:gb,1705730537,Frumpy 2,Frumpy,1.0000,0,4,4,,,,,
Album184911,deezer,12811050,Kamikaze,Luis Alberto Spinetta,0.9984,0,11,11,,,,,
Album972816,deezer,98840452,Witchcult Today,Electric Wizard,0.9984,0,8,8,,,,,
Album89456,deezer,301465,New Age Of Earth,Ashra,0.9988,0,4,4,,,,,
Album6425,deezer,300059,In Search of Space,Hawkwind,0.9977,0,9,9,,,,,
Album22840,deezer,14777225,Nemesis Divina,Satyricon,0.9977,0,7,7,,,,,
Album5987,deezer,249141,Uprising,Bob Marley & The Wailers,0.9836,0,12,12,,,,,
Album5592,deezer,12153964,I Got Dem Ol' Kozmic Blues Again Mama!,Janis Joplin,0.9998,0,8,8,,,,,
Album5161,,,,,,0,,,,,,,
Album26544,deezer,332258,Our Thing,Joe Henderson,0.9936,0,6,6,,,,,
sp:5gUvVQFa8seLyMSuvOGC93,deezer,54763332,Lifa,Heilung,0.9987,0,9,9,,,,,
Album27090,itunes:us,724834271,Six Pieces of Silver (The Rudy Van Gelder Edition) [Remastered],Horace Silver,0.7312,1,10,10,,,,,
Album142497,deezer,88042,Invitation To Openness,Les McCann,0.9989,0,3,3,,,,,
Album84301,deezer,50818502,O Passo Do Lui (Remastered),Os Paralamas Do Sucesso,0.9940,0,10,10,,,,,
Album788367,deezer,106146,Kala,M.I.A.,0.9973,0,12,12,,,,,
Album159267,deezer,901480082,Afreaka! (Expanded Version),Demon Fuzz,0.9997,0,8,8,,,,,
Album24350,deezer,103798,Fantaisie Militaire,Alain Bashung,0.9984,0,12,12,,,,,
Album9956,deezer,904927902,Bomber,Motörhead,0.9627,0,10,10,,,,,
Album1187,deezer,106205,Into the Labyrinth (Remastered),Dead Can Dance,0.9975,0,11,11,,,,,
Album26053,deezer,124247,Relaxin' With The Miles Davis Quintet,Miles Davis,0.9516,0,6,6,,,,,
Album10679,deezer,427441,Shleep,Robert Wyatt,0.9973,0,11,11,,,,,
Album4967,deezer,6441470,The Southern Harmony And Musical Companion,The Black Crowes,0.9987,0,10,10,,,,,
Album7838,deezer,1081261802,Night of the Stormrider (35th Anniversary Remix),Iced Earth,0.9975,0,9,9,,,,,
Album8221,deezer,296943,Moondawn,Klaus Schulze,0.9798,0,2,2,,,,,
Album548,deezer,51600682,Attack of the Grey Lantern,Mansun,0.9935,0,11,11,,,,,
Album4938,deezer,6441472,Hollywood Town Hall,The Jayhawks,0.9991,0,10,10,,,,,
Album2384053,deezer,45434741,The Great Misdirect,Between The Buried And Me,0.9999,0,6,6,,,,,
Album18777,deezer,399681827,Split,The Groundhogs,0.9970,0,8,8,,,,,
Album4788065,deezer,51745342,Nervous Young Man,Car Seat Headrest,0.9979,0,20,20,,,,,
Album11523,deezer,228819,Johnny The Fox,Thin Lizzy,0.9913,0,10,10,,,,,
Album1783398,deezer,11324382,Anno Domini High Definition,Riverside,0.9982,0,5,5,,,,,
Album7873,deezer,11323352,Wolfheart,Moonspell,0.9970,0,8,8,,,,,
Album1016,deezer,2892151,Jesus of Cool,Nick Lowe,0.9991,0,21,21,,,,,
Album2694,deezer,822562991,Lucinda Williams (Deluxe Edition),Lucinda Williams,0.9965,0,32,32,,,,,
Album7752,deezer,351543127,Power Plant,Gamma Ray,0.8900,0,11,11,,,,,
Album53683,deezer,122624,High Priestess Of Soul,Nina Simone,0.9910,0,12,12,,,,,
Album28752,deezer,12291308,Spring (2013 Remaster),Spring,0.8900,0,8,8,,,,,
Album4485097,deezer,6649319,Southeastern,Jason Isbell,0.9973,0,12,12,,,,,
Album54380,,,,,,0,,,,,,,
Album405666,deezer,88772622,Out of the Blue (40th Anniversary Remaster),"""Blue"" Gene Tyranny",0.9989,0,4,4,,,,,
Album82789,deezer,7579057,Down Among the Deadmen,Slough Feg,0.9591,0,13,13,,,,,
Album327347,deezer,1019892,Ponyoak,Kleenex Girl Wonder,0.9955,0,25,25,,,,,
Album2629,deezer,6112649,Deserter's Songs (Deluxe Edition),Mercury Rev,0.9968,0,24,24,,,,,
Album3725,deezer,320971497,The Book Of Secrets,Loreena McKennitt,0.9976,0,8,8,,,,,
Album4269647,,,,,,0,,,,,,,
Album24829,deezer,328674,Open Sesame (The Rudy Van Gelder Edition),Freddie Hubbard,0.9880,0,8,8,,,,,
Album16878,deezer,1222444,Sueño Stereo,Soda Stereo,0.9995,0,12,12,,,,,
Album7469,itunes:de,1443191307,Black Monk Time,The Monks,0.9219,0,12,12,,,,,
Album837,deezer,286446,The Soft Machine (Remastered And Expanded),Soft Machine,0.9239,0,15,13,,,,,
Album6361,deezer,299782,Fever,Kylie Minogue,0.9024,0,19,19,,,,,
Album443064,deezer,819583201,Destroyer's Rubies,Destroyer,0.9979,0,10,10,,,,,
Album28514,itunes:us,1496223602,In C,"Daniel Brandell, Horn Ensemble D3 & Terry Riley",0.8522,1,2,2,,,,,
Album14609,deezer,97648,Balls To The Wall,Accept,0.9993,0,12,12,,,,,
Album22262,deezer,325535667,Memoria Vetusta I - Fathers Of The Icy Ages,Blut Aus Nord,0.9942,0,7,7,,,,,
Album11884,deezer,112891,Spirit,Spirit,0.8906,0,15,15,,,,,
Album3943,deezer,356329,Montrose,Montrose,0.9971,0,8,8,,,,,
Album39647,deezer,10687178,Kristofferson,Kris Kristofferson,0.9975,0,12,12,,,,,
Album6551,deezer,247680,Troubadour,J.J. Cale,0.9927,0,12,12,,,,,
Album9294,deezer,84229812,The Mask And Mirror,Loreena McKennitt,0.9922,0,8,8,,,,,
sp:3sQNy0OAd4Friv3Ho17f5F,deezer,625085371,"The Norwegian National Opera (Live At The Norwegian National Opera, Oslo, July 31, 2010)",Ulver,0.7500,1,17,17,,,,,
Album99390,deezer,103907252,Speak Kindly of Your Volunteer Fire Department (2019 Remaster),Robert Pollard,0.9687,0,15,15,,,,,
Album149093,deezer,62649342,El Escarabajo Mas Grande de Europa,El Niño Gusano,0.9976,0,16,16,,,,,
Album48767,deezer,1441631,Frengers: Not Quite Friends But Not Quite Strangers,Mew,0.8491,1,11,11,,,,,
Album11481,deezer,340034,Nola,DOWN,0.9972,0,13,13,,,,,
Album34989,deezer,901415442,Terrible Certainty (Expanded Edition),Kreator,0.9990,0,16,16,,,,,
Album39428,deezer,239707,Light As A Feather,Chick Corea,0.9616,0,6,6,,,,,
Album5638,deezer,5973311,Solar Fire,Manfred Mann's Earth Band,0.9971,0,9,9,,,,,
Album871458,itunes:gb,723146491,Ezz-Thetics,George Russell Sextet,0.9371,0,6,6,,,,,
Album78187,deezer,301805,Here Come The Lords,Lords Of The Underground,0.9793,0,15,15,,,,,
Album24957,itunes:us,1443223815,Jazz Messengers,Art Blakey & The Jazz Messengers,0.8525,1,6,6,,,,,
Album383102,itunes:us,510501905,The Black Ark,Noah Howard,0.9233,0,4,4,,,,,
Album3698,deezer,13552903,La Llorona,Lhasa,0.9973,0,11,11,,,,,
sp:7v3WqMOc9yY0Aj0dKwS2aC,deezer,613697,The Rutles,The Rutles,0.9955,0,20,20,,,,,
Album294133,deezer,61266832,Showcase,Junior Delahaye,0.9976,0,6,6,,,,,
Album80968,itunes:us,724466044,Blowing in from Chicago (The Rudy Van Gelder Edition Remastered),Clifford Jordan & John Gilmore,0.9814,0,7,7,,,,,
Album16982,itunes:us,726138309,Blowin' the Blues Away (The Rudy Van Gelder Edition Remastered),Horace Silver,0.9622,0,8,8,,,,,
Album156700,deezer,338636,L.A. Turnaround (Digitally Remastered + Bonus Tracks),Bert Jansch,0.9127,0,16,16,,,,,
Album93493,deezer,12418720,Introducing Lemon,Cheer-Accident,0.9996,0,9,9,,,,,
Album185430,deezer,526149562,¡Bang! ¡Bang!... Estás Liquidado,Patricio Rey y sus Redonditos de Ricota,0.9959,0,9,9,,,,,
Album10234335,deezer,199212112,Come In,Weatherday,0.9998,0,11,11,,,,,
Album3376497,deezer,185283422,Black Up,Shabazz Palaces,0.9952,0,10,10,,,,,
Album8504,deezer,94966032,Strangers from the Universe,Thinking Fellers Union Local 282,0.9999,0,14,14,,,,,
Album4771310,deezer,277506422,T H E,tricot,0.9976,0,13,13,,,,,
Album2677,deezer,311631,Good Morning Spider,Sparklehorse,0.9842,0,17,16,,,,,
Album221,deezer,74911,Whatever And Ever Amen (Remastered Edition),Ben Folds Five,0.9937,0,19,19,,,,,
Album631424,deezer,956559761,A Senile Animal,Melvins,0.9965,0,10,10,,,,,
Album4620,deezer,162223,Rastaman Vibration,Bob Marley & The Wailers,0.9908,0,11,11,,,,,
sp:4Y1WtRvazalwwq6XwTR9SU,deezer,212361532,Demonstration Tapes,Dolly Mixture,0.9953,0,27,27,,,,,
Album11886,deezer,112893,The Family That Plays Together,Spirit,0.9996,0,16,16,,,,,
Album44861,deezer,79882852,Symphonic Holocaust,Morte Macabre,0.9983,0,8,8,,,,,
Album9733,deezer,1100653,Diary Of A Madman,Ozzy Osbourne,0.9965,0,8,8,,,,,
Album4590,deezer,39803981,Porgy and Bess (Mono Version),Miles Davis,0.9635,0,13,13,,,,,
Album24635,deezer,52980332,The Odyssey,Symphony X,0.9977,0,9,9,,,,,
Album1846286,deezer,125791102,Dreamworld,Blackout,1.0000,0,10,10,,,,,
Album40104,deezer,362203,Testimony Of The Ancients,Pestilence,0.9965,0,16,16,,,,,
Album42748,deezer,476371305,Sea Shanties,High Tide,0.9414,0,6,6,,,,,
Album21482,deezer,606658152,Måltid,Samla Mammas Manna,0.9971,0,12,12,,,,,
Album66351,deezer,8676769,Ceux du dehors,Univers Zero,0.9981,0,7,7,,,,,
Album375698,deezer,798511891,呼吸,Lily Chou-Chou,0.9738,0,9,9,,,,,
Album48165,deezer,1210926,Louis Armstrong Plays W. C. Handy,Louis Armstrong,0.9997,0,16,16,,,,,
Album12437,deezer,596255,Blessing In Disguise,Metal Church,0.9978,0,9,9,,,,,
Album47573,deezer,53600242,Depois do Fim,Bacamarte,0.9998,0,8,8,,,,,
Album238946,deezer,878701332,The Way Up,Pat Metheny,0.9616,0,3,3,,,,,
Album121599,deezer,8263926,Как я стал предателем,Аукцыон,0.9973,0,10,10,,,,,
Album27343,deezer,334194,Cornbread,Lee Morgan,0.9879,0,5,5,,,,,
Album12555,deezer,115754,Extraterrestrial Live,Blue Öyster Cult,0.9891,0,13,13,,,,,
Album503567,deezer,407635,Hail Infernal Darkness,Drawn and Quartered,0.9999,0,9,9,,,,,
Album6968155,deezer,12162560,Malibu,Anderson .Paak,0.9985,0,16,16,,,,,
Album98467,deezer,8153556,Who Will Cut Our Hair When We're Gone? (Remastered),The Unicorns,0.9989,0,13,13,,,,,
Album9852374,deezer,112372942,Hidden History of the Human Race,Blood Incantation,0.9989,0,4,4,,,,,
Album25882,deezer,6968823,Symphonies of Sickness,Carcass,0.9970,0,10,10,,,,,
Album133993,deezer,6158838,All The Footprints You've Ever Left And The Fear Expecting Ahead,Envy,0.9977,0,11,11,,,,,
Album10512932,deezer,103408372,A Dawn to Fear,Cult Of Luna,0.9987,0,8,8,,,,,
Album2691,deezer,103262,Strangers Almanac,Whiskeytown,0.9962,0,13,13,,,,,
Album339475,,,,,,0,,,,,,,
Album242,deezer,612408,I Feel Alright,Steve Earle,0.9965,0,12,12,,,,,
Album862228,,,,,,0,,,,,,,
sp:4kca7vXd1Wo5GE2DMafvMc,deezer,300251,Songs For Swingin' Lovers! (Remastered),Frank Sinatra,0.9835,0,15,15,,,,,
Album16644,deezer,11317960,Damage Done,Dark Tranquillity,0.9965,0,12,12,,,,,
Album43140,deezer,61318522,Souvenirs,The Gathering,0.9978,0,10,10,,,,,
Album30968,deezer,330066,Hatfield And The North,Hatfield & The North,0.9968,0,17,17,,,,,
Album5322934,deezer,753730561,Under the Skin (Original Soundtrack Album),Mica Levi,0.9975,0,12,12,,,,,
Album32763,deezer,628269,Mr. Scarface Is Back,Scarface,0.9978,0,12,12,,,,,
Album1116919,deezer,901428242,The Mandé Variations,Toumani Diabaté,0.9888,0,8,8,,,,,
Album59795,deezer,11052354,The Heat Is On,The Isley Brothers,0.9996,0,7,7,,,,,
Album179959,deezer,13631222,One Night Stand...ing Room Only (Live),High Risk,0.7856,1,16,16,,,,,
Album465373,deezer,279584822,Black Saint,Billy Harper,0.9994,0,3,3,,,,,
Album17039,deezer,46360282,Tom Zé,Tom Zé,0.9651,0,12,12,,,,,
Album174301,deezer,259813422,Ni vent... Ni nouvelle,Maneige,0.9972,0,14,14,,,,,
Album884358,deezer,516652,The Holy Mountain (Original Motion Picture Soundtrack),Alejandro Jodorowsky,0.9946,0,24,24,,,,,
Album341973,deezer,527772,Tender Buttons,Broadcast,0.9958,0,14,14,,,,,
Album2282,deezer,1347632,Mob Rules (2008 Remaster),Black Sabbath,0.9969,0,9,9,,,,,
Album21196,deezer,360510,...And the Circus Leaves Town,Kyuss,0.9986,0,11,11,,,,,
Album4159,deezer,936147,Permutation,Amon Tobin,0.9976,0,12,12,,,,,
Album1586077,deezer,262165602,The Eye,King Diamond,0.9970,0,11,11,,,,,
sp:7zp05wb2lhp0PHNWDmF3Rk,deezer,2864501,Special Moves Bonus Tracks,Mogwai,0.9979,0,6,6,,,,,
Album38289,itunes:us,1443800736,Linea gotica,C.S.I.,0.7242,1,10,10,,,,,
Album526298,deezer,1423540,Superficies de Placer,Virus,0.9902,0,11,11,,,,,
Album977,deezer,12114228,A Saucerful of Secrets,Pink Floyd,0.9966,0,7,7,,,,,
Album15086,deezer,15727336,Nail,Scraping Foetus Off The Wheel,0.9973,0,10,10,,,,,
Album5599,itunes:us,1435671653,Death Walks Behind You,Atomic Rooster,1.0000,0,10,10,,,,,
Album1283823,deezer,6039771,Communion,Septicflesh,0.9969,0,10,10,,,,,
Album11526,deezer,8571925,Thunder And Lightning,Thin Lizzy,0.9968,0,9,9,,,,,
Album8747,deezer,903774752,Visions,Stratovarius,0.9600,0,10,10,,,,,
Album11777,deezer,123957262,Vovin,Therion,0.9969,0,11,11,,,,,
Album114908,deezer,11615472,Psychostasia,Adramelech,0.9973,0,8,8,,,,,
Album40722,deezer,112336,Sulle Corde Di Aries,Franco Battiato,0.9048,0,4,4,,,,,
Album21165,deezer,315505,Nadir's Big Chance,Peter Hammill,0.9967,0,11,11,,,,,
Album4625,deezer,401305887,On the Shore,Trees,0.9972,0,10,10,,,,,
Album147020,itunes:us,216994034,Masterpieces By Ellington,Duke Ellington,0.9735,0,7,7,,,,,
Album4676,deezer,114677,The Sky Is Crying,Stevie Ray Vaughan & Double Trouble,0.9989,0,10,10,,,,,
Album11074,deezer,8919505,SlaughtaHouse,Masta Ace Incorporated,0.9104,0,15,15,,,,,
Album935,deezer,1398819,The Battle Of Los Angeles,Rage Against the Machine,0.9999,0,12,12,,,,,
Album68466,deezer,7037752,Transatlanticism (10th Anniversary Edition),Death Cab For Cutie,0.9998,0,22,22,,,,,
Album1081,deezer,1148492,Up on the Sun,Meat Puppets,0.9963,0,17,17,,,,,
Album7301,deezer,72170822,Apocalypse 91… The Enemy Strikes Black,Public Enemy,0.9994,0,14,14,,,,,
Album21741,deezer,99688482,Force Majeure (Remastered 2018 / Deluxe Version),Tangerine Dream,0.9967,0,4,4,,,,,
Album11855,itunes:us,723536885,Grand Funk (Remastered),Grand Funk Railroad,0.8537,1,10,10,,,,,
Album9076,deezer,1207595,Maxwell's Urban Hang Suite,Maxwell,0.9979,0,12,12,,,,,
Album1647340,deezer,6522738,Double Sunrise Over Neptune,William Parker,0.9990,0,4,4,,,,,
Album24818,deezer,329878,Dippin',Hank Mobley,0.9898,0,6,6,,,,,
Album30832,deezer,226560,Back To Back (Duke Ellington And Johnny Hodges Play The Blues),Duke Ellington,0.9640,0,7,7,,,,,
Album1176,deezer,10982498,Victorialand,Cocteau Twins,0.9978,0,9,9,,,,,
Album13656,deezer,6275875,Bullhead,Melvins,0.9986,0,8,8,,,,,
Album14784,itunes:us,157428642,Mingus Dynasty,Charles Mingus,0.9735,0,10,10,,,,,
Album43699,deezer,6436268,Bryars: The Sinking Of The Titanic,Gavin Bryars Ensemble,0.8677,0,11,11,,,,,
Album271163,deezer,247149,The Magic Of Ju-Ju,Archie Shepp,0.9975,0,4,4,,,,,
Album3969622,deezer,636480721,FEZ (Original Game Soundtrack),Disasterpeace,0.9630,0,26,26,,,,,
Album7156,deezer,228047,Forces Of Victory,Linton Kwesi Johnson,0.9976,0,8,8,,,,,
Album80402,deezer,43857881,No Gods / No Managers,Choking Victim,0.9959,0,13,13,,,,,
Album130199,deezer,684110901,Ritual,Master's Hammer,0.9175,0,11,11,,,,,
Album539331,deezer,218780092,Guitarra portuguesa,Carlos Paredes,0.9958,0,11,11,,,,,
Album18420,deezer,602802272,New Dark Age,Solstice,0.9987,0,10,10,,,,,
Album17839,deezer,162165,Ghosts,Strawbs,0.9976,0,10,10,,,,,
Album80195,deezer,669226,"Love, Love",Julian Priester Pepo Mtoto,0.9998,0,2,2,,,,,
Album161324,deezer,167427592,Firebirds,Prince Lasha,0.9687,0,5,5,,,,,
Album325152,deezer,318290,Time For Tyner (2005 Remastered/Rudy Van Gelder Edition),McCoy Tyner,0.9923,0,6,6,,,,,
Album4481457,deezer,6575789,Random Access Memories,Daft Punk,0.9954,0,13,13,,,,,
Album9061740,deezer,185277962,7,Beach House,0.9970,0,11,11,,,,,
Album2908,deezer,356417717,Actually (2018 Remaster),Pet Shop Boys,0.9983,0,10,10,,,,,
Album50372,deezer,244357,Space is the Place,Sun Ra,0.9948,0,5,5,,,,,
Album1358,deezer,10004260,Under the Pink (2015 Remaster),Tori Amos,0.9953,0,12,12,,,,,
Album2985,deezer,60151562,Knock Knock,Smog,0.9995,0,10,10,,,,,
Album3008603,deezer,90900122,Axioma Ethica Odini,Enslaved,0.9998,0,9,9,,,,,
sp:1Na00AiY0fdiuOaC2rj1mF,deezer,125208,Urban Bushmen,Art Ensemble Of Chicago,0.9967,0,10,10,,,,,
Album36408,deezer,264472892,Quella Vecchia Locanda,Quella Vecchia Locanda,0.9963,0,6,6,,,,,
Album9857,deezer,364883787,Genocide & Juice,The Coup,0.9968,0,14,14,,,,,
Album411306,deezer,51431972,Johnny Burnette And The Rock 'N Roll Trio,Johnny Burnette & The Rock 'N' Roll Trio,0.9694,0,12,12,,,,,
Album24022,deezer,53513412,Bicicleta (Remastered 2012),Seru Giran,0.9914,0,8,8,,,,,
Album121449,itunes:us,1533454689,The Biggest Thing Since Colossus,Otis Spann,1.0000,0,10,10,,,,,
Album3542833,deezer,105816292,Section.80,Kendrick Lamar,0.9959,0,15,15,,,,,
Album11455755,deezer,196241922,Lianne La Havas,Lianne La Havas,0.9966,0,11,11,,,,,
Album8205,deezer,905273482,Walls of Jericho (Bonus Tracks Edition),Helloween,0.9981,0,21,21,,,,,
Album11479,deezer,903810322,Équinoxe,Jean-Michel Jarre,0.9979,0,8,8,,,,,
Album308932,deezer,69990332,Chaos And Creation In The Backyard,Paul McCartney,0.9938,0,14,14,,,,,
Album12853,deezer,306544897,Nancy & Lee,Nancy Sinatra,0.9385,0,13,13,,,,,
Album101962,,,,,,0,,,,,,,
Album483222,deezer,983330,Ruun,Enslaved,0.9988,0,8,8,,,,,
Album39715,deezer,127774482,Feel the Fire,Overkill,0.9966,0,10,10,,,,,
Album36101,deezer,249611,Ys,Il Balletto Di Bronzo,0.9893,0,6,6,,,,,
Album38957,deezer,246064,Steig aus,Embryo,0.9877,0,3,3,,,,,
Album24990,deezer,326562577,Force It (2007 Remaster),UFO,0.9971,0,15,15,,,,,
Album82405,deezer,10596599,Twisted Into Form,Forbidden,0.9815,0,9,9,,,,,
Album19599,deezer,404054497,Angels Of Distress,Shape Of Despair,0.9990,0,5,5,,,,,
sp:4AN9E9jibRPCCvmGr0yp1d,deezer,15528342,Rant in E-Minor,Bill Hicks,0.9940,0,36,36,,,,,
Album19408,deezer,14585630,I Can't Stand the Rain,Ann Peebles,0.9962,0,10,10,,,,,
Album161493,deezer,936939,Nocny Patrol (2011 Remaster),Maanam,0.9969,0,10,10,,,,,
Album825492,deezer,515713,Art Pepper Meets The Rhythm Section (OJC Remaster),Art Pepper,0.9992,0,10,10,,,,,
sp:5ae9t6QD6On3MGmZVncuAn,deezer,299182,"The Cook, The Thief, His Wife And Her Lover: Music From The Motion Picture",Michael Nyman,0.9071,0,5,5,,,,,
Album37361,deezer,272135,Chapter One: Latin America,Gato Barbieri,0.9993,0,5,5,,,,,
Album13473,itunes:us,1743961194,Ibrahim Ferrer (Buena Vista Social Club Presents),Ibrahim Ferrer,0.8526,0,11,11,,,,,
Album42181,deezer,326543057,Below the Salt (2009 Remaster),Steeleye Span,0.9978,0,11,11,,,,,
Album7445773,deezer,71471422,Your Name.,Radwimps,0.9962,0,27,27,,,,,
sp:2ubcKYeOHGJ5UHHNBAuaKb,deezer,9491846,Alien,Jerry Goldsmith,0.9816,0,10,10,,,,,
Album26184,deezer,811505871,10.21,Skycamefalling,0.9336,0,12,12,,,,,
Album150049,deezer,263221332,Flesh Of My Skin Blood Of My Blood,Keith Hudson,0.9602,0,15,15,,,,,
sp:10v912xgTZbjAtYfyKWJCS,deezer,9410086,Highway to Hell,AC/DC,0.9858,0,10,10,,,,,
Album83544,deezer,612195392,Document #8,Pageninetynine,0.9951,0,9,9,,,,,
Album787,deezer,88801,I Ain't Marching Anymore,Phil Ochs,0.9968,0,15,15,,,,,
Album48213,deezer,9180117,Masterplan,Masterplan,0.9992,0,11,11,,,,,
Album15424,deezer,326517817,Sweet Old World,Lucinda Williams,0.9967,0,12,12,,,,,
Album57589,deezer,78703,"Lonesome, On'ry & Mean (Expanded Edition)",Waylon Jennings,0.9329,0,13,13,,,,,
Album3825,deezer,2795041,Amber,Autechre,0.9983,0,11,11,,,,,
Album3264322,deezer,6229030,R.A.P. Music,Killer Mike,0.9920,0,12,12,,,,,
sp:7ibv6MJHfkq0al0QRmoCd6,deezer,9883560,Rock 'n' Roll Animal (Live),Lou Reed,0.7815,1,5,5,,,,,
Album4900,deezer,114110,Downward Is Heavenward,Hum,0.9962,0,10,10,,,,,
Album4425637,deezer,563227012,Race,Alex G,0.9961,0,13,13,,,,,
Album7170023,deezer,152502802,The Impossible Kid (Instrumental Version),Aesop Rock,0.9967,0,15,15,,,,,
Album1369,deezer,610538,Live Through This,Hole,0.9905,0,12,12,,,,,
Album96424,deezer,176505,Day Of Reckoning,Pentagram,0.9969,0,7,7,,,,,
Album11372,deezer,422943767,Pandemonium,Killing Joke,0.9978,0,10,10,,,,,
Album113619,deezer,150771192,Private Parts,Robert Ashley,0.9990,0,2,2,,,,,
Album218447,deezer,54718352,Звезда по имени Солнце,Кино,0.9980,0,9,9,,,,,
Album25618,deezer,941795381,Black Moses,Isaac Hayes,0.9927,0,14,14,,,,,
Album121333,,,,,,0,,,,,,,
Album323891,deezer,6894657,In the Heart of the Moon,Ali Farka Touré,0.9644,0,12,12,,,,,
sp:4iHtEz2wxdaU4CMEmrZwe4,deezer,79821842,Trust Us,Motorpsycho,0.9976,0,14,14,,,,,
Album1038207,deezer,59690842,God Is More Than Love Can Ever Be (Remastered),Sun Ra,0.9983,0,5,5,,,,,
Album105637,deezer,329747,Feelin' The Spirit (Remastered),Grant Green,0.9920,0,6,6,,,,,
Album17722,deezer,1223482,Fabulosos Calavera,Los Fabulosos Cadillacs,0.9968,0,15,15,,,,,
sp:4ii2CVdTbZAG72QMedF6kb,deezer,6880824,Miles Davis At Carnegie Hall- The Complete Concert,Miles Davis,0.8737,0,11,11,,,,,
Album107662,deezer,149857472,Andy Irvine & Paul Brady,Andy Irvine & Paul Brady,0.9965,0,10,10,,,,,
sp:1ADe5AyVKt7jMBSo58SjyR,deezer,307803,The Soothsayer (Remastered),Wayne Shorter,0.9889,0,7,7,,,,,
Album1370272,deezer,398610487,GHOST IN THE SHELL: STAND ALONE COMPLEX O.S.T.+,Yoko Kanno,0.8549,0,18,18,,,,,
Album67528,deezer,10618414,The Ramblin' Man,Waylon Jennings,0.9838,0,10,10,,,,,
Album382898,deezer,413819607,Aerial (2018 Remaster),Kate Bush,0.9974,0,16,16,,,,,
Album285966,deezer,433584287,The Disintegration Loops II (Remastered),William Basinski,0.8900,0,13,13,,,,,
Album5389,itunes:us,1440853495,Blind Faith,Blind Faith,0.9982,0,6,6,,,,,
Album2909,deezer,315648,Please,Pet Shop Boys,0.9973,0,11,11,,,,,
Album23049,deezer,14911479,The Red in the Sky Is Ours,At the Gates,0.9565,0,12,12,,,,,
Album19027,deezer,158389,Last Fair Deal Gone Down,Katatonia,0.9971,0,11,11,,,,,
Album364703,deezer,208600,The Complete Guide To Insufficiency,David Thomas Broughton,0.9980,0,5,5,,,,,
Album5745,deezer,15484166,The World is a Ghetto,War,0.9977,0,6,6,,,,,
Album74423,deezer,175764842,East of the River Nile,Augustus Pablo,0.9950,0,12,12,,,,,
Album57813,deezer,97337,The Exciting Wilson Pickett,Wilson Pickett,0.9950,0,12,12,,,,,
Album14021,deezer,613041,Feats Don't Fail Me Now,Little Feat,0.9972,0,8,8,,,,,
Album31755,deezer,901496432,Dreamweaver (Expanded Edition),Sabbat,0.9967,0,12,12,,,,,
Album23024,deezer,302953,A New Perspective (Remastered / Rudy Van Gelder Edition),Donald Byrd,0.9542,0,5,5,,,,,
Album2353284,deezer,393437,Truelove's Gutter,Richard Hawley,0.9974,0,8,8,,,,,
Album6540,deezer,95694172,Lizard,King Crimson,1.0000,0,7,7,,,,,
sp:0kT4F2mSpvTk3stwiaEStp,deezer,15692060,Kick Out the Jams,MC5,0.8907,0,25,25,,,,,
Album184726,deezer,42912,Bluffer's guide to the flight deck,Flotation Toy Warning,0.9998,0,10,10,,,,,
Album8658134,deezer,50556032,Makin' Magick,DJ Sabrina The Teenage DJ,0.8990,0,21,21,,,,,
sp:0yHWKkqgQezsX60L4k2vBi,deezer,400344347,The Day the Earth Met the Rocket from the Tombs (Live),Rocket From The Tombs,0.9711,0,19,19,,,,,
Album27891,deezer,2226061,Extension of a Man,Donny Hathaway,0.9972,0,11,11,,,,,
Album133422,deezer,11593198,Banquet in the Darkness,Intestine Baalism,0.9980,0,11,11,,,,,
Album96157,deezer,218687052,Choice Cuts,Masters Apprentices,0.9968,0,11,11,,,,,
Album80993,deezer,458353005,Pharoah,Pharoah Sanders,0.8900,0,3,3,,,,,
Album398888,deezer,233348972,Innocence & Danger,The Neal Morse Band,0.5001,1,10,10,,,,,
Album65784,deezer,125483,"The Melody At Night, With You",Keith Jarrett,0.9826,0,10,10,,,,,
sp:6AGN0V4QobqBIVCWr6ZZPz,deezer,270621542,Spencer (Original Motion Picture Soundtrack),Jonny Greenwood,0.9542,0,14,14,,,,,
Album92747,deezer,5942054,The Way Ahead,Archie Shepp,0.9932,0,6,6,,,,,
Album161462,deezer,15662534,Krigssång,Trettioariga Kriget,0.9971,0,6,6,,,,,
sp:2vN71IqV0ucqeYAoNGlHxV,deezer,5814691,"You Can't Do That On Stage Anymore, Vol. 6",Frank Zappa,0.8898,0,37,37,,,,,
Album2257454,deezer,112578302,Detta har hänt,Gosta Berlings Saga,0.9983,0,8,8,,,,,
Album76041,deezer,489424985,Chutes Too Narrow (20th Anniversary Remaster),The Shins,0.9313,0,10,10,,,,,
Album13272216,deezer,231399652,HEY WHAT,Low,0.9974,0,10,10,,,,,
sp:4CWRDSPCD3KOHehpU1YMQ6,itunes:us,826498531,Soundtracks (Remastered),Can,1.0000,0,7,7,,,,,
Album3118620,deezer,12165296,Marrow of the Spirit,Agalloch,0.9994,0,6,6,,,,,
Album123665,deezer,15438276,Königsforst,GAS,0.9986,0,8,8,,,,,
Album5733,deezer,240041,Music Of My Mind,Stevie Wonder,0.9963,0,9,9,,,,,
Album7974,deezer,306126,The Least We Can Do Is Wave To Each Other,Van Der Graaf Generator,0.9980,0,8,8,,,,,
Album10867,deezer,324064,Unit Structures,Cecil Taylor,0.9889,0,5,5,,,,,
Album1361,deezer,14580898,Boys for Pele (Deluxe Edition),Tori Amos,0.9964,0,39,39,,,,,
sp:4lCAui1nwxoRBksYiiKjxm,deezer,81611,There Will Be Blood (Music from the Motion Picture),Jonny Greenwood,0.8934,0,11,11,,,,,
Album41776,deezer,697593711,Betty Davis,Betty Davis,0.9970,0,11,11,,,,,
Album341970,deezer,13635968,Everyone Into Position,Oceansize,0.9980,0,10,10,,,,,
Album158717,deezer,280950911,Welcome My Last Chapter (Remastered),Vinterland,0.9974,0,9,9,,,,,
Album92782,deezer,1421090,Safe + Sound,DJ Quik,0.9997,0,17,17,,,,,
Album300078,deezer,5985195,The Monad of Creation,Mournful Congregation,0.9993,0,4,4,,,,,
Album184915,deezer,12811092,Alma de Diamante,Spinetta Jade,0.9983,0,7,7,,,,,
sp:5RRib8eRMf8OthdvJX26iU,deezer,251640812,Playing The Piano,Ryuichi Sakamoto,0.9138,0,12,12,,,,,
Album301011,deezer,231141,Il N'Y A Plus Rien,Léo Ferré,0.9985,0,6,6,,,,,
sp:2LDYdZO5TMa9ZE9gj6VGuc,deezer,102214,Aretha Live at Fillmore West,Aretha Franklin,0.9973,0,10,10,,,,,
Album17639,deezer,6177999,Special Edition,Jack DeJohnette's Special Edition,0.8589,0,21,21,,,,,
Album4153724,deezer,548655642,ANGEL OF SALVATION,GALNERYUS,0.9977,0,10,10,,,,,
Album24817,deezer,329877,Workout,Hank Mobley,0.9907,0,6,6,,,,,
Album158453,deezer,118569,Echoes Of A Friend,McCoy Tyner,0.9926,0,5,5,,,,,
Album5513111,deezer,248412842,When the World Was One (Special Edition),Matthew Halsall,0.9732,0,9,9,,,,,
Album193187,deezer,5774551,Beasts of No Nation,Fela Kuti,0.9614,0,1,1,,,,,
Album1692406,deezer,9974206,Lavender Country,Lavender Country,0.9975,0,10,10,,,,,
Album37048,deezer,107082612,Cabaret (Original Soundtrack Recording),Various Artists,0.9621,0,12,12,,,,,
Album72047,deezer,387728,O Monstro Precisa De Amigos,Ornatos Violeta,0.9768,0,13,13,,,,,
Album4747876,deezer,6941431,Fetch,Melt-Banana,0.9952,0,12,12,,,,,
Album4585847,deezer,7314177,The Satanist,Behemoth,0.9975,0,9,9,,,,,
Album10543,deezer,505311491,Spilt Milk (Remastered),Jellyfish,0.9977,0,12,12,,,,,
Album51465,deezer,59636732,Eros,Dun,0.9980,0,9,9,,,,,
Album925301,deezer,2428641,Dirty Acres [Deluxe Edition],Cunninlynguists,0.9968,0,27,27,,,,,
Album96425,deezer,194279,Be Forewarned,Pentagram,0.9928,0,13,12,,,,,
Album30416,deezer,6954988,September Of My Years (Expanded Edition),Frank Sinatra,0.9977,0,15,15,,,,,
Album32937,deezer,595280562,Burn the Sun,Ark,0.9971,0,11,11,,,,,
Album240914,deezer,433584757,The Disintegration Loops (Remastered),William Basinski,0.8900,0,13,13,,,,,
Album2094,deezer,6508878,Music for the Jilted Generation,The Prodigy,0.9977,0,13,13,,,,,
Album6192,deezer,877799032,Phallus Dei,Amon Düül II,0.9993,0,7,7,,,,,
Album917064,deezer,126426,White Chalk,PJ Harvey,0.9961,0,11,11,,,,,
Album7763,deezer,272215112,Free Your Mind... And Your Ass Will Follow,Funkadelic,0.9985,0,6,6,,,,,
Album1358446,deezer,237749242,Mass Of The Fermenting Dregs,MASS OF THE FERMENTING DREGS,0.9972,0,6,6,,,,,
Album7125128,deezer,595802612,Mariner,Cult Of Luna,0.9726,0,5,5,,,,,
Album152527,deezer,6151859,Forgotten Legends,Drudkh,0.9981,0,4,4,,,,,
Album31253,deezer,9038083,Felona E Sorona,Le Orme,0.9977,0,9,9,,,,,
Album14641,deezer,11324600,Triarchy of the Lost Lovers,Rotting Christ,0.9977,0,9,9,,,,,
Album30419,deezer,308890,No One Cares (Remastered / Expanded Edition),Frank Sinatra,0.9219,0,15,15,,,,,
Album36369,deezer,14086204,Lubbock (on everything),Terry Allen,0.9966,0,21,21,,,,,
Album144771,deezer,244070,Alenar,Maria Del Mar Bonet,0.9954,0,10,10,,,,,
sp:3XnHTwogsnLUFhC7nZ983d,deezer,106615282,Watch Your Step,Ted Hawkins,0.9983,0,15,15,,,,,
Album1306,deezer,190211802,Apollo 18,They Might Be Giants,0.9956,0,18,18,,,,,
Album11802,deezer,326567617,A Space in Time,Ten Years After,0.9661,0,10,10,,,,,
sp:6zwdOtcRntgYAyUkkxVZ4t,deezer,697753091,Cowboy in Sweden (Original Motion Picture Soundtrack),Lee Hazlewood,0.9954,0,14,14,,,,,
Album19161,deezer,299574,Inventions And Dimensions (Expanded Edition),Herbie Hancock,0.9965,0,6,6,,,,,
sp:4ZImzDF35hQWiN5FdAqQbN,itunes:us,1327174731,Squeezing out Sparks,Graham Parker & The Rumour,0.9097,0,21,21,,,,,
sp:2iXjDsPPxZWr5gqhwpXspC,deezer,13183240,I Am The Cosmos (Deluxe Version),Chris Bell,0.9996,0,27,27,,,,,
Album6276524,deezer,10574685,Act Iv: Rebirth in Reprise,The Dear Hunter,0.9977,0,15,15,,,,,
Album15918,deezer,512377,Presents Author Unknown,Jason Falkner,0.9968,0,12,12,,,,,
Album399282,deezer,1027194,Wish Someone Would Care,Irma Thomas,0.9931,0,12,12,,,,,
sp:2OXQtMcqQ50VaMj51YFusc,deezer,55338642,Slow Turning,John Hiatt,0.9877,0,12,12,,,,,
sp:1chTX690N6Rji3vsdKaiJM,itunes:us,338244927,Testimony,Neal Morse,0.8940,0,29,29,,,,,
Album73335,deezer,123991692,Stick-Up!,Bobby Hutcherson,0.9986,0,6,6,,,,,
Album93358,deezer,136631512,Refavela,Gilberto Gil,0.9970,0,10,10,,,,,
Album5738166,deezer,804516901,Utopia (Original Television Soundtrack),Cristobal Tapia de Veer,0.8900,1,28,28,,,,,
Album17237,deezer,105775882,Y,The Pop Group,0.9974,0,11,11,,,,,
Album531694,deezer,8237764,Rodrigo y Gabriela,Rodrigo y Gabriela,0.9974,0,9,9,,,,,
sp:6zF2s0VPbQJk1vxX6WIe8W,deezer,41215491,Spirits Rejoice,Albert Ayler,0.9596,0,5,5,,,,,
Album826259,deezer,5227331,Imagination Lady (Bonus Tracks Edition),Chicken Shack,0.9334,0,9,9,,,,,
Album24831,deezer,302954,Hub-Tones,Freddie Hubbard,0.9918,0,8,8,,,,,
Album3038,deezer,11101416,The Edges Of Twilight (2015 Remaster),The Tea Party,0.9999,0,13,13,,,,,
Album40692,deezer,344984857,"Radio Days, Vol. 3: Manfred Mann Chapter Three (Live Sessions & Studio Rarities)",Manfred Mann Chapter Three,0.8810,0,45,45,,,,,
Album12030323,deezer,172938572,Hades: Original Soundtrack,Darren Korb,0.9976,0,30,30,,,,,
sp:5W7R9kGDhBeRGNen3jSuql,deezer,9725990,Circle In The Round,Miles Davis,1.0000,0,10,10,,,,,
Album384403,deezer,344479,Lupe Fiasco's Food & Liquor,Lupe Fiasco,0.9968,0,16,16,,,,,
Album8600,deezer,613555,White Pepper,Ween,0.9968,0,12,12,,,,,
Album1206,deezer,123371,Madman Across The Water,Elton John,0.9916,0,9,9,,,,,
Album7137,deezer,11327938,Imaginary Sonicscape,Sigh,0.9982,0,10,10,,,,,
Album25479,deezer,124197,Out Of Season,Beth Gibbons,0.9706,0,10,10,,,,,
Album8805,deezer,8257490,Blow By Blow,Jeff Beck,0.9997,0,9,9,,,,,
Album90476,deezer,41079651,Everything Goes Numb,Streetlight Manifesto,0.9963,0,12,12,,,,,
Album195276,deezer,526177182,La Mosca y la Sopa,Patricio Rey y sus Redonditos de Ricota,0.9977,0,10,10,,,,,
Album14502,itunes:us,1035385518,Deluxe,Harmonia,0.9450,0,6,6,,,,,
Album705100,deezer,147318232,DOOPEE TIME,DOOPEES,0.9968,0,20,20,,,,,
Album9998,deezer,641902,Danzig III: How The Gods Kill,Danzig,0.9944,0,10,10,,,,,
Album36286,deezer,6958541,Nosferatu,Helstar,0.9964,0,11,11,,,,,
Album7222,deezer,1210595,"March 16-20, 1992",Uncle Tupelo,0.9990,0,21,21,,,,,
Album118493,deezer,97724,Electric Bath,Don Ellis,0.9619,0,7,7,,,,,
Album35106,deezer,9148717,Reach Out,Four Tops,0.9995,0,12,12,,,,,
Album5549,deezer,326553387,The Human Menagerie (2012 Remaster),Steve Harley & Cockney Rebel,0.9592,0,14,14,,,,,
Album30136,deezer,125236,Timeless,John Abercrombie,0.9984,0,6,6,,,,,
Album845608,deezer,301450,Dread Beat An' Blood,Poet And The Roots,0.9991,0,10,10,,,,,
Album596394,deezer,165701912,Continuo,Avishai Cohen,0.9973,0,10,10,,,,,
Album111328,deezer,1338051,Los Delirios del Mariscal,Crucis,0.9969,0,4,4,,,,,
sp:05ALFsmsEf0322hTZ0AmSU,deezer,204642842,Bullitt,Lalo Schifrin,0.9957,0,18,18,,,,,
Album761446,deezer,13726808,Szobel,Hermann Szobel,0.9981,0,5,5,,,,,
Album147309,deezer,924152,Suicide (Expanded Edition),Stray,0.9993,0,9,9,,,,,
sp:1VJbvBFnEr2uAV3SJkMO7d,deezer,284177,New Thing At Newport,John Coltrane,0.9720,0,6,6,,,,,
Album48258,deezer,12854308,If You Saw Thro' My Eyes,Iain Matthews,0.9806,0,12,12,,,,,
Album2101,deezer,339678,Origin of Symmetry,Muse,0.9974,0,12,12,,,,,
Album11095779,deezer,217420922,The Turning Wheel,SPELLLING,0.9965,0,12,12,,,,,
Album139996,deezer,211006,Time Of The Last Persecution,Bill Fay,0.9967,0,14,14,,,,,
Album36051,deezer,271951732,Crac!,Area,0.9979,0,7,7,,,,,
Album245548,deezer,1519937,Sonic Excess In Its Purest Form,Crowbar,0.9971,0,11,11,,,,,
Album19092,deezer,15499030,Willis Alan Ramsey,Willis Alan Ramsey,0.9712,0,11,11,,,,,
Album263593,deezer,11918432,Damn Right I Am Somebody,Fred Wesley And The J.B.'s,0.9992,0,8,8,,,,,
Album2139,deezer,165179,My War,Black Flag,0.9897,0,9,9,,,,,
Album8880266,deezer,59616272,Your Queen Is A Reptile,Sons Of Kemet,0.9908,0,9,9,,,,,
Album8117,deezer,326550247,A Pagan Place,The Waterboys,0.9965,0,14,14,,,,,
Album13938757,deezer,271990382,KicK iii,Arca,0.9949,0,12,12,,,,,
Album91409,deezer,6958321,King of the Dead,Cirith Ungol,0.9972,0,9,9,,,,,
Album18877,deezer,49229582,Technodelic,Yellow Magic Orchestra,0.7085,1,10,10,,,,,
Album8596097,deezer,51174732,Müptezhel,Ezhel,0.9934,0,12,11,,,,,
Album1191,deezer,381016,Waiting for the Sun,The Doors,0.9957,0,11,11,,,,,
Album4198,deezer,1019654,Scream Bloody Gore,Death,0.9970,0,10,10,,,,,
Album63256,deezer,181609782,Western Culture,Henry Cow,0.9967,0,8,8,,,,,
Album11848,deezer,77143,Nantucket Sleighride,Mountain,0.9996,0,10,10,,,,,
Album187137,deezer,291726,World Galaxy,Alice Coltrane,0.9713,0,5,5,,,,,
sp:4n8GtrqMTNsmBMr7Yx28Kr,,,,,,0,,,,,,,
Album710583,deezer,8604898,Robson Jorge e Lincoln Olivetti,Robson Jorge,0.9406,0,12,12,,,,,
Album2758086,deezer,544358,Diamond Eyes,Deftones,0.9962,0,11,11,,,,,
Album9441,itunes:us,1473856760,Time Machines,Time Machines,0.8900,0,4,4,,,,,
Album6241897,deezer,11368250,The Congregation,Leprous,0.9960,0,11,11,,,,,
Album2045,deezer,901415052,In It for the Money,Supergrass,0.9188,0,12,12,,,,,
Album41742,deezer,1035725552,Bad Girls,Donna Summer,0.9972,0,15,15,,,,,
Album292225,deezer,314200,Nowe Sytuacje,Republika,0.9960,0,13,13,,,,,
Album26234,deezer,672905,Night Train (Expanded Edition),Oscar Peterson Trio,0.9955,0,18,18,,,,,
Album3187,deezer,92712682,Under the Big Black Sun (2019 Remaster),X,0.9956,0,11,11,,,,,
Album8290,deezer,158404,The Light At The End Of The World,My Dying Bride,0.9983,0,9,9,,,,,
Album52275,deezer,284590892,The Skull (Remastered 2020),Trouble,0.9982,0,7,7,,,,,
Album32319,deezer,1345210,First Take,Roberta Flack,0.9981,0,8,8,,,,,
Album2693,deezer,226648,Essence,Lucinda Williams,0.9954,0,11,11,,,,,
sp:7kXPAQK9SXrGuvvfjjsEjN,deezer,70550742,Mad Dogs & Englishmen (Deluxe Edition),Joe Cocker,0.9968,0,26,26,,,,,
Album134374,deezer,225225402,Through the Darkest Hour,Solitude Aeturnus,0.9969,0,9,9,,,,,
Album177890,deezer,363067,Visitation,Pekka Pohjola,0.9978,0,6,6,,,,,
Album920021,deezer,174651702,Продано!,Янка,0.9942,0,19,19,,,,,
Album121313,deezer,901405172,Far Canal,Jody Grind,0.9832,0,9,9,,,,,
Album176212,deezer,1101850,The Devil Made Me Do It (The Deluxe Edition),Paris,0.9975,0,18,18,,,,,
Album927260,deezer,102992562,Wiosna Ludu,Kapela ze Wsi Warszawa,0.9965,0,15,15,,,,,
Album653,deezer,257879,Clouds Taste Metallic,The Flaming Lips,0.9960,0,13,13,,,,,
Album15961,deezer,226432732,"LIFTED or The Story Is in the Soil, Keep Your Ear to the Ground",Bright Eyes,0.9994,0,13,13,,,,,
Album1621,deezer,241466,Starfish,The Church,0.9944,0,10,10,,,,,
Album2044,deezer,901447382,I Should Coco,Supergrass,0.9821,0,13,13,,,,,
Album5971,deezer,11674510,Eldorado,Electric Light Orchestra,0.9903,0,10,10,,,,,
Album12197,deezer,10038100,Spooky Two,Spooky Tooth,0.9865,0,17,17,,,,,
Album14445,deezer,384326,Pat Metheny Group,Pat Metheny,0.9594,0,6,6,,,,,
Album30150,deezer,846984642,Still Life (Talking),Pat Metheny,0.9598,0,7,7,,,,,
Album3446043,deezer,133198472,Live the Dream,Ramshackle Glory,0.9963,0,10,10,,,,,
sp:33ADD53a2BoG60Cqx0UFyu,deezer,73714922,Will of the Gods is a Great Power,Scald,0.9687,0,6,6,,,,,
Album30654,deezer,320921417,All We Got Iz Us,Onyx,0.9994,0,15,15,,,,,
Album36458,,,,,,0,,,,,,,
Album107427,deezer,1119352,Befriended,The Innocence Mission,0.9973,0,10,10,,,,,
Album34242,deezer,94349852,Hypothetical (Definitive Edition),Threshold,0.9984,0,11,11,,,,,
Album56966,deezer,77958962,Song Of The Marching Children,Earth & Fire,0.9970,0,8,8,,,,,
Album267819,,,,,,0,,,,,,,
Album38444,deezer,8290366,Believe It,The New Tony Williams Lifetime,0.9991,0,8,8,,,,,
sp:5evArWgt3lYByavFqzbo5x,deezer,14340508,Moonlight (Original Motion Picture Soundtrack),Nicholas Britell,0.9551,0,21,18,,,,,
Album8387,deezer,315556,Thousands On A Raft,Pete Brown & Piblokto!,0.9980,0,6,6,,,,,
Album12589718,deezer,227640342,Bright Green Field,Squid,0.9975,0,11,11,,,,,
Album776199,deezer,368827657,Souvenirs d'un autre monde,Alcest,0.9982,0,6,6,,,,,
Album46246,deezer,96103432,Wonderful Rainbow,Lightning Bolt,0.9958,0,10,10,,,,,
Album77615,deezer,87717082,Shades Of Blue: Madlib Invades Blue Note,Madlib,0.9944,0,16,16,,,,,
Album5334,deezer,302610,Tin Drum,Japan,0.9734,0,12,12,,,,,
Album8191,deezer,138047522,Zeit,Tangerine Dream,0.9996,0,4,4,,,,,
Album107384,deezer,15438300,Zauberberg,GAS,0.9985,0,7,7,,,,,
Album13239,deezer,52149042,LC,The Durutti Column,0.9972,0,16,16,,,,,
Album3575370,deezer,6127863,Outer Isolation,Vektor,0.9980,0,8,8,,,,,
Album4160,deezer,15297769,Supermodified,Amon Tobin,0.9980,0,11,11,,,,,
Album229104,deezer,11591166,Black Sheep Boy (10th Anniversary Edition),Okkervil River,0.9994,0,30,30,,,,,
Album13898025,deezer,348397917,Faith In Persona,death's dynamic shroud,0.9648,0,9,9,,,,,
Album12928,deezer,50658572,Rock for Light,Bad Brains,0.9998,0,20,20,,,,,
Album15668,deezer,49924482,Aerial Ballet (Mono Version),Harry Nilsson,0.9038,0,13,13,,,,,
Album11044,deezer,2903171,Blue Screen Life,Pinback,0.9997,0,12,12,,,,,
Album630647,deezer,663025171,Nothing,Meshuggah,0.9991,0,10,10,,,,,
Album11765,deezer,120847382,Theli,Therion,0.9976,0,10,10,,,,,
Album128857,deezer,11851692,Jolene,Dolly Parton,0.9924,0,10,10,,,,,
Album11468,deezer,97952,New York Tendaberry,Laura Nyro,0.9992,0,13,13,,,,,
sp:784v2vgKR7tIuycQVzWMOg,deezer,7846723,With The Lights Out - Box Set,Nirvana,0.9165,0,61,61,,,,,
Album18831,deezer,5288101,The Wake Of Magellan,Savatage,0.9972,0,16,16,,,,,
Album519468,deezer,1215800,La Máquina de Hacer Pájaros,La Maquina De Hacer Pájaros,0.9993,0,7,7,,,,,
Album8229,deezer,112572,III - Tri - Logy,Kingston Wall,0.9986,0,13,13,,,,,
Album20887,deezer,256885662,The Nightly Disease,Madrugada,0.9981,0,12,12,,,,,
Album869223,deezer,713252821,A Caress of the Void,Evoken,0.9986,0,7,7,,,,,
Album23999,deezer,1217379,Parte De La Religion,Charly García,0.9862,0,10,10,,,,,
Album569217,,,,,,0,,,,,,,
sp:0lSeYO6mLZIngXj5NPS3Hl,deezer,6450728,Arvo Pärt: Miserere,The Hilliard Ensemble,0.7367,1,3,3,,,,,
Album7561851,deezer,42624881,Crack-Up,Fleet Foxes,0.9973,0,11,11,,,,,
Album182797,deezer,90898082,Wintersun,Wintersun,0.9982,0,8,8,,,,,
Album1762,deezer,611657,Songs For Drella,Lou Reed,0.9710,0,15,15,,,,,
Album18448,deezer,300720,The Curtain Hits The Cast,Low,0.9805,0,12,12,,,,,
Album6241,deezer,181609612,Unrest,Henry Cow,0.9985,0,9,9,,,,,
Album735118,deezer,8676753,Hérésie,Univers Zero,0.9992,0,4,4,,,,,
Album11466,deezer,13476605,Budgie (2013 remaster),Budgie,0.9973,0,8,8,,,,,
Album14796,deezer,6118322,Jewels Of Thought,Pharoah Sanders,0.9994,0,2,2,,,,,
Album114184,deezer,442593,For Kunsten Maa Vi Evig Vike,Kvist,0.9979,0,6,6,,,,,
Album2639,deezer,5367521,"Bachelor No. 2 (Or, The Last Remains of the Dodo)",Aimee Mann,0.9966,0,13,13,,,,,
Album13936,deezer,6958689,Disconnected,Fates Warning,0.9985,0,7,7,,,,,
sp:1JTk60wb4CTAaX6TaCfpPU,itunes:us,1444160683,The Peel Sessions 1991 - 2004 (US Release),PJ Harvey,0.9538,0,12,12,,,,,
Album69529,deezer,1348320,Hijos Del Agobio,Triana,0.9964,0,8,8,,,,,
Album116008,deezer,8218294,Это мама,Аукцыон,0.9976,0,10,10,,,,,
Album3505044,deezer,1242299,Strange Mercy,St. Vincent,0.9965,0,11,11,,,,,
Album1868,deezer,901451712,Copper Blue (Remastered 2012),Sugar,0.9003,0,10,10,,,,,
sp:4LAY1FlsUIxoYTcDDgwLta,deezer,1064163,Ini Kamoze,Ini Kamoze,0.9978,0,6,6,,,,,
sp:5DPwOvCcqxFeeep1uoSLHx,deezer,301389,Thunder And Consolation,New Model Army,0.9964,0,15,15,,,,,
Album23993,deezer,69182202,Pubis Angelical / Yendo De La Cama Al Living,Charly García,0.8715,1,23,23,,,,,
Album263270,deezer,15820604,Alone,Solitude Aeturnus,0.9981,0,9,9,,,,,
Album84320,deezer,323246,Components,Bobby Hutcherson,0.9890,0,8,8,,,,,
sp:1zwEN9cLtWg39zFJnj8brt,deezer,1043068102,The Phantom of the Opera (The Andrew Lloyd Webber 2026 Mix),Andrew Lloyd Webber,0.8934,0,2,2,,,,,
Album97116,deezer,392451087,Time Is ...,Raw Material,0.9200,0,6,6,,,,,
Album106044,deezer,256431832,Further Definitions,Benny Carter And His Orchestra,0.9931,0,8,8,,,,,
Album36360,deezer,228496322,Penguin Eggs,Nic Jones,0.9785,0,9,9,,,,,
Album2339684,deezer,773753731,Rareform,After The Burial,0.9966,0,8,8,,,,,
Album40394,deezer,77131,Captain Marvel,Stan Getz,0.9955,0,9,9,,,,,
Album6141740,deezer,537831902,Vulnicura,Björk,0.9976,0,9,9,,,,,
Album6687375,deezer,11617216,Garden of Delete,Oneohtrix Point Never,0.9965,0,12,12,,,,,
Album13996,deezer,557974,Original Pirate Material,The Streets,0.9956,0,14,14,,,,,
Album8192751,deezer,15805694,Peasant,Richard Dawson,0.9974,0,11,11,,,,,
Album938643,deezer,300442327,The Linden Trees Are Still In Blossom (Night Falls Over Kortedala),Jens Lekman,0.8170,1,18,18,,,,,
sp:4bSvzPMgzwvfqHAbcWG88o,deezer,70620132,Blues Breakers,John Mayall & The Bluesbreakers,0.9374,0,24,24,,,,,
Album21119,deezer,70207762,Up,Peter Gabriel,0.9982,0,10,10,,,,,
Album19025,deezer,13635870,Elizium,Fields of the Nephilim,0.9984,0,8,8,,,,,
Album140540,deezer,57048502,Dreamtime Return (High Definition Remaster),Steve Roach,0.9998,0,14,14,,,,,
Album18196,deezer,885526492,Woven hand,Wovenhand,0.9790,0,10,10,,,,,
Album15648,deezer,245955,Survival,Bob Marley & The Wailers,0.9956,0,11,11,,,,,
Album884200,deezer,676038,Heyday,The Church,1.0000,0,13,13,,,,,
Album9683,deezer,1119359,Nia,Blackalicious,0.9961,0,19,19,,,,,
Album18253,deezer,94380652,Silent Cries And Mighty Echoes (Remastered 2019),Eloy,0.9984,0,6,6,,,,,
Album13835,itunes:us,73590353,V - EP,Spock's Beard,0.8900,0,6,6,,,,,
Album36372,deezer,90325,Palepoli,Osanna,0.8900,0,3,3,,,,,
Album87387,deezer,72440,Freedom Flight,Shuggie Otis,0.9880,0,8,8,,,,,
sp:5pCA8SReb0Slsify6rsb7h,deezer,4364881,Live aus Berlin,Rammstein,0.9969,0,15,15,,,,,
sp:6qaPxi8XNIgu3ZzUvaG2sg,deezer,7740832,Moonflower,Santana,0.9990,0,16,16,,,,,
Album4140858,deezer,436697177,Reloaded,Roc Marciano,0.9976,0,16,16,,,,,
Album53851,deezer,113324872,Strange Celestial Road,Sun Ra,0.9950,0,3,3,,,,,
sp:0tswO3agPziVRShLvkXuiy,deezer,248764,Undead,Ten Years After,0.9569,0,9,9,,,,,
Album146833,deezer,89271,This Is My Country,The Impressions,0.9962,0,10,10,,,,,
Album127555,deezer,1035846,The August Engine,Hammers of Misfortune,0.9976,0,7,7,,,,,
sp:5N8xk0eJqlZjzDdPFIWaUN,itunes:us,1776755242,Alive,Meshuggah,1.0000,0,12,12,,,,,
Album23743,deezer,46619852,Arvo Pärt: De Profundis,Paul Hillier,0.8437,0,20,20,,,,,
Album8191615,deezer,39949511,DAMN.,Kendrick Lamar,0.9967,0,14,14,,,,,
Album20433,deezer,103257,Sea Change,Beck,0.9997,0,12,12,,,,,
Album5299754,deezer,8986097,BLACK METAL,Dean Blunt,0.9967,0,13,13,,,,,
Album4287947,deezer,14912113,The Raven That Refused to Sing (and Other Stories),Steven Wilson,0.9992,0,6,6,,,,,
Album1201,deezer,388017077,Electro-Shock Blues,Eels,0.9954,0,16,16,,,,,
Album37340,deezer,72057772,Buddy Holly,Buddy Holly,0.9746,0,17,17,,,,,
Album18870,deezer,15727362,Hole,Scraping Foetus Off The Wheel,0.9972,0,10,10,,,,,
Album4081655,deezer,90892322,Riitiir,Enslaved,0.9988,0,8,8,,,,,
Album72924,deezer,43851771,Reconstruction Site,The Weakerthans,0.9950,0,14,14,,,,,
Album867168,deezer,906947032,In Hearing of Atomic Rooster,Atomic Rooster,0.9980,0,11,11,,,,,
Album1821,deezer,1345757,Paris (Live),The Cure,0.9511,0,12,12,,,,,
Album174300,deezer,259816642,Les porches,Maneige,0.9986,0,4,4,,,,,
Album17032,deezer,15104951,The Belle Album,Al Green,0.9978,0,8,8,,,,,
Album338,deezer,613722,Train A Comin',Steve Earle,0.9958,0,13,13,,,,,
Album594884,deezer,1022917,The Locust Years,Hammers of Misfortune,0.9980,0,8,8,,,,,
Album208431,itunes:us,1508050952,Cosa Nuestra,Willie Colón & Héctor Lavoe,0.9638,0,8,8,,,,,
Album300311,,,,,,0,,,,,,,
sp:3t0h9Jw2lbQFCrBuDUMARd,deezer,101537602,Deus Ex: Human Revolution (Original Soundtrack),Michael McCann,0.9947,0,25,25,,,,,
Album37119,deezer,14417430,The Sky Moves Sideways (Remaster),Porcupine Tree,0.9992,0,9,9,,,,,
Album87540,deezer,234499022,De Profundis,Vader,0.9961,0,9,9,,,,,
Album791562,deezer,321092047,Outward Bound,Eric Dolphy,0.9557,0,6,6,,,,,
Album30965,deezer,97021052,National Health,National Health,0.8900,0,5,5,,,,,
Album1203336,deezer,56128092,Inspiration is DEAD,Ling tosite sigure,0.9981,0,9,9,,,,,
Album88186,deezer,322421937,Watertown (Deluxe Edition / 2022 Mix),Frank Sinatra,0.8576,1,18,18,,,,,
Album283368,deezer,1118611,Turkish Women at the Bath,Pete La Roca,0.9971,0,7,7,,,,,
sp:5JMLXWyAYhJKtgBT2gX4ap,deezer,10994020,Köln,Last Exit,0.9982,0,5,5,,,,,
Album82191,deezer,9410160,Let There Be Rock,AC/DC,0.9938,0,8,8,,,,,
Album601526,deezer,310064,The Crane Wife,The Decemberists,0.9921,0,11,11,,,,,
Album111708,deezer,8349108,If You're Into It I'm Out of It,Christoph De Babalon,0.9981,0,11,11,,,,,
Album5265,deezer,311630,Vivadixiesubmarinetransmissionplot,Sparklehorse,0.9823,0,16,16,,,,,
sp:13xlpKbai3GGoMSr75lOeX,deezer,48290192,Into The Wild (Music For The Motion Picture),Eddie Vedder,0.9500,0,16,16,,,,,
Album11698,deezer,306062717,A Walk Across the Rooftops,The Blue Nile,0.9977,0,7,7,,,,,
Album2002,deezer,120641872,Sound-Dust (Expanded Edition),Stereolab,0.9967,0,20,20,,,,,
Album7546,itunes:us,438685011,Silence Is Sexy,Einstürzende Neubauten,1.0000,0,14,14,,,,,
Album5988,deezer,504668301,Dopes To Infinity,Monster Magnet,0.9973,0,12,12,,,,,
Album21083,deezer,117187,John Coltrane And Johnny Hartman,John Coltrane,0.9554,0,6,6,,,,,
sp:0fd4JVsaEIH2C8O5KYoCYw,deezer,11328232,Something Wicked This Way Comes,Iced Earth,0.9974,0,13,13,,,,,
Album310871,deezer,9891696,Wait Long By the River and the Bodies of Your Enemies Will Float By,The Drones,0.9975,0,9,9,,,,,
Album290551,deezer,943726741,Jazz Samba Encore!,Stan Getz,0.9388,0,10,10,,,,,
Album179735,itunes:us,1268022512,Five Pieces 1975,Anthony Braxton,1.0000,0,5,5,,,,,
Album75135,deezer,5942174,Out Of The Afternoon,Roy Haynes Quartet,0.9900,0,7,7,,,,,
Album6196,deezer,904948482,Wolf City,Amon Düül II,0.9983,0,10,10,,,,,
Album14921,deezer,226179,Electric Mud,Muddy Waters,0.9037,0,8,8,,,,,
Album163407,deezer,140530122,Where You Are and Where You Want to Be (2020 Remaster),On The Might of Princes,0.9966,0,16,16,,,,,
Album78176,deezer,320371767,"Stunts, Blunts, & Hip Hop",Diamond & The Psychotic Neurotics,0.9977,0,23,23,,,,,
sp:5jhAuU3PRZsnck8CHgvqMS,deezer,425523,Official Live: 101 Proof,Pantera,0.9977,0,16,16,,,,,
Album78346,itunes:us,549193444,No Agreement,Fela Kuti,0.9622,0,2,2,,,,,
Album100737,deezer,112852862,Il nostro caro angelo,Lucio Battisti,0.9910,0,8,8,,,,,
Album168527,deezer,119986,We Three [RVG Remaster],Roy Haynes,0.9690,0,6,6,,,,,
Album380028,deezer,86401062,Upon the Throne of Apocalypse (Reissue),Incantation,0.9969,0,8,8,,,,,
Album263308,deezer,13257041,Lenox Avenue Breakdown,Arthur Blythe,0.9877,0,4,4,,,,,
Album65118,deezer,6653013,Holst: The Planets,Berliner Philharmoniker,0.8580,0,7,7,,,,,
Album21239,deezer,67202822,Ever,IQ,0.9296,0,6,6,,,,,
sp:4fEGGDaDNDLvXPylhbJdBy,deezer,1207491,The Pink Panther - Original Soundtrack,Henry Mancini,0.9379,0,12,12,,,,,
Album5333,deezer,302609,Gentlemen Take Polaroids,Japan,0.9799,0,11,11,,,,,
Album147535,deezer,1528780,Blast Tyrant (Deluxe Edition),Clutch,0.9962,0,25,25,,,,,
Album11076,deezer,320232,Doe Or Die,AZ,0.9795,0,12,12,,,,,
Album38107,deezer,187690692,Epica Etica Etnica Pathos (30° Anniversario),CCCP – Fedeli Alla Linea,0.7662,1,15,15,,,,,
Album160773,deezer,333264,Undercurrent (Rudy Van Gelder Edition/2007 Remaster),Kenny Drew,0.9953,0,6,6,,,,,
sp:7Hp7JYrAeTevdePWOPouez,deezer,5814681,"You Can't Do That On Stage Anymore, Vol. 5 (Live)",Frank Zappa,0.8745,0,38,38,,,,,
Album41477,deezer,297406322,MOVIN' ON (Remastered 2021),Circus,0.9990,0,5,5,,,,,
Album34142,deezer,215507992,5 By Monk By 5,Thelonious Monk Quintet,0.9934,0,7,7,,,,,
Album4360193,deezer,176913,Listen To The Scatman: The Jazz Vocal/Piano Of John Larkin,John Larkin,0.7165,1,12,12,,,,,
Album2439,deezer,12114234,Atom Heart Mother,Pink Floyd,1.0000,0,5,5,,,,,
Album4998,deezer,381173,Awake,Dream Theater,0.9677,0,11,11,,,,,
Album33394,deezer,7976740,Remission (Reissue),Mastodon,0.9972,0,11,11,,,,,
Album15278,deezer,1003989,Calculating Infinity,The Dillinger Escape Plan,0.9967,0,11,11,,,,,
Album2391,deezer,135913392,Lazer Guided Melodies,Spiritualized,0.9972,0,12,12,,,,,
Album3393,deezer,245685,Signals,Rush,0.9984,0,8,8,,,,,
Album40098,deezer,6958629,Failures for Gods,Immolation,0.9977,0,8,8,,,,,
Album10703,deezer,2376961,Dancing In Your Head,Ornette Coleman,0.9984,0,4,4,,,,,
Album37161,deezer,381015,The Paul Butterfield Blues Band,The Paul Butterfield Blues Band,0.9959,0,11,11,,,,,
Album21288,deezer,315504,In Camera,Peter Hammill,0.9974,0,8,8,,,,,
Album54158,deezer,72089562,Helen Merill,Helen Merrill,0.8716,1,7,7,,,,,
Album471159,deezer,221063062,Pod vládou biče,!T.O.O.H.!,0.9968,0,10,10,,,,,
sp:2Q15bdTn337lqsf4zXhH18,deezer,133940692,"Merry Christmas, Mr. Lawrence",Ryuichi Sakamoto,0.9450,0,19,19,,,,,
Album290094,deezer,115470002,Lady Pank,Lady Pank,0.9974,0,10,10,,,,,
Album15733,deezer,178237062,À Vontade,Baden Powell,0.9968,0,10,10,,,,,
Album21929,deezer,74297982,Embrya,Maxwell,0.9992,0,12,12,,,,,
Album574770,itunes:us,1128592892,Chemist,The Necks,0.8900,0,3,3,,,,,
Album604,deezer,14581084,Ultra (Deluxe),Depeche Mode,0.9199,0,20,20,,,,,
Album154645,deezer,1003956,Miss Machine,The Dillinger Escape Plan,0.9960,0,11,11,,,,,
Album650082,deezer,171304102,The Blackening,Machine Head,0.9979,0,10,10,,,,,
Album163184,deezer,41771491,Evil Invaders,Razor,0.9994,0,10,10,,,,,
Album1350195,deezer,88253172,The Snowbringer Cult,Isengrind,0.9709,0,26,26,,,,,
Album20693,deezer,319842,The Ghost Of Cain,New Model Army,0.9961,0,10,10,,,,,
Album114475,deezer,89059172,Captain My Captain,Team Dresch,0.9999,0,11,11,,,,,
Album294181,deezer,61255082,"Showcase, Vol. 1",Wayne Jarrett,0.9983,0,6,6,,,,,
Album41002,deezer,272237672,Garra,Marcos Valle,0.9999,0,17,17,,,,,
Album129553,,,,,,0,,,,,,,
Album189083,deezer,344062927,Larmes De Héros,Sortilège,0.9972,0,13,13,,,,,
Album77216,deezer,104869,The Hawk Flies High,Coleman Hawkins,0.9984,0,6,6,,,,,
Album91524,deezer,472529185,Waiters On The Dance,Julian Jay Savarin,0.9908,0,6,6,,,,,
Album57597,deezer,665789,Back Porch Bluegrass,The Dillards,0.9945,0,15,15,,,,,
Album211954,deezer,73123,Mezmerize,System of A Down,0.9976,0,11,11,,,,,
Album717,deezer,9844450,Camembert Electrique,Gong,0.9967,0,11,11,,,,,
Album1059433,deezer,6511071,They Might Be Giants,They Might Be Giants,0.9936,0,19,19,,,,,
Album1256,deezer,320969137,Night And Day,Joe Jackson,0.9935,0,9,9,,,,,
Album66635,deezer,64184372,Muzai Moratorium -Innocence Moratorium-,Sheena Ringo,0.8030,1,11,11,,,,,
sp:1sn9hklZXGGG73XUq7cTzs,itunes:us,1440744386,"Recomposed By Max Richter: Vivaldi, The Four Seasons","Max Richter, Daniel Hope, Konzerthaus Kammerorchester Berlin & André de Ridder",0.8522,1,22,22,,,,,
Album1967262,deezer,47400282,Róka Hasa Rádió,Thy Catafalque,0.9983,0,9,9,,,,,
Album32785,deezer,11327324,The Flower King,Roine Stolt,0.9986,0,8,8,,,,,
Album54680,deezer,718043291,Mujeres,Silvio Rodríguez,0.9957,0,12,12,,,,,
Album1984008,deezer,320379987,Man On The Moon: The End Of Day (Deluxe),Kid Cudi,0.9999,0,18,18,,,,,
Album325,deezer,1344846,Wish,The Cure,0.9981,0,12,12,,,,,
Album2641,deezer,6120830,"It Was Hot, We Stayed in the Water",The Microphones,0.9962,0,11,11,,,,,
Album7608992,deezer,14344550,You Want It Darker,Leonard Cohen,0.9925,0,9,9,,,,,
sp:3mLnqsQ4o8hPPj8s2yfYeI,deezer,279619382,The Human Equation,Ayreon,0.9977,0,20,20,,,,,
Album4613378,deezer,11323914,The Mountain,Haken,0.9976,0,11,11,,,,,
Album662414,deezer,1420969,The Turn Of A Friendly Card,The Alan Parsons Project,0.9093,0,10,10,,,,,
Album26054,deezer,160703,Steamin' With The Miles Davis Quintet,Miles Davis,0.9518,0,6,6,,,,,
Album507063,deezer,333188,Afro-Cuban (Rudy Van Gelder Edition),Kenny Dorham,0.9836,0,9,9,,,,,
Album14157,deezer,6930131,Miss America,Mary Margaret O'Hara,0.9996,0,11,11,,,,,
Album36405,deezer,10872068,Maxophone - Ita Version,Maxophone,0.9998,0,8,8,,,,,
Album11877,deezer,15801430,Hot Pants (Expanded Edition),James Brown,0.9985,0,6,6,,,,,
Album60927,deezer,11323860,Dreams D'azur,Novembre,0.9976,0,12,12,,,,,
Album8987,deezer,10163218,Shahbaaz,Nusrat Fateh Ali Khan,0.9995,0,4,4,,,,,
Album24031,deezer,1215798,Llegando Los Monos,Sumo,0.9971,0,12,12,,,,,
Album64287,deezer,7432709,Кровь за кровь,Ария,0.9967,0,8,8,,,,,
Album197048,deezer,175800492,Svitanie,M efekt,0.9987,0,4,4,,,,,
Album14002,deezer,300290,Songs The Lord Taught Us,The Cramps,0.9846,0,18,18,,,,,
Album11196352,deezer,134773962,Stare Into Death And Be Still,Ulcerate,0.9971,0,8,8,,,,,
Album832,deezer,185282342,Bakesale: Deluxe Edition,Sebadoh,0.9946,0,40,40,,,,,
Album5520,deezer,338687,Schizophrenia,Sepultura,0.9967,0,13,13,,,,,
Album103,deezer,56635562,Blank Generation (40th Anniversary Deluxe Edition),Richard Hell & The Voidoids,0.9953,0,22,22,,,,,
Album19118,deezer,1422793,Nilsson Schmilsson,Harry Nilsson,0.8853,0,10,10,,,,,
Album52294,deezer,15056549,Flyin' Shoes,Townes Van Zandt,0.9963,0,10,10,,,,,
sp:4xQeH1v8FBctvzfuLBmHUW,deezer,15735460,Heathen Earth: The Live Sound of Throbbing Gristle (Live) (Remastered),Throbbing Gristle,0.9055,0,9,9,,,,,
sp:4Bp4JbmlVdpt1i2TdpadG6,itunes:us,6770520673,"Profondo rosso (Gold Tracks) [Colonna Sonora Originale dal Film ""Profondo Rosso""]",Goblin,0.8738,1,36,36,,,,,
Album5488,deezer,793371101,"No Guru, No Method, No Teacher (Bonus Track Version)",Van Morrison,0.9978,0,12,12,,,,,
Album8254853,deezer,883870742,Maggot,Dazey and the Scouts,0.9930,0,7,7,,,,,
Album224205,deezer,160889,Focal Point,McCoy Tyner,0.9958,0,6,6,,,,,
Album1242,deezer,319814,So Tonight That I Might See,Mazzy Star,0.9909,0,10,10,,,,,
Album7818,deezer,98389,British Steel,Judas Priest,0.9958,0,11,11,,,,,
Album4591,deezer,8574186,Dire Straits,Dire Straits,0.9955,0,9,9,,,,,
Album8994,deezer,15727356,Zeichnungen des Patienten O.T.,Einstürzende Neubauten,0.9969,0,15,15,,,,,
Album3671,deezer,326560747,Lion and the Cobra,Sinéad O'Connor,0.9974,0,9,9,,,,,
Album906,deezer,43539131,Love Bites,Buzzcocks,0.9967,0,15,15,,,,,
Album9760420,deezer,79284862,Tana Talk 3,Benny The Butcher,0.9965,0,14,14,,,,,
Album715,deezer,6508958,Bend Sinister,The Fall,0.9972,0,12,12,,,,,
Album17729,deezer,680477,Low Estate,16 Horsepower,0.8880,0,13,13,,,,,
Album908,deezer,92302722,A Different Kind Of Tension (2019 Remastered Version),Buzzcocks,0.9992,0,12,12,,,,,
Album5259164,deezer,305521157,Promulgation of the Fall,Dead Congregation,0.9977,0,8,8,,,,,
sp:5a1XfxTK4jgBJ8E3X1xvOD,deezer,110160102,The Third Ascension,Glenn Branca,0.9989,0,6,6,,,,,
sp:59IyvFBBMpdcBbdCveb9mz,itunes:us,1833047780,Escape from New York (Original Motion Picture Soundtrack),John Carpenter & Alan Howarth,0.9361,0,28,28,,,,,
Album831819,deezer,257998812,Prose combat,MC Solaar,0.9955,0,15,15,,,,,
Album38305,deezer,14417762,Signify (Remaster),Porcupine Tree,0.9972,0,12,12,,,,,
Album52454,deezer,734519271,Letzte Tage - Letzte Nächte (Extended Version),Popol Vuh,0.9963,0,11,11,,,,,
Album2140384,deezer,49870572,Tall Poppy Syndrome,Leprous,0.9983,0,8,8,,,,,
Album3644167,deezer,6151953,Rengeteg,Thy Catafalque,0.9982,0,10,10,,,,,
Album1762787,,,,,,0,,,,,,,
Album15321,deezer,474593265,Timothy's Monster,Motorpsycho,0.9980,0,15,15,,,,,
Album7437,deezer,53318452,Magnified,Failure,0.9977,0,10,10,,,,,
Album156346,deezer,982435,Rain Without End,October Tide,0.9976,0,7,7,,,,,
Album47553,deezer,383166227,The Future Is Now,Non Phixion,0.9958,0,16,16,,,,,
Album1699,deezer,185288632,Field Songs,Mark Lanegan,0.9961,0,12,12,,,,,
Album695603,deezer,74772912,Esquemas Juveniles,Javiera Mena,0.9972,0,10,10,,,,,
Album177265,deezer,72382572,Ze slowem biegne do ciebie,SBB,0.9995,0,2,2,,,,,
Album156397,deezer,104872,Work Song,Nat Adderley,0.9748,0,9,9,,,,,
Album110962,,,,,,0,,,,,,,
Album8334,deezer,88561,Blue Afternoon,Tim Buckley,0.9977,0,8,8,,,,,
Album20372,deezer,6958488,Parallels,Fates Warning,0.9980,0,8,8,,,,,
Album14583,deezer,114659,Into The Mirror Black,Sanctuary,0.9994,0,9,9,,,,,
Album24991,deezer,326560617,No Heavy Petting (2007 Remaster),UFO,0.9968,0,14,14,,,,,
Album3586978,deezer,666101401,Harsh Realities,Death Toll 80K,0.9897,0,23,23,,,,,
Album47516,deezer,563614,All Of The Above,J-Live,0.9971,0,21,21,,,,,
Album165826,deezer,104509762,Majestic Thou in Ruin,Dusk,0.9992,0,4,4,,,,,
Album27016,deezer,334237,Lee-Way (Rudy Van Gelder Edition / 2002 Remaster),Lee Morgan,0.8545,1,4,4,,,,,
Album2549996,deezer,50488492,Лунный переворот,Гражданская Оборона,0.9957,0,15,15,,,,,
Album36406,deezer,227390482,Vietato Ai Minori Di 18 Anni ? (Remastered 2021),Jumbo,0.9942,0,8,8,,,,,
Album10057,deezer,41082371,Filth,Swans,0.9972,0,9,9,,,,,
Album8169415,deezer,39511361,Slowdive,Slowdive,0.9998,0,8,8,,,,,
sp:7GcUbgCzpB3mLzeJzZHXD5,deezer,257871,Still (Collector's Edition),Joy Division,0.9966,0,34,34,,,,,
Album555,deezer,436189,Heaven up Here,Echo and the Bunnymen,0.9938,0,11,11,,,,,
Album6995739,deezer,12345066,Värähtelijä,Oranssi Pazuzu,0.9986,0,7,7,,,,,
sp:7hmZCaBzp6mVrelxW6Ckrn,deezer,6238109,Heartbreaker,Ryan Adams,0.9959,0,15,15,,,,,
Album2902,deezer,130071132,Whoracle,In Flames,0.9959,0,12,12,,,,,
Album7092178,deezer,1007113291,Spirit Phone,Lemon Demon,0.9965,0,27,27,,,,,
sp:1Z4oBiD0q8rTwWIYrDwsys,deezer,526656332,Tales Of Mystery And Imagination (Original 1976 Version),The Alan Parsons Project,0.9473,0,11,11,,,,,
Album218109,deezer,864257,Curtains,John Frusciante,0.9958,0,11,11,,,,,
Album180539,,,,,,0,,,,,,,
Album16717,deezer,279191312,Kingdom Come,Sir Lord Baltimore,0.9941,0,10,10,,,,,
Album7774,deezer,87478,The Meters,The Meters,0.9964,0,12,12,,,,,
Album6244,deezer,326571347,Fuzzy,Grant Lee Buffalo,0.9968,0,11,11,,,,,
Album210605,deezer,1345239,Silent Alarm,Bloc Party,0.9963,0,14,14,,,,,
Album2449,deezer,5814011,Bad 25th Anniversary,Michael Jackson,0.9322,0,24,24,,,,,
Album5458,deezer,13606387,2001,Dr. Dre,0.9997,0,23,23,,,,,
Album10072,deezer,107523,Bizarro,The Wedding Present,0.9882,0,17,17,,,,,
Album47940,deezer,597747,El Circo,Maldita Vecindad,0.9601,0,11,11,,,,,
Album6228077,deezer,13702652,Get To Heaven (Deluxe Version),Everything Everything,0.9956,0,17,17,,,,,
Album5744498,deezer,8342058,Ruins,Grouper,0.9976,0,8,8,,,,,
Album10004,deezer,253408,New York Dolls,New York Dolls,0.9964,0,11,11,,,,,
Album6125494,deezer,742716621,Abyss,Chelsea Wolfe,0.9995,0,11,11,,,,,
Album216550,deezer,106462,I Am A Bird Now,Antony & The Johnsons,0.9974,0,10,10,,,,,
Album6041,deezer,620754,Hergest Ridge (Deluxe Edition),Mike Oldfield,0.9991,0,8,8,,,,,
Album2109137,deezer,663005101,Skyforger,Amorphis,0.9578,0,11,11,,,,,
Album10842,deezer,302090,Boys And Girls,Bryan Ferry,0.9953,0,9,9,,,,,
Album2169223,deezer,48428172,Stone's Reach,Be'lakor,0.9978,0,8,8,,,,,
Album76373,deezer,105638,Bubblegum,Mark Lanegan,0.9580,0,15,15,,,,,
Album271690,deezer,319205887,Doedskvad,Taake,0.9988,0,7,7,,,,,
Album2111043,deezer,1231720,Magrudergrind,Magrudergrind,0.9908,0,17,17,,,,,
Album77966,deezer,12850556,Pateando Piedras,Los Prisioneros,0.9971,0,10,10,,,,,
Album241,deezer,42900401,Transcendental Blues,Steve Earle,0.9968,0,15,15,,,,,
Album194491,deezer,278055282,Ming,David Murray,0.8822,0,5,5,,,,,
Album31894,deezer,330505,Avalancha,Héroes del Silencio,0.9975,0,12,12,,,,,
Album55863,deezer,61283032,Livin' in Hysteria,Heavens Gate,0.9976,0,10,10,,,,,
Album144383,deezer,258641152,The World Of Genius Hans,Moving Gelatin Plates,0.9878,0,12,12,,,,,
Album4651185,deezer,620241781,Internal Flight (Remastered),Estas Tonne,0.9999,0,1,1,,,,,
Album1048,deezer,6956862,Alice In Chains,Alice In Chains,0.9966,0,12,12,,,,,
Album53,deezer,2795361,The Noise Made By People,Broadcast,0.9974,0,12,12,,,,,
Album135750,deezer,702379701,The Blue Notebooks (20 Year Edition),Max Richter,0.9086,0,20,20,,,,,
Album8907612,deezer,55131472,"Musas (Un Homenaje al Folclore Latinoamericano en Manos de Los Macorinos), Vol. 2",Natalia Lafourcade,0.9506,0,13,13,,,,,
Album114063,deezer,103484,Forse Le Lucciole Non Si Amano Piu,Locanda Delle Fate,0.9971,0,8,8,,,,,
Album27320,deezer,6959214,Screams and Whispers,Anacrusis,0.9974,0,12,12,,,,,
Album159648,deezer,888988382,Deception Ignored,Deathrow,0.9977,0,8,8,,,,,
Album38091,deezer,53942002,Tangerine Dream,Kaleidoscope,0.9894,0,11,11,,,,,
Album19272,,,,,,0,,,,,,,
Album52712,deezer,66798072,Dark Recollections,Carnage,0.9954,0,18,18,,,,,
Album26720,deezer,45365121,"The Magic City (Stereo, Remastered)",Sun Ra,0.9727,0,6,6,,,,,
Album924361,deezer,13764032,Massive Conspiracy Against All Life,Leviathan,0.9990,0,7,7,,,,,
Album2405105,deezer,395797,Dark Eyes,Tomasz Stanko Quintet,0.9979,0,10,10,,,,,
sp:4fvrjRq2NJD1M2k11RLMyZ,deezer,1624863,Funeral Dress,Wussy,0.9999,0,11,11,,,,,
Album7231759,deezer,94183992,FLYGOD,Westside Gunn,0.8902,0,18,18,,,,,
Album163482,deezer,11318196,Tortured Existence,Demolition Hammer,0.9975,0,9,9,,,,,
Album50924,deezer,1219051,Ventura,Los Hermanos,0.9952,0,15,15,,,,,
Album97316,deezer,72826572,Into the Depths of Sorrow,Solitude Aeturnus,0.9982,0,8,8,,,,,
Album36368,deezer,901410682,Rosemary Lane,Bert Jansch,0.9960,0,13,13,,,,,
Album249153,deezer,862328,Pistachio Island,Ilkae,0.9913,0,45,45,,,,,
Album177264,deezer,72357622,Pamiec,SBB,0.9997,0,3,3,,,,,
Album12518917,deezer,191092262,So It Goes,Demoniac,0.9989,0,5,5,,,,,
Album26440,deezer,226442,Duke Ellington Meets Coleman Hawkins,Duke Ellington,0.9565,0,9,9,,,,,
Album11359,deezer,160641,Know What I Mean?,Cannonball Adderley,0.9388,0,10,10,,,,,
sp:7L48CUDA2sR0ytkCgQUmcM,deezer,231870,Just One Night,Eric Clapton,0.9998,0,14,14,,,,,
Album208351,deezer,311808,Matança Do Porco,Som Imaginário,0.9962,0,9,9,,,,,
Album295273,deezer,6954975,It Might As Well Be Swing,Frank Sinatra,0.9710,0,10,10,,,,,
sp:3jkcsJ7IT2qfV0LgcXrZkU,deezer,338666,Under a Pale Grey Sky (Live),Sepultura,0.9506,0,28,28,,,,,
Album60012,itunes:us,715837875,The Tokyo Blues (Rudy Van Gelder Edition) [Remastered],Horace Silver,0.9622,0,5,5,,,,,
Album198558,deezer,298758,"The Max Roach Trio, Featuring The Legendary Hasaan Ibn Ali",Max Roach,0.9215,0,7,7,,,,,
Album145468,deezer,125943,Suspended Night,Tomasz Stanko Quartet,0.9979,0,11,11,,,,,
Album2013,deezer,80396,Vulgar Display of Power,Pantera,0.9973,0,11,11,,,,,
Album8744217,deezer,52080992,Polygondwanaland,King Gizzard & The Lizard Wizard,0.9962,0,10,10,,,,,
Album3394,deezer,228401,Grace Under Pressure,Rush,0.9942,0,8,8,,,,,
Album7653,deezer,13488621,Blue Oyster Cult,Blue Öyster Cult,0.9903,0,10,10,,,,,
Album153947,deezer,50515102,Real Gone (Remastered),Tom Waits,0.9973,0,16,16,,,,,
Album8419739,deezer,43518231,Relatives In Descent,Protomartyr,0.9970,0,12,12,,,,,
Album5842,deezer,299908,Benefit,Jethro Tull,0.9966,0,14,14,,,,,
Album6605,deezer,104949,In Search Of The Lost Chord,The Moody Blues,0.9943,0,21,21,,,,,
Album480895,deezer,368827707,Maaäet,Tenhi,0.9966,0,12,12,,,,,
Album4890990,deezer,65737902,Monomania,Car Seat Headrest,0.9979,0,9,9,,,,,
Album4460392,deezer,11329452,Coal,Leprous,0.9998,0,8,8,,,,,
Album357775,deezer,301203,Coles Corner,Richard Hawley,0.9967,0,11,11,,,,,
Album48858,itunes:us,1864374595,Blush Music,Wovenhand,0.9801,0,10,10,,,,,
sp:7IEp2DUicr3uqt2BTEQfMX,deezer,91971,HAARP (Live from Wembley Stadium),Muse,0.9510,0,14,14,,,,,
Album5992,deezer,134221952,The Night,Morphine,0.9949,0,11,11,,,,,
sp:2MSgPFGGgIn5EqLezjLpt9,deezer,900633242,Talking Timbuktu,Ali Farka Touré,0.9683,0,10,9,,,,,
sp:1cqCEa8ldM7nwcEINzz8MA,deezer,6826400,Music From The Adventures Of Pete & Pete,Polaris,0.9889,0,12,12,,,,,
Album527881,deezer,7010523,The Dark Third,Pure Reason Revolution,0.9969,0,9,9,,,,,
Album28671,,,,,,0,,,,,,,
Album10658,deezer,301800,Together Alone,Crowded House,0.9991,0,13,13,,,,,
sp:6pWgCHxQp3DYbPKxduwvmC,deezer,160680,Way Out West,Sonny Rollins,0.9994,0,9,9,,,,,
Album25617,deezer,15385477,...To Be Continued,Isaac Hayes,0.9971,0,5,5,,,,,
Album68055,deezer,61172652,Soul Journey,Gillian Welch,0.9973,0,10,10,,,,,
Album193869,itunes:us,157787747,One,Neal Morse,0.9200,0,8,8,,,,,
Album1715,deezer,8623962,Screamadelica,Primal Scream,0.9982,0,11,11,,,,,
Album2540,deezer,301776,Protection,Massive Attack,0.9999,0,10,10,,,,,
Album4863,deezer,86435,Mr. Bungle,Mr. Bungle,0.9979,0,10,10,,,,,
Album667483,deezer,62476562,Sowiesoso,Cluster,0.9978,0,7,7,,,,,
Album8650,deezer,938806311,Even In The Quietest Moments... (Remastered 2026),Supertramp,0.9918,0,7,7,,,,,
Album1432472,deezer,929146021,The '59 Sound,The Gaslight Anthem,0.9994,0,12,12,,,,,
Album37681,deezer,5281611,Ensiferum,Ensiferum,0.9333,0,12,12,,,,,
Album907296,deezer,692283991,FRAMES (Deluxe Edition 2024),Oceansize,0.8985,0,11,11,,,,,
Album256299,deezer,404133997,II: Crush the Insects,Reverend Bizarre,0.9976,0,8,8,,,,,
Album134046,deezer,326654,Complete Communion,Don Cherry,0.9993,0,2,2,,,,,
Album37023,deezer,259109932,Mercator Projected,East Of Eden,0.9981,0,8,8,,,,,
Album37020,deezer,8821205,Asylum (Remastered),Cressida,0.9787,0,8,8,,,,,
Album81113,deezer,6164340,Die Healing,Saint Vitus,0.9976,0,8,8,,,,,
Album155780,deezer,93659452,Elastic Rock,Nucleus,0.9958,0,13,13,,,,,
Album16403,deezer,14398158,Garcia,Jerry Garcia,0.9995,0,8,8,,,,,
Album299846,itunes:gb,1442786120,Di Melo,Di Melo,0.9209,0,12,12,,,,,
Album7409586,deezer,85807342,elseq 4,Autechre,0.9989,0,5,5,,,,,
Album92657,deezer,956766521,An Evil Heat,Oxbow,0.9999,0,9,9,,,,,
Album2484326,deezer,6273231,Act II: The Father Of Death,The Protomen,0.9978,0,12,12,,,,,
Album12364277,deezer,191718782,program music III,Kashiwa Daisuke,0.9998,0,2,2,,,,,
sp:2OvXZbnYmDzI3xy8VOYI0w,deezer,8518539,Micah P. Hinson and the Gospel of Progress,Micah P. Hinson,0.9969,0,14,14,,,,,
Album13670377,deezer,259713202,DELTARUNE Chapter 2 (Original Game Soundtrack),Toby Fox,0.8942,0,47,47,,,,,
Album2148396,deezer,151856312,Just a Moment,Ling tosite sigure,0.9966,0,10,10,,,,,
Album72894,deezer,126616232,Indian Summer,Indian Summer,0.8911,0,5,5,,,,,
Album105261,itunes:us,1607689834,The Stylistics,The Stylistics,0.8930,0,9,9,,,,,
Album153227,deezer,10195594,Asante,McCoy Tyner,0.9939,0,7,7,,,,,
Album30835,deezer,6931523,Southbound,Doc Watson,0.9954,0,14,14,,,,,
Album167759,deezer,94349982,Subsurface (Definitive Edition),Threshold,0.9979,0,12,12,,,,,
Album27089,deezer,10517326,First Time! The Count Meets The Duke,Duke Ellington,0.9728,0,15,15,,,,,
Album68,deezer,256644,The Boy With The Arab Strap,Belle & Sebastian,0.9967,0,12,12,,,,,
Album6119,deezer,245434,Source Tags & Codes,...And You Will Know Us By The Trail Of Dead,0.9982,0,11,11,,,,,
Album1799,deezer,57965472,The Heart Of Saturday Night (Remastered),Tom Waits,0.9963,0,11,11,,,,,
Album5975,deezer,185290192,Whiskey For The Holy Ghost,Mark Lanegan,0.9962,0,13,13,,,,,
Album40447,deezer,6260820,Deep Listening,Pauline Oliveros,0.9732,0,4,4,,,,,
Album69513,deezer,14029622,Troupeau bleu,Cortex,0.9959,0,13,13,,,,,
Album36013,deezer,10965550,You Are Free,Cat Power,0.9969,0,14,14,,,,,
Album467266,deezer,278054872,The Book About My Idle Plot On A Vague Anxiety,toe,0.9965,0,11,11,,,,,
Album92545,deezer,742587061,American Nervoso,Botch,0.9994,0,14,14,,,,,
Album975214,deezer,41084071,Somewhere in the Between,Streetlight Manifesto,0.9977,0,10,10,,,,,
Album31039,deezer,8295066,Casino,Al Di Meola,0.9974,0,6,6,,,,,
Album6550,deezer,259339,Okie,J.J. Cale,0.9891,0,12,12,,,,,
Album835123,deezer,115917,The Silver Tongued Devil and I,Kris Kristofferson,0.9967,0,10,10,,,,,
Album82837,deezer,81673,Blues From The Gutter,Champion Jack Dupree,0.9964,0,10,10,,,,,
Album142691,itunes:us,118638433,Familjesprickor,Zamla Mammaz Manna,1.0000,0,8,8,,,,,
Album919786,deezer,77959272,The Mountain Queen,Alquin,0.9977,0,6,6,,,,,
sp:2tPU710CVyJiq8dCdfd0tP,deezer,9833452,Sanctitude,Katatonia,0.9974,0,17,17,,,,,
Album12756452,deezer,210814152,Jubilee,Japanese Breakfast,0.9992,0,10,10,,,,,
Album2693437,deezer,368545077,Écailles de lune,Alcest,0.9980,0,6,6,,,,,
Album5082529,deezer,215298752,"Home, Like Noplace Is There",The Hotelier,0.9993,0,9,9,,,,,
Album88,deezer,226762,Tracy Chapman,Tracy Chapman,0.9962,0,11,11,,,,,
Album22280,deezer,97431,Deicide (Reissue),Deicide,0.9965,0,10,10,,,,,
Album3562,deezer,320456997,Control,Janet Jackson,0.9951,0,9,9,,,,,
Album7534,deezer,96844652,Tales from the Twilight World (Remastered 2007),Blind Guardian,0.9973,0,12,12,,,,,
Album55668,deezer,262163102,Fatal Portrait,King Diamond,0.9974,0,10,10,,,,,
Album16033,deezer,906141592,Impossible Princess (Deluxe Edition),Kylie Minogue,0.9981,0,24,24,,,,,
Album6719,itunes:us,1443482125,Stoneage Romeos,Hoodoo Gurus,1.0000,0,14,14,,,,,
sp:1DqmjjZWSoD8786dZ0mHWV,itunes:us,1445732923,The Lion King (Original Motion Picture Soundtrack),"Elton John & Tim Rice, Hans Zimmer",0.9163,0,12,12,,,,,
Album38086,deezer,49924532,Nilsson Sings Newman,Harry Nilsson,0.8870,0,10,10,,,,,
Album2416,deezer,78978232,Fully Completely,The Tragically Hip,0.9904,0,12,12,,,,,
sp:5XgEM5g3xWEwL4Zr6UjoLo,itunes:us,1440563157,Gladiator (Soundtrack from the Motion Picture),Hans Zimmer,0.8490,0,17,17,,,,,
Album153914,itunes:gb,1443150676,Bill Fay,Bill Fay,0.9205,0,15,15,,,,,
Album21192,deezer,224379182,The Geese & The Ghost (Definitive Edition),Anthony Phillips,0.9984,0,8,8,,,,,
Album38457,deezer,390521,Rocksession,Embryo,0.9987,0,4,4,,,,,
Album12783,deezer,382561,Cabeça Dinossauro,Titãs,0.9956,0,13,13,,,,,
Album314183,deezer,3403781,Monkey Barz,Sean Price,0.9954,0,16,16,,,,,
Album21644,deezer,1003828,Tyranny,Shadow Gallery,0.9970,0,14,14,,,,,
Album15320,deezer,79818302,Angels and Daemons at Play,Motorpsycho,0.9970,0,11,11,,,,,
sp:6PO5VhbU6vmw1OG3o9anff,deezer,900632522,Rose Tattoo,Rose Tattoo,0.9989,0,10,10,,,,,
Album26764,deezer,217848,April In Paris (Expanded Edition),Count Basie And His Orchestra,0.9965,0,17,17,,,,,
sp:6qUytVWmtw4xh2tjCv39GE,deezer,6415120,Jaws (The Collector's Edition Soundtrack),John Williams,0.9133,0,20,20,,,,,
Album282248,deezer,75914082,"TWET (feat. Tomasz Szukalski, Edvard Vesala & Peter Warren)",Tomasz Stanko,0.9526,0,5,5,,,,,
Album115584,deezer,15258591,Sea Son,Secret Oyster,0.9980,0,9,9,,,,,
Album42839,deezer,108399,"Dedicado A Antonio Machado, Poeta",Joan Manuel Serrat,0.9735,0,12,12,,,,,
Album720235,deezer,314290467,The Giant Is Awakened,Horace Tapscott,0.9609,0,4,4,,,,,
Album3192211,deezer,200250522,Ancestors Call,Huun-Huur-Tu,0.9970,0,12,12,,,,,
Album56421,deezer,217849,Ben Webster Meets Oscar Peterson,Oscar Peterson,0.9554,0,7,7,,,,,
sp:4fxuoOfryOYbq6UXsb0Ani,deezer,40716,The Fog (Original Motion Picture Soundtrack),John Carpenter,0.8602,0,8,8,,,,,
Album7735717,deezer,42724001,Ctrl,SZA,0.9973,0,14,14,,,,,
Album11021740,deezer,460361485,Purple Moonlight Pages,R.A.P. Ferreira,0.9947,0,18,18,,,,,
Album6173,deezer,664137271,Hallowed Ground (Remastered 2024),Violent Femmes,0.9981,0,9,9,,,,,
Album89040,deezer,9759816,A Natural Disaster (Remastered),Anathema,0.9989,0,10,10,,,,,
Album22373,deezer,7048388,Lord Willin',Clipse,0.9996,0,15,15,,,,,
Album80752,deezer,8237788,It Still Moves,My Morning Jacket,0.9978,0,12,12,,,,,
Album6514,deezer,2923691,Black Market,Weather Report,0.9940,0,10,10,,,,,
Album1822517,deezer,330364,Senderos De Traición - Edición Especial,Héroes del Silencio,0.9972,0,25,25,,,,,
Album115116,deezer,299208,Absent Friends,The Divine Comedy,0.9969,0,11,11,,,,,
Album15849,deezer,901410562,Cruel Sister,Pentangle,0.9951,0,5,5,,,,,
Album13833,deezer,901416362,In Trance,Scorpions,0.9964,0,10,10,,,,,
Album70000,deezer,442596,Nattestid Ser Porten Vid,Taake,0.9976,0,7,7,,,,,
Album826563,deezer,6828745,Doomsday Afternoon,Phideaux,0.9981,0,10,10,,,,,
Album213520,deezer,344072987,Métamorphose,Sortilège,0.9971,0,14,14,,,,,
Album91460,deezer,88969,The Young Mods' Forgotten Story,The Impressions,0.9957,0,10,10,,,,,
sp:3ZqJGlPsvDsU1hlaeU2lr9,deezer,48610692,Anthology: Movie Themes 1974-1998,John Carpenter,0.9960,0,13,13,,,,,
Album2454042,deezer,200748672,The Underfall Yard,Big Big Train,0.9997,0,10,10,,,,,
Album40492,deezer,421917,Live At The El Mocambo,Elvis Costello & The Attractions,0.9721,0,14,14,,,,,
Album251,deezer,81912,Dookie,Green Day,0.9952,0,15,15,,,,,
Album5761,deezer,8497029,Boston,Boston,0.9930,0,8,8,,,,,
Album5675,deezer,902095382,Tres Hombres (Expanded / Remastered 2006),ZZ Top,0.9970,0,13,13,,,,,
Album39421,deezer,1609350,Loop-Finding-Jazz-Records,Jan Jelinek,0.9980,0,8,8,,,,,
sp:2O3avtEIE8xX9F0zcIjIZI,deezer,73443,We Shall Overcome: The Seeger Sessions (American Land Edition),Bruce Springsteen,0.9951,0,18,18,,,,,
Album6326,deezer,132010912,Tallulah (Remastered),The Go-Betweens,0.9970,0,10,10,,,,,
Album13463,deezer,6118306,Expression (Expanded Edition),John Coltrane,0.9941,0,5,5,,,,,
Album2136,deezer,753332,Time Further Out,The Dave Brubeck Quartet,0.9995,0,11,11,,,,,
Album175299,deezer,6958515,Master Control,Liege Lord,0.9965,0,10,10,,,,,
sp:2AqzvX37cFHXH5eW7PIlQZ,,,,,,0,,,,,,,
Album3358,deezer,6359747,Dancing In The Dragon's Jaws (Deluxe Edition),Bruce Cockburn,0.9975,0,10,10,,,,,
Album712,deezer,266688602,Live at the Witch Trials,The Fall,0.9955,0,41,41,,,,,
Album8006,deezer,327443,Floating (Remastered Album),Eloy,0.9989,0,8,8,,,,,
Album12251326,deezer,456339335,Anti-Kahraman: 90 Nesli,Farazi,0.7369,1,12,12,,,,,
sp:1tCQC9HuRvujLuSe2sgf2S,deezer,137554962,Live Cream,Cream,0.9200,0,5,5,,,,,
Album56454,deezer,47369722,Falconer,Falconer,0.9597,0,10,10,,,,,
Album7817923,deezer,577353641,SELF-iSH,Will Wood and the Tapeworms,0.9965,0,8,8,,,,,
Album53539,deezer,8967117,Burnin',John Lee Hooker,0.9907,0,11,11,,,,,
Album1539,deezer,86548,Blood Sugar Sex Magik (Deluxe Edition),Red Hot Chili Peppers,0.9971,0,19,19,,,,,
Album2130086,deezer,6508888,Actor,St. Vincent,0.9970,0,11,11,,,,,
Album254331,deezer,84946102,Arular,M.I.A.,0.9965,0,14,14,,,,,
Album227238,deezer,122108662,Jesu,Jesu,0.8900,0,10,10,,,,,
Album16096,deezer,720624051,Endless Summer,Fennesz,0.9874,0,10,10,,,,,
sp:1bpHfzPfbM3vdcVRLIJXvf,deezer,208711,Viva Emptiness,Katatonia,0.9972,0,13,13,,,,,
Album810841,deezer,11320050,Ziltoid the Omniscient,Devin Townsend,0.9971,0,11,11,,,,,
Album11423,deezer,333294,Joy Of A Toy,Kevin Ayers,0.9974,0,16,16,,,,,
Album12413,deezer,900581072,Wheels of Steel (Remastered 2009),Saxon,0.9980,0,17,17,,,,,
Album4362612,deezer,368484437,Das Tor,Paysage D'hiver,0.9993,0,4,4,,,,,
Album5467,deezer,217984,Des visages des figures,Noir Désir,0.9972,0,12,12,,,,,
Album18878,itunes:us,1478635885,Naughty Boys (2019 Bob Ludwig Remastering),Yellow Magic Orchestra,1.0000,0,10,10,,,,,
sp:3X6ZYhmu0k29UmNw2zcCrL,deezer,647133,Au-Delà Du Délire,Ange,0.9950,0,8,8,,,,,
Album20094,deezer,6352503,Quietus,Evoken,0.9990,0,7,7,,,,,
Album68543,itunes:us,303879450,Forward to Termination,Sacrifice,1.0000,0,10,10,,,,,
Album41779,deezer,13085180,Nasty Gal,Betty Davis,0.9974,0,10,10,,,,,
Album31893,itunes:us,699842852,El Espíritu del Víno (Edición Especial),Héroes del Silencio,1.0000,0,30,30,,,,,
Album148185,deezer,7093706,Is It Because I'm Black,Syl Johnson,0.9996,0,8,8,,,,,
sp:5fxYu3rqjCNTSPKN8mtEl2,deezer,1347738,"Never Mind The Bollocks, Here's The Sex Pistols",Sex Pistols,0.9966,0,12,12,,,,,
Album11152312,deezer,138943052,Heaven To A Tortured Mind,Yves Tumor,0.9949,0,12,12,,,,,
Album4586,deezer,1007459291,Innuendo,Queen,0.9942,0,12,12,,,,,
Album17243,deezer,329286767,Buy,The Contortions,0.9129,0,9,9,,,,,
Album1276,deezer,7544266,Da Capo (Deluxe Edition),Love,0.9969,0,15,15,,,,,
Album8218,deezer,641213,Irrlicht,Klaus Schulze,0.9973,0,3,3,,,,,
Album338737,deezer,185284332,Apologies to the Queen Mary,Wolf Parade,0.9970,0,12,12,,,,,
Album2774042,deezer,2425901,Oneirology,Cunninlynguists,0.9971,0,15,15,,,,,
Album4308540,deezer,70691822,eureka,Kinoko Teikoku,0.9978,0,9,9,,,,,
Album392198,deezer,6967692,"Words That Go Unspoken, Deeds That Go Undone",Akercocke,0.9977,0,10,10,,,,,
sp:0FHtUmahwAambT6S4boSP0,deezer,116597262,Rides Again,James Gang,0.9884,0,9,9,,,,,
Album15040,deezer,45833032,Resurrection,Halford,0.9973,0,12,12,,,,,
Album6758,deezer,325930,Dead Bees On A Cake,David Sylvian,0.9945,0,14,14,,,,,
sp:7c8NVsxXciWMbAMN51GKim,deezer,2892161,Labour of Lust,Nick Lowe,0.9992,0,13,13,,,,,
sp:384KUChoVOU4SsDyWkbhOH,deezer,39864201,Persian Surgery Dervishes,Terry Riley,0.9998,0,4,4,,,,,
Album68383,,,,,,0,,,,,,,
Album173495,deezer,279179292,The Awakening,Lord Finesse,0.9966,0,16,16,,,,,
Album610780,deezer,742679431,…And The Battle Begun,Rx Bandits,0.9995,0,13,13,,,,,
Album29410,deezer,936973161,Late Night Final,Richard Hawley,0.9967,0,11,11,,,,,
sp:29PSyE1ZD0XUgqm5yqC33x,itunes:us,1452590637,Orff: Carmina Burana,"Christiane Oelze, David Kübler, Simon Keenlyside, Chor der Deutschen Oper Berlin, Orchester der Deutschen Oper Berlin & Christian Thielemann",0.8504,1,25,25,,,,,
Album17606,deezer,365361,Wahoo,Eero Koivistoinen Music Society,0.9979,0,6,6,,,,,
sp:0GAqyZFjgaz6V5ozTS0dfW,deezer,321127637,Dr. Octagonecologyst,Dr. Octagon,0.8517,0,20,20,,,,,
Album315675,itunes:us,1485975913,The Underdark,Funeral Diner,1.0000,0,8,8,,,,,
sp:7Me29nlWdDxCGAAwupHfSV,deezer,8795111,Argybargy,Squeeze,0.9954,0,11,11,,,,,
Album2608372,deezer,923751,This Is Marijata,Marijata,0.9987,0,4,4,,,,,
Album5768,deezer,78167,Leftoverture (Expanded Edition),Kansas,0.9054,0,11,11,,,,,
Album8101,deezer,753035,Clear Spot,Captain Beefheart & His Magic Band,0.9739,0,12,12,,,,,
Album8383858,deezer,310843677,MAY GOD BLESS YOUR HUSTLE,Mike,0.9956,0,16,16,,,,,
sp:1N2Vu3DfuTZhdbGR0Rdy7F,deezer,1004012,Elegy,Amorphis,0.9979,0,15,15,,,,,
Album17276,deezer,301528,Dazzle Ships,Orchestral Manoeuvres In The Dark,0.6891,1,12,12,,,,,
Album30493,,,,,,0,,,,,,,
Album2418223,deezer,1110691602,After,Ihsahn,0.9974,0,8,8,,,,,
sp:1YZWEKi3WAzSk6IGnObgUO,deezer,360873897,The Ideal Crash,dEUS,0.9966,0,10,10,,,,,
Album1999,deezer,78380,Rockin' The Suburbs,Ben Folds,0.9983,0,12,12,,,,,
Album195474,deezer,11317868,The Rack,Asphyx,0.9965,0,9,9,,,,,
sp:160euwnzg8f0oSEz3on32Z,deezer,685624,A Hard Road,John Mayall & The Bluesbreakers,0.9748,0,14,14,,,,,
Album15847,deezer,905343742,Sweet Child,Pentangle,0.9292,0,33,33,,,,,
Album256727,deezer,14764815,Arcane Rain Fell,Draconian,0.9981,0,8,8,,,,,
Album249592,deezer,115401932,Naturally,Sharon Jones & The Dap-Kings,0.9998,0,10,10,,,,,
Album48201,deezer,675019,Sommerabend,Novalis,0.9989,0,3,3,,,,,
Album12605,deezer,82868,Too Far To Care,Old 97's,0.9959,0,13,13,,,,,
sp:4WhHdmbsbPJKK9Zx6aZ3fQ,deezer,13143086,Irish Coffee,Irish Coffee,0.9519,0,9,9,,,,,
Album805483,deezer,1042948832,Folksongs & Ballads,Tia Blake And Her Folk-Group,0.9609,0,11,11,,,,,
Album325216,deezer,323280,Head On (Remastered),Bobby Hutcherson,0.9961,0,7,7,,,,,
Album19908,deezer,513134,Malo,Malo,0.8900,0,6,6,,,,,
Album1600,deezer,352412657,Without You I'm Nothing,Placebo,0.9972,0,13,13,,,,,
Album382896,deezer,415988897,After Midnight,Nat King Cole,0.9355,0,12,12,,,,,
Album43264,deezer,861629812,Amplifier Worship,Boris,0.9998,0,5,5,,,,,
Album486841,deezer,14992087,Enjoy Eternal Bliss,yndi halda,0.9997,0,4,4,,,,,
Album82419,deezer,49026752,Johnny Cash with His Hot and Blue Guitar (2017 Definitive Expanded Remastered Edition),Johnny Cash,0.9960,0,16,16,,,,,
Album746,deezer,819892741,Holiday,The Magnetic Fields,0.9951,0,14,14,,,,,
Album28446,deezer,6112242,The Ballasted Orchestra,Stars of the Lid,0.9985,0,8,8,,,,,
Album3062977,deezer,10251318,The Destroyers Of All,Ulcerate,0.9979,0,7,7,,,,,
Album2414,deezer,69020122,Songs From Northern Britain,Teenage Fanclub,0.9956,0,12,12,,,,,
Album3223,deezer,7892171,Stardust,Willie Nelson,0.9961,0,10,10,,,,,
sp:60dj0AVW7k2jFHPPLN6J1X,deezer,161498732,Taking Drugs To Make Music To Take Drugs To (Remastered),Spacemen 3,0.9973,0,14,14,,,,,
Album25957,deezer,86245,Retribution,Malevolent Creation,0.9977,0,9,9,,,,,
Album147034,deezer,132238302,Dark Round the Edges,Dark,0.9317,0,6,6,,,,,
Album103010,deezer,1037898,Voice Of Chunk,The Lounge Lizards,0.9968,0,10,10,,,,,
Album393870,deezer,619586481,Sweet And Dandy,Toots & The Maytals,0.9995,0,12,12,,,,,
Album203956,deezer,306014037,Handful of Earth,Dick Gaughan,0.9967,0,10,10,,,,,
Album402556,deezer,13031658,Droga za widnokres,Marek Grechuta,0.9964,0,8,8,,,,,
Album3784,deezer,299179,Countdown To Extinction (Expanded Edition - Remastered),Megadeth,0.9994,0,15,15,,,,,
Album12925,deezer,320933417,Innercity Griots,Freestyle Fellowship,0.9910,0,18,18,,,,,
Album267734,deezer,368288797,Forlatt,Vali,0.9956,0,10,10,,,,,
Album30523,deezer,1401725,Let's Get Free,Dead Prez,0.9987,0,18,18,,,,,
sp:0FVpa0kZMT8Bhks7Sg7Jz9,itunes:us,1880972003,Charles Mingus Presents Charles Mingus (Remastered),Charles Mingus,0.8723,1,4,4,,,,,
Album11768,deezer,1548105,Under Jolly Roger,Running Wild,0.9963,0,8,8,,,,,
Album121604,deezer,8218300,Бодун,Аукцыон,0.9970,0,11,11,,,,,
Album696154,deezer,160413,Thelonious Monk,Thelonious Monk Trio,0.8844,0,10,10,,,,,
sp:5Jxf3eOoGvWDGg957iXEkj,deezer,300252,A Swingin' Affair! (Remastered / Expanded Edition),Frank Sinatra,0.9229,0,16,16,,,,,
Album353409,deezer,10758478,Dark Quarterer,Dark Quarterer,0.9994,0,6,6,,,,,
Album40284,deezer,7900933,Adventures In Paradise,Minnie Riperton,0.9961,0,10,10,,,,,
Album592215,deezer,78442532,Into the Enchanted Chamber,Timeless Miracle,0.9971,0,12,12,,,,,
sp:0aXp4vn3w3SSQ4ypDIcVrG,deezer,161752,Life On The Line,Eddie & The Hot Rods,0.9875,0,9,9,,,,,
Album66773,deezer,98170,Moon Germs,Joe Farrell,0.9987,0,4,4,,,,,
Album392807,deezer,4851561,Kattvals,Kvartetten som sprängde,0.9977,0,7,7,,,,,
Album176448,deezer,81518902,Introspection,Luiz Bonfá,0.9956,0,8,8,,,,,
Album174253,deezer,73913112,Temps mort,Booba,0.9969,0,17,17,,,,,
Album20518,itunes:us,423787693,Meet the Residents,The Residents,1.0000,0,12,12,,,,,
Album8597,deezer,915446941,The Pod (US Release),Ween,0.9136,0,23,23,,,,,
Album1698731,deezer,6039770,Traced in Air,Cynic,0.9961,0,9,9,,,,,
sp:0ui4S0TZghkf1d1Wz0oWpk,deezer,72286342,The Song Remains the Same (Remaster),Led Zeppelin,0.9989,0,15,15,,,,,
sp:5fEkyTeRzYV32RcT8c5tTn,deezer,206992352,Journey (Original Video Game Soundtrack),Austin Wintory,0.9955,0,18,18,,,,,
Album19492,deezer,226366,El Cielo,Dredg,0.9945,0,16,16,,,,,
Album19366,deezer,64835872,"Sorcerer (feat. Wayne Shorter, Herbie Hancock, Ron Carter & Tony Williams)",Miles Davis,0.9344,0,7,7,,,,,
Album147973,deezer,60606852,Plux Quba,Nuno Canavarro,0.9163,0,14,14,,,,,
Album90378,deezer,50576042,Effloresce,Oceansize,0.9979,0,12,12,,,,,
sp:7d8AXmMuJDcwSArb8UP1U1,itunes:us,1499420334,Too Many Humans/Teen Love,No Trend,0.8845,0,43,43,,,,,
Album617397,deezer,57688182,UGK (Underground Kingz),UGK,0.9492,0,29,29,,,,,
Album13912623,deezer,270218212,The Long Road North,Cult Of Luna,0.9983,0,9,9,,,,,
Album31252,deezer,298491962,Uomo Di Pezza (Remastered 2022),Le Orme,0.9994,0,7,7,,,,,
Album6654321,deezer,557428682,Sleep (Piano Edition),Max Richter,0.8900,0,3,3,,,,,
sp:5j0gG8sv3zqZhpW5e4HlvY,deezer,1018562151,Forever Blue (Remastered 2025),Chris Isaak,0.9976,0,13,13,,,,,
Album16705,deezer,226575,Emergency!,The Tony Williams Lifetime,0.9857,0,8,8,,,,,
Album226184,deezer,338460,Nashville,Josh Rouse,0.9959,0,10,10,,,,,
Album8164,deezer,320928957,Never A Dull Moment,Rod Stewart,0.9909,0,9,9,,,,,
sp:0jz530LCAylYogWMXVAVzK,deezer,819695321,Too Much Guitar,Reigning Sound,0.9969,0,14,14,,,,,
Album34579,deezer,13366625,Soul Survivor,Pete Rock,0.9925,0,17,17,,,,,
Album18581,deezer,1451403,Fruto Proibido,Rita Lee,0.9712,0,9,9,,,,,
Album41886,deezer,326565377,Parcel of Rogues (2009 Remaster),Steeleye Span,0.9965,0,11,11,,,,,
Album43686,itunes:us,1425167644,Brown and Roach Incorporated,Clifford Brown & Max Roach,0.9622,0,7,7,,,,,
Album48281,itunes:us,1452930325,Strictly From Hunger,Hunger!,1.0000,0,9,9,,,,,
sp:5RosKCtF8yOxkdbE0pytph,deezer,54303352,Big Shots,Charizma,0.9725,0,15,15,,,,,
Album7157,deezer,68685701,Bass Culture,Linton Kwesi Johnson,0.9879,0,8,8,,,,,
Album22515,deezer,321163097,Rehearsals For Retirement,Phil Ochs,0.9766,0,10,10,,,,,
Album137183,deezer,328702,Breaking Point,Freddie Hubbard,0.9941,0,7,7,,,,,
Album181610,deezer,2909071,Picaresque,The Decemberists,0.9992,0,11,11,,,,,
Album15988,deezer,895826272,Slave to the Grind,Skid Row,0.9979,0,12,12,,,,,
Album8302,deezer,87875,Learning to Crawl (Expanded & Remastered),Pretenders,0.9964,0,17,17,,,,,
Album46531,deezer,888999762,M-16,Sodom,0.9974,0,11,11,,,,,
Album925015,deezer,262483892,Streetnoise,Julie Driscoll,0.9708,0,16,16,,,,,
Album17134,deezer,43394461,Infamous Angel,Iris DeMent,0.9995,0,11,11,,,,,
Album54516,deezer,382037,Love Man,Otis Redding,0.9961,0,12,12,,,,,
sp:22j8SyiEyktiqQEQ0SBOkA,deezer,1522079,Copenhagen,Galaxie 500,0.9973,0,9,9,,,,,
Album928971,deezer,78005462,Shadows of the Sun,Ulver,0.9974,0,9,9,,,,,
Album2307,deezer,8569225,Making Movies,Dire Straits,0.9980,0,7,7,,,,,
Album8957,deezer,1530642,Only Theatre of Pain,Christian Death,0.9966,0,16,16,,,,,
sp:3mUhfkEikAJjuvSDC1NEE4,deezer,114162472,Trick,Alex G,0.9998,0,16,16,,,,,
Album2321,deezer,81919902,"Joe's Garage Acts I, II & III",Frank Zappa,0.7674,1,19,19,,,,,
Album294178,deezer,61267342,Dance Hall Style,Horace Andy,0.9984,0,6,6,,,,,
Album28606,deezer,10618350,Honky Tonk Heroes,Waylon Jennings,0.9330,0,10,10,,,,,
Album2675,deezer,11443222,Trace (Remastered),Son Volt,0.9965,0,11,11,,,,,
Album87477,deezer,6173791,Full Force Galesburg,The Mountain Goats,0.9952,0,16,16,,,,,
Album60679,itunes:us,1813299721,Moon Beams (Remastered 2025),Bill Evans Trio,0.9069,0,8,8,,,,,
Album70640,deezer,223631692,Shock Troops,Cock Sparrer,0.9945,0,13,13,,,,,
Album22558,deezer,79811942,Blissard,Motorpsycho,0.9975,0,10,10,,,,,
Album34634,deezer,217488662,Progression Through Unlearning,Snapcase,0.9967,0,11,11,,,,,
Album26183,deezer,347520827,The Satellite Years,Hopesfall,0.9966,0,10,10,,,,,
Album134370,,,,,,0,,,,,,,
Album160203,deezer,59739942,Gospel Train (Expanded Edition),Sister Rosetta Tharpe,0.9284,0,14,14,,,,,
Album99702,deezer,79882832,Barndomens Stigar,Kultivator,0.9979,0,15,15,,,,,
Album100717,deezer,121535,Lucio Dalla,Lucio Dalla,0.9648,0,9,9,,,,,
Album102982,deezer,125605802,Ode To Io Deluxe Edition (remastered),Lowrider,0.8911,0,16,16,,,,,
sp:0sdrrK12qZrGjxDLJfQMff,deezer,185289312,Microminiature Love,Michael Yonkers Band,0.9971,0,13,13,,,,,
Album13166,deezer,2374951,Like An Old Fashioned Waltz (Deluxe Edition),Sandy Denny,0.9975,0,23,23,,,,,
Album652413,,,,,,0,,,,,,,
Album62462,deezer,119944,Angel Song,Kenny Wheeler,0.9723,0,9,9,,,,,
sp:4VQvAALz2SrumsZMgvwWE5,deezer,802994081,In Concert (Live),Dead Can Dance,0.9521,0,16,16,,,,,
sp:7acrrQejzV4ybWWTM8TmPf,deezer,345278,Ritual De Lo Habitual,Jane's Addiction,0.9998,0,9,9,,,,,
Album6606561,deezer,440568047,Autumn Eternal,Panopticon,0.9983,0,8,8,,,,,
Album26690,deezer,393045,A Gift From A Flower To A Garden,Donovan,0.9945,0,22,22,,,,,
sp:5HAXYSqdNjjbvoFrXwtrBw,deezer,426924,Shaft (Deluxe Edition),Isaac Hayes,0.9951,0,16,16,,,,,
Album4406718,deezer,6965824,Teethed Glory and Injury,Altar Of Plagues,0.9979,0,9,9,,,,,
Album17292,deezer,101854942,Kaleidoscope (Remastered & Expanded),Siouxsie And The Banshees,0.9288,0,20,20,,,,,
Album72327,deezer,2795661,Haha Sound,Broadcast,0.9964,0,14,14,,,,,
Album349136,deezer,928531,Mew And The Glass Handed Kites,Mew,0.9645,0,16,16,,,,,
Album8459,deezer,60355332,Red Apple Falls,Smog,0.9991,0,9,9,,,,,
Album8159793,deezer,41275651,Exuvia,The Ruins Of Beverast,0.9994,0,6,6,,,,,
Album5886,deezer,611560,Black Love,The Afghan Whigs,0.9966,0,11,11,,,,,
Album294497,deezer,8619976,The Laws of Scourge,Sarcofago,0.9975,0,9,9,,,,,
Album58736,deezer,1209231,Back Stabbers,The O'Jays,0.9996,0,10,10,,,,,
Album14404,deezer,13994674,Heartbreaker,Free,0.9921,0,8,8,,,,,
Album12889,deezer,43862501,Left and Leaving,The Weakerthans,0.9975,0,12,12,,,,,
Album107168,itunes:us,269238578,Drive By,The Necks,0.9200,0,1,1,,,,,
Album1303363,deezer,57462452,Здорово и вечно,Гражданская Оборона,0.9971,0,8,8,,,,,
Album97439,deezer,45575451,"New York, Fall 1974",Anthony Braxton,0.9974,0,6,6,,,,,
Album653227,deezer,646477371,Erotic Cakes,Guthrie Govan,0.9975,0,11,11,,,,,
sp:1e7UTqWSWjuU8mtA3BeQPl,deezer,316735,Uncle Charlie And His Dog Teddy (Remastered),Nitty Gritty Dirt Band,0.9951,0,23,23,,,,,
Album9623,deezer,8339164,Exhumed of the Earth,Paramaecium,0.9986,0,7,7,,,,,
sp:6rZHxpyXVEH3tox9E1aHck,deezer,5820811,"You Can't Do That On Stage Anymore, Vol. 4 (Live)",Frank Zappa,0.8730,0,34,34,,,,,
Album156245,itunes:us,1655336285,Paradise Now (expanded & remastered),Peter Sjardin & Group 1850,0.8008,1,12,12,,,,,
Album4398657,deezer,212639182,m b v,my bloody valentine,0.9976,0,9,9,,,,,
Album672,deezer,72170632,Chelsea Girl,Nico,0.9986,0,10,10,,,,,
Album2021437,deezer,1526768,Monoliths And Dimensions,Sunn O))),0.9992,0,4,4,,,,,
Album11465,itunes:us,1528524799,"Emerson, Lake & Palmer","Emerson, Lake & Palmer",1.0000,0,6,6,,,,,
Album84941,deezer,6291546,Cell-Scape,Melt-Banana,0.9965,0,10,10,,,,,
Album4386242,deezer,6306535,I See Seaweed,The Drones,0.9987,0,8,8,,,,,
Album188976,deezer,173938822,Ta det lugnt,Dungen,0.9995,0,13,13,,,,,
Album44033,deezer,215021362,Songs of Pain,Daniel Johnston,0.9531,0,20,20,,,,,
Album54343,deezer,86282772,Likferd,Windir,0.9982,0,8,8,,,,,
Album7623,deezer,14775283,Beyond the Veil,Tristania,0.9970,0,10,10,,,,,
Album50314,deezer,6959865,Warning of Danger,Omen,0.9976,0,10,10,,,,,
Album58738,deezer,77156,Ship Ahoy (Expanded Edition),The O'Jays,0.9994,0,9,9,,,,,
Album34977,deezer,551570662,Caravan (Remastered 2024),Art Blakey,0.9302,0,6,6,,,,,
Album62056,deezer,366336,Soul Men,Sam & Dave,0.9971,0,11,11,,,,,
Album7207243,deezer,13123460,Puberty 2,Mitski,1.0000,0,11,11,,,,,
Album224830,deezer,12725590,Księga tajemnicza. Prolog,Kaliber 44,0.9965,0,13,13,,,,,
Album7943,deezer,81793,There's No Place Like America Today,Curtis Mayfield,0.9981,0,7,7,,,,,
Album3736,deezer,2381421,99.9 F,Suzanne Vega,0.9962,0,12,12,,,,,
Album4290553,deezer,6401461,Life Sentence,Satan,0.9994,0,10,10,,,,,
Album570,deezer,161143,Jehovahkill,Julian Cope,0.9984,0,30,30,,,,,
sp:12mc6H3V7xyUtxycPiKz88,itunes:us,458870117,"Star Wars, Episode I: The Phantom Menace (The Ultimate Edition)",John Williams & London Symphony Orchestra,0.8935,1,68,68,,,,,
sp:5ixiXGmulZG9Dscnswm0Y0,deezer,534667,Ready and Willing,Viper The Rapper,0.9044,0,15,15,,,,,
Album12923,,,,,,0,,,,,,,
Album189710,deezer,279595972,Homage To Charles Parker,George Lewis,0.9993,0,2,2,,,,,
Album40406,deezer,50923582,Quem É Quem,João Donato,0.9664,0,12,12,,,,,
Album676328,deezer,9180209,Virus,Heavenly,1.0000,0,9,9,,,,,
sp:4LSbftlYOTP6hvRrW2AooJ,deezer,90371,Mood Swings,Harem Scarem,0.9576,0,11,11,,,,,
Album261429,deezer,396590,Skeleton In Armour,Fusion Orchestra,0.9976,0,9,9,,,,,
Album563,deezer,310178,Dig Your Own Hole,The Chemical Brothers,0.9965,0,11,11,,,,,
sp:4QsYvbpqj1FC6jQGYG6pPB,deezer,170362912,A Day in the Life: The Music of The Beatles,London String Orchestra,0.6023,1,22,22,,,,,
sp:2kgmLqUim1JdglABNIc5zn,deezer,303196,Good Vibrations 40th Anniversary,The Beach Boys,0.9303,0,6,6,,,,,
sp:0vo1E52Ii1yW8aD11Rn7yk,itunes:us,1611746040,Strawberry Fields Forever / Penny Lane - Single,The Beatles,0.8307,1,2,2,,,,,
sp:0ka72x65Pev7XmsNBRxhf3,,,,,,0,,,,,,,
sp:2koh1DylbwkKhvxGMpA4HJ,deezer,230254242,you made me realise,my bloody valentine,0.9963,0,5,5,,,,,
sp:2uMaCzN7a35J3I3qceso0c,deezer,52778162,Mystery of Love (From the Original Motion Picture “Call Me by Your Name”),Sufjan Stevens,0.9640,0,1,1,,,,,
sp:4FCoFSNIFhK36holxHWCnc,deezer,113578,Jar Of Flies,Alice In Chains,0.9925,0,7,7,,,,,
sp:2HGQJZb8cMX6GlLCdNuciB,,,,,,0,,,,,,,
sp:3BpTqGx3AaQ0q4fHPgKRMd,deezer,8136240,Kindred EP,Burial,0.9986,0,3,3,,,,,
sp:2DcU3XHY41Z1InXHNkiJWe,deezer,2797331,In A Beautiful Place Out In The Country,Boards Of Canada,0.9945,0,4,4,,,,,
sp:5e5MtmjBRnh3eI5g5C0Tyv,deezer,14433210,Paradise Valley,Grouper,0.9973,0,2,2,,,,,
sp:0lq70zJB8BylaX5tgkNnOA,deezer,14881521,How to Leave Town,Car Seat Headrest,0.9979,0,9,9,,,,,
sp:03AUZkqlmxkgW6FxGGZalF,deezer,107019,Love's Easy Tears,Cocteau Twins,0.9986,0,4,4,,,,,
sp:72il2QTORUM9V5dFVR3Qau,deezer,941126,Interpol,Interpol,0.8922,0,3,3,,,,,
sp:4GKHyDVQYaMbpXpTckjX6G,deezer,7875195,Chronic Town,R.E.M.,0.9894,0,5,5,,,,,
sp:0S4GSpFXpymljBbOEtZCUX,,,,,,0,,,,,,,
sp:4jyWDa1yM9ul7zgUdR80hw,deezer,8820471,Broken,Nine Inch Nails,0.9966,0,8,8,,,,,
sp:3MylADAiyOAf5ddH6iiflo,deezer,106797,"Signals, Calls and Marches",Mission Of Burma,0.9960,0,10,10,,,,,
sp:7eB8a0ypQTeibu0w3nG1o3,deezer,67177892,Kénôse,Deathspell Omega,0.9987,0,3,3,,,,,
sp:5zK5hMBLhsPSOBkX2LzQX6,,,,,,0,,,,,,,
sp:0oCOeV4BgKgsuiLk1pbL7B,deezer,269223972,Haunting the Chapel,Slayer,0.8936,0,4,4,,,,,
sp:5yOJZgCvTpcjtN1S8ng6uq,deezer,350132827,Pulling Our Weight,The Radio Dept.,0.9953,0,5,5,,,,,
sp:4RJbAeNwDxTqz6jRY5igZl,deezer,124491702,"Watery, Domestic",Pavement,0.9956,0,4,4,,,,,
sp:19V6ebi9u4qOpxrOki3Lcz,deezer,909591412,Slates,The Fall,0.9889,0,13,13,,,,,
sp:0eCM4oIYMx8fhwTnthk7Pb,deezer,228114162,Interstate 8,Modest Mouse,0.9981,0,11,11,,,,,
sp:4Db5w1mFaolDotknFJiteD,deezer,663023331,I (Special Edition),Meshuggah,0.8300,0,4,4,,,,,
sp:7GvIlBDCCgy1xnjpQCLzkY,,,,,,0,,,,,,,
sp:5uV5cai6VPXvq9fmtvlRWn,,,,,,0,,,,,,,
sp:1ji1gXJSrKhoazmsTdvYfb,deezer,106147,The Spangle Maker,Cocteau Twins,0.9986,0,4,4,,,,,
sp:3jp2nBhfeHODGumUVPeyHK,,,,,,0,,,,,,,
sp:5AY72J4ZHzlIqOYlyJLWuG,deezer,43833461,Irony Is A Dead Scene,The Dillinger Escape Plan,0.9713,0,4,4,,,,,
sp:6Re9R3oCK21cfSGPYcD7oB,deezer,1052582,Human Waste,Suffocation,0.9958,0,8,8,,,,,
sp:0LW2FwC8ay4hXNDzaw7jWY,deezer,792002751,The Decline,NOFX,0.9997,0,1,1,,,,,
sp:79CvxovoFgGNuAMvQp9wul,deezer,106561,Come On Pilgrim,Pixies,0.9970,0,8,8,,,,,
sp:4jBYjoYLD7GOHzVQ8olPlV,deezer,165204,Nervous Breakdown,Black Flag,0.9525,0,4,4,,,,,
sp:1E0g1RP7XJem98VuCtRo8X,deezer,680024801,Sortilège,Sortilège,0.8900,0,11,11,,,,,
sp:0vRfdF2YJJ1i3vxr0C3W0F,deezer,742587091,An Anthology of Dead Ends,Botch,0.8933,0,6,6,,,,,
sp:5fMVIwR3w08f6QoaPR2h7u,deezer,901441542,ADULTS!!!... SMART!!! SHITHAMMERED!!! AND EXCITED BY NOTHING!!!!!!!,Bomb The Music Industry!,0.9995,0,7,7,,,,,
sp:4W8QeF9YMzO7nfMngq9eF7,deezer,1054117582,Deliver Us,Warlord,0.9969,0,23,23,,,,,
sp:0Y7ot7awdB33lDUJtqIS6i,,,,,,0,,,,,,,
sp:2HF8BhwNVNbaLRf2Rk2WIG,deezer,96591422,Admonishing the Bishops,Thinking Fellers Union Local 282,0.9997,0,4,4,,,,,
sp:1IcnToegRv641JAVAR8IqS,deezer,369458807,Civilisation II,Kero Kero Bonito,0.9981,0,3,3,,,,,
sp:6P2nv7OF0UngkW3OIcoMog,deezer,309717,"Earth A.D. / Die, Die My Darling",Misfits,0.8770,1,12,12,,,,,
sp:3oSLMALBuos75AqBHPdLrJ,,,,,,0,,,,,,,
sp:5jGFVnXiABfdzs3bTg5p3I,deezer,15000175,Spiral Scratch,Buzzcocks,0.9949,0,4,4,,,,,
sp:60I4lq1UDgFn1OhRmzIc4n,deezer,9567460,Shock of Daylight,The Sound,0.9948,0,6,6,,,,,
sp:3Lfxp4dgtCBJN74rmo7tiE,deezer,6216669,Translating the Name,Saosin,0.9944,0,5,5,,,,,
sp:1lWCAe18KVQero0JgWSZQX,deezer,1003987,Despise the Sun,Suffocation,0.9971,0,5,5,,,,,
sp:2AI3nzCa2kgdoiaygVrMIj,,,,,,0,,,,,,,
sp:49rR58N66xdbRiioYbKnux,deezer,87318822,"Apex, Trance-Like",Duster,0.9988,0,2,2,,,,,
sp:52OqOhJEmuAjDwvTKVfK05,deezer,93349162,The Aftermath,Dystopia,0.9961,0,13,13,,,,,
sp:42nhTxeaxPiqdi6VHBz08f,deezer,61270662,Quadrant Dub,Basic Channel,0.9998,0,2,2,,,,,
sp:1uf2QzkWBAiZu0rGktnwrn,deezer,185277122,Rough Trade Session,Weyes Blood,0.9963,0,4,4,,,,,
sp:7w6ExTkJw1ZtCOk7da5JxE,deezer,11335148,Human = Garbage,Dystopia,0.9972,0,12,12,,,,,
sp:7lcbh7fJJwfCgacUm6t3FP,deezer,431450,Fall Be Kind,Animal Collective,0.9977,0,5,5,,,,,
sp:7C58OTvaGOkDzc3yp4gsyc,deezer,61266142,Phylyps Trak,Basic Channel,0.9977,0,3,3,,,,,
sp:7Lu5TupvwrTTuleoR88Pd9,deezer,900554062,Teenage Kicks (EP),The Undertones,0.9918,0,4,4,,,,,
sp:4xtxrhVKVsRmFvK12UGT5T,deezer,1439818,Thuggin' - EP,Freddie Gibbs,0.9550,0,6,6,,,,,
sp:5G6YCclLa3K8lPuFNMbw4x,deezer,165117,Buzz or Howl Under the Influence of Heat,Minutemen,0.9736,0,9,9,,,,,
sp:2NSJ5ABdmwwoFpZWzY9wzQ,deezer,105261,Iceblink Luck,Cocteau Twins,0.9974,0,3,3,,,,,
sp:4EHd9um3QmrihW2AO343gJ,deezer,1062301,Summer's Last Sound/ Love Stepping Out,Disco Inferno,0.8444,1,2,2,,,,,
sp:1I2USdbvrmhAsEAJz0NuXD,deezer,669363311,Helloween,Helloween,0.9971,0,14,14,,,,,
sp:35nwF0CupBTm7LVpImKLaG,deezer,347545307,No Wings To Speak Of,Hopesfall,0.9980,0,4,4,,,,,
sp:0HCEO9UaIJwSVvtv5E9P4j,deezer,13258429,Young Liars,TV On The Radio,0.9975,0,5,5,,,,,
sp:1yVoIc4Hhkhi9ovIcFVLmq,deezer,8062916,Rival Dealer,Burial,0.9980,0,3,3,,,,,
sp:6ZmIx15nnYBTLvyG1LaTaA,deezer,164839342,Health and Efficiency,This Heat,0.9975,0,2,2,,,,,
sp:3Bf3z6ZeEEE3ZR3wyiqTR3,deezer,613146,All Souled Out,Pete Rock & CL Smooth,0.9896,0,6,6,,,,,
sp:12NPAGlRcT3HK0DFL1MT1N,deezer,5549571,Spires Burn / Release,Elder,1.0000,0,2,2,,,,,
sp:36nDwdvBHoJMIZn0wzYWrD,deezer,157267032,"Last Year Was Weird, Vol. 2",Tkay Maidza,0.9956,0,8,8,,,,,
sp:49lapJZmkJIgph4fhuI5gF,deezer,314834,Queensryche,Queensrÿche,0.9021,0,5,5,,,,,
sp:3T4CrFDnlVG83clXssAX10,deezer,2947661,Atta Girl,Heavenly,0.9948,0,5,5,,,,,
sp:3uXN2NZ9v0hrKQ5JsJW0Ff,,,,,,0,,,,,,,
sp:4q8idMGcUuilaleuHhaRvB,deezer,173832032,Nil Recurring,Porcupine Tree,0.9991,0,4,4,,,,,
sp:5WRdRVpptWX2cRw5r6dTVU,deezer,11322912,Restoration EP,Haken,0.9432,0,3,3,,,,,
sp:5nXqANlatc6AEUiS43kWTm,deezer,62089282,Die Tür Ist Zu,Swans,0.9987,0,7,7,,,,,
sp:2n6CcbdkksbyCQplccpUKB,deezer,820015861,Boodle Boodle Boodle,The Clean,0.9978,0,5,5,,,,,
sp:6kYt90nhYqLbrHmyzsIsdp,deezer,13265879,Slint,Slint,0.9982,0,2,2,,,,,
sp:3JUf505JsGISBx0YZ4qMFW,,,,,,0,,,,,,,
sp:2RUX2ps4xMNTyI2iAwVyf3,deezer,11020074,M3LL155X,FKA twigs,0.9966,0,5,5,,,,,
sp:41Cm2L0F3Vmzp5VcrmCxKc,deezer,6967400,Godflesh,Godflesh,0.9987,0,8,8,,,,,
sp:7rVNabMVrk4eBO5upSBDBr,deezer,86791522,Diabolus Absconditus / Mass Grave Aesthetics,Deathspell Omega,0.8454,1,2,2,,,,,
sp:2Tm8ZMDLg4DVijCkvhKxJl,deezer,725379521,A Tear in the Fabric of Life,Knocked Loose,0.9983,0,6,6,,,,,
sp:0ofaIVDxemaYYQipgWRYKp,deezer,2796991,Come To Daddy,Aphex Twin,0.9976,0,8,8,,,,,
sp:1R0By8YtMv7XTYOc7tKAWu,deezer,372712687,Everyone Asked About You,Everyone Asked About You,0.9201,0,4,4,,,,,
sp:25tczUJCFdB5GBfqqahoOq,deezer,44642891,I Can Tell You About Pain (Single),Converge,0.9496,0,2,2,,,,,
sp:5gD4BU64TwXSUldt6tD9H9,deezer,192056282,This Mortal Coil,Redemption,0.7074,1,17,17,,,,,
sp:6Le1FSqseZp41WAub4Ct4v,deezer,900871162,Raised By Wolves,Voxtrot,0.9968,0,5,5,,,,,
sp:0ffmwwS9EBmpLAgjblX75O,deezer,120712382,RINA,Rina Sawayama,0.8995,0,8,8,,,,,
sp:0TCO2EcOh5ZyKqOHSKDSTm,deezer,110235782,Aura,Bölzer,0.9989,0,3,3,,,,,
sp:2L7shqDUofo6LWE67efjAl,deezer,15339071,Intermission,The Residents,0.9973,0,5,5,,,,,
sp:3IZFEX574UDojq8Z0cTf6q,deezer,228052452,Night on the Sun,Modest Mouse,0.9999,0,6,6,,,,,
sp:1SLVua74uCqY1cIO4NxD4S,deezer,45026051,The Nerves,The Nerves,0.9086,0,2,2,,,,,
sp:5EFc749NRBcIlecddebQXB,deezer,11288934,The White EP,Agalloch,0.9973,0,7,7,,,,,
sp:4VzhDOgXQ0WxNtXdP4nD7v,deezer,67172782,Drought,Deathspell Omega,0.9963,0,6,6,,,,,
sp:0a2pznUCA1JGmSJo1LAosc,deezer,9509686,Using Sickness as a Hero,Human Remains,0.9954,0,12,12,,,,,
sp:5UDAJbDljEo9F1G6JU80EB,itunes:us,1222223526,Mutiny / The Bad Seed,The Birthday Party,1.0000,0,10,10,,,,,
sp:7Fi8lXzsEN0kFs7hmppyCR,deezer,673529481,The Disco Before the Breakdown,Against Me!,0.9971,0,3,3,,,,,
sp:3BPXGhfbQxXm0mPltGJpO3,deezer,404111667,Harbinger of Metal,Reverend Bizarre,0.9992,0,7,7,,,,,
sp:3FabCzGQgFLqkCqzceB5ii,deezer,437975907,Hi Scores,Boards Of Canada,0.9450,0,6,6,,,,,
sp:31nThm3LyQVvrndqxhvjWl,deezer,2796741,Garbage,Autechre,0.9996,0,4,4,,,,,
sp:1a8lndLvlxQsRyiLdKPtze,deezer,284811402,Mix & Match,LOONA,0.9015,0,5,5,,,,,
sp:3Aqf5QCXxPkfvgUt5krKbC,deezer,819530751,Celebrate the New Dark Age,Polvo,0.9970,0,7,7,,,,,
sp:18LrM1Ag5HCyRIIzj7H7mK,deezer,1665217,Metal Circus (EP),Hüsker Dü,1.0000,0,7,7,,,,,
sp:6uFSBE7OH1GzlMzbfp2MbN,deezer,177687102,Silver,Jesu,0.9989,0,4,4,,,,,
sp:0PEMxmj2m6pLKoqYR0WtzW,deezer,15339051,Duck Stab,The Residents,0.9949,0,14,14,,,,,
sp:0Upl3YeSZcM8vmqJfV9Wql,itunes:gb,286118837,Vempire Or Dark Faerytales In Phallustein,Cradle of Filth,0.9944,0,6,6,,,,,
sp:6tHkUh6i37v9f2dpeI5vlL,deezer,278020652,New Sentimentality - EP,toe,0.9985,0,4,4,,,,,
sp:2Y6LzDPlugAIahEsJflVfJ,deezer,106186,Tiny Dynamine,Cocteau Twins,0.9963,0,4,4,,,,,
sp:1Lj1hDF4hcyKGUiw0k7iC3,deezer,877847572,Beaster (Remastered 2012),Sugar,0.9969,0,6,6,,,,,
sp:3ujWbyBHwZjiA9K9Ti9M0A,deezer,13791601,Emperor,Emperor,0.8908,0,9,9,,,,,
sp:0ZGnDoF1tmUYBDdzG1gKIq,deezer,171165572,Griselda Ghost,Big Ghost Ltd.,0.7534,1,9,9,,,,,
sp:1GC93XfkXlBFNJ9MaLRmjH,,,,,,0,,,,,,,
sp:5CGe3OmWPA1SPkgykPn9rK,deezer,14250058,Offcell,Pinback,0.8926,0,5,5,,,,,
sp:7c4Bp3iG7HtgDVqWYDMLhZ,deezer,388138167,Plague of Butterflies,Swallow The Sun,0.9986,0,5,5,,,,,
sp:41x44rV5KQYRIFUmFJwmW5,,,,,,0,,,,,,,
sp:1DnaxL3inEUJLHphEuNGN2,itunes:us,544038489,Hope - EP,Palace Songs,1.0000,0,6,6,,,,,
sp:6Gkr2rfEaP8tWbxZdt7HOv,deezer,106187,Safari,The Breeders,0.9951,0,4,4,,,,,
sp:2qgL0xRuWEv0zX865Hykte,deezer,91557332,Mdłości,Mgła,0.9995,0,2,2,,,,,
sp:11BkAgpde3thbHAF91hurl,deezer,6968740,Merciless,Godflesh,0.9997,0,6,6,,,,,
sp:1pdhpVSMHNqqOUJ5ESk7r6,deezer,320935027,Animals Should Not Try To Act Like People: Promo de Fromage,Primus,0.9182,0,5,5,,,,,
sp:6HQXJs1JW7h8nDUZSfBER6,deezer,61437282,Black Light District,The Gathering,0.9980,0,3,3,,,,,
sp:318b6Is2MnqkuL079NnPko,deezer,185284172,Superfuzz Bigmuff (Deluxe Edition),Mudhoney,0.9969,0,32,32,,,,,
sp:4uc7axZwgp3TZ8dVLTZrgs,,,,,,0,,,,,,,
sp:0C70nQsr5BRv8Ih8GWgePr,deezer,88628762,A Call to Arms,Bandits of the Acoustic Revolution,0.9957,0,5,5,,,,,
sp:1UTUaGgazW903gGukLzLe5,deezer,8045444,Street Halo,Burial,0.9982,0,3,3,,,,,
sp:5P6xLnIcOiu2jZtkwwq324,deezer,11323840,Voices In My Head,Riverside,0.9975,0,8,8,,,,,
sp:672R806xxpbATLi7TQauyP,deezer,6317023,Señor and the Queen - EP,The Gaslight Anthem,0.9970,0,4,4,,,,,
sp:71l7qijDCtngANjrxmkNwd,deezer,12731674,Pleiades' Dust,Gorguts,0.9996,0,1,1,,,,,
sp:0w3NDo617KZktU7gtIdxTR,deezer,310447657,Out of Step,Minor Threat,0.9946,0,9,9,,,,,
sp:0mf2hphtGvSxnOit7Uy2aB,deezer,48267472,Harmony of Difference,Kamasi Washington,0.9974,0,6,6,,,,,
sp:4AXVGhEaYC6I4S0KSZPSdk,deezer,723470481,The Tain,The Decemberists,0.9200,0,5,5,,,,,
sp:2X1G1CjQbDTYVPHzmacsry,deezer,203657482,Coloring Book,Glassjaw,0.9976,0,6,6,,,,,
sp:3CB74Cm0oYsV3hyv0EjREv,deezer,7786237,T.S.O.L. / Weathered Statues,T.S.O.L.,0.7397,1,9,9,,,,,
sp:26wR9tU6FSzJcLNSCz83XM,deezer,1053771842,Burn The Altar,Blasphemy,0.7813,1,1,1,,,,,
sp:3ZJmTuWDjMVIFrTs3yxzGv,deezer,12615878,Incinerator,Dreamcrusher,0.9987,0,5,5,,,,,
sp:0bwlrhBRjtqdy4eTlfg2UD,,,,,,0,,,,,,,
sp:0r0yqkHaDfqWi9PlhHACDb,deezer,2797311,Extended Play Two,Broadcast,0.9967,0,5,5,,,,,
sp:7MP330SJOQhGwI5CcyyCn3,deezer,256281962,Ethere,Skepticism,0.9984,0,3,3,,,,,
sp:6JF49ixyHmOgS0Rsda2k42,deezer,7392680,Cilvia Demo,Isaiah Rashad,0.9966,0,14,14,,,,,
sp:261QvR3MgGdyL2HyYIlgfd,deezer,12391914,Vroom Vroom EP,Charli xcx,0.9416,0,4,4,,,,,
sp:43lTJdWh1mIO5mnQzJhCrY,,,,,,0,,,,,,,
sp:40aLMQTxbukx6EckyfWkSM,,,,,,0,,,,,,,
sp:10R27xbMQrHEXyvsUXBgTw,,,,,,0,,,,,,,
sp:68C1frRjf0XeSIVR88Tvg7,deezer,182853102,Dahinter Das Gesicht,Schwefelgelb,0.9970,0,4,4,,,,,
sp:3ayMAU7t3Dba50X6b9YKrY,deezer,91557222,Further Down the Nest,Mgła,0.9999,0,2,2,,,,,
sp:2rf4I3JAnmvTqtkZVKcxkv,deezer,257726742,Aes,Skepticism,0.9997,0,1,1,,,,,
sp:3HXi8v64hk46CDqgOELMLP,deezer,126864542,Cherry Tree,The National,0.9966,0,7,7,,,,,
sp:0kjHB0lIsPYeJrrvoG6ES8,deezer,231070692,Heart Ache (Remaster Deluxe),Jesu,0.8300,1,4,4,,,,,
sp:3WG7osXmDwUsMt3QGNoYll,deezer,418293807,Winks & Kisses: Melted,Airiel,0.9976,0,4,4,,,,,
sp:41UH0BgBejGCPoWhmN6LZL,deezer,66789702,Optimo,Liquid Liquid,0.9965,0,4,4,,,,,
sp:1QUy0Jie6ZN3wNNiBa9tJl,deezer,370611,EP+6,Mogwai,0.7685,1,10,10,,,,,
sp:6pgMP7FTBnWxDnOwvqrdqm,deezer,1423777,Why?,Discharge,0.9946,0,22,22,,,,,
sp:5zfrnDksYBABjCBCrX1q50,deezer,287080382,Ashen Eidolon,Gallowbraid,0.9989,0,5,5,,,,,
sp:0vdqAhwqzVSErTcdiuI2vv,deezer,202771792,The Dungeons Are Calling,Savatage,0.9965,0,6,6,,,,,
sp:2GIvWaWK9zhvRHffreWoxk,deezer,7291455,The Lake,Antony & The Johnsons,0.9991,0,3,3,,,,,
sp:1s532qHq6opxTrMH3ycyVK,deezer,105652,Mad Love,Lush,0.9965,0,4,4,,,,,
sp:76vnzL1stIIYGE4EzK57iT,deezer,1052669,Messiah,Godflesh,0.9983,0,8,8,,,,,
sp:1zyviLwr9LNHsAcD70t3XF,deezer,435357777,Butthole Surfers + PCPpep,Butthole Surfers,0.9148,0,18,18,,,,,
sp:6SBbHIm02NB3YcandHIi8B,deezer,118976442,Peel Session,Boards Of Canada,0.9976,0,4,4,,,,,
sp:6jJKeu4hPomUuMOM6iGVzQ,deezer,14585548,Chulahoma,The Black Keys,0.9962,0,8,8,,,,,
sp:5neL5Vyjoi0qJxoIkRoht2,deezer,59825532,Kicking A Couple Around,Smog,0.9989,0,4,4,,,,,
sp:2g2ubJNEQusioi927rzACi,deezer,282449842,forgetmenot,Five Pebbles,0.9993,0,5,5,,,,,
sp:7sl2KHvTAxTeIsPrafXoO5,deezer,106873742,We Stay Together,Andy Stott,0.9986,0,6,6,,,,,
sp:56scO5M9TpZ9ateCi0nmDf,deezer,406258677,Negative Approach,NEGATIV ONE,0.7850,1,2,2,,,,,
sp:2VvTBQLXmRWTuZFiOAbfZd,deezer,873055662,The Theme,Loop 7,0.9980,0,4,4,,,,,
sp:7HOTAkNpLiNtBg70E8BhV1,deezer,40875831,Sentence Of Death,Destruction,0.9963,0,6,6,,,,,
sp:4Lcmos3Uhgo2jyvZYQRKzA,deezer,275950322,Subterranean,In Flames,0.9973,0,7,7,,,,,
sp:5qCkA62utmPQEVNKVBGeDz,deezer,118508382,Memories in My Head,Riverside,0.9986,0,3,3,,,,,
sp:5lCQtNmeRx4cI4UDwdv6Rn,deezer,7290786,Sometimes The Blues Is Just A Passing Bird,The Tallest Man on Earth,0.9896,0,5,4,,,,,
sp:3TKKuhUegDNFu6FRPmVyLW,deezer,40761681,Instant 0 In The Universe,Stereolab,0.9967,0,5,5,,,,,
sp:6ikjhrv6OIZjfsUvo3ydQG,deezer,369487407,"Icons, Abstract Thee",Of Montreal,0.9967,0,5,5,,,,,
sp:1eBuGQjFPI35kjY3juPV0l,deezer,49699782,Pig,mouthbreather,0.9869,0,7,7,,,,,
sp:2jrrWeSrojSEt8Lmw2a1wx,deezer,209998532,Streams of Thought Vol. 2,Black Thought,0.9701,0,9,9,,,,,
sp:6a5f8Ox6TV6wLjUfbIMauo,deezer,317970917,Daylight,Aesop Rock,0.9997,0,7,7,,,,,
sp:2rKCNeoWItxLPg8EmGeCdn,deezer,106887,Today Is The Day,Yo La Tengo,0.9972,0,6,6,,,,,
sp:5gI7xQZ3E4O2s3OTY3ldgN,deezer,320882587,Body Talk Pt. 3,Robyn,0.9981,0,5,5,,,,,
sp:1NnGKhRqXDCAQamxjjzlRG,deezer,900982,Read & Burn 01,Wire,0.9984,0,6,6,,,,,
sp:3xzxWAf2E3Pp1wNMFFUDb0,deezer,9732252,The Animation of Entomology,Blotted Science,0.9982,0,7,7,,,,,
sp:3f4mU3VfnMffOZJ9D05Xi0,deezer,119795402,Remove Your Skin Please,Chat Pile,0.9964,0,4,4,,,,,
sp:6YMhMyOnucElTwYRFH279P,deezer,185285062,The Distant Future,Flight of the Conchords,0.9973,0,6,6,,,,,
sp:0Phig05U6rGFZEZzGroour,deezer,321834,A Diamond For Disease,Arsis,0.9999,0,3,3,,,,,
sp:7nThwEV875rviPzMvWcWkC,,,,,,0,,,,,,,
sp:2iG2ZQHeJeNtnSUjeU5RvY,deezer,424200697,Heir,Suis La Lune,0.9967,0,4,4,,,,,
sp:1wsZWHGBWj89l20dIuiiIi,deezer,664105251,Gardens of Grief,At the Gates,0.9990,0,4,4,,,,,
sp:68BukGIvlqRYiUiozZsdgo,deezer,8958519,Books,Belle & Sebastian,0.9970,0,4,4,,,,,
sp:4F3gOs3FDgTOUUHjA4xnLj,,,,,,0,,,,,,,
sp:67PK2JzYrlc48K2A89RkO3,deezer,136633012,Endless Detainment,Serpent Column,0.9943,0,9,9,,,,,
sp:2XkaOF85agqQM5B57L1EDJ,deezer,159615022,Those Who Caress the Pale,Ved Buens Ende,0.9996,0,9,9,,,,,
sp:1iCBFVMvmf9kwHSZIGDKty,deezer,819861381,The Orbiting Human Circus,The Music Tapes,0.9982,0,4,4,,,,,
sp:1OXMhwIwZ1TfHt9A9P8KTa,itunes:us,316411060,Black Winter Day - EP,Amorphis,0.9049,0,4,4,,,,,
sp:0beYW3oI7CfCv3uYVMjp6V,deezer,6958410,The Parallax: Hypersleep Dialogues,Between The Buried And Me,0.9996,0,3,3,,,,,
sp:5Vw8ZMoNrK2HDyIuA4MJrK,deezer,262728972,pt.2345678andstill,Asian Glow,0.9993,0,1,1,,,,,
sp:1rlbW7GyYihxIOoM41QwnG,deezer,352260537,pushing daisies,julie,0.9924,0,6,6,,,,,
sp:0Tw4IEPDfOj7cLefk75Qft,deezer,302830,45:33,LCD Soundsystem,0.9994,0,4,4,,,,,
sp:5qzulzfu4wC4MMccjQFgtK,deezer,43333711,13,Denzel Curry,0.9950,0,5,5,,,,,
sp:3lpcZOAsYJzvPepNSbzMSb,deezer,172252702,ALIAS,Shygirl,0.9994,0,7,7,,,,,
sp:6wt9UTlj4kyhYyyLlWDDSi,deezer,15050155,IS IS,Yeah Yeah Yeahs,0.9977,0,5,5,,,,,
sp:0LDCQOBp7NFjkD1LbuusCG,deezer,2795401,Twoism,Boards Of Canada,0.9978,0,8,8,,,,,
sp:1KaTIdAepIJDxbSEEL3M2z,deezer,2797181,EP7,Autechre,0.9977,0,11,11,,,,,
sp:27mYcqBm2VpBorjYaXKshh,deezer,2796981,Big Loada,Squarepusher,0.9959,0,7,7,,,,,
sp:1WwqFHxZI5l4E54m0e7f0F,deezer,56276442,Lon Gisland,Beirut,0.9947,0,5,5,,,,,
sp:6CvjbqbUiGCpAYnrvDKtAj,deezer,217484092,Firestorm,Earth Crisis,0.9816,0,3,2,,,,,
sp:3NQBPabmRm3LzVcmtkTLfo,deezer,210379072,Feel Special,TWICE,0.9958,0,7,7,,,,,
sp:3Mv0s0P5Oe21zuSCHS6kmG,itunes:us,716227694,Lost Ground - EP,Defeater,1.0000,0,6,6,,,,,
sp:5RTcg3hyd7ON4vBfYIx0Nl,deezer,1052647,Under the Running Board - Reissue & Bonus,The Dillinger Escape Plan,0.9957,0,13,13,,,,,
sp:7LmjJC5DuAFZGhYo6bq0FQ,deezer,310447917,Furniture,Fugazi,0.9962,0,3,3,,,,,
sp:5SKnXCvB4fcGSZu32o3LRY,deezer,261245152,Faces,Mac Miller,0.9962,0,25,25,,,,,
sp:2HIwUmdxEl7SeWa1ndH5wC,deezer,52934662,Pop 2,Charli xcx,0.9958,0,10,10,,,,,
sp:7zCODUHkfuRxsUjtuzNqbd,deezer,215604342,House Of Balloons (Original),The Weeknd,0.9521,0,9,9,,,,,
sp:6R8ir7mqaqV3vrtv5pmvID,deezer,420513137,Art Brut 2,PRO8L3M,0.7648,1,16,16,,,,,
sp:7zdC29g2TE4gwR9iAOjL42,deezer,456076745,"Sos, Ciuchy I Borciuchy",Kaz Bałagane,0.9706,0,1,1,,,,,
Album5964757,deezer,939415121,700 DAGREEZ,Black Kray,0.9947,0,20,20,,,,,
sp:3ZA85zeudxFA1NGeb6avXS,deezer,717183261,Pra Quem Já Mordeu um Cachorro por Comida Até Que Eu Cheguei Longe,Emicida,0.9956,0,25,25,,,,,
sp:4fmoTjTyfvg19kORQMqhhy,deezer,498499321,Almighty So,Chief Keef,0.9513,0,15,15,,,,,
sp:18Scpsg5OV1iYNtSaCsjwz,deezer,373693007,Telefone,Noname,0.9976,0,10,10,,,,,
sp:2eOq3NFUjyhOdyzQOQvnaI,deezer,855411912,Crack Therapy,RXKNephew,0.7463,1,7,7,,,,,
Album6308297,,,,,,0,,,,,,,
sp:04DOnsOFx8MrXA1JpjwZLH,deezer,679569861,Elmatic,Elzhi,0.9698,0,12,12,,,,,
sp:67sUOjUevVJGgfCj1N2e4N,,,,,,0,,,,,,,
sp:5ra51AaWF3iVebyhlZ1aqq,deezer,65371772,1999,Joey Bada$$,0.9962,0,15,15,,,,,
sp:0cT1SQDE7wSh1eUJkGFXse,deezer,83049012,Icedancer,Bladee,0.9947,0,19,19,,,,,
sp:53eRw37Sne9d5kCGwu0Yk0,deezer,880373362,Back from the Dead 2,Chief Keef,0.9968,0,20,20,,,,,
sp:69GCBR2npYfD14Q6VX2G1E,deezer,877847822,Chicken Talk,Gucci Mane,0.9965,0,25,25,,,,,
sp:7lviWqvc7xuOVQf9MEvp1p,,,,,,0,,,,,,,
sp:4UvAp7hXHRhCzRnpp7CLf2,deezer,7801288,IntoXXXicated,Spaceghostpurrp,0.9969,0,14,14,,,,,
sp:04hy4jb1GDD00otiwzsFUB,deezer,280120652,Echoes Of Silence (Original),The Weeknd,0.9521,0,9,9,,,,,
sp:4B2lDHlvLNu7Yp5HRCQOVd,deezer,1017711491,The Narcissist II,Dean Blunt,0.9964,0,9,9,,,,,
sp:09JQ7disLcWal2JEUEz9rB,deezer,335743147,FLASH DESIRE,Yabujin,0.9938,0,8,8,,,,,
sp:67kKwHR4P5SDUOxXclaq55,deezer,1069583041,05 Fuck 'em,Lil B,0.9966,0,72,72,,,,,
sp:45PaEwQodQtfw2nElzigDl,deezer,71549132,Watch My Back,LUCKI,0.9937,0,18,18,,,,,
sp:2BZtObSyOb12VN5z4BBm5m,deezer,224297952,mini mix vol. 2,Magdalena Bay,0.9905,0,7,7,,,,,
sp:3Mr4nF9lB48VGIMbAdAsVz,deezer,304586947,Gluee,Bladee,0.9988,0,9,9,,,,,
sp:1yKOjBznVpmU9GD8qBSude,deezer,222458502,Adromicfms 4,Yung Beef,0.9958,0,17,17,,,,,
sp:75tV8lB2MBi2srhYWYfFJl,deezer,309400017,tears of joy,Mike,0.9948,0,20,20,,,,,
sp:33rXKpkB2YbJBxIzIXHn62,deezer,851873002,Coke Wave,French Montana,0.9289,0,18,18,,,,,
sp:6y1IgQ6egBrEtxD1n9CLzk,deezer,384686147,KushPak 2,Metro Zu,0.9981,0,14,14,,,,,
sp:3eckskczN8yxSmOa5Y89n4,deezer,1078878852,6 Kiss,Lil B,0.9964,0,22,22,,,,,
sp:0BsMZIueWsJLWng8A7sE8e,deezer,10071110,Barter 6,Young Thug,0.9966,0,13,13,,,,,
sp:2Vx9FC6Um8i6kEtY7HNswB,deezer,458874495,Hi This Is Flume (Mixtape),Flume,0.9939,0,17,17,,,,,
sp:02Ul5rixacEwGhvkJpJDrJ,deezer,830626211,Pizza and Codeine,Chris Travis,0.9978,0,17,17,,,,,
sp:3BF0m3llpGGYFpjK7BlrSL,itunes:us,1436132067,Balance 005 (Mixed by James Holden) [Mixed Version],James Holden,0.9538,0,30,30,,,,,
sp:3OQshkQDiLAMxFKCfw7H6o,,,,,,0,,,,,,,
sp:0rPRrEkaPmKc9lXY9mkKkd,deezer,1048613912,Mrk90 MIX VOL 1,Machine Girl,0.9995,0,2,2,,,,,
sp:6f2DZKdpDMpENF1n0dFnIF,,,,,,0,,,,,,,
sp:71qVRPrxzK6Nbv75d3bkHY,deezer,260006732,Where Dancefloors Stand Still,DJ Sprinkles,0.9980,0,14,14,,,,,
sp:6leWdHYCaLZNmnNcd6JHj4,,,,,,0,,,,,,,
sp:48W8LCOd5fFNmEIgWfOFdb,deezer,100218562,No Hats No Hoods Edition 1,DJ Magic,0.9950,0,29,29,,,,,
sp:1lq3Kqo4e1oiVE1LwZV7M0,,,,,,0,,,,,,,
sp:6vJ5kjSmxUvdxBhQS2Cigl,deezer,133436862,The Kiwi Sound (DJ Mix),Conducta,0.9891,0,38,35,,,,,
sp:5eLNgH4QJRaUiL7Iz2rIS4,,,,,,0,,,,,,,
sp:2rT82YYlV9UoxBYLIezkRq,,,,,,0,,,,,,,
Album2593,deezer,1398703,"Live 1966 ""The Royal Albert Hall Concert"" The Bootleg Series Vol. 4",Bob Dylan,0.8265,0,15,15,,,,,
Album1311,deezer,2908271,Either/Or,Elliott Smith,0.9989,0,12,12,,,,,
Album6853748,deezer,415407217,Blackstar,David Bowie,0.9985,0,7,7,,,,,
Album4700253,itunes:us,680077190,"The Complete Sunshine Daydream Concert: Veneta, OR 8/27/72 (Live)",Grateful Dead,0.7690,1,21,21,,,,,
Album51085,deezer,13849618,Velocity: Design: Comfort.,Sweet Trip,0.9975,0,12,12,,,,,
Album11618,deezer,99040,Unleashed In The East,Judas Priest,0.9497,0,13,13,,,,,
sp:4Hbe1M0BDbgMwbw6Tw2fmD,deezer,97539,Bruce Springsteen & The E Street Band Live 1975-85,Bruce Springsteen,0.9587,0,40,40,,,,,
