rym_id,source,ref
Album15948236,spotify,ab67616d0000b2735a2ff617de4e51a9a214b56a
Album175,spotify,ab67616d0000b2739a2c40b6a1af4a92aac991c5
Album124755,spotify,ab67616d0000b27360db3600daf9b53691ead600
Album636623,deezer,bb32ea478d6929b7c2b65f3646e54c6c
Album7522584,spotify,ab67616d0000b2734aea9bda43e44a0e07f7c0b6
Album244938,spotify,ab67616d0000b27330f7a8628bd1b67c0ee5c817
Album124756,spotify,ab67616d0000b273073260eb702d6a460588cc3c
Album71407,spotify,ab67616d0000b273cfacf4141520fdf2aefd8c1c
Album2402,spotify,ab67616d0000b2734a2a86e7c278ae6c70bbc744
Album2406,spotify,ab67616d0000b273db0caaa2b01471d6068053a8
Album177898,spotify,ab67616d0000b27360e30a4114474352c89d7787
Album11692,spotify,ab67616d0000b2731b477a89a10fa567b1e0fd6e
Album1285,spotify,ab67616d0000b273a7bc928b46a64878a803fe6c
Album15165166,spotify,ab67616d0000b27361b7b7e6fd3cf161dc45c88b
Album16028192,spotify,ab67616d0000b273641957fde2769ff2a6026f45
Album14741829,spotify,ab67616d0000b273079bc2bd9ea16956274efc24
Album16003394,spotify,ab67616d0000b2735d59daf2d1c0baa6bd7c60ac
Album15111389,spotify,ab67616d0000b2738a93d8d55bf9c162dd696568
Album2696633,deezer,7e142a6f877ccdbad9e73255cba1a7c3
Album12724504,spotify,ab67616d0000b2736de37e432e720323f4e31edc
Album2337,spotify,ab67616d0000b2732ca212f8f1480d8c291169da
Album3577,spotify,ab67616d0000b273f4201fb1469762761c6f16ee
Album12198042,spotify,ab67616d0000b2735cd7ac3f101a6b5c251cf7d1
Album338244,spotify,ab67616d0000b27308913d965116496e27dd291d
Album2027,spotify,ab67616d0000b2736f2f499c1df1f210c9b34b32
Album15202416,spotify,ab67616d0000b273a09592781e9c0413d2fdd808
Album15723703,spotify,ab67616d0000b273f88b43d15fd14e9525338b59
Album694802,spotify,ab67616d0000b2739c5133c6d6eb4a95034ed78a
Album4818053,spotify,ab67616d0000b273d79390609d8815d0400fec97
Album16150076,spotify,ab67616d0000b2734738aa171569052376f162fe
Album7660,spotify,ab67616d0000b27336ecc104d9cf43bc75ef6d3d
Album789451,spotify,ab67616d0000b273d515acc4155689a86646bd6d
Album1836182,spotify,ab67616d0000b2731ecb7c78bb380218f77b0eda
Album51446,spotify,ab67616d0000b273e4c3295cd6464ed5bc0f6c2c
Album577763,spotify,ab67616d0000b27309a4c3bcb55ba0163cccf380
Album6767613,spotify,ab67616d0000b27344ae29b7d531186cfc7c5113
Album16425432,spotify,ab67616d0000b2731e08ca407b4d7275e7da6320
Album29683,spotify,ab67616d0000b273d15ae86b027b8b69764f55b6
Album3429,spotify,ab67616d0000b273870242be73ff3269f9b86689
Album1049,spotify,ab67616d0000b273f2b6bebda774909d71e0f796
Album14926349,spotify,ab67616d0000b2730106e80c9055f8de4aa9322b
Album14077,spotify,ab67616d0000b2733ee0cb43203040fe0cad47ef
Album21480,spotify,ab67616d0000b273d83d6d3f731d5316301b0128
Album919,spotify,ab67616d0000b273129e5d8b6526f5562af4cf96
Album7299,spotify,ab67616d0000b273629edfa71810af835f33f431
Album17669,spotify,ab67616d0000b273f934d342dbc570343c0f9213
Album12166155,spotify,ab67616d0000b2737d79b9c2cacc84b20de67f80
Album4536297,spotify,ab67616d0000b2738e91b894b2f7484db54b462e
Album14507668,spotify,ab67616d0000b273c52698aafe4f8d780fbd4ae5
Album422140,spotify,ab67616d0000b27358537651b0a6cae159f9c15a
Album15407225,spotify,ab67616d0000b27332a8498ea892ccd4fcf3f6cf
Album1088845,spotify,ab67616d0000b273154a63e8cf1a55a1da53705a
Album10989283,spotify,ab67616d0000b27362ee8d315dabd024eedf1a82
Album9441326,spotify,ab67616d0000b273b1859c8dc1ba74d4787b0429
Album11643355,apple,Music123/v4/79/3d/46/793d4679-4403-4272-02ea-0fd251633b77/195081767970.jpg
Album13394,youtube,zdPCt5ZEf40
Album603338,spotify,ab67616d0000b273b071f86f2b752f9cf2532a98
Album52915,spotify,ab67616d0000b2737cf7be893131178035b2a3cb
Album1157813,bandcamp,2980782782
Album115996,spotify,ab67616d0000b273b5ac0738b808070a0786b001
Album4014,spotify,ab67616d0000b273946cb01ce19e132b950409e3
Album1579350,spotify,ab67616d0000b273a95fd5df3fecee78f771111c
Album11502841,spotify,ab67616d0000b273685b70d40ae9fffdcc242a0a
Album127432,spotify,ab67616d0000b273b006c8c2be37c63d9549aa00
Album70181,spotify,ab67616d0000b2736ac1c4e2f3dd2ad6edc8e080
Album100544,youtube,mnjH-ZYe59c
Album1726,spotify,ab67616d0000b2735a9b9e265814a9c9636a71a4
Album137491,spotify,ab67616d0000b273c113c6b3f93ba4fbda780ab8
Album16172,spotify,ab67616d0000b273d551937b04fa2071777fcca7
Album8291404,spotify,ab67616d0000b27316ca2d0f6ee621ae1628400d
Album16456940,spotify,ab67616d0000b273621cc0005f96f364756205ef
Album754878,spotify,ab67616d0000b273a25e613c0f6cae3f8e94bb15
Album14687591,spotify,ab67616d0000b273f30764d5fa1e439ad6a7742f
Album347129,spotify,ab67616d0000b273c1843a827f650e35cbe79231
Album186775,spotify,ab67616d0000b273157864f1206c64988eb61f1c
Album16542709,spotify,ab67616d0000b27345e82ae0372a50834825c018
Album7702,spotify,ab67616d0000b2735775b53d2047451ebaee0d82
Album125548,spotify,ab67616d0000b273baa83398c8be9f4929c2a72e
Album8082182,spotify,ab67616d0000b273e47a0fbd8d91c1f090f43e73
Album367583,spotify,ab67616d0000b2736d19cd65786d99c537146129
Album13489981,spotify,ab67616d0000b273ca147e0b4e7823a9d2416562
Album7904061,spotify,ab67616d0000b2731d9c6602aa95abd8c5b146da
Album6380121,spotify,ab67616d0000b2739aaa999f62cd7309e30fdad4
Album3026355,spotify,ab67616d0000b27380af49c39442855b6c2e412c
Album112025,spotify,ab67616d0000b2731c49494775a55dabfd4fd4b8
Album309905,deezer,fc79f5adb6b5c52c7105fd83fba664a1
Album149601,spotify,ab67616d0000b273a0c27d9c755fa648707c839b
Album36322,spotify,ab67616d0000b27375d33be343931e6e4bfe2a7a
Album16289802,spotify,ab67616d0000b27354ea0eefe3e605132df9d28b
Album136545,spotify,ab67616d0000b273c3deb4ba912e7b0a7c160f74
Album2424365,spotify,ab67616d0000b2739a8040a37a5296d45ba94fd5
Album16630190,spotify,ab67616d0000b273458a127bf569885b1ae87a86
Album15434234,spotify,ab67616d0000b273b94926fc75b415ab03da25e2
Album2403,spotify,ab67616d0000b273026754d7481c0ea80d88c7a5
Album2404,spotify,ab67616d0000b273adc7646ec2dc90fc12477818
Album19502,spotify,ab67616d0000b273029662b1719314afb4ad6f4f
Album4599,spotify,ab67616d0000b27312cf02516dc5de81b4815b24
Album2696889,spotify,ab67616d0000b2733174a9f789d91a20d3ef14aa
Album314584,spotify,ab67616d0000b273e6514babfefbd21ac0bfc892
Album20016,spotify,ab67616d0000b273d3de6400423876a076f7a807
Album16118670,bandcamp,1497405205
Album4040456,youtube,6aGEx7fo_WU
Album242370,spotify,ab67616d0000b273753a25c2cf1be4e0ac045a00
Album22375,spotify,ab67616d0000b273e0844f49c6e3befd9b1d4ce4
Album5348525,spotify,ab67616d0000b273bb633963c7fb32c6dec0793a
Album8826370,spotify,ab67616d0000b2737d2e88b15efaf457d8e358e8
Album2012327,spotify,ab67616d0000b2735f2ca3e8b93fd5bc304480f5
Album412597,spotify,ab67616d0000b273cd01db53e79ee3b3b0a03f50
Album16442251,spotify,ab67616d0000b2736e2563012d66edb8f5ba4086
Album1646605,spotify,ab67616d0000b27358ebd661a51fcf2968db3ea1
Album265101,spotify,ab67616d0000b27322070c61a7616392f04f070f
Album124758,spotify,ab67616d0000b2739184b385637435eb39aa7d83
Album1170795,spotify,ab67616d0000b273b272e55a046e153084ad6d6b
Album353561,spotify,ab67616d0000b273c86b9a204b6a1e73e6fd44a3
Album15923812,spotify,ab67616d0000b273d94b41abd2f8e401ec71ca0d
Album654448,spotify,ab67616d0000b2731a3dec45e69c052743f4f07a
Album127034,spotify,ab67616d0000b2738141a9eb883099dc76967054
Album14460484,spotify,ab67616d0000b2731e35c2b6c0309b56c5c6eb93
Album606105,spotify,ab67616d0000b273648478cb25e3e302454e40e1
Album2896889,spotify,ab67616d0000b2739e74a476f1e5ad65918341cc
Album1016529,spotify,ab67616d0000b2739ff16c4c65ed9cca18999c50
Album16524012,spotify,ab67616d0000b2733b9b742c5c525af6e6767d87
Album66125,spotify,ab67616d0000b273356bda86223e58f2eacaccdc
Album634014,spotify,ab67616d0000b2739f8ac0f160a5141a077b41c1
Album1826886,youtube,F2SBwRtgXnw
Album13266299,spotify,ab67616d0000b27332041ca42a1106566ea918a0
Album48164,spotify,ab67616d0000b273181ce15368b91d1bee47fc90
Album16178173,youtube,ZAZNObHtGB8
Album113,spotify,ab67616d0000b2736462162d227ec2be2ebee12d
Album61016,bandcamp,1547905927
Album3260109,spotify,ab67616d0000b273f1972145094112a1268035f1
Album339814,spotify,ab67616d0000b273866872ba52cf201fc33995cc
Album11866817,spotify,ab67616d0000b2735b924aa009b61b6b9d831eec
Album15169907,spotify,ab67616d0000b2731ebdf7713ee7478b1dfcb07b
Album16020015,bandcamp,2589762612
Album16102,spotify,ab67616d0000b2732a647dc327292dc96e82c72e
Album15205209,spotify,ab67616d0000b27327d7f624645c825dd17e016d
Album150362,spotify,ab67616d0000b2735a68cf0685794474ea4c560b
Album18354,spotify,ab67616d0000b273748fbcd74817563c01be4d61
Album16172690,spotify,ab67616d0000b273f15be849ea38dbd0e602f818
Album4409218,youtube,Sp5Zxhxocz0
Album146228,spotify,ab67616d0000b2731aba24545f76ef924b355a23
Album3821075,spotify,ab67616d0000b2735b8db6f163b85fee7153b225
Album3235893,spotify,ab67616d0000b273db8504f569e554a2453e3136
Album141652,spotify,ab67616d0000b2737c7a6b15606755d61585b600
Album703081,spotify,ab67616d0000b273129bacfd2d390d2913278d17
Album6670282,deezer,4bede827dfe9d2a36a987b7910cace78
Album1670913,spotify,ab67616d0000b2733b1be0e6e46c4bd8b12ee5a6
Album1414337,spotify,ab67616d0000b273870242be73ff3269f9b86689
Album7851168,spotify,ab67616d0000b273ddd8ef243695e6301501138b
Album15712476,bandcamp,1091823768
Album387375,spotify,ab67616d0000b2734a8c66809d9bb7b8e1806099
Album5566739,apple,Music114/v4/fe/fc/c2/fefcc2ef-2b9d-a550-34d4-f2386c588bd3/00602547120045.rgb.jpg
Album441851,spotify,ab67616d0000b273bafc5176931f80d24c772fc2
Album715995,spotify,ab67616d0000b273f854dac1cb2009c301417ffb
Album548277,spotify,ab67616d0000b273ea17116dfd939d95608809c2
Album1537157,spotify,ab67616d0000b2731abf1e407c881c4925f64515
Album4871,spotify,ab67616d0000b2739569f3e5cca8dce07cc7e5a7
Album13359645,spotify,ab67616d0000b273fc5546b7e4bb8264a6ad68f7
Album2376654,spotify,ab67616d0000b273595ca38ce9e1de4a34898ce5
Album11016053,spotify,ab67616d0000b273d9d8f1a08476cd347fbea313
Album485639,spotify,ab67616d0000b273799fd70a642bdf0045ec59ee
Album16724753,spotify,ab67616d0000b27337976e1faf12f054461d45d2
Album7793,spotify,ab67616d0000b273147e35fd67f22f92cb587c3b
Album190161,apple,Music/y2005/m03/d21/h19/s05.wecjgeph.jpg
Album13872637,spotify,ab67616d0000b273b057407e6b030b5dc72f4861
Album213638,spotify,ab67616d0000b2734267b0f3be2658f65a1ee3ea
Album59253,spotify,ab67616d0000b273110ae6e26247a5a5ab118821
Album15102169,spotify,ab67616d0000b273405c00feb49630ab6634e265
Album2309,spotify,ab67616d0000b2739992c5d2c010ccb3f6fa6bb6
Album842268,spotify,ab67616d0000b2734a7a2e0cab8f2db75a1c3f55
Album1835632,spotify,ab67616d0000b273cfd93d36fe2365f9436587d1
Album755873,spotify,ab67616d0000b273a8fd1d331c811e557db74d27
Album498562,spotify,ab67616d0000b273191194db5ce20f0dc7d2ae27
Album10133,spotify,ab67616d0000b27385b05f4bb3c88cf252f96b68
Album8587,deezer,cc82ff7dc7522acd1962ac2814bb1080
Album757915,spotify,ab67616d0000b2737092ad216750c325b3cc57c9
Album449067,spotify,ab67616d0000b2732f291b2403982d38779c2297
Album15866317,spotify,ab67616d0000b273b6ae5f45980db9dc390b12ba
Album63013,spotify,ab67616d0000b273bb871d53ca109af047d7b69b
Album48930,spotify,ab67616d0000b273b7d8bbede63969344c1cd2f4
Album3675,spotify,ab67616d0000b27305ff143dce1c8152b9e972a2
Album1231218,spotify,ab67616d0000b2739491005f180acdd7fb68078a
Album2639014,spotify,ab67616d0000b2734e94f94c1f01fa4dd2d2accd
Album16047812,spotify,ab67616d0000b2738613a922e2b503736fb2f91f
Album7998671,spotify,ab67616d0000b273c8329930b500b5603a4482a2
Album22920,youtube,riCyyVPkGeI
Album168462,spotify,ab67616d0000b2737b9a8844b7866aa9492961da
Album16543606,spotify,ab67616d0000b273e9bb10e381fbd4f78ce2a511
Album16329793,spotify,ab67616d0000b273a35f4d1997eae45a4c229658
Album46031,spotify,ab67616d0000b2734fd0c84a79418987c8a16d50
Album11060,spotify,ab67616d0000b273092a9f0f2f9bf08cdf0cdf17
Album1808986,spotify,ab67616d0000b273490a94c7488e732433ba79cb
Album2551474,spotify,ab67616d0000b2737155c514552e645fbb0fdd87
Album994456,spotify,ab67616d0000b2734d54959bfdbecf39c2c307cf
Album10589795,spotify,ab67616d0000b273c9e17bcaab248f7b0ca74b80
Album120052,spotify,ab67616d0000b2730ee0454c406dc143722b669e
Album8514,spotify,ab67616d0000b273a82fcf5c5fe95c10fd5a458b
Album13019053,apple,Music125/v4/c3/7a/9b/c37a9b02-a972-b387-71a4-712b1bed3712/Art_Porter_Robinson_Secret_Sky_2021.jpg
Album15925464,spotify,ab67616d0000b2732387b7c81624f7699509d9c6
Album1168334,spotify,ab67616d0000b27331484130dc74e5105fb60ba9
Album6968965,spotify,ab67616d0000b2734e5cbaf00bd5a650c9fab0f2
Album15195971,spotify,ab67616d0000b273441e6e776be5e5a4b6c2b9de
Album94519,spotify,ab67616d0000b273720b3e82fadb2036fdd58fe0
Album6567094,spotify,ab67616d0000b27304dfe852e9ebb932eb987f87
Album2158656,youtube,BHgTVDHCpqo
Album15209429,spotify,ab67616d0000b2733bab57c9d080f0beb67cfd21
Album10854021,youtube,RxcRiPApBZQ
Album4899,spotify,ab67616d0000b273f2237ba7c0eb6326738ad6ad
Album49398,spotify,ab67616d0000b273d63170d867eef0284e797afb
Album2402532,spotify,ab67616d0000b2733c1545dedbcf3f988e46fb23
Album304949,spotify,ab67616d0000b273791a9f3119d2077a32b371eb
Album4079953,spotify,ab67616d0000b2735d499539783a547df8ca22ea
Album44254,spotify,ab67616d0000b273e035b274358ccac49ccd4c87
Album15637374,spotify,ab67616d0000b2738a1b1ebee6e2d8464734ace6
Album11059,spotify,ab67616d0000b273425d6882cbb8165986ca7c40
Album17135,spotify,ab67616d0000b2732bf57f865f7e88140d69a047
Album13732156,spotify,ab67616d0000b2733336596eb783587b63e176c5
Album9448189,spotify,ab67616d0000b273e3c36e8c3acc73b05ae140a0
Album6623881,youtube,Pu7bNgu0kuo
Album84874,spotify,ab67616d0000b27312ebc3ec10f72974ab2116e1
Album304090,youtube,6liH8huRpyo
Album21450,spotify,ab67616d0000b273b9cccd9497d99a869dcbb8af
Album39765,spotify,ab67616d0000b273774a4d3dd9d4fca18fa2180b
Album32934,spotify,ab67616d0000b2732caddd7cb137fad05649dcd0
Album10508189,spotify,ab67616d0000b2731efe4586c5afd859b3ec91e4
Album24933,spotify,ab67616d0000b273f2c8f96d7eaf881fe5aa2c79
Album654474,spotify,ab67616d0000b2730512d2d60d39eb83e2f9d98e
Album14897637,spotify,ab67616d0000b2731d8c83507eb0f22b534a8b80
Album2976,apple,Music116/v4/a6/79/5b/a6795be6-1e14-b630-897c-8d21f8bbf0ee/781484016229.png
Album3738650,spotify,ab67616d0000b273a7eff816675cebb05c563f1f
Album9676,spotify,ab67616d0000b2736e042c39906a7c7d49b67b91
Album16912325,spotify,ab67616d0000b273d002ca51da3488ccf6c109a8
Album964271,spotify,ab67616d0000b2735015ae782258977ea551406a
Album33961,spotify,ab67616d0000b273022540766ea42d7cff7d2f6e
Album84,spotify,ab67616d0000b2731c293ef2b2cd788a34f6864b
Album267374,spotify,ab67616d0000b27375137eb07c0a9f41d6825bed
Album14818479,spotify,ab67616d0000b273bf59f58c14f6a2bb60cc0bf0
Album2696870,spotify,ab67616d0000b273c718e0f746b0f671fd92421e
Album229389,spotify,ab67616d0000b273b3882c17909eeb44848e6898
Album469119,spotify,ab67616d0000b273dbbb8edffdc73d7603421267
Album3778606,spotify,ab67616d0000b2732ab76b631f1677eb7f46d03c
Album10480242,spotify,ab67616d0000b273b74f766214d58b11d076c447
Album16871968,spotify,ab67616d0000b273cae80123f42720aed9c7f38d
Album5388535,apple,Music/68/44/f2/mzi.ypxrpnnx.jpg
Album293540,apple,Music114/v4/e5/fb/5c/e5fb5caa-7d6a-7132-00e1-b2ef79bcceb0/jacket_MHCL00342B00Z_550.jpg
Album675891,spotify,ab67616d0000b273da673657374e88d973dad080
Album40262,spotify,ab67616d0000b273b6d58500c3876863ce5883cd
Album495926,spotify,ab67616d0000b273d13a3c561ad8613e2ca05cc1
Album6512996,spotify,ab67616d0000b27308ed853319ffe2d5bd73cb8a
Album22520,spotify,ab67616d0000b273f791ce2523df31e00a2ee6a7
Album46615,spotify,ab67616d0000b273bb90c6337a7cfc2d20ac2dde
Album27092,spotify,ab67616d0000b273b15cd666879f16cc0fbc8ccb
Album347185,spotify,ab67616d0000b273cda22268842aac8e1c316fc8
Album186869,spotify,ab67616d0000b27392441ecd34874c2bc4f19144
Album600359,bandcamp,0397823756
Album3746299,spotify,ab67616d0000b273aa4b9597399ef187074ee07b
Album127431,spotify,ab67616d0000b273c0a100e78e8e67f181510eb1
Album46729,spotify,ab67616d0000b2731ae4471e5371738aa4ca37a2
Album3657820,spotify,ab67616d0000b2736642c45e82deef0e2b20e12b
Album793441,spotify,ab67616d0000b2734e03c358a3a2e9f74df4bf4f
Album2116622,spotify,ab67616d0000b2730aaad3dbc13b9084208fd837
Album1523586,spotify,ab67616d0000b273d3cbd168bce48ab668daa32b
Album1205408,spotify,ab67616d0000b2731849ae38e29624393c390fb4
Album5806415,deezer,7f671d55393d98ba763cbcb8b7779fb5
Album1121015,spotify,ab67616d0000b2734387e2de947925df73be2721
Album3361456,spotify,ab67616d0000b273311b20696927da6d34f22290
Album16365022,spotify,ab67616d0000b273d4982c9de464beb7561e5087
Album59252,spotify,ab67616d0000b2736cad3239a79ec88cfb0addbf
Album14867309,spotify,ab67616d0000b273f41b785443328d6016ede4e9
Album41030,spotify,ab67616d0000b27343bfec39ca9773a626102604
Album3434,spotify,ab67616d0000b2738d502a98220bfbd97c4c7e05
Album474629,spotify,ab67616d0000b273f5b4fd19e19a9a4f716a62c4
Album150241,deezer,23bda74c6dfc6697340f56936f237858
Album202168,spotify,ab67616d0000b2736260bfe55d50a26ff7bb7ce6
Album25561,spotify,ab67616d0000b2739c7b208c7c3ecdb325613d34
Album10355484,spotify,ab67616d0000b27359a6022f671f929b9979011d
Album11837529,spotify,ab67616d0000b273ef5f97e5aaf2c659e82dcf4d
Album70803,spotify,ab67616d0000b273ec54d02a29206c4e49c20a5c
Album17221145,spotify,ab67616d0000b2730d39d0ce65eba29149001fcb
Album4227,apple,Music124/v4/8c/1b/d7/8c1bd7ee-c1be-81b1-8c74-2680fbf97724/coil-horserotovator.jpg
Album209193,spotify,ab67616d0000b27337450069ea7b605e80dfd031
Album17159436,spotify,ab67616d0000b2739816a8a78822e098f7f4458e
Album286654,youtube,xuR2T2DvcAQ
Album2028,spotify,ab67616d0000b27390a50cfe99a4c19ff3cbfbdb
Album133421,spotify,ab67616d0000b2731118de0699bca2f737ae7d9e
Album37026,spotify,ab67616d0000b273ca222146c7ec2a261b57f76e
Album33890,spotify,ab67616d0000b27387adb89ef0a0c68c40830fe9
Album62931,spotify,ab67616d0000b27353b9aa8cf85567bb9975693d
Album3118,spotify,ab67616d0000b27387ef6dae7545173089c68f34
Album6567114,spotify,ab67616d0000b273a8e58a3ce0bd439ee63b13d9
Album186380,spotify,ab67616d0000b2732a75100337b3cf4939a5ff7a
Album4361977,spotify,ab67616d0000b273970bb9c4260552d5f7f63796
Album5183235,spotify,ab67616d0000b27317b4d28b5676ee48adfa8927
Album15692744,spotify,ab67616d0000b2733a65f69d1a1070b8d2dd4986
Album7576907,youtube,jMzsleLasJs
Album250509,spotify,ab67616d0000b27308f1ec9b5709bdaef59bfa11
Album819684,spotify,ab67616d0000b273597d554f9d3481b828b7c0b1
Album3838,spotify,ab67616d0000b273904132f7c043a98ce18969c8
Album116865,spotify,ab67616d0000b27335c685153acb988cfe970363
Album16602981,youtube,Y5MFV9XGZ-c
Album44097,spotify,ab67616d0000b273cd7f63efc8523d42d029d0cd
Album603392,spotify,ab67616d0000b27363341ad42f27412210477036
Album15886505,spotify,ab67616d0000b2734612fcd9ec0a09ca4bc6e552
Album16817749,spotify,ab67616d0000b27323d9b0a27713d3d640fae8e9
Album17036614,spotify,ab67616d0000b273c0588d9dcd8bd9e7a7845844
Album159385,spotify,ab67616d0000b273b8ca4003c6774ffad9ee23e6
Album574860,spotify,ab67616d0000b27360cb00c3a3c5cfd33632547f
Album16629324,spotify,ab67616d0000b2738a96f65d56a9d132f7dd5b3d
Album9134,spotify,ab67616d0000b27343693c2f01ae89613c880ed5
Album16370676,spotify,ab67616d0000b273b27d77e8b12da664217ddb12
Album3337961,spotify,ab67616d0000b273a6921f58ac98b07d5e4f1fe6
Album883454,spotify,ab67616d0000b273229f4d7328cca75fc3b5a0da
Album755720,spotify,ab67616d0000b273da4aecd17db14b6dd2228668
Album22917,spotify,ab67616d0000b27348573395d0f7ec49e56f8ec4
Album26731,spotify,ab67616d0000b2736573ee7bce0aaaa23a15b2cf
Album896694,spotify,ab67616d0000b27356b3ff83114b96c62e6dcb3e
Album62840,spotify,ab67616d0000b273d268ed273ecb218724d32c45
Album1454842,spotify,ab67616d0000b27340ccae13ef158d030119d58c
Album3652951,spotify,ab67616d0000b27395fe44654ef63acdae05d9da
Album690617,spotify,ab67616d0000b273e0c3fc1c4f41a43460422e6e
Album69490,spotify,ab67616d0000b273f847f9dc252497cc6a1e7def
Album283240,youtube,9tk6WjfdLpw
Album3659722,apple,Music127/v4/ef/4f/51/ef4f5110-b586-5e9d-8cd9-9f9a8207ab76/859711583117_cover.jpg
Album3804964,spotify,ab67616d0000b27361548810238af22ce0d062c2
Album24926,spotify,ab67616d0000b2739474d5ffa823ff85659f15fc
Album6823118,spotify,ab67616d0000b27382ae0f628e5a39196ac9083b
Album523132,spotify,ab67616d0000b2737773d7cfac6eeace10fb35f1
Album5799536,spotify,ab67616d0000b2732e0d002640b3fddb89e1f08a
Album32162,spotify,ab67616d0000b273539276534243bc082f7b1a6a
Album135814,spotify,ab67616d0000b2737aa1f09e4a009253aeb5c51c
Album7465699,spotify,ab67616d0000b27382448b157380d980b97c820f
Album1878463,spotify,ab67616d0000b273dcdca01cd53f4343434d69e7
Album2295472,spotify,ab67616d0000b273f767115ab7581fa0bdbe74e3
Album443570,spotify,ab67616d0000b2730b613cee5f7c6eeda18f8920
Album16025088,spotify,ab67616d0000b27387636c7ca99a61479b8281ed
Album25526,spotify,ab67616d0000b273ffc6c70d3312ea98a628ca41
Album1339931,spotify,ab67616d0000b273e9d2d55bdcff6410c7f99855
Album1973568,spotify,ab67616d0000b27374dc575574f0e67d58e3b4c4
Album9987568,spotify,ab67616d0000b273dcb364df5080fead36fe203f
Album44211,spotify,ab67616d0000b27331dd31627bec7f1d0b5e6d9d
Album178559,spotify,ab67616d0000b27398b46c73a73ddb9b4d17864b
Album15010958,spotify,ab67616d0000b2737b1c98dd6fb6635a0ff13dbe
Album28325,spotify,ab67616d0000b2730928e0f691284e1094148bb9
Album175271,spotify,ab67616d0000b27394fa0d21487e2f0de783c223
Album138355,spotify,ab67616d0000b273eae5591c6f1412cf6f715077
Album17027,spotify,ab67616d0000b2735bba82fc0d047f6f23177767
Album26572,spotify,ab67616d0000b273fde0231d7635d16fbc9afd20
Album2095,spotify,ab67616d0000b2737ecc2e8407864d9d83c11710
Album7172,spotify,ab67616d0000b2730153ab9024b8545d6acdc999
Album5946,spotify,ab67616d0000b273f84a3a90bfe5592d94b8b847
Album10887758,spotify,ab67616d0000b273aca0cc1823b1f0c81f8e9a28
Album114393,bandcamp,2392394308
Album1877309,spotify,ab67616d0000b273ff54271b323b15b30e694fb5
Album3513308,spotify,ab67616d0000b273b2a5d83b1458380e20592ead
Album9447720,spotify,ab67616d0000b2733041581d8dc408915d909e32
Album3898051,apple,Music/v4/d1/b7/2c/d1b72c74-07bf-c4ac-fc04-e0212bf01997/859711583216_cover.tif
Album30788,spotify,ab67616d0000b273d99026c4f578dfd817e4d7e5
Album4319730,youtube,PCiIfetfF0Q
Album23278,apple,Music/y2005/m03/d24/h15/s05.dnelsuus.jpg
Album171679,spotify,ab67616d0000b273910ec5c7a78b6e1aea97e6c2
Album10758,youtube,7LLiZ_0-mLo
Album8576,deezer,3fe1b924a3d19125bd0ef91d1ca85419
Album15259293,spotify,ab67616d0000b2738d4306c0878768bf296a39ed
Album7013393,bandcamp,2184325097
Album2772306,spotify,ab67616d0000b2737940c8b060d7b9f6ececbd15
Album206241,spotify,ab67616d0000b2736901d0a51bac2358eaec876d
Album15611486,spotify,ab67616d0000b273237dfa642ef87381ad27e1a3
Album2575052,spotify,ab67616d0000b273ab7a590727c0554863d389b9
Album512367,spotify,ab67616d0000b273b8bd2554ec4bac029b434a32
Album446225,spotify,ab67616d0000b2735733b0e9ec5f61d2cc82b663
Album4540289,spotify,ab67616d0000b2732e2264c4ed7427918aac0142
Album12493,spotify,ab67616d0000b273c730b7d4b760fcda58914a36
Album40909,spotify,ab67616d0000b273cf376cd64500ff03a9ed5ef4
Album4055986,youtube,UgJbPYDVgwM
Album9349,spotify,ab67616d0000b27322874c7fad7dee046bd69594
Album148623,spotify,ab67616d0000b273ea5cea785aab2932281b90a5
Album15237,youtube,MIuA8rHI5GY
Album3872926,spotify,ab67616d0000b273486983be2d3af3d6d09d20d4
Album404125,spotify,ab67616d0000b273b752bbaa0dd7578b736f7cc1
Album140503,deezer,724187f1495c934a3a90bae832d6360d
Album8860693,youtube,6s0_soasAtA
Album707108,spotify,ab67616d0000b2734b06e276c651612aa26a00f4
Album7718466,spotify,ab67616d0000b2733c7c0f54dfc5ffb213bc7417
Album2770135,bandcamp,2196792601
Album27672,spotify,ab67616d0000b2739e0452cccce7ed15721b3372
Album26508,deezer,5c574eb3851021916cc1149b120daa07
Album612092,spotify,ab67616d0000b27397b177a0db8dfb17361181c0
Album37097,spotify,ab67616d0000b2738803b2faa193b98a43f69b95
Album102596,spotify,ab67616d0000b2732b4d071f7824b2c60c3b85cd
Album842610,spotify,ab67616d0000b2736fabca5e76b5b4e1c313ba5d
Album222954,spotify,ab67616d0000b273fed35c66d6db08729be79ca0
Album16111,youtube,CO1VKARclM4
Album142530,spotify,ab67616d0000b2731b0e4f75874313f1ea8ab3aa
Album2365936,youtube,XBRwElXhG-0
Album14197,youtube,Q9Mc83zlIq0
Album502801,spotify,ab67616d0000b2737f4a48176d5c61b10a3b8022
Album4650,spotify,ab67616d0000b273e35d9970abc78d838af816ab
Album91650,spotify,ab67616d0000b2736ff10222b78957e691147c05
Album15292363,spotify,ab67616d0000b2736da8a502c72c0b982b7be2a1
Album12898861,spotify,ab67616d0000b273e6ce0925bcc2ea5d37a8710c
Album14897292,spotify,ab67616d0000b273ad6359a4ef56eefa9be4b5f3
Album65123,spotify,ab67616d0000b2731cc7db9e1b32c41dc01a3de5
Album8094846,spotify,ab67616d0000b273fa4754e5f798974a73217bbf
Album16970,spotify,ab67616d0000b2730309638493b2ef99224e89ca
Album8777741,spotify,ab67616d0000b273a6478f2b87bf818f198e8397
Album3755386,spotify,ab67616d0000b27358e3758ac920e27131ba52fd
Album338796,spotify,ab67616d0000b2734fa66cecb8e48eff1bdb9e9e
Album3946017,youtube,k8fbIms8_lc
Album8998702,spotify,ab67616d0000b2731e50f5b92bba4875bb776756
Album640614,youtube,yeQxp3kxXj8
Album15527119,spotify,ab67616d0000b273167e429b8c9284a10b90cb9d
Album238278,spotify,ab67616d0000b273a4ef333e3954b18afdc663bf
Album6363797,spotify,ab67616d0000b2739e1cfc756886ac782e363d79
Album889845,spotify,ab67616d0000b273897152e1432952372921316d
Album28117,spotify,ab67616d0000b27382edfc4e9dbf035a8cc4e332
Album944687,spotify,ab67616d0000b27359ca219e3b1e6d7e124ff262
Album45144,spotify,ab67616d0000b27325ea53a0f4f4d1eef823b5b8
Album3209850,spotify,ab67616d0000b2738c58aaacede67246372419d5
Album2815055,spotify,ab67616d0000b2733daf812fc0fd2559c03c7c2a
Album616211,spotify,ab67616d0000b273a6d869b5b13b2d4b38981ed9
Album2494429,spotify,ab67616d0000b273237a35b80ee8d6b6d60d51df
Album9395895,spotify,ab67616d0000b273175c577a61aa13d4fb4b6534
Album34295,spotify,ab67616d0000b27328dbbf676398e175979b6762
Album957597,spotify,ab67616d0000b273d54307758552166849b9e148
Album3400108,spotify,ab67616d0000b2732aabc8dac77ccbbd92bd3ce7
Album874757,spotify,ab67616d0000b2730e7875d601edad2ab80d71d0
Album79008,spotify,ab67616d0000b273a75083efd97ece91f6c18065
Album2570762,spotify,ab67616d0000b273bbc2ac628f52cd6127e20bfa
Album9129504,spotify,ab67616d0000b27304ccf6ba267da21c9dc7b888
Album249619,spotify,ab67616d0000b27302a4649aef0fcd11081bbf85
Album518645,spotify,ab67616d0000b273c1672d6b649ac5b19e37505b
Album183812,spotify,ab67616d0000b2736bb6e91876ff73b5c88dca80
Album16364669,spotify,ab67616d0000b273cf7374f9fe8a3b05c9a143b4
Album12146,spotify,ab67616d0000b273ff355b4d9857fc4b5826453a
Album21983,spotify,ab67616d0000b273ca4e67dac3a9c76e6be8d2ab
Album1957,spotify,ab67616d0000b27315710a309906d5d632384127
Album3118512,youtube,BZWlCI5mdnM
Album481668,spotify,ab67616d0000b273e1ed7e7bcc2970e072709337
Album88508,spotify,ab67616d0000b273fd220b07117400ccbc85ed96
Album13553,spotify,ab67616d0000b273f02a45f1704ca221a2d85bfd
Album16581140,spotify,ab67616d0000b2735bf8b362e97fdbfbb8ea4685
Album92735,spotify,ab67616d0000b27356ac122a5fe7639279f77fbb
Album91941,spotify,ab67616d0000b27387f25f9e50f7da18f3434bde
Album10752307,spotify,ab67616d0000b27341f6dfc4035911c015211a41
Album377703,spotify,ab67616d0000b273f58672f9efb1bd353d5fe8d8
Album7308958,spotify,ab67616d0000b273583f3125e1bf3703872a8fbe
Album3565331,apple,Music/7e/b9/44/mzi.oqfyhfbo.jpg
Album16713225,spotify,ab67616d0000b2736963e098c52733db9753031c
Album7769,spotify,ab67616d0000b2730e150a716ab6957fcedf64e5
Album4251788,spotify,ab67616d0000b273ff6dee78ea35fe4c24ea34c9
Album334021,youtube,tigqOLyEG8o
Album1297119,youtube,oQ0-1aG-tiE
Album15972969,spotify,ab67616d0000b27314ed6f5625ea349c7bda4181
Album215491,youtube,EqU6sJWrMlQ
Album877334,spotify,ab67616d0000b2733aac7606f121deb24365a224
Album849936,spotify,ab67616d0000b2731dc1080b4623e4457be6dca9
Album4194375,spotify,ab67616d0000b273c94d03978dce81c7cbb937b2
Album4602306,youtube,TPYqrVDlc_4
Album592521,youtube,3ct08sRjDEo
Album11857234,spotify,ab67616d0000b273bf1de3400306149989356db8
Album2477939,spotify,ab67616d0000b2730130d132122c260db2bebfab
Album34231,spotify,ab67616d0000b27387dbff5030af72dce7516b33
Album188868,spotify,ab67616d0000b27344e6a19189feea836ae2a473
Album177821,spotify,ab67616d0000b273de273a80f79dbd55103e6399
Album173152,spotify,ab67616d0000b2739646f1407d393ede6a4b432a
Album87059,spotify,ab67616d0000b273f00ed740acc244e95956ac27
Album13517870,spotify,ab67616d0000b273eb3b970b39abff9d03d3551b
Album8207,spotify,ab67616d0000b2733ab4dc4b31ad6870b455ac80
Album161746,spotify,ab67616d0000b2736e0085e4e6291eadadc4730f
Album9958,spotify,ab67616d0000b2732051e219a4af7648223953c1
Album16155597,spotify,ab67616d0000b2733cce588c51bfc0bc5227a49a
Album337050,spotify,ab67616d0000b27329ef3bf15b21c47294417966
Album303642,apple,Music118/v4/3c/9f/d9/3c9fd9b6-daae-65bb-c85a-5334404517c1/00602498909881.rgb.jpg
Album308949,spotify,ab67616d0000b2730d842cdd8b4b8e1d52ed751f
Album495038,spotify,ab67616d0000b273f6bbb6e43e5a5dd3111f01ba
Album11172630,youtube,z9KfvYVSfHY
Album70432,spotify,ab67616d0000b273ec1d2359f2b1c95e46818410
Album142221,spotify,ab67616d0000b2730fab0aec18c81b24b6cf9b66
Album798904,spotify,ab67616d0000b273db75c947ce80a7218c7a565f
Album185980,youtube,hfGr3lGuuGY
Album1360,spotify,ab67616d0000b27302a7813b26efc8f7ce5f3434
Album393580,spotify,ab67616d0000b2738867013383f935e7c823594d
Album12632364,bandcamp,1490425771
Album444784,spotify,ab67616d0000b2739414853acdfc57f739587c75
Album99351,spotify,ab67616d0000b273469efe50e52e8e465ebf66c3
Album73073,spotify,ab67616d0000b273603eb67dcfafc91b63885d27
Album3266194,spotify,ab67616d0000b27346a0d2516c676fbf03ec4a9d
Album28549,spotify,ab67616d0000b2730775e4bb74c7a96d74f6773d
Album1576122,spotify,ab67616d0000b2732e96a5d77c3c50c7512a5f79
Album947117,spotify,ab67616d0000b2737d82d21df8a7c48306fdf242
Album170602,youtube,_4EjGXRDOH0
Album184558,spotify,ab67616d0000b273cc2b41abfe2f7b771a39562d
Album26727,spotify,ab67616d0000b273c1c53ee367fbacd25faf1dd8
Album210845,spotify,ab67616d0000b273f0eb5b09e87f24415266d723
Album89031,spotify,ab67616d0000b2732485aa7cc329533e49a6cba6
Album4383309,bandcamp,4072573220
Album8786836,youtube,Jd6f_8DQ0xI
Album26421,youtube,f8Nk691Gxxg
Album414387,spotify,ab67616d0000b273844c313005b8ebc9fa96fa8c
Album1418630,spotify,ab67616d0000b2735bd02860f7851d3c896f6089
Album26091,spotify,ab67616d0000b273ce62b3806dce99b3f4339dd3
Album25887,spotify,ab67616d0000b2736f903898889c62dd414e1c72
Album347570,spotify,ab67616d0000b273ca74f35aeb2d8b3f44f26252
Album15927135,spotify,ab67616d0000b2730dd161464383fcef2af5ff87
Album91647,spotify,ab67616d0000b2736ffe8d7c6b51710d4a7cac38
Album4591910,apple,Music117/v4/0e/eb/ed/0eebed9e-dce9-3309-c8bc-b30cccd7ef4c/859711583247_cover.jpg
Album1538994,spotify,ab67616d0000b273841ccb94c4b828ea1f89f346
Album16020132,spotify,ab67616d0000b273ad4e9cba987f135e914d2419
Album10940294,spotify,ab67616d0000b273dd67e9f7addf75f279cae9d4
Album27350,spotify,ab67616d0000b2737a84108311dfa93e0036460c
Album4551378,youtube,TRgNNuGMv7M
Album285238,spotify,ab67616d0000b273b6d132d0fc1bcba92c85ea88
Album12098,spotify,ab67616d0000b273df0e2b3ce4de544b92b6852e
Album987920,spotify,ab67616d0000b2739658ebae797a3075d233c92f
Album393578,spotify,ab67616d0000b273c174d067d8d47b3d9d8c08b2
Album4461490,spotify,ab67616d0000b2732becd57a4cbe13ccd2fc01d2
Album361539,spotify,ab67616d0000b273363b3b26961392b6066d3f25
Album692213,spotify,ab67616d0000b2734a5f29a1754b9375d22abebd
Album8527774,spotify,ab67616d0000b273ef51817e6a6563b6f7ce5872
Album210405,spotify,ab67616d0000b273233d0fa5dca3211e0a8cc881
Album16600,spotify,ab67616d0000b273a8a6dfb24cf334330d14f722
Album832042,spotify,ab67616d0000b2734393608c7b5ee22eb8a7ea55
Album15627457,spotify,ab67616d0000b273ea44aa24e25dab5a2609e4ce
Album268324,apple,Music221/v4/c2/59/35/c259356f-bdf4-d16c-e8ee-d2f7ef296bd5/781676547210.jpg
Album21295,spotify,ab67616d0000b2731e7bea744f42b47dee0ce08d
Album246302,spotify,ab67616d0000b273b946eae76e591951164217da
Album392767,spotify,ab67616d0000b2739af0061f80eb9d34f5a40941
Album17187308,spotify,ab67616d0000b273ea6e230375039568a2c13000
Album145803,spotify,ab67616d0000b2730e5de83c0795d03546d2ce56
Album1341244,spotify,ab67616d0000b273c77eaa86fd3b77d27540374f
Album648563,youtube,tEJ7C8Wd59A
Album232834,spotify,ab67616d0000b2737af444b116f57b2476073e9e
Album106917,spotify,ab67616d0000b27321800d9854f7b145a6ca7cee
Album54693,spotify,ab67616d0000b273f4a9509c09eb58f7f3c7280c
Album260665,bandcamp,3207225424
Album125056,spotify,ab67616d0000b273d1127a8923edc0a3d4ddf326
Album329243,youtube,dUzyIrVbj0w
Album1101668,spotify,ab67616d0000b273b00ae14f2e94c1dc35ecdb1d
Album705511,spotify,ab67616d0000b2731f4615d67511c1c8abf57595
Album175939,spotify,ab67616d0000b27377d3f7b5cfa39598190944b7
Album2788489,spotify,ab67616d0000b273172bf9b9bd01946bf3f7785c
Album15737098,spotify,ab67616d0000b27381676ba14048a8f38322c820
Album16501610,spotify,ab67616d0000b2735a1ab3ca232a5f30201c97d5
Album3898049,youtube,wTrA9L8St8Q
Album758501,spotify,ab67616d0000b2731882bb790ff01387342c9750
Album11289,spotify,ab67616d0000b273b80ea8399313aeffb10b0acb
Album86075,spotify,ab67616d0000b273cf2cc4b841969f53d6a42199
Album86559,spotify,ab67616d0000b273a1d5e5013ed40559fab69528
Album70455,spotify,ab67616d0000b27373e85926d18b3a66e1d3f50f
Album821,spotify,ab67616d0000b2730cc9bdacbe3728b30b3228bf
Album16347,spotify,ab67616d0000b273c7b4593ada796a713010466b
Album1126056,bandcamp,3074688731
Album1856264,spotify,ab67616d0000b273c0cb60ca9dc887fc50e5123a
Album294274,spotify,ab67616d0000b273bcac6fb881ffaaeab7b67945
Album212368,spotify,ab67616d0000b273d2d5662b37989255f8b9c120
Album3193582,spotify,ab67616d0000b27342b18fa57c2cc5bc998d7363
Album145504,spotify,ab67616d0000b273bd5cf411dd68244b661194aa
Album474876,spotify,ab67616d0000b273abfecf0e333d31b5dc57fa50
Album14782,youtube,qPslczm0V_Y
Album73101,spotify,ab67616d0000b273d92fb501e7d8c7088ec8a176
Album136510,spotify,ab67616d0000b273e5003059fb1fd9e8b0f74509
Album327139,spotify,ab67616d0000b2732d70246526b9dcf95ce15d3c
Album1819704,youtube,QIaDEx_6kbs
Album229053,spotify,ab67616d0000b273bb1f97f9f8100a4e75f78a71
Album1832,spotify,ab67616d0000b273456b5c223b220f3bbbe9fa9f
Album34369,spotify,ab67616d0000b27319f4e2c5f71b7e3fd7ce5764
Album8108,spotify,ab67616d0000b273a45f15cba25357f771ebdb29
Album777355,spotify,ab67616d0000b273c3add19a2e7f70fb10839edc
Album1014519,spotify,ab67616d0000b273e6870280fdd7c2fb29dd2291
Album2714592,spotify,ab67616d0000b27341a40d8fd9b1c4eb9d40e8f6
Album1530403,youtube,mj9T_cOMO1E
Album65990,spotify,ab67616d0000b2733f8663d5eba08ee314b2cf60
Album12556853,spotify,ab67616d0000b273b00ecda008393659fe21bd2e
Album15562317,spotify,ab67616d0000b273c11837ead34e0c6c572ca0db
Album844173,spotify,ab67616d0000b2733404675f335c2de44b0f55e8
Album416745,spotify,ab67616d0000b2735e6aa0e42f447f00063084c2
Album288172,youtube,L__jruvYuCg
Album77817,spotify,ab67616d0000b27363e12d7bb85b039a889ebe12
Album592540,apple,Music126/v4/af/f7/1b/aff71b1a-3c11-a4a0-1b0a-95acec5e1586/8720766363936.png
Album577761,apple,Music118/v4/fa/c5/98/fac59858-6196-8083-be85-553d2631d84f/00602498909096.rgb.jpg
Album2322146,spotify,ab67616d0000b27334c197fa925ccf039ca3a8d6
Album1033745,spotify,ab67616d0000b2736bdef05a5f99fe5165ec7547
Album2707460,spotify,ab67616d0000b273628ada5c6fd545ea8f5e8b17
Album16571616,spotify,ab67616d0000b27320cc9c7c6cf96c3ea7685c5a
Album11090574,spotify,ab67616d0000b273198a6213545dc2a511a55367
Album695564,youtube,LDZbVpSJdzc
Album467961,spotify,ab67616d0000b273d869411d9a352e99778b677f
Album2418634,spotify,ab67616d0000b273cea01b2a9506b4dbdc495e04
Album238689,youtube,9eLonInenCM
Album46196,spotify,ab67616d0000b2730a5e466d1bab5ddfd10ad95d
Album721790,spotify,ab67616d0000b273239d4f8e5582ebe4a30debc6
Album121840,spotify,ab67616d0000b273784a6aa913e9f78c0899820d
Album12414489,spotify,ab67616d0000b2739a3446ba8c977f0efa3657f8
Album727032,spotify,ab67616d0000b27359ef99ed996b4e537ed2e6a3
Album104489,spotify,ab67616d0000b2736f28ad7bd42264d60c7a2d0d
Album733314,spotify,ab67616d0000b273abb10df5b99ffab21789237c
Album10363471,spotify,ab67616d0000b273fa940fede90be9d517045a9b
Album3345553,youtube,kh_2H6ULA9c
Album17115531,spotify,ab67616d0000b273ab1229a45362b56b4d06a405
Album7760461,spotify,ab67616d0000b273c57d665b700dc1d788b1c00d
Album325223,spotify,ab67616d0000b2737ef6eae6a7fe83ebd796a0b4
Album154091,spotify,ab67616d0000b27327a6969f320c8c2378e89020
Album136517,spotify,ab67616d0000b2733e80ca830fb69386a9258302
Album418029,spotify,ab67616d0000b273890586eb91e7afbb0085ae3a
Album737442,youtube,EC-V6c4lNws
Album33475,spotify,ab67616d0000b2731a84dbbaaaf0b6d0c29cd732
Album303646,spotify,ab67616d0000b2737633a507d7b3a063db813e8a
Album2356224,spotify,ab67616d0000b273b707d5dab8a7bd1d50f227b4
Album4029336,youtube,HOk8geFtE5I
Album96436,spotify,ab67616d0000b2738036673e1184acc6fcef21f7
Album297255,spotify,ab67616d0000b2737796d346c48281a8e3027752
Album526245,spotify,ab67616d0000b2739bbc61b5d3035e2885184a1a
Album187714,spotify,ab67616d0000b273c3e4b6ed925d965c6f2168e1
Album443572,spotify,ab67616d0000b2739c297c52c7345539b75c7ef6
Album2048118,spotify,ab67616d0000b273757fdee6d68efc2a78636f2d
Album88271,bandcamp,0513449820
Album173863,spotify,ab67616d0000b273865bd420de716226b396ea20
Album466299,spotify,ab67616d0000b27373171ce4995c10a3c3794006
Album2644562,spotify,ab67616d0000b273333b580f03a0fcead709734f
Album12108499,spotify,ab67616d0000b273adc5a9ce130ac97e32ead63c
Album302268,spotify,ab67616d0000b273fe5dc4ecfdcc0f0ec1a5e27f
Album547911,spotify,ab67616d0000b2732c54331ec2e1d3eb5654f0d2
Album15176252,spotify,ab67616d0000b2738857e4c56becc4cb770406f7
Album2153505,youtube,ommO1vOqMCE
Album40946,spotify,ab67616d0000b2736f9fc99d85f7e7bc270e2381
Album16978063,spotify,ab67616d0000b273bd767c768b96b538e09be7af
Album112820,spotify,ab67616d0000b2735c33c4ddff6a79435af0a3ad
Album335105,spotify,ab67616d0000b273e2d7cc43bce5a6017cb62966
Album22351,spotify,ab67616d0000b273c4b6a60d993dfd149cd66265
Album14905813,spotify,ab67616d0000b273db8ab490bcedb6e518c37e6e
Album11201,spotify,ab67616d0000b2735c2202722e63ad9b6e4c11be
Album43750,spotify,ab67616d0000b273d4fcc6b9ceb3219f4dbb7602
Album70652,spotify,ab67616d0000b2739a8b93ec2c750cf5fa654691
Album596071,spotify,ab67616d0000b2738047fe953cc15d825b9ec98a
Album994077,spotify,ab67616d0000b273db63a8d00abe60a80e8f15af
Album324408,youtube,iBTYLiemjoQ
Album436330,spotify,ab67616d0000b273099dde456cd1d70b5c47a66e
Album203754,spotify,ab67616d0000b2739aba0bda25700a9f65299077
Album2346950,youtube,reMDwJAmxNQ
Album15242948,spotify,ab67616d0000b27363bd6bf94927cdf73d64596d
Album2813560,spotify,ab67616d0000b27396350dab8a493ca50abc8d34
Album51669,spotify,ab67616d0000b2738f29c1fc2b8207a5e0999604
Album122603,spotify,ab67616d0000b273676c794f4efca21821e5fd6d
Album1101258,spotify,ab67616d0000b27367bd0f8b839fb9f5e4c11628
Album21574,spotify,ab67616d0000b27311353c3dff0e340bde88d0de
Album73165,youtube,UnCWWEMRSrs
Album11082261,spotify,ab67616d0000b2737d6ac8b4a84ad4b342050d87
Album2855083,bandcamp,3826576150
Album29966,spotify,ab67616d0000b2734af6caffd4d13a18a829d876
Album314589,spotify,ab67616d0000b273d608cdb2a465120ac4c9efe5
Album4501,spotify,ab67616d0000b273c99dbd20668c97579417595f
Album6849324,spotify,ab67616d0000b273178ab7c81f84e2fdad2f1c31
Album8063395,spotify,ab67616d0000b273a271998ae65a470c52713761
Album15623287,spotify,ab67616d0000b2737cf84348b4f6f8d268619906
Album399,spotify,ab67616d0000b273f01b0192db8b6625f7377523
Album11811,spotify,ab67616d0000b273723a428b28c5d596f8bd53b7
Album134742,spotify,ab67616d0000b273ea6b09f1de79525a27c3f672
Album4656,spotify,ab67616d0000b27313b22e261094664d3cc193f7
Album421373,spotify,ab67616d0000b27385aa231d2d975b7d562edc92
Album87060,spotify,ab67616d0000b2737ae8618c6f2e31aaaf1bf784
Album579175,spotify,ab67616d0000b2738463a5500938eb505edb5028
Album49746,spotify,ab67616d0000b2736c555e9083bf0baeb3826691
Album11172663,youtube,47inX4pyMZY
Album15266662,deezer,83657f90a1a1b0ffb8fcec0db4861c1c
Album878054,youtube,R-5koLtMy98
Album4017475,spotify,ab67616d0000b27399e03144e7f2e611f8f26d55
Album353564,spotify,ab67616d0000b27383c27cd5d79ef3e11af45a61
Album1445854,spotify,ab67616d0000b27357a135750ea626f9a699641e
Album655143,spotify,ab67616d0000b273dce75ff93bf35e5476fd2064
Album16240403,spotify,ab67616d0000b273ab0d83b752dcf9f2a7ddd51b
Album15955706,spotify,ab67616d0000b27374e778c12e8bbcb1366f38cd
Album299,spotify,ab67616d0000b27367737ef9275b002cc54868ea
Album54250,spotify,ab67616d0000b273dbf19f504476a6d8fcacb604
Album412741,spotify,ab67616d0000b273935417ae854cad2bccd0e72a
Album1588734,spotify,ab67616d0000b273ffb73d3c4cf679c8807bf6ed
Album3153132,spotify,ab67616d0000b273ad631d250c7561cf1ee029d9
Album6473814,spotify,ab67616d0000b27317d7c3f4e4631f685c5f4524
Album1438986,spotify,ab67616d0000b2733920dae28204b070564a5c68
Album556921,spotify,ab67616d0000b27322ed4410079ab7ddf2eecc70
Album2976836,apple,Music116/v4/e7/43/b4/e743b4c6-10fb-f366-52b4-92094b879fd6/PA00120120_1_167816_jacket.jpg
Album480657,spotify,ab67616d0000b273aaf1903e7cfdff4a512e688d
Album2654298,spotify,ab67616d0000b273fa1a751d30d2706000e60435
Album7504608,deezer,c409fb8a95455e66fecece982080d524
Album8555268,spotify,ab67616d0000b273029b80e4fbe29f186799f127
Album47567,spotify,ab67616d0000b2737fcc26d64e661db1204a85ed
Album485439,youtube,bzFldPyNxH4
Album470626,spotify,ab67616d0000b273931fa1a0e93c839402b3b7e2
Album533540,spotify,ab67616d0000b2733bca4c83ef8b5b210784862a
Album143089,spotify,ab67616d0000b2735d243f6ab47c9ef450d02923
Album4692416,spotify,ab67616d0000b273ceb10df49da1ba1deca826eb
Album138724,spotify,ab67616d0000b2732f78e44e11631569d7c41472
Album274122,spotify,ab67616d0000b2732c380868e3084c5751c04ffc
Album928808,spotify,ab67616d0000b2736baf6ff1ade7a9592d0783b8
Album6310517,bandcamp,3953516746
Album5532,spotify,ab67616d0000b27373fdbf8281a526452f942410
Album15124360,spotify,ab67616d0000b2731eb4de019c1691c54a302652
Album3134081,spotify,ab67616d0000b273cce1a3753a916e91754c1f1b
Album77600,spotify,ab67616d0000b27320c6beaf6d285422f74ac728
Album124108,spotify,ab67616d0000b273215bb213b2385d3653cc7a87
Album8799,spotify,ab67616d0000b27340b7e3738aac9dfaaec11fe0
Album15288258,spotify,ab67616d0000b27362d8e5c46ef0809534e687a6
Album25213,spotify,ab67616d0000b273e829bc4b9b142af6b8692de3
Album48366,spotify,ab67616d0000b2733c6c79da5cae2b9c2b6a5d2c
Album341951,youtube,ktZy3h_Pq5E
Album1485714,spotify,ab67616d0000b2739c6332396dc6307ab7a90e99
Album14838247,spotify,ab67616d0000b2736f2e5817230413edcd000cc6
Album76953,spotify,ab67616d0000b27375c7f5fcf6e5967348fd8533
Album8313423,spotify,ab67616d0000b273d49a9ea17b2868455ad53fca
Album3200945,bandcamp,3252454429
Album414213,spotify,ab67616d0000b2730bf8819bc860a75361586d0c
Album376623,spotify,ab67616d0000b2734dd5616978f8b09d20d99ec1
Album5012250,spotify,ab67616d0000b273b7d248bba563ecfec1f1a254
Album252181,spotify,ab67616d0000b273b4a44e6ef865571f0e5d0d50
Album10530488,spotify,ab67616d0000b273f812dc5698670b5a01b769d1
Album8981309,spotify,ab67616d0000b2739ee878eb8b4b8265cdda0e86
Album658267,spotify,ab67616d0000b2731c0bcf8b536295438d26c70d
Album16858967,spotify,ab67616d0000b2734c6a0c9499470002aa8ba96f
Album224727,spotify,ab67616d0000b2730700e967580cf84335431e05
Album13205,spotify,ab67616d0000b27379da6ab0a89aab8062333b22
Album643980,spotify,ab67616d0000b2730f54c5a47c880aee5f0144f4
Album15370956,spotify,ab67616d0000b273e1d0067ee82182b2264c3783
Album8549640,youtube,Z3m7HXeiHpg
Album109496,spotify,ab67616d0000b273175ab822c572bdcfa9232d35
Album16787797,spotify,ab67616d0000b273062765848eae9528191f6b04
Album907284,spotify,ab67616d0000b273b10ea9065951cb23772adb2d
Album4310715,spotify,ab67616d0000b273aaa4bd1bb7a1b41c1ad248b8
Album62982,spotify,ab67616d0000b273e2d00d9e67b8813f31ad55f6
Album3956159,spotify,ab67616d0000b27346da911d07db5a727dbee8e9
Album317924,spotify,ab67616d0000b27349755c114786eea94ffad14f
Album7772593,spotify,ab67616d0000b2736239524d0be877fea40a8e9e
Album7896224,spotify,ab67616d0000b273b75f7297bea89ed838a58a82
Album328205,spotify,ab67616d0000b273c75b606dc5e3311110cf21d2
Album140404,spotify,ab67616d0000b273e5d1e4594f83d2bbe0b4e4e4
Album416881,spotify,ab67616d0000b2731c18016d7ec6329c5b2c97a2
Album914292,spotify,ab67616d0000b273e1077943b5cebb87dcb27ca8
Album15423376,spotify,ab67616d0000b27365fa072296480cea19a38cd0
Album13658,apple,Music/73/d5/85/mzi.paxzrbyr.jpg
Album716,spotify,ab67616d0000b273b0fc08ae901137bfe275f1e4
Album16893,spotify,ab67616d0000b273fc3c12c42d83e41d1559d4cf
Album1806477,spotify,ab67616d0000b2735a9f30cd79949b53aee1d649
Album4187965,spotify,ab67616d0000b273e2cae6cd182c6a211f6774ce
Album14298657,spotify,ab67616d0000b27332d898fd44975133a6c80a75
Album15679842,spotify,ab67616d0000b27316997b4a53ae6b42a4b803be
Album10194,spotify,ab67616d0000b273d74bc7e553de4198693dd824
Album1426102,spotify,ab67616d0000b27339c54007e5230bc178b60f84
Album1530045,spotify,ab67616d0000b273ae920cf30c03c95d58949b88
Album3204899,spotify,ab67616d0000b27359da88e88cfe81ea1439c40b
Album20183,spotify,ab67616d0000b2733d1bab7ef2e9ce36ce3f942d
Album143489,spotify,ab67616d0000b273e311abbc40c670e9c1511284
Album423367,spotify,ab67616d0000b27374943176c84439109e606117
Album12801966,spotify,ab67616d0000b273210f52db7c98f5e1c0915342
Album793864,spotify,ab67616d0000b27367604119991945e450110b87
Album129996,spotify,ab67616d0000b273dd95f0a374adadbf450692a0
Album606115,spotify,ab67616d0000b2739e25311c8adc51802cc823c2
Album28200,spotify,ab67616d0000b2733458cdfd48b5470d361cdbe8
Album15688328,spotify,ab67616d0000b2734eb80469be3cfbbd3471081d
Album2503852,bandcamp,3746631862
Album871956,spotify,ab67616d0000b273acc0ec4557ddce1304b3ebee
Album155810,spotify,ab67616d0000b27336aeaab4dc91a8dea53a2d8f
Album10373,spotify,ab67616d0000b2739abfd140e50997176b70c651
Album359691,spotify,ab67616d0000b273377f66e015c43484f75fef7f
Album11397515,spotify,ab67616d0000b27398c23737d5c640aba1f39d56
Album22377,spotify,ab67616d0000b2736ea5d9b65ecc735c1b9cce3b
Album36062,spotify,ab67616d0000b273ac6fab0a8948deae238a88e9
Album112404,spotify,ab67616d0000b273488e5cd742ffd0eb1f159fe0
Album149599,spotify,ab67616d0000b27373e0cc18617cadf9f5a12398
Album247467,bandcamp,1313375385
Album13616247,spotify,ab67616d0000b273deb65abde0fcb280bf0821c5
Album6016546,spotify,ab67616d0000b273b2767ee7b071b99009a83bc0
Album16939109,spotify,ab67616d0000b273cab898cdda3ee7d1e9b25646
Album21292,spotify,ab67616d0000b273b51dee5f85a193b611810cf4
Album4559672,spotify,ab67616d0000b27307b73502046411485d068ee3
Album433135,spotify,ab67616d0000b27385c21a856d005e244de2b610
Album1095485,spotify,ab67616d0000b273786b41e76929792458bd66ee
Album10679167,youtube,q2S3FRIAtBw
Album56980,spotify,ab67616d0000b2736b8eb599f24bd3f08df12f64
Album256078,spotify,ab67616d0000b27314c4dcb8b9e1f889f250e4b9
Album127892,spotify,ab67616d0000b2739990421889513ebe7085a348
Album145661,spotify,ab67616d0000b2738da646243b55a1a424c4afac
Album1594914,spotify,ab67616d0000b273dc8c850db08c2355d62fb204
Album81170,spotify,ab67616d0000b273d6d530ddb07a89478805bd7e
Album440189,spotify,ab67616d0000b27399bb1c7d34a5d3f905d40905
Album15699650,bandcamp,2035544904
Album3303639,spotify,ab67616d0000b2732e043a96d15648a63ba0fc29
Album7183452,bandcamp,0972000153
Album189416,spotify,ab67616d0000b2736829911576651c5e5e84bc00
Album13531153,spotify,ab67616d0000b2734e94b9c01ba5fcb4e5dbf164
Album6499696,spotify,ab67616d0000b273fc685af465876c629ad111ef
Album17045111,spotify,ab67616d0000b27316435e84669c2c22816662eb
Album53341,spotify,ab67616d0000b27336a7ab8a3eb12d90c3372db9
Album2015777,spotify,ab67616d0000b273f97440f3d46af3dc3c8edf97
Album16111803,spotify,ab67616d0000b273ece8b35bfbc8650fa2cf7cd2
Album242046,spotify,ab67616d0000b2730611e65ba66e3946c18c61ba
Album3311954,spotify,ab67616d0000b27342a342be7909fcec4ecf5157
Album16598,spotify,ab67616d0000b273b709847381a3bdc28dbae3fe
Album4455223,youtube,dEUnVG-y6Ww
Album80731,spotify,ab67616d0000b273ce13d9625ebaee7c24174dff
Album822,spotify,ab67616d0000b27355a3b52f7d31d77742dc8da7
Album503693,spotify,ab67616d0000b273fdf04b824d53ee302180b5e5
Album10687,spotify,ab67616d0000b273e053a24fc333a32f9284daa9
Album14237,spotify,ab67616d0000b2734e336747444f9101b01b3f6b
Album921350,spotify,ab67616d0000b2739fb76540e0dd8e5e187a5ba6
Album9151198,spotify,ab67616d0000b273fa685d3e33df8cd4d0015686
Album477400,spotify,ab67616d0000b2734fea82693604b715d8440f98
Album15958943,spotify,ab67616d0000b273e6d52246a013b10185e0f55b
Album16765,spotify,ab67616d0000b273bbd0196df4b123504e216405
Album3784693,spotify,ab67616d0000b27367c22e14a2f2adb1799f4748
Album466300,apple,Music/y2005/m08/d20/h20/mzi.ietaallw.tif
Album7539,spotify,ab67616d0000b273ff84f7538cd9551be525c24b
Album18119,spotify,ab67616d0000b273918d446596ec426300710baa
Album939575,spotify,ab67616d0000b273436916538cba185030c24185
Album22248,spotify,ab67616d0000b273643294187c01043b0c4bcfec
Album54198,spotify,ab67616d0000b2738988ec5b08f5798deb5707ac
Album141132,spotify,ab67616d0000b273644f4af8de5683a7adfd26ce
Album881551,youtube,88h5noIWACg
Album2484698,bandcamp,0172791295
Album412754,spotify,ab67616d0000b2735c8bde187f6880750cd66513
Album1245386,spotify,ab67616d0000b2730290f156fc17a84969bebd63
Album31242,spotify,ab67616d0000b273dc889db5dba45e86f1fbfc6c
Album15477700,spotify,ab67616d0000b273b57385849a9d804fa391f3db
Album10829,spotify,ab67616d0000b273ee3e86f9a12e311701f5fcda
Album10121630,spotify,ab67616d0000b273f027ef3f936d007a9e2202c6
Album2895998,spotify,ab67616d0000b2733b738a28f44b8dd8d175f8c7
Album413142,spotify,ab67616d0000b2739a00ab6845f1c97c76873403
Album196795,spotify,ab67616d0000b2732fad6cc11132765d6ce20545
Album13322,spotify,ab67616d0000b273c0580ebfe5f1a9ac7a521801
Album11531227,spotify,ab67616d0000b273774866da670c9c24420a6ec5
Album661383,spotify,ab67616d0000b273f1b2a76f49059cb1dce7ff4f
Album1644926,spotify,ab67616d0000b273c9227977b3dd3b45e1696710
Album350701,spotify,ab67616d0000b2739ee4844562536fb8bc8cc408
Album60879,spotify,ab67616d0000b273bda5c1e56bf06c3c7fc173f7
Album1811779,spotify,ab67616d0000b2733799a4e2e54b75705c103225
Album534815,spotify,ab67616d0000b27303758858d143f4ddbb200716
Album2597297,spotify,ab67616d0000b27341f8b9b26d5f904d77d93ac3
Album446550,apple,Music/bf/07/61/mzi.xwzvtmys.jpg
Album2190706,spotify,ab67616d0000b2734dd5c2a28d8580567b36b0fc
Album178627,spotify,ab67616d0000b273cb18b8151116a63f95ebcd8a
Album24023,spotify,ab67616d0000b273434a1513f081ba4c7be2942f
Album149580,spotify,ab67616d0000b273b423a2b57dbc25b159586b20
Album10777605,spotify,ab67616d0000b273f5870c322f311fb2c357de9e
Album9522851,spotify,ab67616d0000b273964511110fe3a15414ebe6f3
Album1357795,spotify,ab67616d0000b2733a57ae561157347d94963233
Album148896,spotify,ab67616d0000b273d566f1830ab679b29319cfb2
Album10987923,spotify,ab67616d0000b273303d528586c4ab4cc5171645
Album3566,spotify,ab67616d0000b2739b80418321f9cfe6e2128dd3
Album20442,spotify,ab67616d0000b273940f8127b4839428ecb07ef5
Album60949,spotify,ab67616d0000b2730dae627739c5fdc02c98d525
Album6715368,spotify,ab67616d0000b273a1fb53917558a9d404eddbd3
Album85517,spotify,ab67616d0000b273ff30d5a1a924f9503d74efbf
Album2259927,spotify,ab67616d0000b2733af2a58f15d10274cbd0ca12
Album144366,spotify,ab67616d0000b2739d5ec15abd7fdf9d63755d29
Album16379991,spotify,ab67616d0000b2737da9ae8f4a4d633772c9513b
Album3181278,spotify,ab67616d0000b27375899e5e14b9a8ec9ff96f8a
Album8206,spotify,ab67616d0000b2738130045e019aa2b2ed897e85
Album603401,spotify,ab67616d0000b2734ade9085c0f5a5a16ce3f8c0
Album65498,spotify,ab67616d0000b2730076bf69db901ac62df6f04b
Album144104,spotify,ab67616d0000b273d4182c4a120b0cf7ec5d399c
Album15554117,bandcamp,2767463016
Album6827041,spotify,ab67616d0000b273bc8ae1e40eac6d4c8c2f3dfe
Album845146,spotify,ab67616d0000b273733a50ac66c9bef1556109b1
Album855438,spotify,ab67616d0000b2732468b27e61a3ebcdc015a559
Album1377929,spotify,ab67616d0000b273d740b9b24ff9c111617136e9
Album148779,spotify,ab67616d0000b273861198fa50f61d14aeb51a29
Album145754,spotify,ab67616d0000b2736d4aff2395ce1de0db898de7
Album10930029,bandcamp,2268927977
Album243572,spotify,ab67616d0000b27370ab8efecfa58f53b4633f0c
Album110001,spotify,ab67616d0000b27332c1991ca9b78541246351b0
Album353386,spotify,ab67616d0000b273b3fe38cadbfab4e49165f5de
Album10388,spotify,ab67616d0000b2734a8f99efdff178f3bdabde2a
Album15401548,bandcamp,1497405205
Album78830,spotify,ab67616d0000b273ef562d4b6cf348fa05974a67
Album571881,spotify,ab67616d0000b273cd95d08c86abfaf104323585
Album354,spotify,ab67616d0000b2730222c0b380a726b620cd7e4e
Album258905,spotify,ab67616d0000b273d60200bcf459680bc7ef443c
Album66210,youtube,KQ8mRPIC8Y4
Album926344,spotify,ab67616d0000b27396dd6abe837a58fd0e3497b6
Album10875,spotify,ab67616d0000b27341eeb710acdef4ee3e48b73b
Album215265,spotify,ab67616d0000b27348927a22386a05c3491183f7
Album89431,spotify,ab67616d0000b273ff6dbdb76c0cce850eb706e3
Album21237,spotify,ab67616d0000b273ac7e361968d1842160b9641b
Album14749054,spotify,ab67616d0000b273f63203e1ddd367b69808f5bb
Album149444,spotify,ab67616d0000b2739dbee86b1a7b7c7ed2367fe4
Album3840088,deezer,01a9fc8607b3b9b6cc79369bfc3dd1b9
Album337535,spotify,ab67616d0000b2737984fb37d5198af0b65c384a
Album385933,spotify,ab67616d0000b27382b38618a5fd83a11360add6
Album64769,spotify,ab67616d0000b273008f8a133c7e4c4d6191ca07
Album2215188,spotify,ab67616d0000b2734e7dde108cf861faee034a60
Album10128,spotify,ab67616d0000b27320bcc242af7ae1473f329400
Album16383741,bandcamp,4178418448
Album1142511,spotify,ab67616d0000b273de3abd64afa1056e90f3d305
Album15823532,spotify,ab67616d0000b27309463748243490d780f62b2b
Album16660695,deezer,19925ae185d57ff40217c23fd1229493
Album10589554,spotify,ab67616d0000b273de2cce31b5fda36b1f02d80a
Album130347,spotify,ab67616d0000b273147b2b247c28a12307049158
Album509881,youtube,dC6RC1KtFik
Album9641028,spotify,ab67616d0000b273ac49e6b9cc4b73ac1df42ea0
Album4601088,spotify,ab67616d0000b2731c847beaa79c08a38323f7fc
Album16430337,spotify,ab67616d0000b273c0d2546bdb81c3c6c9f4bfd0
Album968738,spotify,ab67616d0000b273f1b1c1c33a8c8986d980c335
Album11308865,youtube,jO-xwALzKe0
Album2357,spotify,ab67616d0000b2731e3d153c8ecda03a495ca811
Album130514,youtube,Q1m_etjWDEM
Album197718,spotify,ab67616d0000b2735d519b476f0ce0ec63d1d0c9
Album391994,spotify,ab67616d0000b273d4968bb58f8a40536f45d307
Album786281,spotify,ab67616d0000b273b26419f82c7f03077c7e53e5
Album1123542,spotify,ab67616d0000b273d05ba3d058b034f2c9d4e3b4
Album10898541,spotify,ab67616d0000b273670e99b5ad2dcd60b7d05dc0
Album445451,spotify,ab67616d0000b2737c58829963eabe74cb5eca95
Album3395385,spotify,ab67616d0000b27372e3de3eeba9e298a4fd0f27
Album1016536,spotify,ab67616d0000b273699e2d0615b3f7d90bbb9c47
Album2333953,spotify,ab67616d0000b27382ce0e394e2c14eea781e567
Album15032054,spotify,ab67616d0000b273de17893c581b6f4fbeba51e1
Album6164775,spotify,ab67616d0000b2731be92a146cb0b49b0b2222f0
Album924143,spotify,ab67616d0000b2736bdf9d404022f8f1e4c77f50
Album699807,youtube,HKcrmxA-7JI
Album7265712,spotify,ab67616d0000b273a448ea1a88acc7cf5bb26ed1
Album1417766,spotify,ab67616d0000b27383dddd3345170e6668d95903
Album980534,spotify,ab67616d0000b273067b401a2db05f4c7e57ac22
Album135887,apple,Music116/v4/2c/86/0c/2c860c32-9238-77e4-d08a-b487399e8656/camberwell-now.jpg
Album27419,spotify,ab67616d0000b273cc1ce2892e1bfc840927e453
Album210986,spotify,ab67616d0000b27361cea3503f0a3152bcc5a674
Album1753057,spotify,ab67616d0000b273fb333793aced54820a9fcf37
Album7544,spotify,ab67616d0000b273dd95cdf7371a3eb8ccca3799
Album1347841,spotify,ab67616d0000b2737c8a6e3e822f63738eeabb7e
Album9147599,deezer,9dcf620a853ee27d53bf5fb92b2add4c
Album124271,spotify,ab67616d0000b27399c76b548a3b7944cca012b6
Album582497,youtube,WfUTdRSY8nI
Album89424,spotify,ab67616d0000b27325b58a31f35a0878c3254a23
Album436321,spotify,ab67616d0000b273dcbea3e691aebccaf267ad17
Album11307792,bandcamp,3241820027
Album443571,spotify,ab67616d0000b2736450ba001a90ad7b4c5fce21
Album168463,spotify,ab67616d0000b273fdc91994d99e8bac5acd199e
Album14786957,spotify,ab67616d0000b27369a3c061676c2020adfe8315
Album15814,spotify,ab67616d0000b273e42fb9fd4b75cc2e36331ccb
Album138615,spotify,ab67616d0000b2738af6e227586f1b71f29492db
Album347900,apple,Music124/v4/08/ef/18/08ef184b-ce82-9d05-d215-3457cfd8b233/mzi.mobgrbvj.jpg
Album9564798,spotify,ab67616d0000b273a03ea5a42e278ba31c7c0384
Album418153,spotify,ab67616d0000b2730eb34a138e94e9335f6711e1
Album8861,spotify,ab67616d0000b273e42803c3943b6b0b5481caeb
Album3192698,spotify,ab67616d0000b2739eb698848bf7503c96ca97a3
Album31243,spotify,ab67616d0000b2737ece70db55914c784d3080e0
Album15299376,spotify,ab67616d0000b27378de45792d9fd6b7f8d250e0
Album40067,spotify,ab67616d0000b273616c9c21f4916b1bc1fed737
Album4193511,spotify,ab67616d0000b273449e192ae4bdd7911aec2c77
Album421560,spotify,ab67616d0000b2739163733bed4952a120a4d27a
Album460135,spotify,ab67616d0000b273f4b4324e38f967d2db87d576
Album1180,spotify,ab67616d0000b2733eec753a75cfd369b65e6972
Album10826,spotify,ab67616d0000b273a32339b8818323380682a889
Album8121845,spotify,ab67616d0000b2735b529e8f3a7b83716cc0c0eb
Album1526304,spotify,ab67616d0000b273ff8abde53fbb82cd6074c2f7
Album19398,spotify,ab67616d0000b273122513d73dc3659c8b6626f1
Album166068,spotify,ab67616d0000b27327244da75816adf8fdd9efdc
Album198700,spotify,ab67616d0000b2737715352a3291e0fad83e1893
Album705397,spotify,ab67616d0000b273d16edaa540990bb02a519b58
Album17177890,spotify,ab67616d0000b273f8dc54881b35310061266cdf
Album5940395,spotify,ab67616d0000b273b8b441db3d0370a8868400ed
Album6445432,spotify,ab67616d0000b273f8893596bc84ddc785f5671c
Album129449,spotify,ab67616d0000b2739ed6cf1fb5be41ee7e2fedc7
Album1459603,spotify,ab67616d0000b273440182ebc38e14916ff76cb0
Album1521673,spotify,ab67616d0000b2731bb8f9be5f44159088996723
Album1323838,youtube,IUZy-Ql_nbY
Album173759,spotify,ab67616d0000b27325440ce722ccf10e4d000c3d
Album3771768,youtube,zfRUOKj3JQU
Album38571,spotify,ab67616d0000b2734e51509d6c64cd6f4c4b6c5c
Album11150387,spotify,ab67616d0000b2731f5615cdfe1b7f4d3c453c76
Album5521688,apple,Music221/v4/7a/02/fc/7a02fcc9-9231-ce9e-9794-db63eb331f5a/081227960315.jpg
Album16861947,spotify,ab67616d0000b2734809455af0038a74f82459ae
Album293791,spotify,ab67616d0000b273ce41c9ba4adee1aec4a2b102
Album15144197,spotify,ab67616d0000b2730c14cc34bc3be11bccbad85f
Album80371,spotify,ab67616d0000b27331e2eef7ad12c6ffb34b9f26
Album10003476,spotify,ab67616d0000b2730dac070c85e0eb09588dded0
Album4236,spotify,ab67616d0000b273a4ae629d018cf49299f158db
Album303643,youtube,TpRpHnZmXK4
Album960225,youtube,8kDG_8Pyc8U
Album356135,spotify,ab67616d0000b273b3b1a6813e9494f9a45b1ea0
Album313676,youtube,ce58nZSe49o
Album8179093,spotify,ab67616d0000b273abd78163429ef4cae77b970f
Album94179,spotify,ab67616d0000b2738e864f3f5ba3a4f89b9640c4
Album778830,spotify,ab67616d0000b2734df7a1fe56dd25245462039c
Album130515,youtube,ol6Ucy-atik
Album11725328,spotify,ab67616d0000b273dfdd7828a5a97735626a2107
Album10548741,spotify,ab67616d0000b273583465a045c54daf4d771ce6
Album2329635,spotify,ab67616d0000b27329eb20933e304a88c7f1ab7e
Album88413,apple,Music124/v4/8c/d6/2d/8cd62db1-3dc3-8fb6-eb14-70b4540ed6de/leichenschrei.jpg
Album1736283,spotify,ab67616d0000b273b8fb9ffa32d5d01de8e1d74d
Album807805,spotify,ab67616d0000b273c98e7439f3de784d5c57e74e
Album31763,spotify,ab67616d0000b273df26bd55e2f55850efc3eee7
Album15370336,spotify,ab67616d0000b273af634982d9b15de3c77f7dd9
Album14780,spotify,ab67616d0000b2738ff827f09870914de0053dce
Album5908487,spotify,ab67616d0000b273e467878c1a8314ace785b80e
Album8770138,spotify,ab67616d0000b273feebfaf5465d729354efc35a
Album8909653,bandcamp,3482263183
Album13605578,youtube,O9rfJXoZwok
Album27923,youtube,cnSkGoHEmOo
Album7466,spotify,ab67616d0000b27381b9817153e6b30dedb8813f
Album154637,spotify,ab67616d0000b2730c6a11e043825fa8bd0052be
Album468975,spotify,ab67616d0000b273f6b906e7a87fbc7ecbeb7bd3
Album26726,spotify,ab67616d0000b2735e211f7a8cd54463c89a672e
Album85418,spotify,ab67616d0000b273a3bcc1dccf4471c8e5eb7ec9
Album6967036,spotify,ab67616d0000b27370f1478ee067f821e1c88d21
Album7539221,spotify,ab67616d0000b273c107e15aeb42b2e3f17da0bf
Album15279,spotify,ab67616d0000b273ef586b773ef4be09b54adb96
Album280313,spotify,ab67616d0000b2730ce7af59d22a90a3db08ae65
Album707864,spotify,ab67616d0000b273055c9b6ff49a475cbb291974
Album579155,youtube,X6heaN2-ONE
Album58968,spotify,ab67616d0000b273b509cb38de807a2121ddefb8
Album1258561,spotify,ab67616d0000b273d28403d91c0b7ad79e7195f3
Album759655,spotify,ab67616d0000b2731d44b52afe7d03630db5f882
Album11251986,spotify,ab67616d0000b2738bf9eeb9ba4d440fec819dff
Album2388479,spotify,ab67616d0000b273fa357c3d300ec26bf0e55fea
Album65332,spotify,ab67616d0000b273bd6efc551013e8b46c05259d
Album21293,spotify,ab67616d0000b2739e757c1e5cdca02baa47b869
Album2117107,spotify,ab67616d0000b273c9403626b563bd757e684276
Album732264,spotify,ab67616d0000b2735a95d4af6138b232cef13e2e
Album12858151,youtube,weYekRewoOE
Album11962400,spotify,ab67616d0000b2738c2303be0348b3a938e03ef0
Album14211765,spotify,ab67616d0000b273b4bbf605bb789fe8ddef54f4
Album2979409,bandcamp,1440457653
Album781755,spotify,ab67616d0000b273867e6deed5cca20c553e8ba1
Album477368,spotify,ab67616d0000b273832993cf2104eb5d31ee6d9a
Album8179778,spotify,ab67616d0000b2739c44e39f1b6aafe87a6db356
Album1579437,spotify,ab67616d0000b273dd0fd74e849625240d5078dd
Album186119,spotify,ab67616d0000b2730fb1ed21a708cbd85c1467dd
Album15414239,deezer,5e4c2666efe50bf1699decb7b2d4ffe4
Album308627,spotify,ab67616d0000b27339b064b48415fbc3bfac1357
Album117269,deezer,8cdbc0175328a5ad9f5bf6208fcfc934
Album17617,spotify,ab67616d0000b273cd6e36eb15bf28dae2636805
Album727,spotify,ab67616d0000b273c72c9449af141251f4bcc9e7
Album155815,spotify,ab67616d0000b27352842eb76a050aa8daec1251
Album317668,spotify,ab67616d0000b273580f1cb344a324fc6fcca42a
Album16894,spotify,ab67616d0000b273820cc8106454cd428c2c80d2
Album16127235,spotify,ab67616d0000b2731d3d2e68f0fef63a3b3a54ed
Album1983372,spotify,ab67616d0000b2730e3d70f31959ce8d1dad1551
Album358112,spotify,ab67616d0000b27362f0f15dfc1cec391dfe577c
Album10124949,spotify,ab67616d0000b273112fc9bd5fad8b48ea542258
Album123407,spotify,ab67616d0000b27365716918209ccc6bac2af278
Album13718004,spotify,ab67616d0000b273357b1f848cf2a05d21e77db4
Album483861,spotify,ab67616d0000b273c9440d077157c91f30a58fb7
Album2484178,spotify,ab67616d0000b273095beb75223728daf5005aa1
Album2245353,bandcamp,3072502112
Album1198700,spotify,ab67616d0000b27362c1f3370811c52ae2d26d24
Album115997,spotify,ab67616d0000b2731e5ec25bb09eac0adee001fd
Album15330,spotify,ab67616d0000b273d87c31856b5fff6a08542d8b
Album5569565,spotify,ab67616d0000b2737ed20e60b6f109ca8144b96f
Album16950502,spotify,ab67616d0000b2732717b7e6ab7a16233feddb1d
Album205223,spotify,ab67616d0000b2734a4e4ccd6aa9b7a74d6a59db
Album9373275,spotify,ab67616d0000b27380d8a81e97f8f33dfe7fab51
Album27871,youtube,nul3A0pS_oc
Album163416,spotify,ab67616d0000b273c9c338f9a6e31c1374464880
Album10343078,spotify,ab67616d0000b27336c663196e968a1f8b7d6842
Album226677,spotify,ab67616d0000b273ed5895a408002ae76e57aabf
Album16415,spotify,ab67616d0000b273105707ee453208f9635eb5a6
Album2839749,spotify,ab67616d0000b2738b36a5c41fd2507131185b98
Album15033408,spotify,ab67616d0000b27372f48f1e2e04cc76d06ee708
Album12299,spotify,ab67616d0000b2736c6c32c8bf48f2217c5a3933
Album1530295,youtube,KJQppKI28FY
Album152134,spotify,ab67616d0000b273b4ce9aefd180fc948a8a62f0
Album892791,youtube,zQXohAyTV0Q
Album148418,spotify,ab67616d0000b2738d1a6d32fc6adb8c8a1e7c82
Album16544979,spotify,ab67616d0000b273e098f51a1a2ebb827dc6099a
Album10165387,spotify,ab67616d0000b273a88506a79154f72520a68662
Album17041318,spotify,ab67616d0000b2731a8fbe0101aa97b009750f34
Album8462430,youtube,oNFnwGL9ti4
Album60911,youtube,AQm5wxT7BGM
Album16647069,spotify,ab67616d0000b273a760141baa253a10123a1c74
Album138764,spotify,ab67616d0000b2737ac73d6e3eafceeca9be91af
Album77929,spotify,ab67616d0000b2735571edf29c93bdf13e0c2d95
Album16052060,spotify,ab67616d0000b27354dde2aba8ba85af6146aecb
Album15371285,youtube,YT1k1xdGaEY
Album4673,spotify,ab67616d0000b273cfdb7cd314092be1a677542c
Album186746,spotify,ab67616d0000b2733ccfbd47d071453416e3ab1d
Album12695,spotify,ab67616d0000b2732038290728f43bc950f8699c
Album112841,spotify,ab67616d0000b2734b5dcbfa6896af33e2f8b893
Album93518,spotify,ab67616d0000b2737b1eafe51e596dbed311030d
Album326335,spotify,ab67616d0000b27366408ada3c55c471feaaad16
Album416862,spotify,ab67616d0000b2734bccee14ca3902cc8363ca26
Album335892,spotify,ab67616d0000b273d44bef7573f409bfb9d71e2c
Album1506802,spotify,ab67616d0000b273545c81b2aa75f16e68e8d3a6
Album1140770,spotify,ab67616d0000b273069c6d42a5b90d0b974b32fd
Album15119226,spotify,ab67616d0000b273f3a0088f5fc645693815c8ef
Album41482,spotify,ab67616d0000b27313bfe63ec910d4e3d1f667c5
Album193005,bandcamp,2708908175
Album5952792,bandcamp,0118302740
Album310108,spotify,ab67616d0000b2736e86804fc6590df49b1df414
Album3311136,youtube,jekBEMoZN4I
Album58962,spotify,ab67616d0000b273499040d0b899af4cf9e774c0
Album80874,spotify,ab67616d0000b2731448ae1b6b43e18b0ea7215d
Album555253,youtube,HSrZxSw8Akw
Album474000,spotify,ab67616d0000b27397fce3d4f354e0845a407946
Album4312120,spotify,ab67616d0000b27306185642181535ca852678a3
Album38,spotify,ab67616d0000b2736fe1197aff029950ee2209ea
Album2562385,spotify,ab67616d0000b273e45429960f838f817227516a
Album11448771,youtube,YJRzRzt9iNI
Album825478,spotify,ab67616d0000b27341eceb4269137339df94de1a
Album581092,spotify,ab67616d0000b27327b6b184fd4078a2ee41845d
Album13395,youtube,fUSGujidgns
Album195629,bandcamp,0664088066
Album5611899,spotify,ab67616d0000b2737e1aa17b7ea57fed57f7ad9e
Album117808,spotify,ab67616d0000b2733bd500c4db16b87a1a638742
Album2409,spotify,ab67616d0000b27349b5b0e43ad82f8b6d0379e4
Album15044117,spotify,ab67616d0000b27368cd132c36f586bffb1cc70c
Album1786444,apple,Music4/v4/09/45/5c/09455cee-aa85-2182-a5df-cd873fb5d081/ARB157DI.jpg
Album14218017,spotify,ab67616d0000b273f0d7c2b2353888a0a706dfcb
Album116908,spotify,ab67616d0000b27392afb3c3ca54b5569f964a3e
Album51297,spotify,ab67616d0000b2730f15b554e5c84f525f49b14a
Album421430,spotify,ab67616d0000b2733fbcac7fc998048924de6513
Album15475847,bandcamp,3650408868
Album719103,spotify,ab67616d0000b273bb060795cce9b57945805743
Album4004344,spotify,ab67616d0000b273239eb11a0118b6d1ef753834
Album24032,spotify,ab67616d0000b2733b5ad8b3f780523376b2f9b4
Album349194,spotify,ab67616d0000b273291ebd29aed981772a79afa6
Album14233,spotify,ab67616d0000b2730f9686786387fe33b29b83e6
Album17141221,spotify,ab67616d0000b273f2040bc37574c3f96727befd
Album1205413,spotify,ab67616d0000b273b3c352ebac877157ad25647e
Album3317148,spotify,ab67616d0000b273ca1983c0b81f7011ffbc68ea
Album2737205,spotify,ab67616d0000b2734ec97d1d2e539b11363f3a25
Album37286,spotify,ab67616d0000b2734aa8fb1e62716abce84fda95
Album5116106,spotify,ab67616d0000b2733f7f5ac547d2b4991df123b8
Album49490,spotify,ab67616d0000b27324e47e7e7288b4e91f3addcd
Album44662,spotify,ab67616d0000b2737cead6929ab46adc21869cdf
Album116700,spotify,ab67616d0000b2736dc0d8a735626e40a02eb7ca
Album14962453,spotify,ab67616d0000b273f971b075d12fe617696c6f7c
Album6106747,youtube,MGI8Ta6rZKo
Album7343805,spotify,ab67616d0000b27367d92cc9eb4c827159b47ccd
Album10529094,spotify,ab67616d0000b273980b7ca45915f07662de07af
Album15301295,spotify,ab67616d0000b27328db6fd2765813fc31cd21e8
Album15402288,spotify,ab67616d0000b273fd1f3793272813550014c110
Album16168278,spotify,ab67616d0000b273e2a0a166493a2bde5480a420
Album15154120,spotify,ab67616d0000b27386dbae5c41fc2b87cb08760d
Album46373,spotify,ab67616d0000b27346c05a5f63cc9e4405f48961
Album55075,spotify,ab67616d0000b273a9c5682d2a60fa7fdf8b149e
Album9615203,bandcamp,2653047498
Album34347,spotify,ab67616d0000b273f5a28b95d4ee02bc70edffe4
Album79920,spotify,ab67616d0000b273de1f10b33962dca4164bddb6
Album5756437,spotify,ab67616d0000b273e890f2027f801b1386d91d1e
Album237207,spotify,ab67616d0000b273a8e18c3ddd1545fa731ccf91
Album244943,spotify,ab67616d0000b273adfec9dc7988eb699cfb1590
Album184270,spotify,ab67616d0000b273d096ec11bcb930881c048f80
Album5359375,spotify,ab67616d0000b273cf04914c2326b39eb63fa81b
Album202928,spotify,ab67616d0000b27304df15bf2d36e676c0586468
Album12473116,spotify,ab67616d0000b273f0372ac6640c324a52fba9bb
Album3963595,spotify,ab67616d0000b2730f38ea3b0b59d4b59b4da2e6
Album19970,spotify,ab67616d0000b27384f6c8f917bcad99c517f5f3
Album9199605,spotify,ab67616d0000b2732333c6c0342bed3d62ff69a3
Album14139990,spotify,ab67616d0000b2739cdf4364acf7f863933bbb67
Album24014,spotify,ab67616d0000b273cbbc34888dc24063d2ce5713
Album155813,spotify,ab67616d0000b273a2ada1807eb576d7ad43b721
Album3561840,youtube,TsizWB6GK3Q
Album59160,spotify,ab67616d0000b273d218ed3b51e86e501b28472c
Album250514,spotify,ab67616d0000b27308b29fc194b2f3c4b38b5140
Album417966,spotify,ab67616d0000b27324aa9e3c2f00f0ae1b053c15
Album17048129,bandcamp,2420426303
Album71062,spotify,ab67616d0000b2730d24e60b241a28a1e7cd06c0
Album1070,spotify,ab67616d0000b273674ae98a9774ad6dae058a18
Album11695,spotify,ab67616d0000b273bafb928904f3e31d9b51c3c4
Album575962,spotify,ab67616d0000b273a30f1431e3eb615a2739e072
Album16645647,deezer,d8882c2241a028915df6374ae2d84c1b
Album326489,spotify,ab67616d0000b273f7641bdcd5a2dfcfbe2ac1b2
Album486480,spotify,ab67616d0000b273b0a06f74cfdd23da607c4aea
Album157992,spotify,ab67616d0000b2735fc993734dc881e3de9fd7ba
Album6058339,spotify,ab67616d0000b273f5c039e15a8c177829ce1252
Album698368,spotify,ab67616d0000b273521b56fffa86dd82f87d506f
Album40523,spotify,ab67616d0000b2733af5a521ef7bc1bd21585f9a
Album2647,apple,Music123/v4/d9/87/5c/d9875cb2-93fb-c5d4-0db1-220a75c3c803/781484802228.png
Album5934,spotify,ab67616d0000b273dd4242981e8b107b967754fc
Album8030513,spotify,ab67616d0000b27311f5f38824cdfb0a69c7fa07
Album3561,spotify,ab67616d0000b273e63518d50aff63f57d2b8ead
Album1215322,spotify,ab67616d0000b27344036a5c0d16b6ed97d28519
Album7603293,spotify,ab67616d0000b2733728967061e65556a753ccc0
Album4195721,spotify,ab67616d0000b273469988dc10b5be4347897c22
Album13782727,spotify,ab67616d0000b27382f48dd3f7ec1b908bb9a76a
Album5841,spotify,ab67616d0000b273c143ce89d772f6d458fe6a95
Album337197,spotify,ab67616d0000b273db7400788f8ef7f89a098d26
Album3677322,spotify,ab67616d0000b2730b19485ea5a7320a33a2a44a
Album21121,youtube,xW7lrDo9T2Q
Album2711093,spotify,ab67616d0000b2739ea97ab64d0db009825d98e7
Album16909219,spotify,ab67616d0000b27347461e5cbcae6db7207e4e26
Album6449880,spotify,ab67616d0000b2731177117edbacace0239da72b
Album20236,spotify,ab67616d0000b273ebb7f335e204d0147aade86c
Album37240,spotify,ab67616d0000b273c8749745f6134b4afeb2b741
Album762283,spotify,ab67616d0000b273be39b6ab79834bbcb4ac905d
Album629811,spotify,ab67616d0000b273c5b3c706bd096e30484b5365
Album23934,spotify,ab67616d0000b273c10d2695bb909cb0010b186a
Album8817339,spotify,ab67616d0000b273c940c89cfdf77e3e1aea2e89
Album473550,spotify,ab67616d0000b273863dafe9adf287acd6c31f7b
Album798742,youtube,ufwiawIz990
Album12682452,spotify,ab67616d0000b27318d184575f95af77e66411e3
Album16632189,spotify,ab67616d0000b2739bee596da8e3f67a3ce6e7d7
Album149845,spotify,ab67616d0000b273194a94c075afe5cc096e6e60
Album765725,youtube,ucYhYPFWEbw
Album5606317,youtube,E5PXYehriYY
Album54170,spotify,ab67616d0000b2738cab16ea4a5d763f94cace0e
Album8129176,spotify,ab67616d0000b2739a283d61746fc5fef104732b
Album7233131,bandcamp,3871067359
Album7554801,spotify,ab67616d0000b27326754b34e5949bc7316a4339
Album24697,spotify,ab67616d0000b273a2ec3791d9fd51ad343cc885
Album37467,spotify,ab67616d0000b273968feee264e635d09ebf8b5c
Album8072900,spotify,ab67616d0000b273ba9a72a3aba612b6df6a5ec3
Album1514044,spotify,ab67616d0000b27382a22859700f04e42265ed96
Album6819437,bandcamp,2745026709
Album2788520,spotify,ab67616d0000b273a8010586047480fa14641ab6
Album59276,spotify,ab67616d0000b273bdd73d6166784e5898879090
Album44821,spotify,ab67616d0000b27344e6f97f07295760d3be9a2b
Album8759989,spotify,ab67616d0000b273c7c2f72c0600a8ebd7282efd
Album337533,spotify,ab67616d0000b27356c7b6d25ebfa1b6178584e4
Album2456994,spotify,ab67616d0000b273e446f33b170dec2dc87b49f3
Album361118,spotify,ab67616d0000b2731075f281ba0e414b08c82ab8
Album38285,spotify,ab67616d0000b2738b2238ebc2b233ba73b8c4ca
Album357609,spotify,ab67616d0000b273bfe8ddba329fdac63932e1a2
Album499439,spotify,ab67616d0000b2734b555393188a0bdcc204faac
Album522879,bandcamp,2710005323
Album145386,spotify,ab67616d0000b2731ea140e6fffb5a1f632b7289
Album169628,youtube,hoMwVrNT2Cs
Album10392899,deezer,3728ca928936b7c1559c248a2c81394f
Album7404174,spotify,ab67616d0000b2733df9bf13a1d0f11d50f0867f
Album12696,spotify,ab67616d0000b273ab587f04b1c388cc551087af
Album16538414,spotify,ab67616d0000b273754e99af1b9671f2040da881
Album197349,spotify,ab67616d0000b273a23a67a2375007be6f3d9b4f
Album17575,spotify,ab67616d0000b273c886efe0f0e719b057e09924
Album319807,bandcamp,2051530979
Album394025,spotify,ab67616d0000b273ca242582269661c80f8be495
Album378192,spotify,ab67616d0000b273471ee62c441f6df5cd3d7b19
Album8370447,spotify,ab67616d0000b2737513c4956ea5552caf02eab6
Album17128872,spotify,ab67616d0000b27352596a34b1f7d17b7decf9d4
Album1300142,spotify,ab67616d0000b2730f6fe8a610f2e1d565468d55
Album1105883,spotify,ab67616d0000b273e7398feda9c9a7a708a80c7e
Album246300,spotify,ab67616d0000b273714e3e65bc3ae745db4a35be
Album256079,spotify,ab67616d0000b2737a4f8a9cdccd886afa54641a
Album30803,spotify,ab67616d0000b273e77d4fe07e8d99348c9af0be
Album191097,youtube,wrTLIFYPFus
Album9446198,youtube,HMvsr_HGzsI
Album40334,spotify,ab67616d0000b27333c2442b88e737e3b467d5ff
Album3638658,spotify,ab67616d0000b273906dcf534b7b3758b279748c
Album143164,bandcamp,3879690398
Album14904174,deezer,5dfd48b7cd14c890665ca11febae5a5e
Album2460792,spotify,ab67616d0000b273a4334e969cdfa2db48b9dd0e
Album123436,bandcamp,4232739821
Album8503028,spotify,ab67616d0000b2735348f072ee4224bf79062f04
Album440936,spotify,ab67616d0000b273fc6ca0161c89a279cf1d2a0e
Album5339438,spotify,ab67616d0000b273002a9043bf1e4c11126e30c9
Album1430376,spotify,ab67616d0000b2739250b6a7ecd55594c9cfa9af
Album584935,spotify,ab67616d0000b273598b402e5412d8ae3cbc516a
Album2129735,spotify,ab67616d0000b2731ca3933c6638aeffb9d58277
Album489381,spotify,ab67616d0000b2736c0114667e860cd88bec61e3
Album15922477,deezer,41a8a222a73f39c7ff19db5efa43a5af
Album15815,spotify,ab67616d0000b2738dfb27561e44e40dc2b539c2
Album13689222,spotify,ab67616d0000b27326279b9515b543980f285a64
Album14012000,spotify,ab67616d0000b273a7dfd0935a7e4db204d2cff9
Album151141,spotify,ab67616d0000b2734edab77ee9dc34ab1a5b9250
Album7559263,spotify,ab67616d0000b273598142e7eef56d543ec8f922
Album10745676,spotify,ab67616d0000b273f8868448e243749778d8a90e
Album436264,youtube,ZcaGMf92nK0
Album2026,spotify,ab67616d0000b2730c12ef918102b8d303dc9e9b
Album1154,spotify,ab67616d0000b27377b9f7b0a2ac5f99ea5f230b
Album41604,apple,Music/v4/86/49/46/86494676-541d-4684-c17e-5b02aeb9caee/cover.jpg
Album1017031,spotify,ab67616d0000b273727532f0161bbe9c543e8aa0
Album36041,spotify,ab67616d0000b2739e8e0df48ff95de8d014f0b1
Album7385,spotify,ab67616d0000b273a786ad0992cfe0b2719729bf
Album376858,spotify,ab67616d0000b27387c509064262ec5b2f5180b8
Album4205,spotify,ab67616d0000b273e0698bd5fb1b4140d36010ff
Album44770,spotify,ab67616d0000b2734f81abbeceda77792357c5eb
Album978099,spotify,ab67616d0000b2736a3d58eed2dbaa608186ef20
Album537955,spotify,ab67616d0000b2737f1e7fd63a6debe99b08b9f1
Album253186,spotify,ab67616d0000b273e031ea1f9fe990ccf5f51653
Album891106,spotify,ab67616d0000b273b23dfc3cfcb7a3fa4c0fee92
Album3435162,spotify,ab67616d0000b273d0aebc022c698c854af53e71
Album7485295,spotify,ab67616d0000b273b5c2e08199c1d30bce73bfbd
Album4831378,spotify,ab67616d0000b27388d6553a7e1002341f8cbd7f
Album4964649,spotify,ab67616d0000b273f782f5b9c6c419e4fd261175
Album2335756,spotify,ab67616d0000b273c2443100ff897653127a5d09
Album503021,spotify,ab67616d0000b273a2a703e2f8f6af5e55c086dc
Album4621,spotify,ab67616d0000b2733c5b065922d8b4de6e052f15
Album105597,spotify,ab67616d0000b27356fd333b991827ebb9aea812
Album347846,spotify,ab67616d0000b273b6b72f52f901659a12749276
Album893485,spotify,ab67616d0000b273ea4209b1478cec33489e8238
Album71716,spotify,ab67616d0000b2733b64fee49e5484a754fded28
Album497316,bandcamp,1684767312
Album3367081,spotify,ab67616d0000b273267ded47c87624c56c0a6ff2
Album14086529,bandcamp,0723068807
Album398165,spotify,ab67616d0000b2735343dee0951b607820debc1b
Album119628,spotify,ab67616d0000b273e904a99a24bc4c85a558007a
Album785228,spotify,ab67616d0000b2736e5d2bbe273f958595708a5d
Album14077957,spotify,ab67616d0000b27374f96ba538f3f80b581355f9
Album9797,spotify,ab67616d0000b273cfbdfdf5c3c1a4e31fd374c4
Album8996,spotify,ab67616d0000b2735fa16be5bb30a1c31ff79f73
Album282739,spotify,ab67616d0000b2735d94268e054c9f92055b8d61
Album4934447,spotify,ab67616d0000b2735169f90e91124782de0e290e
Album99764,spotify,ab67616d0000b2730bc8901ceb354e55727bfc20
Album14534085,spotify,ab67616d0000b2732ec61579b320d2f6cb79f39d
Album32943,spotify,ab67616d0000b2734a052eb99016022b282fb960
Album3952959,youtube,Xu1fLbGcuHE
Album212965,spotify,ab67616d0000b273477aa29b9c228b3e831eb153
Album14996430,spotify,ab67616d0000b273acd28a9526af107157d8ea90
Album12602877,spotify,ab67616d0000b2731813a4d0d7e809c49f04be3c
Album2395470,spotify,ab67616d0000b273176790ea241cfe13fe7537f3
Album1807353,spotify,ab67616d0000b273e2d37b6eff46fe8ba056fbbe
Album204628,apple,Music124/v4/c2/1a/75/c21a75c9-77a0-c3e0-a23c-6dd0cff4bae8/s06.ufrqkoag.jpg
Album10478061,spotify,ab67616d0000b2730acd61da95a6d718bf0fc853
Album31366,spotify,ab67616d0000b2734d12a80a2d93dbccff55b8eb
Album9354850,spotify,ab67616d0000b273582e1b13cacd9fddc66f4491
Album1022470,spotify,ab67616d0000b2738e9c9f768b84562d9a98a6d7
Album27006,spotify,ab67616d0000b273ff633fecb1fcc36baea2c452
Album16061206,spotify,ab67616d0000b273ff7852267d6cd0682cd68d01
Album1838131,spotify,ab67616d0000b273325fbc7e5c11de6503eb54a5
Album416417,spotify,ab67616d0000b2739a7c2dc160d88b87ac063b01
Album24030,spotify,ab67616d0000b273019290b3d41497eb46e9bd67
Album32693,spotify,ab67616d0000b2731de9775f4588c83f686ece32
Album3185042,spotify,ab67616d0000b2731716ea627bc080c027a353c7
Album40973,spotify,ab67616d0000b27365a674493604a5702b4e67c9
Album74121,spotify,ab67616d0000b2738722f845fed0f77cf80fc07a
Album427138,spotify,ab67616d0000b273720a1c982cbfc7d2e43052e0
Album798598,spotify,ab67616d0000b273456e4f0c871bca7db03c49ab
Album431146,youtube,UQBIS1ViH0o
Album16186089,spotify,ab67616d0000b273af0c67720c75d05708d4a558
Album14338522,spotify,ab67616d0000b273e490759b4b93dea36d695a0d
Album33009,spotify,ab67616d0000b273b5d4374a23ae05bbc834f78d
Album10184459,spotify,ab67616d0000b273e283123387ef2527886101fb
Album16724705,spotify,ab67616d0000b27393ee2e2f2dfb7de9befcc164
Album1293934,spotify,ab67616d0000b273c99d177109481ee6a477f82d
Album617819,youtube,Qg5NM1jLr5A
Album1168690,bandcamp,1241078213
Album225142,spotify,ab67616d0000b273c5ba65ef4043539374a3de16
Album61160,spotify,ab67616d0000b273fae2f68537d97c26626b77dc
Album712922,spotify,ab67616d0000b273d92f436ec645284d4316e4c3
Album132819,spotify,ab67616d0000b273faaf69123e5f46f03087462f
Album939556,spotify,ab67616d0000b2736331e9d175dea9eca49ba561
Album510188,spotify,ab67616d0000b273ef6835ca14b80ae04fa8e49f
Album16262861,bandcamp,1671683631
Album9126496,spotify,ab67616d0000b273db618155ed64fe910caf4062
Album901578,spotify,ab67616d0000b2733e45c39d0e752a728be2b24d
Album7707,spotify,ab67616d0000b273cdd1aabdf50a42ca4556d31d
Album321185,spotify,ab67616d0000b27309f9c70bd94c44e4fbf75259
Album15231367,youtube,T7BrQL8-TKI
Album6846105,spotify,ab67616d0000b273d0120b0b3cf3ddf1bf8f1f06
Album3145564,spotify,ab67616d0000b273f9658d4a905d565b55cb87d6
Album13056,spotify,ab67616d0000b2734dcfeb858a28bbe4c1e5e6ee
Album6628851,spotify,ab67616d0000b273f17d430d224b7553fe5a2ae1
Album40371,spotify,ab67616d0000b273379023ee54719df0d63e8185
Album304534,youtube,IjbT_pR-qsM
Album392386,spotify,ab67616d0000b27337d508b55a3826e624d102cc
Album2514574,bandcamp,2914075224
Album2480088,bandcamp,0630970517
Album4449298,spotify,ab67616d0000b27398cef4347c2a63acbb7268f6
Album9242758,spotify,ab67616d0000b27314a99b6cf89499f1c4ca200c
Album187089,spotify,ab67616d0000b2736dc0690b95c658b058e8805c
Album413655,spotify,ab67616d0000b273f95204e4fba07df80634eaad
Album412941,spotify,ab67616d0000b2736d96bf520c68beb1847d794f
Album1016987,spotify,ab67616d0000b273e8353d85dc4cee07c6cfef5d
Album141819,spotify,ab67616d0000b273b29ef87b688f10bd6ba439f8
Album7501211,spotify,ab67616d0000b273678b39cef7ed1f1c817889cf
Album724204,spotify,ab67616d0000b273f3f98a3f61bcd766d5763822
Album67197,spotify,ab67616d0000b273d5d620743853b7a82aa863db
Album274144,bandcamp,1070634607
Album3396980,spotify,ab67616d0000b27357600819d0b814f135a3937e
Album8135740,spotify,ab67616d0000b2737ba7b4d23c717f3211717946
Album15357206,spotify,ab67616d0000b27316025492336e8584d8b77768
Album83145,spotify,ab67616d0000b27338e036dca388c6512b2f4bec
Album85557,spotify,ab67616d0000b2739b082d00e7ec740867a9906b
Album4487959,spotify,ab67616d0000b273b62fcf8bfa0f4b32db1d1c25
Album10544,spotify,ab67616d0000b273f88f3e4e78fcb879bc214ee9
Album27991,spotify,ab67616d0000b273c91a77503e17636799b327e4
Album1039312,apple,Music124/v4/1b/38/b2/1b38b271-832e-097c-144e-22a978959874/jacket_SRXX01041B00Z_550.jpg
Album111313,spotify,ab67616d0000b27350d499bc45370b1606253b07
Album14994238,youtube,OzldqENNDPQ
Album384026,spotify,ab67616d0000b2733ee9a09c327e80b3f67ac003
Album63042,spotify,ab67616d0000b27347940aceba87dcdd90a363c9
Album13113853,bandcamp,3446285305
Album101818,spotify,ab67616d0000b273dbca9bf653d2831bec896667
Album418077,spotify,ab67616d0000b2731646954e45b1b8e89c74be54
Album5381520,spotify,ab67616d0000b273ce93b2fc719ae92dacec2b4b
Album15958735,spotify,ab67616d0000b273a418a2de48cddb00f761af20
Album1080157,youtube,qwS3h8-zF18
Album75561,spotify,ab67616d0000b273cb74bf56d79d894ed40b6535
Album4281,youtube,zHiU7aF-f_Q
Album230221,spotify,ab67616d0000b273c8f7c8f061c36721d6fb10e8
Album937868,spotify,ab67616d0000b273e1e9a263da13acceebc9bfad
Album226743,spotify,ab67616d0000b273b31037df90f2cec7ee0b67b0
Album373935,spotify,ab67616d0000b273f0f7aedbc6b0a9f1e46ad467
Album1258929,spotify,ab67616d0000b2738b659676d55a8285137feb07
Album16621661,spotify,ab67616d0000b2732c700c64cffdee30cdd40031
Album5631188,spotify,ab67616d0000b27365d0f9ea6722f503b33e93f0
Album1425010,youtube,k7frd2ZxPoY
Album264715,spotify,ab67616d0000b2734d08fcd219b734ddd1bfe7c8
Album4241209,spotify,ab67616d0000b27357e94e547a4b90b56a35226d
Album18712,youtube,98NwVTXP4nY
Album47778,spotify,ab67616d0000b273c47a3afca8da1a09c89d15d3
Album15932154,spotify,ab67616d0000b273e17b5409694535a6c7c237cc
Album6778268,spotify,ab67616d0000b2733b4943d01061c8571be061ed
Album951109,spotify,ab67616d0000b273b3ae6527f8ccd0634110d147
Album49168,spotify,ab67616d0000b273d3dbbf18d791831eaa413c7b
Album8075199,spotify,ab67616d0000b2736fc9f271e9aaabf478e83c40
Album5756831,spotify,ab67616d0000b2738b68d772e75d4f280cea0ef0
Album138639,spotify,ab67616d0000b27304579f9899e4644b3636f0c5
Album2374962,spotify,ab67616d0000b273049cec9752c1db1e91dcf331
Album130932,spotify,ab67616d0000b273bed12022622de472046cf11d
Album10382,spotify,ab67616d0000b273e6c86b92f9af0e4e2857bc5d
Album6649377,spotify,ab67616d0000b2737e9a535fa10fcf9bc311b3f4
Album112941,spotify,ab67616d0000b2738410c31cadac5a13660b9fcc
Album6176139,deezer,dce41c9bfeafdba6257626e4e1e7e50c
Album20144,spotify,ab67616d0000b273a0fc6fd292bab2be473cbabe
Album1975767,spotify,ab67616d0000b2732cb4ede1784aa6c60b34fa69
Album13458474,spotify,ab67616d0000b273a05602ee5ccec8ee2308a500
Album3604599,spotify,ab67616d0000b273844c90e85b366918627945c9
Album1500278,spotify,ab67616d0000b273bc8da93413326c6cc8f4a7ae
Album5359356,spotify,ab67616d0000b273b549ebe54710bf7796514bd1
Album177439,spotify,ab67616d0000b2731323ca1d3d95498b17700810
Album24479,spotify,ab67616d0000b2732d201dac2324fe7dc63f6476
Album275056,spotify,ab67616d0000b2738809f279de9578459993e8f6
Album8683,spotify,ab67616d0000b273a0292c98efda007877b76d04
Album19814,spotify,ab67616d0000b273127dbaf56b6fdfedf9cd147d
Album692173,spotify,ab67616d0000b2737237ac30579fb13cc5579122
Album97396,spotify,ab67616d0000b2737efb235509a7bb2b5273e6d0
Album3710080,spotify,ab67616d0000b273ae12b15f6e150833b0772848
Album5089,youtube,xuz45D3cDL4
Album3081259,spotify,ab67616d0000b273b2253181392e7bc5ce8c567a
Album80296,spotify,ab67616d0000b273b2aff7d0244ca969b8545d19
Album67198,spotify,ab67616d0000b273bc70324fffde595389b7ed03
Album631526,spotify,ab67616d0000b273fcbea022796388e43c2c6a8a
Album133331,spotify,ab67616d0000b273d9cdef76896a96821c47a6f7
Album411206,spotify,ab67616d0000b27399e60198d20bd0a2ab2900a7
Album157993,apple,Music116/v4/7d/c5/f5/7dc5f598-7195-6e7b-b19f-d7117463760d/3545020049860.png
Album9211168,bandcamp,2001939837
Album456578,spotify,ab67616d0000b273811ae6c67c90855adaebf4ea
Album1895487,spotify,ab67616d0000b2731cea9f9516762f80226ac691
Album428221,spotify,ab67616d0000b273f950c77414125152a879b15e
Album15535103,bandcamp,4030948520
Album53578,spotify,ab67616d0000b273881b27cb9444c898d6a19004
Album1243,spotify,ab67616d0000b27340f8e560e743f9b5d382c0af
Album44253,spotify,ab67616d0000b273ba9cf089b86574adde8ec2f4
Album40227,spotify,ab67616d0000b273e36e8aaf6e0b1228694d61f4
Album30143,spotify,ab67616d0000b273152969cebc6dfe0fb756fe0f
Album25807,spotify,ab67616d0000b27399ca6bde261f339365a73c8d
Album195606,bandcamp,1886086356
Album283399,spotify,ab67616d0000b2735402e496ff4f4fe1cb3f8eb8
Album283331,spotify,ab67616d0000b2736e8841c8c1007c0d2f37c605
Album456819,spotify,ab67616d0000b2736fcce5ac439417c748219076
Album853,spotify,ab67616d0000b273d41fe522eb831585988e6150
Album149598,spotify,ab67616d0000b2737c2d0e0e53162d38db214956
Album173055,deezer,7522c1a216afbce51ec12b3c34fc4631
Album384061,spotify,ab67616d0000b273df3f8fd1d8e59db737afc889
Album191165,spotify,ab67616d0000b2738e5f244489fc92836ec8fb14
Album480947,spotify,ab67616d0000b273906b2e5d11cef03ba171dd18
Album419524,spotify,ab67616d0000b273ea61c8b840cea0a146aa78a9
Album9525868,spotify,ab67616d0000b273d8341cea04c25287af7b2ecf
Album16507684,bandcamp,3250560114
Album490465,spotify,ab67616d0000b2735c8ad3fe084f5885fff30c68
Album14084729,spotify,ab67616d0000b273f3e77e5cbaee401f80e4e49f
Album9527161,youtube,9ZTPn5u5gdM
Album2756634,spotify,ab67616d0000b2735e3b125f515c44cb900c807e
Album7735045,youtube,kawmncUl3yg
Album14286054,spotify,ab67616d0000b273130fad2aec1c9c9763968d97
Album825448,spotify,ab67616d0000b273ce7b647fbb4e137ba39ad271
Album4355,spotify,ab67616d0000b27357bed6233090af852342b66c
Album516879,spotify,ab67616d0000b2737bd49524d74cb6f0c020508f
Album15133,spotify,ab67616d0000b2736ab8341cc23bc517297e94a8
Album1656627,youtube,4f_opE_lSdU
Album164787,spotify,ab67616d0000b273f62b04957124e35da5753f5d
Album591309,youtube,IzIrUszUEqs
Album7753,spotify,ab67616d0000b273f48a71b40a14122257dcd819
Album7814,spotify,ab67616d0000b273757600a376eb39dbfe95e724
Album40225,spotify,ab67616d0000b273debc6915d4dd137645082b9d
Album153050,spotify,ab67616d0000b273bf02a9c23186eb70bfee8573
Album68630,spotify,ab67616d0000b273825b940e911ca8edcfa9b7e4
Album3433,spotify,ab67616d0000b273d3445594f278088bc3061be0
Album1495461,spotify,ab67616d0000b2735e5638b22f4418b31d64600a
Album661663,spotify,ab67616d0000b273bb27ed07e50dfdd38a4e73bb
Album577767,youtube,3QEa2g-sa6I
Album11821,spotify,ab67616d0000b273f4230685fede8504e414b21a
Album1968210,spotify,ab67616d0000b27315fa3eef100bcd0f1242fdcf
Album13817042,spotify,ab67616d0000b273c18ec1e24135a52c45c96ca1
Album617991,spotify,ab67616d0000b27321acf7fbe6cfd68860648ae3
Album8393752,spotify,ab67616d0000b273a7a8fc35f4dc366e948e2b02
Album38529,spotify,ab67616d0000b2735ecd1e0975b02ddb11a06df4
Album249580,spotify,ab67616d0000b273ff96c76871685c818848d4e9
Album16104678,spotify,ab67616d0000b273084a94988541c2402615d014
Album934,spotify,ab67616d0000b273053f006079bce979e5fef1e1
Album16797147,spotify,ab67616d0000b27304d18a0910851815ea0ba6c5
Album27768,spotify,ab67616d0000b273595073f082a907d87a59c9ea
Album431977,spotify,ab67616d0000b273c8f3954606f548b645cb9a1c
Album15751,spotify,ab67616d0000b2733fadbe3cdd5f652a804b81ab
Album394703,spotify,ab67616d0000b273b60a02d1c6847f91618ba0f9
Album3631116,apple,Music4/v4/6c/e5/60/6ce56073-6c3c-f1c2-71fb-b67cf5a0524e/859711583056_cover.tif
Album273703,spotify,ab67616d0000b273f8a7176ad4a3054aad8ee4d5
Album16740382,spotify,ab67616d0000b2734a7a088b75e04928b1016522
Album433136,spotify,ab67616d0000b27341639496e45d2119447e912e
Album7653191,spotify,ab67616d0000b273db1861fd7975106f2d146f08
Album617990,spotify,ab67616d0000b273ee0cbf2631ec87172fe65059
Album82447,spotify,ab67616d0000b27372cc5cd7d3b8f76e0d748a3d
Album355788,spotify,ab67616d0000b27387ad3dcba30bb4f574d0abf5
Album943474,spotify,ab67616d0000b2735931d7b0b954f68a6548fab9
Album1104303,spotify,ab67616d0000b273ae843a9850a7c3a6c18fe9ec
Album698040,youtube,8O1lhPELaG0
Album2128287,bandcamp,0302691865
Album14393977,spotify,ab67616d0000b27343bf77561a50a9408d3c2a96
Album100372,spotify,ab67616d0000b273e399a8dabde8a38e4a6d3780
Album330876,spotify,ab67616d0000b273d2ca535155e882ce82de1feb
Album401400,spotify,ab67616d0000b27331e1829c258a3f31be2fb6d2
Album18288,spotify,ab67616d0000b27386f744ce16c45aa005d84fb6
Album5803343,spotify,ab67616d0000b273307937c611e642d8c5008937
Album15248,spotify,ab67616d0000b2731059111d2f24e56772a9562a
Album117766,spotify,ab67616d0000b27302210b71769e9f0ecad5ff03
Album422356,spotify,ab67616d0000b2733e03c1b26e945e00a100865f
Album4508166,youtube,I8jfCs7p_Kc
Album453248,spotify,ab67616d0000b273e29093ecc95bb76f970f70fb
Album402891,spotify,ab67616d0000b2735df5b59ec1d02aba27811da8
Album15922568,spotify,ab67616d0000b273b18fae872e1700b83e72a15b
Album15735934,spotify,ab67616d0000b27340147797914bbfba4abb6c5c
Album15302908,spotify,ab67616d0000b273f2f78fdf667745983bb565a8
Album2828068,spotify,ab67616d0000b273f5681f1d8298280bfe1a18bf
Album165187,spotify,ab67616d0000b273125da8f58819cdf04a40eb04
Album1254776,spotify,ab67616d0000b27390e4842f262f4757635c704d
Album332222,spotify,ab67616d0000b273196117d328b70412c84021ea
Album159074,spotify,ab67616d0000b273d238e6b716d2ee82bb7e73da
Album1584153,spotify,ab67616d0000b27303b7c9cc4c5268f1f5297c44
Album1342772,spotify,ab67616d0000b273c16c874cfa74bd800df592c1
Album15725947,bandcamp,3014352377
Album13748432,spotify,ab67616d0000b2739e05990ab5ee2bb6a0b6852e
Album114635,spotify,ab67616d0000b27333044b0202e5b327cb88f3c2
Album229247,spotify,ab67616d0000b273520c28b9fec642c5bcfe6c41
Album3375188,spotify,ab67616d0000b273f6ab692db6fda69f1ee7325d
Album171981,spotify,ab67616d0000b2732242f782c3f5583591424651
Album14767127,spotify,ab67616d0000b27382e6573afb9dc64e1741050f
Album2385221,spotify,ab67616d0000b273a38f4c1b8f53a2f792ffb561
Album81021,spotify,ab67616d0000b27394e482eb4550bebed9f9b524
Album7265195,spotify,ab67616d0000b2737a1ddff062a4eb74d2fd0d33
Album14885487,spotify,ab67616d0000b273553f3880176e37560eb6f88f
Album218217,spotify,ab67616d0000b27321b7b39f5f80dbbbcd681e3a
Album13592,spotify,ab67616d0000b273552c49cafc3b9d91b0ab32ae
Album2507581,youtube,YRovtLBF5Ps
Album159073,spotify,ab67616d0000b273ab1c51261aeb957acabe88c9
Album1116704,spotify,ab67616d0000b27386b20fbca1643d61e8859281
Album225366,youtube,_HsWDA28hLE
Album611333,spotify,ab67616d0000b2739e2ee26c6c069d8afc688f33
Album5799724,spotify,ab67616d0000b273f489be3fe2d54e7a4a7c3c8d
Album893014,bandcamp,3351433630
Album3485914,spotify,ab67616d0000b273c6cccd5e29d19abd4d4891e9
Album284707,spotify,ab67616d0000b273266a21d311d612f6eb1d006e
Album197715,spotify,ab67616d0000b273ef27f03e0c59b668e4010d05
Album5811213,bandcamp,2150576308
Album1823228,spotify,ab67616d0000b273ee73055fa517328fa003949b
Album116896,spotify,ab67616d0000b2736b4b3055237bd6fbf606993f
Album8129170,spotify,ab67616d0000b273c1ae29bb5e7e53c17b4a4fd8
Album3360383,spotify,ab67616d0000b2734cc04c6825b8b90e24a5bbe3
Album50113,spotify,ab67616d0000b27305c0e76c7cd768e58491b349
Album44635,spotify,ab67616d0000b27355f74d4797a6f2f0dd2c7e7f
Album20103,spotify,ab67616d0000b273528dc2d3e31f07374a703bed
Album2945665,spotify,ab67616d0000b273fcdf7d0b11c9131ff6a74244
Album892911,spotify,ab67616d0000b273d65a0e85f935ed0f1c9ebf91
Album4645171,spotify,ab67616d0000b273130a8d906137dbbe21b1f87e
Album77968,spotify,ab67616d0000b273a8ff3f9fe5b57f2e0bfd9e05
Album2469121,spotify,ab67616d0000b273016d83c7f240423631364732
Album113306,spotify,ab67616d0000b27361d592ae584db49beac7215b
Album215666,youtube,IPhHcp4KD7M
Album15325413,spotify,ab67616d0000b2739907ee6953e058b292e2d73d
Album17703,youtube,oPI3n3J7BuE
Album16014764,spotify,ab67616d0000b27379723355097c84bf4b358303
Album15380788,spotify,ab67616d0000b273a3aa51a22f09990bad35633c
Album16391028,spotify,ab67616d0000b273a80e971581614f7b4a58e489
Album12126,spotify,ab67616d0000b2733df4b104a4d5f44f5f515bf7
Album168784,spotify,ab67616d0000b273e42d47126a49d56db3c9364c
Album34368,spotify,ab67616d0000b27398bb355ab0e5833724b48288
Album179269,spotify,ab67616d0000b27369e15ed73e1f42a7be18b8b1
Album15698488,spotify,ab67616d0000b273ffb55e7e9036d352382d4265
Album98007,spotify,ab67616d0000b273aea3b2487b85789b71bb920f
Album17674,spotify,ab67616d0000b2737c02f2da05cd8e5ae2a8f4f5
Album4297888,spotify,ab67616d0000b273eef2776f90838f4e1654fece
Album13215,spotify,ab67616d0000b273cca4a9128ae58440c667876f
Album9055221,spotify,ab67616d0000b27316a12d11913a5faf9ffd992a
Album2298150,spotify,ab67616d0000b273da8c8edb3f1857125c340ab3
Album424072,spotify,ab67616d0000b27333de19133a3157158ce6bfb1
Album63031,spotify,ab67616d0000b2736b77646cf7763f065918e66c
Album89427,spotify,ab67616d0000b273bab3edc61086b9dec4a1bbe0
Album1915602,spotify,ab67616d0000b2731a9333813f76d8fb4dd1a67e
Album1062256,spotify,ab67616d0000b273d0a8bfe18f25429d76886b1e
Album16571921,spotify,ab67616d0000b27352501e69190f5d7b6c9f7ab3
Album4743545,spotify,ab67616d0000b273d632858017314cb46e7b0845
Album16007895,spotify,ab67616d0000b273d8091ac43ad6534c65fb7d84
Album22763,spotify,ab67616d0000b273733041466e6683e091289282
Album681315,spotify,ab67616d0000b27359945e2cefd3681917d68da5
Album7053784,spotify,ab67616d0000b27359697c457987591bfc7aa6fa
Album86,spotify,ab67616d0000b273eea7601eb0d387852e48bdd3
Album9452913,apple,Music124/v4/3b/87/db/3b87db4b-62ac-826a-8b42-549e5374b9a7/mzi.wduafwus.tif
Album33184,spotify,ab67616d0000b273c5f86d67f8d8e7a1040f392d
Album273882,spotify,ab67616d0000b27329b5f0e6abe4afb5eb90be17
Album4213674,spotify,ab67616d0000b27310a524217ebe8008c0586f4d
Album272275,spotify,ab67616d0000b273edd6a08a721b6655c9e7f764
Album205524,spotify,ab67616d0000b2733acff6856d92f86fb90724ea
Album414275,spotify,ab67616d0000b273a6353e92d145a64ded66efb3
Album3728443,spotify,ab67616d0000b27330e09d46193d94ec53b4c096
Album42458,spotify,ab67616d0000b273cd52ae379c71f1859c599b8c
Album125405,spotify,ab67616d0000b2731e5544b5e17460dbe3249e70
Album1421694,youtube,hTeVG6hmTLQ
Album16061678,spotify,ab67616d0000b2735aaf4d29fcd992b50b1d54c9
Album702495,apple,Music/v4/fd/eb/97/fdeb97f9-d700-a75e-7266-4f0b6f3eb9ce/886788835832.tif
Album37789,spotify,ab67616d0000b2733397cc60078359cce2ed2874
Album5054578,spotify,ab67616d0000b273134e3b5635f427bc90ad9569
Album37241,spotify,ab67616d0000b273d554b816e4eb5f9371307f55
Album995,spotify,ab67616d0000b273eeea26c9ac182ccbcfa0bfad
Album91638,spotify,ab67616d0000b2735fedde77dea18e9314baa524
Album10732825,spotify,ab67616d0000b273e13384ccfae8c491d062b782
Album13950,spotify,ab67616d0000b273b991005e7a49243ceb12968d
Album254841,spotify,ab67616d0000b273b7940f6d692a8d0b868d8634
Album1021127,spotify,ab67616d0000b27370c4a44fdd3f87beabd19514
Album183814,spotify,ab67616d0000b2736d2914d076b1e4af7ecd1f33
Album653094,spotify,ab67616d0000b273b32d68d43b3944ba4120c3c8
Album337198,spotify,ab67616d0000b27337776e511043951840d05552
Album557697,spotify,ab67616d0000b2733d6e956a59affddcc2daa7a8
Album818133,spotify,ab67616d0000b273bbb0aaa6dede4d2be5c7b79d
Album102111,spotify,ab67616d0000b273e4de75f7fe8d2b996c3cb62b
Album579162,youtube,PJWqwHzEwuc
Album15762082,bandcamp,2219134029
Album426010,spotify,ab67616d0000b273d3c159d121fd4a2dc473e361
Album389669,spotify,ab67616d0000b273a69a8bf3cc0f06b6b97db5d1
Album64770,spotify,ab67616d0000b2738b247fa702babf827b2cbc37
Album13200,spotify,ab67616d0000b2736ca906f5e758ac7f6cc97686
Album197815,deezer,b2116278a516e57866f5df6192bb83a6
Album11809,spotify,ab67616d0000b27353749b8007ca414a6bf4d2f6
Album10412271,spotify,ab67616d0000b2738aab29ed5eb80a22f3c9b395
Album15978540,spotify,ab67616d0000b27388d48cef643e1ad3ac2ceedc
Album4513447,spotify,ab67616d0000b273b8b86330d67c5d49767279fe
Album474952,spotify,f9c9ecd7e05eb8feccde835809ec1edc9efadadd
Album829070,spotify,ab67616d0000b273e08a6bf659875d6f6aeb27b8
Album423600,spotify,ab67616d0000b273e045bcd1dd9f96f2c7b6073b
Album5802243,bandcamp,4068953825
Album378881,spotify,ab67616d0000b273860c78995c43f35168b1a795
Album17165994,spotify,ab67616d0000b273a686a9eebd27477c0c0f24fb
Album188617,spotify,ab67616d0000b273f9cdd04ce76355cb59747818
Album773348,apple,Music116/v4/c8/0d/03/c80d0398-0944-b55a-f243-5eb088c6e639/18UMGIM66222.rgb.jpg
Album2244869,spotify,ab67616d0000b273aad4b24be5f3256b4d857181
Album336600,bandcamp,3032092784
Album6351245,spotify,ab67616d0000b27331774ccb406cc1b96180b63c
Album321133,spotify,ab67616d0000b273437e3cb2f896fa05ce3d6153
Album9542871,spotify,ab67616d0000b2736638c757e021fa17fc5e6652
Album11213427,spotify,ab67616d0000b2735f802bda8ebe06f3199d7c17
Album14693648,spotify,ab67616d0000b273f77d64b0ee2dc42b32606faa
Album9428661,spotify,ab67616d0000b27370f03822e6813f0421a83498
Album1794971,spotify,890adfa7aef0d38cabeecec9e668eb6f7f5e26fa
Album1560379,spotify,ab67616d0000b27322300f57e43f2bfae2acb3a4
Album60628,spotify,ab67616d0000b273059c952d7ccc5a617cc9a383
Album16672105,spotify,ab67616d0000b273844283dba279ee545aafb022
Album17029,spotify,ab67616d0000b273a089fe16f8e04d8754fe12a0
Album40313,spotify,ab67616d0000b273908662035f1a9cf3f21281b4
Album70033,spotify,ab67616d0000b273b26876ee507e4b62c73a76b9
Album273833,spotify,ab67616d0000b2733f71980c805e9ca6a73173d4
Album3003442,spotify,ab67616d0000b273cb57c16a53bc04cf85a41226
Album634373,spotify,ab67616d0000b273345f535dacad7bdf7bce72dd
Album10367898,spotify,ab67616d0000b273d1377ed53aa1818f02915ed6
Album1848604,spotify,ab67616d0000b27386cae33e7ec2f69e749e5c08
Album4994419,youtube,2BRbm0yezNk
Album2819115,spotify,ab67616d0000b27358d4b67b2616cb84e0abd3e2
Album2274866,spotify,ab67616d0000b2736a97724da6ed4e3c94ab9b54
Album30670,spotify,ab67616d0000b273585f296c89a90cfe9a8cfac4
Album3914944,youtube,hq_AzXaB_iw
Album459869,spotify,ab67616d0000b2735d77d049a857767fbf4264f5
Album2073506,spotify,ab67616d0000b2734a9ac74f4a24ccfbc70448b8
Album2567279,spotify,ab67616d0000b273517c52b75d0aae55b633b11b
Album317667,spotify,ab67616d0000b27310b694c17553ea54644669ef
Album17234,spotify,ab67616d0000b2735d25009a89b1dd59cb1364fa
Album1934214,spotify,ab67616d0000b273aa596e2150d4b964f42b40f1
Album165437,youtube,ek9C_vIsgB8
Album10493444,spotify,ab67616d0000b273bd87b166ce7b295e477a64c0
Album44252,spotify,ab67616d0000b2733ab6975235aefc9bf0a2b374
Album2034087,spotify,ab67616d0000b2731cf4befdbc37b763e98e437b
Album68182,spotify,ab67616d0000b27312fc6cd7dadaba0c05ea7513
Album84231,spotify,ab67616d0000b273caffd78ca8efc41dfd7bca5b
Album86724,spotify,ab67616d0000b273f77c1da26f7980e74d59c811
Album160181,spotify,ab67616d0000b273d5edf0a2f87a3a6ce19c48e7
Album7216269,spotify,ab67616d0000b27328b2424c5b007b0e073c42ce
Album92323,youtube,AZSw73DLq-0
Album5366502,youtube,5lLPnQqRdmY
Album76132,spotify,ab67616d0000b273636c0aadd15c2a0c3d1d3190
Album83112,spotify,ab67616d0000b273c6ed80e704efc034ed8b8d7e
Album421543,spotify,ab67616d0000b273c0c5caa71282f7656570899e
Album2158066,youtube,qH3J6Tum1Ws
Album16674512,spotify,ab67616d0000b273560bf68a81fdcc6ebc7b1e4d
Album43618,apple,Music113/v4/47/c4/a7/47c4a79d-4665-50e5-708a-b107e03f6868/cover.jpg
Album21416,spotify,ab67616d0000b27325eb343e664ce94ca551b076
Album182773,youtube,6SPTwffvSHg
Album278576,spotify,ab67616d0000b273b4e615267b795ea2e3edf5e9
Album179666,spotify,ab67616d0000b2736335ce8d4c5071e93ae8400e
Album24777,spotify,ab67616d0000b2737c33a0320b19db0e14ecdc5f
Album869303,bandcamp,2315839754
Album18573,spotify,ab67616d0000b273ad7f5ffdbe3e12201f8d4f6a
Album309628,spotify,ab67616d0000b2733c7737aea2a393c863cf6bce
Album258901,spotify,ab67616d0000b2730334e01c8d7394f446ab2c2a
Album22860,spotify,ab67616d0000b273104236135d74058c7ec25a20
Album22399,spotify,ab67616d0000b273947d37006eeb1d9d28ec54aa
Album61600,spotify,ab67616d0000b27378d848208a3bcb40318cbae1
Album29684,spotify,ab67616d0000b2731a342019be02bf8c8e253ce3
Album31420,spotify,ab67616d0000b27347cc5d86f3528b233f2b78ff
Album130630,spotify,ab67616d0000b2736e69a42413455ea080482050
Album315113,spotify,ab67616d0000b273467f9e87cc0a3cb2ff705f93
Album639351,spotify,ab67616d0000b27334d88e0480a0d655535ec7ab
Album467856,spotify,ab67616d0000b273a4cab08a4e9585d6a4919211
Album5017639,spotify,ab67616d0000b273e51c3640a3a76e8cc63264c5
Album15735937,spotify,ab67616d0000b273e5bd8e6421836818cddeb2d6
Album7369793,spotify,ab67616d0000b273e9fc848924f30c739ff693a8
Album5097,spotify,ab67616d0000b2733757b8171da6f9533609bc11
Album178148,spotify,ab67616d0000b2732cc4fdab6e853aaaf1c72d49
Album1934008,spotify,ab67616d0000b273a6b9b8fafcda399e525ab498
Album13477,spotify,ab67616d0000b273c17e42a22506857b32e143ce
Album237666,bandcamp,2433158014
Album3202356,spotify,ab67616d0000b2736810b77571435a7fa7e510fc
Album2160648,spotify,ab67616d0000b273615e81435395e96963eeef05
Album141011,spotify,ab67616d0000b273dfd6484879fdb844c92d8e0f
Album7751,spotify,ab67616d0000b2734d8570ebef30c62bb3734570
Album15563218,spotify,ab67616d0000b273a45891cafcc25c151c9a064d
Album696259,spotify,ab67616d0000b273cb21645e44080ffc9df788c8
Album8150,spotify,ab67616d0000b273a95bdc50c8b1d77ed00205d3
Album16319895,bandcamp,2250447690
Album136539,spotify,ab67616d0000b2737163f9d269ddb97293657492
Album200426,spotify,ab67616d0000b273d8f6d783e4ca0d445d0a67bc
Album13462,spotify,ab67616d0000b273826c36e541bec58a91db6c43
Album2540095,spotify,ab67616d0000b273dd0ef93e4a39e112fae7a2b1
Album3055481,spotify,ab67616d0000b2738c4d4db2345e8b47d029e684
Album596278,spotify,ab67616d0000b273b3c89c3e19b5af259b7f074e
Album120681,spotify,ab67616d0000b2739aa95b68a68c77529bc3c9df
Album681138,spotify,ab67616d0000b273ecd95d1507799b779debe6a7
Album349899,spotify,ab67616d0000b273333b06c422854984ab408f4a
Album10716465,spotify,ab67616d0000b273dc6a85dadd4503501880b2b5
Album2766721,spotify,ab67616d0000b273275a899acc2de0509c17f285
Album11679666,bandcamp,0110810012
Album1043,spotify,ab67616d0000b2733cf83c82a8e976d7b51e2d00
Album15375139,spotify,ab67616d0000b27334f21d3047d85440dfa37f10
Album15065718,spotify,ab67616d0000b27397a7b2a6de02368768bbff40
Album22816,spotify,ab67616d0000b273bb2465de2a3e7a825977eaec
Album6394417,spotify,ab67616d0000b273a98c0533409467a9cc6b5336
Album80274,spotify,ab67616d0000b273e8363ae6099945cfade3109c
Album651298,spotify,ab67616d0000b273afc810a6869daa6cf783a3e3
Album5328,spotify,ab67616d0000b2736a4175046856b90a9b5d67a1
Album240950,spotify,ab67616d0000b27394d4ae85767dc4ca19abe607
Album3921483,spotify,ab67616d0000b273fa626cff7e3b841599b7a7cb
Album16257,spotify,ab67616d0000b273bd5978f9c520fe61e8c7392f
Album7334101,spotify,ab67616d0000b2733569660dd7eba1489a07d36d
Album131553,spotify,ab67616d0000b273ae3979be590911f59fa8a0aa
Album10251308,bandcamp,1033547895
Album1989322,spotify,ab67616d0000b273787b498e04fadbb119cb5e48
Album33364,spotify,ab67616d0000b273bc7a8357b8498bb95635437b
Album100701,spotify,ab67616d0000b273fd16324507e4dd4c6c042fa5
Album557320,youtube,otXh2LfpNio
Album16430904,spotify,ab67616d0000b273bdc23ee4488f9e63a9400ccb
Album24034,spotify,ab67616d0000b2737783729c1127a5f21ba086fc
Album151276,spotify,ab67616d0000b273fa15f1f239959dbba85d1859
Album37345,spotify,ab67616d0000b2739764ece6d524d73e946c6f56
Album1741334,spotify,ab67616d0000b2733634f22b05d0320ad0c552d8
Album5567950,spotify,ab67616d0000b27377a39a4e1d5d0f24dac1130a
Album10334937,spotify,ab67616d0000b273875cb424fc82d971ce197ba3
Album114474,spotify,ab67616d0000b273c65ba56a4b66629abbb5bd34
Album21291,spotify,ab67616d0000b27370a61ecebfd2dedda37cafec
Album11614,spotify,ab67616d0000b2732d340aa8d90673526e3c656a
Album4464978,spotify,ab67616d0000b27375f3b4bd79a7cb5a4cc56da7
Album40452,spotify,ab67616d0000b27357c58ef5ad981ac4113cb5b5
Album130194,spotify,ab67616d0000b2738043f9785ed6b93c0b3de752
Album4339273,youtube,oNpJcKedrzU
Album327978,spotify,ab67616d0000b273e69ae54229ae2a219a955b4d
Album818848,spotify,ab67616d0000b273d8c5afcc20d80ad6525cbaeb
Album306355,spotify,ab67616d0000b2731c03721263d17fecb8c49fed
Album340368,spotify,ab67616d0000b273f66f06a3e170f674295766d3
Album435681,spotify,ab67616d0000b273149c55092b5583c9c1037a9a
Album3525210,bandcamp,1035903347
Album481697,spotify,ab67616d0000b273c48df62186c9b3ecba5edf90
Album10446811,spotify,ab67616d0000b273d2f31ce8db996e443196db3a
Album697789,spotify,ab67616d0000b273019b707092f7e7c9e56b273a
Album2366934,spotify,ab67616d0000b273b9abbedc516dd297039977bd
Album590037,spotify,ab67616d0000b273b24d4b583e57f04314782c34
Album9295281,spotify,ab67616d0000b273989101dc3121ef8c0d94cf95
Album251500,spotify,ab67616d0000b273b9d621b6d19a97f32ce8adc7
Album2646,spotify,ab67616d0000b273e9c808e102aa0bcd058d3808
Album11319,spotify,ab67616d0000b2733e6137cdabbb3d7fc82bf572
Album9842,spotify,ab67616d0000b273dbf7b6fbe569746240440f40
Album89063,spotify,ab67616d0000b2730899a5627109fbfd913f1727
Album4089545,spotify,ab67616d0000b273902657587715115b8a136ccf
Album17214,spotify,ab67616d0000b2734d7bd02a8d65e336b8d34ac8
Album370635,spotify,ab67616d0000b273227dd2d97da20223dd58688e
Album40969,spotify,ab67616d0000b2735fd3162ffc56aa0792d440aa
Album29685,spotify,ab67616d0000b273940cb5157ca3239881666d71
Album100225,spotify,ab67616d0000b273c2486bae5642fe54121f3b89
Album185439,spotify,ab67616d0000b27356607e291552f38dc2ab8ee2
Album12277737,spotify,ab67616d0000b273bb4cb76939a9484ab2707301
Album98591,spotify,ab67616d0000b27322d19374b7078cee2a744bd6
Album1657363,spotify,ab67616d0000b2730844ffa4f538c13f2c48986f
Album25899,spotify,ab67616d0000b273658f66ea5940e42748e6bff3
Album341941,spotify,ab67616d0000b27366857fd14af1748551904889
Album837057,spotify,ab67616d0000b27366c7aa2a4a1178c2398b06a0
Album2300248,spotify,ab67616d0000b2737051543895d4a2042677b352
Album870584,spotify,ab67616d0000b2735f74d6306d89c14936e090ad
Album82048,spotify,ab67616d0000b273924a238352187b923e4947fe
Album16594355,spotify,ab67616d0000b273de2ba0aa13c15272a11c1dba
Album802475,spotify,ab67616d0000b2738989e0498a9c8cffd6a3bf23
Album65570,spotify,ab67616d0000b273987f629521c74fad959bba9e
Album10890733,spotify,ab67616d0000b2736f436f5d79fe5afb0f82d6dd
Album695930,spotify,ab67616d0000b273d5906653df6631224ac0bc4e
Album14755149,spotify,ab67616d0000b27308dcc294fec6d41cfe946fbc
Album16944,spotify,ab67616d0000b27305470d017a100674772a7d15
Album13854590,spotify,ab67616d0000b2733682bccc39a9e3aa10d26b11
Album5770,spotify,ab67616d0000b2730f3f0a87904a1382c60b58f4
Album328910,bandcamp,3354980021
Album308596,spotify,ab67616d0000b2736b236051353e2d1cbb9c35d0
Album134795,spotify,ab67616d0000b273ec743375ac494655ed0db2fb
Album4450968,spotify,ab67616d0000b2739f59065d3ddaf4af4c220807
Album16748068,spotify,ab67616d0000b273d67271337202e88bcc983444
Album11902837,spotify,ab67616d0000b27374923f52375a12d8b5d298f7
Album618776,spotify,ab67616d0000b27346db2aba8e3df0148d2c3df7
Album117600,spotify,ab67616d0000b273fa211c3e2ebe4194832f3aad
Album5716112,spotify,ab67616d0000b273506902bcbe680255ab979797
Album5882664,youtube,ctbqe9MKMww
Album670027,spotify,ab67616d0000b273a5e994914c15f75d998d7870
Album3041402,spotify,ab67616d0000b273bdc85d943e4f7c3e8e99a081
Album95916,spotify,8f0b49bc5c04249f572449b3b0377cabf970e991
Album3058012,youtube,vYxWnVIcZeA
Album15745169,spotify,ab67616d0000b273b153ba98e093ff8841fc5d73
Album42584,spotify,ab67616d0000b2736bc660a783e17b98e8af1f30
Album120750,spotify,ab67616d0000b273754fb64b6926ef2f57ee6f09
Album824670,spotify,ab67616d0000b273d16c41a43c3946daefa71696
Album44004,spotify,ab67616d0000b273dc6f22abdcb59a2ba615b442
Album256813,spotify,ab67616d0000b27364cfbc89671f40c115cdfaca
Album309763,spotify,ab67616d0000b27342b38cbb710a9685b8fcd8a7
Album46539,spotify,ab67616d0000b273676f606479e6ca9c69f55caa
Album16494415,spotify,ab67616d0000b273ef27adf54111147870019c80
Album5294937,spotify,ab67616d0000b273c5b1bba9b35324a557cc33bc
Album8581827,spotify,ab67616d0000b273bd1cd18b02449883f4182f8f
Album46743,spotify,ab67616d0000b273dbbc7a1fe3286c0a499dd131
Album1519,spotify,ab67616d0000b273e49f4677129d4b8b9d9f50ac
Album750560,spotify,ab67616d0000b273a98e67810aa6df434963e53c
Album313368,apple,Music114/v4/9f/81/2f/9f812fad-5523-9adb-3b46-8a5a8e00afec/5055478203496.png
Album1846236,youtube,HL13tiI2HCw
Album15848558,spotify,ab67616d0000b273a39bcab17d8543919ccada10
Album854410,spotify,ab67616d0000b2739658ebae797a3075d233c92f
Album645882,spotify,ab67616d0000b27352cedbc5f5d6027dde937027
Album41668,spotify,ab67616d0000b2736fa70b5f3107614157e99ecd
Album2855944,spotify,ab67616d0000b2735ac6226a668978bf43185e97
Album15963143,spotify,ab67616d0000b2734e0e873e5b2878a26796cbdd
Album12814,spotify,ab67616d0000b27371d209b661da7b85099d5ae9
Album17673,spotify,ab67616d0000b273ff66248fdc73fb872acf7087
Album13551814,spotify,ab67616d0000b273ab94ae717778cb84a3749672
Album27040,spotify,ab67616d0000b2734e6271357b39a04c56512866
Album5450394,spotify,ab67616d0000b273df0e88018c33cee0303068f2
Album253601,youtube,ae3F0wcot-M
Album61014,spotify,ab67616d0000b273a6a375e70abce21a9426720b
Album66579,spotify,ab67616d0000b2736584a95d3b71f20eccb81abc
Album40355,spotify,ab67616d0000b273a12dbaf6a9ef150a29062472
Album3237498,spotify,ab67616d0000b273bfc89b2352506f1f50624d05
Album1529848,spotify,ab67616d0000b2735f949b910db0b02f6b2468db
Album341621,spotify,ab67616d0000b27332a79d5ef2c8d86b14a2fdf9
Album22855,spotify,ab67616d0000b273dd31b64ada3c3d62c1df25ef
Album45693,spotify,ab67616d0000b2730a8acd9a64ca4a5f5c1e006c
Album324244,spotify,ab67616d0000b273e24065be52ca0ea58bbbd667
Album143502,spotify,ab67616d0000b273195ee29edd4c9e4a2755cde7
Album2500774,spotify,ab67616d0000b27359e60392d58faed4c66192dd
Album6273664,deezer,4bf97fe30266786d0e00d6fc0ffb71ca
Album225273,youtube,jylwKQ6nGx0
Album883024,spotify,ab67616d0000b273f0f4be6b20c9cdd02c22d5de
Album138298,youtube,HqL8w4w_3_A
Album257030,spotify,ab67616d0000b273020b5032a590e91c60371a75
Album51082,spotify,ab67616d0000b27369db9fd0bc3de766f8ff174b
Album100700,spotify,ab67616d0000b273b68007d9bbb960d376a06c89
Album3921486,spotify,ab67616d0000b27394887961112aed116a3819c1
Album16028106,youtube,Hc5Mh3PThvU
Album25837,spotify,ab67616d0000b273e16a4e25a2c4a745bd1fb2a1
Album10738,spotify,ab67616d0000b2732c8c099d1facf5e6e403d546
Album12478128,youtube,yMzJ7LrDnTw
Album556911,spotify,ab67616d0000b27361b0568e625dff61f1a477a4
Album275504,spotify,ab67616d0000b27396f32036f45ada5492df47e3
Album12085,spotify,ab67616d0000b273b22248f65d940190722d9814
Album16389633,spotify,ab67616d0000b27306108ed7ed6e3f0f0ac16fb5
Album2779549,spotify,ab67616d0000b27331766156617d4f4799a7525a
Album7500772,spotify,ab67616d0000b27360e289de791ff9438abecd0d
Album760019,youtube,fwujtDMRA9M
Album821286,spotify,ab67616d0000b273a17adfe50e559741bab08267
Album16158511,spotify,ab67616d0000b2737541018cfe436a0330fd919a
Album335541,spotify,ab67616d0000b27304ad98b5be31916d5a0ec44c
Album11789,spotify,ab67616d0000b2735b0e33f7eda72733568457a0
Album16623252,spotify,ab67616d0000b273db90869d5797b6e55cc9ea2e
Album176645,spotify,ab67616d0000b2736b4936441e499332f7774de7
Album477745,youtube,7BAm1LPEZEk
Album67194,spotify,ab67616d0000b273ac1e77cc7f0610ff4c84a2fc
Album361115,spotify,26b7e2ba2ae55c297a7bff83079e074adfa05129
Album454595,spotify,ab67616d0000b273bff057dee64a9f800dd42b4d
Album4435853,spotify,ab67616d0000b2733b8c38d1cba35f03dd278858
Album3108252,spotify,ab67616d0000b27384e4de7fc127e77c457a9b85
Album2514436,bandcamp,2112792184
Album3394494,spotify,ab67616d0000b273d3a350f0f0742d8004bccebd
Album7541506,apple,Music211/v4/5b/6c/70/5b6c7002-5f08-4e62-971d-51cb3b93d019/7300341749785.jpg
Album39583,spotify,ab67616d0000b273bce8e39244bc48e3cb016b76
Album891139,spotify,ab67616d0000b27367d1873cfe8813311de23b45
Album31411,spotify,ab67616d0000b273f80a21df1a97b5b2a4c62fa4
Album217853,spotify,ab67616d0000b2732954b9faad5982a4a9c34805
Album105887,spotify,ab67616d0000b273c0208b7910a3eb71e6226a26
Album26442,spotify,ab67616d0000b27301f07e942af06d54a4819807
Album2731872,spotify,ab67616d0000b273ab0de0ee1b4099ae9f3daf95
Album13554801,spotify,ab67616d0000b2732f8183a4c85bcf7f5fd25966
Album10369114,spotify,ab67616d0000b2730d67f5dfe2e86a4cdae439ce
Album1677,spotify,ab67616d0000b273f6325f361d7803ad0d908451
Album2149539,youtube,dMCQhJSzzFs
Album271932,spotify,ab67616d0000b273fe168e1e3b834412cbe77793
Album12263249,spotify,ab67616d0000b2738f51653c9d3f2312f5d7ee3a
Album7837231,spotify,ab67616d0000b273e066dad6320c9d7534aa1fde
Album53797,youtube,PUn-mHfTTJA
Album8431905,spotify,ab67616d0000b27366db2ec2e87f6c50be310656
Album258209,spotify,ab67616d0000b273f7918a828d35ff491a602c4d
Album14989351,spotify,ab67616d0000b273384850c46c22b0685d6def6f
Album1646602,spotify,ab67616d0000b273b6483db994c75ef9c3112861
Album14793281,spotify,ab67616d0000b2730ded909e7f31b4a41ae32c44
Album286961,spotify,ab67616d0000b273b90a936288c2af7f8e37e748
Album10496838,spotify,ab67616d0000b2733e742d0b479b3186defc148d
Album7494096,youtube,aRkAvsJYHNQ
Album5518353,spotify,ab67616d0000b273603bd5d38b6746ae0d913202
Album6595712,spotify,ab67616d0000b2737e297aef73447965748f786f
Album1203273,spotify,ab67616d0000b273627d0471a292b9f418a31ef9
Album21749,spotify,ab67616d0000b273d9ff2c2eda63abf919094b00
Album11635196,spotify,ab67616d0000b273e1ce88b3580c16527498b622
Album358290,spotify,ab67616d0000b2738bed7b8615b7afd4f2993fd7
Album1545577,spotify,ab67616d0000b273e5fb416c8afaa471d5bc9220
Album223083,spotify,ab67616d0000b27335db7e5c63f6492bd9507d4f
Album460412,spotify,ab67616d0000b273d41aa2dbff728ef53ea52a89
Album390966,spotify,ab67616d0000b2737f0a2c6ea6036796894d004a
Album11273747,spotify,ab67616d0000b273d6e3dd9579327376ecac4706
Album2119560,spotify,ab67616d0000b27386c96f87bde6bd02a58980f9
Album12009399,spotify,ab67616d0000b273f89b606982b0c8494afe758a
Album9256728,spotify,ab67616d0000b273b115d8632e69edce1a1da7d8
Album2698,spotify,ab67616d0000b273918354f3cb7cf180babf76b0
Album16863306,spotify,ab67616d0000b273443e3927c9f4c0eaf9d3f1ee
Album3720,spotify,ab67616d0000b27359f452aad0a62274b5fe2f75
Album22760,spotify,ab67616d0000b2730cfe27bd70710fe3d49cdabf
Album9311019,spotify,ab67616d0000b273d6328399f2f93fd90b78dbdd
Album15966719,youtube,kjwPzCmE5gM
Album10620762,spotify,ab67616d0000b273efdba99cad9007f316d94d3a
Album66697,spotify,ab67616d0000b2731f8ca65f55f4fc80ee8b9dc7
Album189786,youtube,zr4UMXuMYB0
Album189483,spotify,ab67616d0000b2735f42330e3cf1d6836fe5dbdf
Album668214,spotify,ab67616d0000b2730425d6d8f5d31ad2c2b8b9e9
Album197047,spotify,ab67616d0000b273e294b56b9af0e284ea2996a8
Album9168800,bandcamp,3087298172
Album212050,spotify,ab67616d0000b2737d9ce65661867835b61c4b4a
Album229616,youtube,y9lMwvtpm3c
Album22197,spotify,ab67616d0000b2739949699fa52276dc7bd0e2a0
Album1606858,spotify,ab67616d0000b2731814a832225fcc1d12b5aaa2
Album406396,spotify,ab67616d0000b2734c2f8fbf8037dee7d3c83d58
Album94334,youtube,jiwkS_YHcNo
Album28665,spotify,ab67616d0000b2736d9a14446b96a66b2aae2f65
Album208688,spotify,ab67616d0000b27376e95701026bb120b4f6689f
Album18710,spotify,ab67616d0000b273f71a9c9969dfa2939700b347
Album200530,apple,Music71/v4/d8/1d/6c/d81d6c1b-d22b-ca46-ce96-c5e99f5f6f7c/045775038223.jpg
Album436251,spotify,ab67616d0000b2730c98631e593543cabf4cf084
Album539515,spotify,ab67616d0000b27304c3a1489d5af3831980597e
Album9489238,spotify,ab67616d0000b2739fe8ac1fe107fdeab090b066
Album1963,spotify,ab67616d0000b273f0ef8ce0db61b981468f7db7
Album94297,spotify,ab67616d0000b273dfdb72dd4d7a019002fcf52a
Album37174,spotify,ab67616d0000b2737329db55d8ec4e851b694aa1
Album1825650,spotify,ab67616d0000b27397e1184f643127ad8bee6863
Album31413,spotify,ab67616d0000b273b80f37385bd537d17f9be93a
Album84098,apple,Music/6e/23/dc/mzi.ltdoqhrt.jpg
Album33440,spotify,ab67616d0000b27334f82d9053b4b2439b5d9109
Album25422,spotify,ab67616d0000b273a6e322d0a99bb257cce67eb2
Album9238865,spotify,ab67616d0000b273f4d0020ac8a1b94f6a28aa24
Album12121771,spotify,ab67616d0000b27379100ef7a1974071e1cb550f
Album899785,spotify,ab67616d0000b273af0296b68297b5f5997c5f27
Album606868,youtube,S-W5wlk8QsI
Album536998,spotify,ab67616d0000b273cb92cd789650b36682287553
Album846780,spotify,ab67616d0000b273c53bb7856e80600891fbac52
Album86560,spotify,ab67616d0000b273509420cd65621043fa41f8ce
Album270168,spotify,ab67616d0000b273f963a19b19c6afeafdfb679c
Album440935,spotify,ab67616d0000b27337a9cea24dfb850526897c46
Album406351,youtube,g3Hm3ZpmC1k
Album10179536,spotify,ab67616d0000b273de82ffcfe8f5dca0ef611e9c
Album39222,spotify,ab67616d0000b2732efd9d73eb1c81a1ce789084
Album586278,spotify,ab67616d0000b273b6f8ff2d2a549ee42f29c317
Album763639,spotify,ab67616d0000b2733e223b8dfd2ff555fce072f0
Album764145,spotify,ab67616d0000b273b1f8da74f225fa1225cdface
Album8425478,spotify,ab67616d0000b273bbc87dd5388d9a98e80650a4
Album16343056,spotify,ab67616d0000b273d0e17539a0ac5b32b6db47bb
Album37339,spotify,ab67616d0000b2735c353a216f250a45f794870d
Album487282,spotify,ab67616d0000b273691370196aac16e31f5416d6
Album31639,spotify,ab67616d0000b27310eb89d605247b9d3dee9e09
Album2025,spotify,ab67616d0000b2730c8f1c08654b1bb5ce72d0fe
Album16138927,spotify,ab67616d0000b2736a569abfd1b95e1e81e86344
Album378091,spotify,ab67616d0000b273b68f2c92d8218b4697fb30b9
Album483186,spotify,ab67616d0000b2730fb69128bfa6d606e9633986
Album12263563,spotify,ab67616d0000b273688f993fd21670b822edfb69
Album37344,spotify,ab67616d0000b27376834d8ccb03f86ce7fc623d
Album15818243,spotify,ab67616d0000b27392297f0f64dcf1a54b12f9b2
Album1039463,spotify,ab67616d0000b273867f9c4d0391216d4e3d132b
Album110589,spotify,ab67616d0000b273c472d7755dd4eb39f3212152
Album9159294,spotify,ab67616d0000b27397ba85c96f06e2428cdfa594
Album93931,spotify,ab67616d0000b2732342d836a009a3c356b9dfa7
Album94035,spotify,ab67616d0000b273f77369fdb5acceea90beee1a
Album2191975,spotify,ab67616d0000b273777be0adc315d87130c1e211
Album28828,spotify,ab67616d0000b273394feed90b18f8313a051126
Album233417,spotify,ab67616d0000b27308f0bcd2d2d01c4fbd39fcb5
Album25894,spotify,ab67616d0000b273337c1aae11e78f7b0f1a6135
Album3285,spotify,ab67616d0000b2732f36eed11db9698cb1064e78
Album344454,spotify,ab67616d0000b273a2ca45235b277f042e7b6ce6
Album116553,bandcamp,3347940993
Album319255,spotify,ab67616d0000b273d077cf315dd2d59ba9fd34b3
Album1206261,youtube,Crt2c_YKssY
Album4310781,spotify,ab67616d0000b273813c6f8e6aef9f3b5a4a198e
Album4303,youtube,_1TR9gvEy2Y
Album11157,spotify,ab67616d0000b2734fb55145227511dcd191921d
Album91648,spotify,ab67616d0000b2733ac207164ede2d88617484d8
Album230634,youtube,S_aFuu--73g
Album503962,spotify,ab67616d0000b2735d51c308be17bf1d7f8f7563
Album16276369,spotify,ab67616d0000b273c869ee39447e201693129a43
Album113064,spotify,ab67616d0000b2734d928f0ae78513a5f042e20a
Album19633,spotify,ab67616d0000b273fccb81b6a27e497b616e97bf
Album270479,spotify,ab67616d0000b273afe7b8ca35bcc2fba63bbfe4
Album15693400,bandcamp,2580862514
Album37350,spotify,ab67616d0000b2730ca2bccc8386ae0c128662d1
Album144712,spotify,ab67616d0000b27389bc98abfaa8aa3be79725a1
Album14785733,spotify,ab67616d0000b27342d0304232c61d1530b40ca1
Album282246,spotify,ab67616d0000b273e3feba1fe4a22467cfba338f
Album320832,spotify,ab67616d0000b273b1e9e63ae070db4774e05e79
Album97776,spotify,ab67616d0000b273f606a66ae319776c0dc86ce8
Album520192,spotify,ab67616d0000b273d302d4871912557b60ec9501
Album833523,spotify,ab67616d0000b273717ae1ffacd3c8454580cacf
Album7763446,bandcamp,3349731477
Album708491,spotify,ab67616d0000b273160aa011e35301c4fdff9d78
Album5863234,spotify,ab67616d0000b27324a35c283c6ffafa86899fd9
Album16570317,spotify,ab67616d0000b2733055e4d18650245f4723523f
Album6240,spotify,ab67616d0000b273613096784e1b34eb5e445bc1
Album1419,spotify,ab67616d0000b27397ad08440668f71cbd7c6b60
Album1447526,youtube,pQKzmcW1ERY
Album783,spotify,ab67616d0000b2734c4f9ca2a116887fc303cb97
Album23431,spotify,ab67616d0000b27315d01f89c4963e1bbb495697
Album62897,spotify,ab67616d0000b273ecf363f8d1564a69b0055a6c
Album45116,spotify,ab67616d0000b273902ff084de9c02ce5a090636
Album104323,spotify,ab67616d0000b2733951b63967e8fedc3dd077de
Album35356,spotify,ab67616d0000b2734b7d6f1369f283f4dfc73813
Album524927,youtube,ttXV2JBgSK8
Album3129107,spotify,ab67616d0000b2738204d882a2bb3f66509980f9
Album83351,spotify,ab67616d0000b27340a6a449c5c5835abb8ca197
Album7713411,youtube,lEYb2-vGoTE
Album3831,spotify,ab67616d0000b273bf6b811fcc37765d32d849c8
Album112826,spotify,ab67616d0000b2731c1f2c36b568473ec546d691
Album16070897,spotify,ab67616d0000b27356021e26fd463e7c1d062a9d
Album7322533,spotify,ab67616d0000b2731ca67047724ce650d1e0ebe4
Album230742,spotify,ab67616d0000b273f658249029999ec40ba48b11
Album3033476,spotify,ab67616d0000b27394a49abef54ee28c16b0d01a
Album662513,spotify,ab67616d0000b27394e8bcd042aa9c3a6c5d7064
Album2349,spotify,ab67616d0000b27315b3727c6abdcfe4826f91ff
Album7173509,spotify,ab67616d0000b2731c8a8c45fe4eeb0b21f461a1
Album116010,spotify,ab67616d0000b273d38a98ae27c0028e8e4efef2
Album6893,spotify,ab67616d0000b2735da9f3a8ae3d3e5499363649
Album15973656,spotify,ab67616d0000b273ac23e8a95216bb88c8f3031a
Album1547,spotify,ab67616d0000b273194e8b84aaec371df31a7195
Album157729,spotify,ab67616d0000b2735a46f57988b95c4b090c5024
Album33235,spotify,ab67616d0000b2739a2c1933f915535ddcf14a2e
Album122593,spotify,ab67616d0000b273b9d9808e14fe186e8bf92cb8
Album408377,spotify,ab67616d0000b27311020c495631967edda9a69f
Album2245351,bandcamp,0610404773
Album319299,spotify,ab67616d0000b2734fc12834558f4fc92fbd3a67
Album211690,spotify,ab67616d0000b273bd1981a31752d1e1ca5f420f
Album919624,spotify,ab67616d0000b273bd3814048a90a816b93a96bf
Album996006,spotify,ab67616d0000b27371634d6487e4ebc0d4e4d0e5
Album3058828,spotify,ab67616d0000b273fcce1a53c04104b1c72633da
Album837479,spotify,ab67616d0000b273b34c864fe6aafd48a24513a5
Album12728560,spotify,ab67616d0000b273ce7846efcfc5dc8c0e37ba14
Album869506,spotify,ab67616d0000b273c2b0ced8518ed8905e48c650
Album16512680,spotify,ab67616d0000b273ce16e3beef1e2a33b8903ca9
Album368971,spotify,ab67616d0000b273d308004f8d968f338ec0c03b
Album164898,spotify,ab67616d0000b27361316a516b1379b01700ebe3
Album96956,spotify,ab67616d0000b27387f8252d70962c969587f354
Album4311567,bandcamp,0179834833
Album3030295,spotify,ab67616d0000b273a0fe3292447d68f1abdac1cd
Album25109,spotify,ab67616d0000b273cb6e78221cebec28f66b211f
Album197045,youtube,cv4dvi3NvNU
Album406359,bandcamp,0078748533
Album26385,spotify,ab67616d0000b2737c19f6282dd4ef868c22e735
Album16124982,spotify,ab67616d0000b2731df9731b49acdfb0664efa50
Album7493559,spotify,ab67616d0000b273a64978548dc5642cc37ebcf4
Album2455038,spotify,ab67616d0000b2730f22c898c348ace4224c103e
Album24027,spotify,ab67616d0000b273050722b1fd3973131d51a1aa
Album712928,spotify,ab67616d0000b273f84cb8fea23f31b23ed3f1fa
Album255235,spotify,ab67616d0000b27343f5daa087e94a7a71abc496
Album4252050,spotify,ab67616d0000b273cce69ced748078ab6a48a694
Album6841529,spotify,ab67616d0000b27366a5d4f87c16dbf2495bc18f
Album392305,spotify,ab67616d0000b2737f22337546d61faca55e0f4f
Album15278721,spotify,ab67616d0000b273230d36e172877ff57fc7ab01
Album185027,bandcamp,3262060227
Album567364,spotify,ab67616d0000b27378ceb9e2ffd513e709cb026c
Album4354,spotify,ab67616d0000b2734da8065cbe0767e880b667c9
Album154634,spotify,ab67616d0000b2731b653ba15f0815440aa11be4
Album40281,spotify,ab67616d0000b2731d3aab58dd4e235e7059b6a1
Album12032519,spotify,ab67616d0000b273502db3ca178c0f2f348bd53d
Album303645,youtube,VaLQnbUT5Mo
Album14792,spotify,ab67616d0000b27368303607b6d5c2bf32f405b3
Album2178338,bandcamp,0306743842
Album5760593,spotify,ab67616d0000b27310c305802c8212e2bc781124
Album38755,spotify,ab67616d0000b273565b25ed1ee3ff4b2e9cbf2e
Album236227,spotify,ab67616d0000b27332dd1399083722eba52b9f40
Album28923,spotify,ab67616d0000b273b419a50af2a3a273f0301d35
Album4315869,spotify,ab67616d0000b27379c4ef3f19aeea339a4e9552
Album442576,spotify,ab67616d0000b273580d01637ff3bb5f27206d41
Album5279649,bandcamp,0520350871
Album230377,spotify,ab67616d0000b273ddfccc27e7c06fed56a90245
Album80660,spotify,ab67616d0000b273e4a2062bf5733f2d679aa0fd
Album922179,spotify,ab67616d0000b2738cfd06178cd50289f484b9b0
Album2353,spotify,ab67616d0000b2734c47c9f9227f1397653417b2
Album132593,spotify,ab67616d0000b2735c94b754330ebdc7b4917c0b
Album195609,bandcamp,2012195628
Album1923027,spotify,ab67616d0000b27396c728f1c801463b67924841
Album735655,spotify,ab67616d0000b27317030a831df9c0c1558aaa11
Album10546924,youtube,i2FWA1cBvTU
Album316644,apple,Music211/v4/d5/ee/6e/d5ee6eae-590b-d2d5-3002-cba386f08857/823375080626_Cover.jpg
Album6659593,spotify,ab67616d0000b2737cbd32d1dc875f090a2af31e
Album15654135,spotify,ab67616d0000b273f827a0d21293e2d3bf52182f
Album16309011,spotify,ab67616d0000b273e6e48af1ca4899271e772e54
Album10191463,spotify,ab67616d0000b2732645ccba57dceaf3c646eef7
Album4426476,spotify,ab67616d0000b273dfa0bfe98aafc414ba96a96b
Album43508,spotify,ab67616d0000b2731a6caf0ea53a1b201629201c
Album15484014,spotify,ab67616d0000b273e34ab1b4a59f655b6321982f
Album207431,spotify,ab67616d0000b2733cb39266a8fe43a4ce0deca6
Album3234754,spotify,ab67616d0000b273a033a22849ac733255f8bf29
Album6003237,youtube,aceGd1oY-vQ
Album829172,youtube,1CNGeMT8PE0
Album1439046,spotify,ab67616d0000b273fa29c84036ca6f1a3e81914e
Album38251,spotify,ab67616d0000b273e59bd70a5842911bd6c39a10
Album64697,spotify,ab67616d0000b2738d7cd04ca98f094ae31505ab
Album2608400,spotify,ab67616d0000b2738684ba593a3383db59df82d4
Album4952874,spotify,ab67616d0000b273e7639e45d5213cb381d337da
Album422706,spotify,ab67616d0000b2734ea64716a4f493988b099f35
Album673573,spotify,ab67616d0000b2738d2430c338f5d70a8ac1938e
Album4734162,spotify,ab67616d0000b273187331e276c898d39764cc98
Album60352,spotify,ab67616d0000b273a3f0e9f20bfbdd1ab8752e39
Album4917567,spotify,ab67616d0000b27387226fd26c9870ed9062cad3
Album645507,spotify,ab67616d0000b2731a89f9009de6f0533f506527
Album188302,spotify,ab67616d0000b27339337458c5c3f1f9bdfa5ae1
Album2408,spotify,ab67616d0000b273dea4d96aebd8ee91af69f9b3
Album114545,spotify,ab67616d0000b27363ce24a7d6eac995c438dbae
Album3986010,spotify,ab67616d0000b273ccea313135d1d6183689d536
Album5359211,spotify,ab67616d0000b27301cec2395f27bf64f4fcef02
Album25864,spotify,ab67616d0000b273a38356b22dd9d67d9882b1ed
Album25898,spotify,ab67616d0000b273ef8b5ad7a13e900cb19edef2
Album2106541,bandcamp,0370130257
Album76383,spotify,ab67616d0000b2738862e2dd0b8f1fd0099f3477
Album1463474,spotify,ab67616d0000b273511bdcb833327c817cb324b3
Album58946,spotify,ab67616d0000b27334c5960e310bf44ef1f8cf41
Album6544749,bandcamp,3807888477
Album29184,spotify,ab67616d0000b2731044c3d651022bcd0a383edc
Album362136,spotify,ab67616d0000b273e2b4c78929b3c5f621d7e6fa
Album10378985,spotify,ab67616d0000b273fc39669811633da021ecf74e
Album887673,spotify,ab67616d0000b273045d54f5801e148cb1afc443
Album13722592,bandcamp,3052226036
Album69566,spotify,ab67616d0000b273485ea1013f6efa6a03a229b9
Album94331,bandcamp,1491062753
Album2841705,bandcamp,4283506094
Album13000406,spotify,ab67616d0000b27351300c079c512a92261e8e2c
Album385914,spotify,ab67616d0000b2739349c343041cc7496925a020
Album3396444,spotify,ab67616d0000b2734db5099df3d763840e1634a9
Album8563388,spotify,ab67616d0000b273c0015276290904e59bc6f7ea
Album502921,spotify,ab67616d0000b273a0433d73df6a5182fbbbfdef
Album294031,spotify,ab67616d0000b273b18b3c184a8ded87a0aae5da
Album130425,spotify,ab67616d0000b2730d9e8fd1dbdfecfcb49e1c64
Album197884,spotify,ab67616d0000b273051da27183803837d011ea88
Album14884760,spotify,ab67616d0000b27345f6c58341c281d50d622c5c
Album1421793,spotify,ab67616d0000b2737aa30221d9dbc1271bae1b05
Album4118898,spotify,ab67616d0000b273d01602ab6adcaf1bfa2498b4
Album885925,spotify,ab67616d0000b273f8473d0a24ee46988d95acd6
Album245757,bandcamp,1888128949
Album16566996,spotify,ab67616d0000b2732c93506a877941db2be5b106
Album52803,spotify,ab67616d0000b27374472f686d1fdec079718789
Album7817275,spotify,ab67616d0000b273654a14677da9f54576452975
Album10637192,apple,Music126/v4/fa/f2/92/faf29278-586b-17e7-ef2d-107e171643a7/67311.jpg
Album273154,spotify,ab67616d0000b2730197048f680bc1a3d99a1419
Album1091422,spotify,ab67616d0000b2736a5304ea8cd4f92279f28d78
Album3142,youtube,HEnrLpsNfeQ
Album16629484,spotify,ab67616d0000b273b887dbccf9ff6d400a3f118e
Album10883663,spotify,ab67616d0000b273101232ffd5af0e3c37e2c528
Album7639562,spotify,ab67616d0000b2730b33b338581c1c0079f25330
Album7404,spotify,ab67616d0000b273ef0fb87094ab889d307f1cdd
Album1020301,spotify,ab67616d0000b273adcd059bfa3d63f94b8f88e6
Album274041,spotify,ab67616d0000b2732ad83b2bd923de3d1f9ee51a
Album188361,spotify,ab67616d0000b27345933435c02ef1dae55c8d28
Album106091,spotify,ab67616d0000b27346f3df75c7b4b11d2e8c999f
Album5195713,bandcamp,0595360802
Album9701730,spotify,ab67616d0000b27306f2539e9993e43ae9adcc69
Album5246768,spotify,ab67616d0000b2734c97504854dc7fa7b137702e
Album65486,spotify,ab67616d0000b273989db81cb16ee7c7dcae2a74
Album53306,spotify,ab67616d0000b2731e0cad1f554c9a1f02a058e3
Album421573,spotify,ab67616d0000b27383bfad5c2a1ce6d5dbe23e17
Album86709,spotify,ab67616d0000b273c112083343e3704bd78ea7bd
Album196979,spotify,ab67616d0000b2732f166880001f24d0f34d17df
Album33567,spotify,ab67616d0000b27341f709478f88c034968206bd
Album68343,spotify,ab67616d0000b27355d847d37a888e06ebaa039b
Album449777,spotify,ab67616d0000b273be4b3f5c0c255f838d5fe6ce
Album9076030,spotify,ab67616d0000b273e21252f94100e8e0227b05b9
Album4337896,spotify,ab67616d0000b27392fddb1d5464d42fa33205f1
Album1955989,youtube,cfMwxKQ-F74
Album67170,spotify,ab67616d0000b273191d8489a1a9e4465360c118
Album778378,youtube,_02agUduoyM
Album179507,spotify,ab67616d0000b27383e4a4b0bff5a9db572beb75
Album92748,spotify,ab67616d0000b273afd11a2efb97b8814082d731
Album326595,apple,Music/21/ff/bf/mzi.nzhadtww.jpg
Album243687,spotify,ab67616d0000b2733addaabe91df5defe2be7dd6
Album103653,spotify,ab67616d0000b273d5dd4ad4a752e57cdbf40ad3
Album595936,spotify,ab67616d0000b2736d09f4706ef51dc02ab1b1bd
Album394536,spotify,ab67616d0000b27313afaa1a056379fa73497464
Album669598,spotify,ab67616d0000b273964e3bbdc19b097784bd7ebc
Album82802,spotify,ab67616d0000b2732e047d0682d98262a5a72299
Album714245,spotify,ab67616d0000b273e5312584f512ace2eaf751a2
Album11524,spotify,ab67616d0000b2730e0f0de1dce39008b29b395b
Album572501,spotify,ab67616d0000b2737f2bc087ef585b3792cb0708
Album19235,spotify,ab67616d0000b2738899bef2de82f793eb368991
Album11906996,spotify,ab67616d0000b273f53a729cdb6cd3ac495f877f
Album205389,spotify,ab67616d0000b273418256fa5a51d546beca4eda
Album15366980,spotify,ab67616d0000b273fad74563cdd3772752b64153
Album43900,spotify,ab67616d0000b273b4e460fd5e617e20c2c64ade
Album3463431,spotify,ab67616d0000b273223b3d0b5d3245a8abaf89a5
Album770435,spotify,ab67616d0000b27348099b6ae8341cf6dcba81fb
Album579635,spotify,ab67616d0000b27365d18444669b516f321d6c9e
Album15396481,bandcamp,2435134860
Album98582,spotify,ab67616d0000b273b0402de12e169a154c7a8e75
Album116698,spotify,ab67616d0000b273eeaf6d59450dd1e5d2fa2550
Album1656760,youtube,1oTaLCe6pQU
Album36803,spotify,ab67616d0000b27305d48a05e6d56993d252013e
Album859257,spotify,ab67616d0000b2738dfb2d036333173f52a8e6b3
Album168614,spotify,ab67616d0000b27319c36e020fce22b404265c12
Album15966685,youtube,Ua5rdjYY24Q
Album10552041,spotify,ab67616d0000b27360ada139840fb439d6750f27
Album1039457,spotify,ab67616d0000b273244f70362e3cb8f3ae0e5704
Album34031,spotify,ab67616d0000b2737839c39831991168f319b251
Album15325761,spotify,ab67616d0000b2735e8c3102525cae282d68be09
Album130439,youtube,RLYc-AdU3M4
Album16344,spotify,ab67616d0000b27358aff8f2aee2be5726d0bf71
Album10807046,spotify,ab67616d0000b273a10ba146d2068494d3bbc5e4
Album63628,spotify,ab67616d0000b2737e5d31c4c8615b9246f41ea5
Album45501,spotify,ab67616d0000b27396ac1a606d66e405563ccebd
Album241877,spotify,ab67616d0000b273f300d8568762e561324acb29
Album3162962,spotify,ab67616d0000b273c43c0255a89e12c7fd82c4a9
Album9411,spotify,ab67616d0000b273c34c84629aa6f6e1c8ba5ac7
Album9085516,spotify,ab67616d0000b27390b4e1905b1fc48c537ec053
Album13438,spotify,ab67616d0000b2737dee8b5147b3a0a0649d4f8e
Album779,spotify,ab67616d0000b273bd7d4673627a7674f0103c1d
Album16765492,spotify,ab67616d0000b273f3260b1340e6560e80ef88f2
Album794555,spotify,ab67616d0000b273307fc51097237e5379108be6
Album133238,youtube,d0LWv4J7ARc
Album20682,spotify,ab67616d0000b2730f107221f63983a25ac4c8f7
Album3396984,spotify,ab67616d0000b273233e8099dd88bf43a3e7b4ed
Album1323326,spotify,ab67616d0000b2735e83a7c0da9bcc4e60d0807b
Album4646460,deezer,a92ab3940abe7b69de460f132007bbf1
Album132818,spotify,ab67616d0000b2731431199ed456e3538577b64c
Album883653,spotify,ab67616d0000b27396ac549608a980b5d42376d4
Album8142739,spotify,ab67616d0000b273fa6c8674f18cc4cd29f7ae68
Album533397,deezer,82b04bdf0fcd05d15cda4351df2ff656
Album10503320,youtube,Bv-V9tD8gdc
Album946567,spotify,ab67616d0000b273eea4410b3d10662d41f42002
Album7732162,spotify,ab67616d0000b2733161e1372f29096b5f04e0c2
Album877742,spotify,ab67616d0000b273633ce368db567ba05674f05a
Album534298,spotify,ab67616d0000b2730c1b5f723452b5b2b7bc4ada
Album506773,spotify,ab67616d0000b273cc32009c36c2ac860671fa47
Album3556628,spotify,ab67616d0000b27302a7d36e18face8178c73555
Album14231240,spotify,ab67616d0000b2738894074201cd53a7823f57cf
Album4959776,spotify,ab67616d0000b2739d53c631e18440e7a3cb72aa
Album2368332,spotify,ab67616d0000b273201e417b261e3e65ecff9681
Album232467,spotify,ab67616d0000b2731ad7b6eb6b0410e10402edeb
Album2637856,spotify,ab67616d0000b2739de04332755a377cdb67e0ce
Album440916,spotify,ab67616d0000b273fd2eac0ec78923f91d8a3f78
Album151070,spotify,ab67616d0000b273ac3048fc8d8f34a3b4ab586d
Album7489791,spotify,ab67616d0000b2734c7f66b655508ffe2f2c1c53
Album386919,spotify,ab67616d0000b27372b621a4c23f797307d35f11
Album297273,spotify,ab67616d0000b2737b4482f53fde4070d2e0501f
Album95559,spotify,ab67616d0000b27371bddd8e3389492bcd1923f8
Album1759111,spotify,ab67616d0000b273b35359e961ef267b04553973
Album726208,bandcamp,2319542001
Album388947,spotify,ab67616d0000b2739656db1ad01f3f768ded40c3
Album1431189,spotify,ab67616d0000b27391876ca548c3197fedf38338
Album9483451,spotify,ab67616d0000b2737b8215919621f2f4f8638d40
Album4227831,spotify,ab67616d0000b273423de338f1dcc3921dca1c48
Album17251261,spotify,ab67616d0000b273505a25c23d45baf487da7a1a
Album3746033,spotify,ab67616d0000b273c3921a51e8369f998ec79813
Album83570,spotify,ab67616d0000b27337733422f74777e866b2ff8c
Album4978374,spotify,ab67616d0000b273e86459e5c89079a1a72ae31a
Album11134874,spotify,ab67616d0000b2738863bc11d2aa12b54f5aeb36
Album790148,spotify,ab67616d0000b273b86716a2287061288b6f668a
Album586294,spotify,ab67616d0000b2734e5539c2e46e38812fe200de
Album189481,spotify,ab67616d0000b273096196e663ecd83f8e286f15
Album6636143,spotify,ab67616d0000b2730096c9e9593512ab8aa8dc42
Album16778303,spotify,ab67616d0000b273561be83730ace2afe72503f4
Album15761105,bandcamp,0811839877
Album241239,spotify,ab67616d0000b273733e443e74a6141c09705a2e
Album576479,spotify,ab67616d0000b27330e212691b80946c9aa385a4
Album781847,spotify,ab67616d0000b2738591efa100d8526f76723684
Album8535391,spotify,ab67616d0000b27305ee7f9007de311dcb1b6f43
Album7987105,spotify,ab67616d0000b2730ffaa57ebb4d18c4278a3cce
Album16632596,spotify,ab67616d0000b2736089c0f46246e83c090eb0ad
Album5326,spotify,ab67616d0000b273e8556a4e368fe3871df5de59
Album206224,spotify,ab67616d0000b273824e44daaf498113899c4256
Album15758398,spotify,ab67616d0000b2731bbadff23b01a6532b35619d
Album1641028,spotify,ab67616d0000b273c9ff9b3dbd86ce4708606150
Album7575447,spotify,ab67616d0000b27359ffa1be99b2084eeb47e5fd
Album405397,spotify,ab67616d0000b2732aa0a5641ecf138c1e47a330
Album8619,spotify,ab67616d0000b273de183d3e9f1c402a09492eb8
Album570141,spotify,ab67616d0000b2735f2235cb0deb07e74bf6a31d
Album14640,spotify,ab67616d0000b27348780bb1b74007c3cf3da71d
Album127590,spotify,ab67616d0000b273e5dfc0a3d9bcac2c2d7b484d
Album724899,spotify,ab67616d0000b27375c4b596027ab4c137228924
Album7863,spotify,ab67616d0000b273c1d5763c34d4f2583d92f40d
Album2899453,spotify,ab67616d0000b27356da1c5741fe478c175c63c0
Album236019,spotify,ab67616d0000b27368c85705a29baccee29a5170
Album999115,spotify,ab67616d0000b2731f975614106a7f5eb40be3e0
Album49221,spotify,ab67616d0000b27356e3173e3c9b0a6c1715a57e
Album186841,youtube,9UQK70IZ6PI
Album186923,spotify,ab67616d0000b273a05c2bb37a36194f1c210fd6
Album91651,spotify,ab67616d0000b273e45dcf549c6e4341c860d96b
Album181165,spotify,ab67616d0000b27319d421a6dc84909edf66b0f1
Album16554604,spotify,ab67616d0000b273a81aba1785543095f3c56913
Album16521329,spotify,ab67616d0000b273ed895f9e64ff7b86c707e67a
Album16291581,spotify,ab67616d0000b2732d5fa1c777a660eeed166c93
Album3408848,spotify,ab67616d0000b2737f53b2eb603a42116c6c7aaf
Album15454627,spotify,ab67616d0000b2731946b068576319d7cc903adc
Album8415839,spotify,ab67616d0000b2735a38bd36056b909ed607689d
Album193349,spotify,ab67616d0000b2735fd3fd6f1af08130aabef26f
Album195175,bandcamp,2246670733
Album1661255,spotify,ab67616d0000b273aa9eddac5d2f566d8df4ccc5
Album309447,deezer,59eff571de1850476a9da57a87221764
Album3537513,youtube,btKpxOLofQQ
Album14367639,spotify,ab67616d0000b2733ced83c41e7a42918cbd23e5
Album676048,spotify,ab67616d0000b27342338e45fba620a8a591ea56
Album15380740,spotify,ab67616d0000b273ef88ad49166e31598ff7d4d0
Album161464,spotify,ab67616d0000b273fcf18a7e77d90b9682fa5e3b
Album87259,spotify,ab67616d0000b2730ac28c964f9edaae0dcca1a5
Album15033484,spotify,ab67616d0000b27359ae8cf65d498afdd5585634
Album227492,spotify,ab67616d0000b2738b18a181ee131ec96d3b4ff0
Album25889,spotify,ab67616d0000b2738dab1bcbfe6df1ac375fcf7e
Album10942414,youtube,tvhe3_lDJpg
Album145317,spotify,ab67616d0000b2734099440e55e1fa1d63da1edc
Album15797329,spotify,ab67616d0000b27311f9c88ef0ede87e48d46861
Album15912276,spotify,ab67616d0000b2734a132bf04c3f38f8579f0fb0
Album237348,spotify,ab67616d0000b273a790437738fd3c83c80d22e3
Album5012584,spotify,ab67616d0000b2730f31bfc6a3e53f121ff461e9
Album70802,spotify,ab67616d0000b273ccebd3b6e4c1ac91cae208fa
Album15819952,spotify,ab67616d0000b27340c5a23e13d795d75756bc3c
Album612768,spotify,ab67616d0000b273fc67b2b3b7a2282fbdbc3842
Album12799,spotify,ab67616d0000b2731eb5e996639036a49b09f1e5
Album15796931,spotify,ab67616d0000b2735611add282bd9b67d2dca19e
Album718111,spotify,ab67616d0000b2730ddca444da2be72d2638b159
Album7604238,spotify,ab67616d0000b27330b7ab789a9e418f654c0e3e
Album44836,spotify,ab67616d0000b2737f7adbf2c75c02713bbb0b41
Album46089,spotify,ab67616d0000b273fafba4b1f78d7d5cfb2ca3bc
Album1277453,spotify,ab67616d0000b273cb9799481cc3dba5a4a93b5d
Album3689121,youtube,k_5MWLekZDs
Album82446,spotify,ab67616d0000b273e9ad5f1a05a12f31cf7d76ef
Album9459,spotify,ab67616d0000b273067f92ebd60be5e023637d42
Album2614600,spotify,ab67616d0000b27346a57ffd54e4e285c366ebc1
Album104542,spotify,ab67616d0000b27335ec0ebf2d6711798dd10a39
Album2800674,spotify,ab67616d0000b273164edf20ddc765dff82d95cd
Album443784,spotify,ab67616d0000b27343edd79ebfc6e1baa977bb4f
Album1244,spotify,ab67616d0000b273400275493ae9dec2b648b434
Album16466556,spotify,ab67616d0000b27326c5076d5f6910f8769174ce
Album37283,spotify,ab67616d0000b273b085a7063606e2a1cd129d72
Album8530259,spotify,ab67616d0000b2733c165c74d10bf80f4e2dd158
Album2429174,spotify,ab67616d0000b273f82a1a7ec903c13d2fd35dbb
Album669174,youtube,1ZvWOxR48Fw
Album459330,deezer,04d872e6b66a9fbf90599b6e7ca126d1
Album102999,spotify,ab67616d0000b273150621db8e432335a57a4c1f
Album3766133,spotify,ab67616d0000b27327f8086aff9d33084fc38b6c
Album11525750,spotify,ab67616d0000b27329da2cf003cdfcb1d67075d0
Album11620583,spotify,ab67616d0000b273deecc000bc92c9174bb1c1f1
Album1186202,spotify,ab67616d0000b27367f90da315c1041c8b8750e8
Album11890,spotify,ab67616d0000b2738806e8724a2eb802666586d3
Album13685,spotify,ab67616d0000b273423fc787b53e081679cfc4c0
Album546323,spotify,ab67616d0000b2732356287844a9caa378291699
Album2416528,spotify,ab67616d0000b2735aa3a6702645888c7d4a0e40
Album829055,spotify,ab67616d0000b2736ccb362e8e30b8a214b65be7
Album36411,spotify,ab67616d0000b273cc385beb3c1fc2b4718948cd
Album33771,spotify,ab67616d0000b27380c6edf432f405f6297201a9
Album10695071,spotify,ab67616d0000b273c07e26b84b9e09068def2f10
Album33011,spotify,ab67616d0000b273948ebf6f13991041725a9945
Album15579948,spotify,ab67616d0000b273444e5bfe79dd0e1b50ac5d30
Album11710842,youtube,1qlEphlrNgA
Album169809,spotify,ab67616d0000b273359386a888216c806352d35d
Album3319986,youtube,Qu5I3wg9OFY
Album10317082,youtube,P8-k6rDtvZ4
Album2992330,spotify,ab67616d0000b2731d686c08b383b1166ad3b558
Album416536,spotify,ab67616d0000b273fc68119636179eb966102594
Album15278966,bandcamp,2827712276
Album294016,spotify,ab67616d0000b273445669b8e80df87b8d4c7fea
Album522779,spotify,ab67616d0000b273a44db6848d57978496038121
Album1889,spotify,ab67616d0000b273f8da2bc76b7deb7f8ae352cf
Album165831,spotify,ab67616d0000b2735781c84030d8433912052d6f
Album858750,spotify,ab67616d0000b2737cfcaedccae857d35c76d536
Album60891,spotify,ab67616d0000b273b62759bd8b8b22c7a3519669
Album231733,spotify,ab67616d0000b2738be05b323a5bb0464656b44e
Album5962844,spotify,ab67616d0000b27359a2a00dfa08bb0b2fa692c9
Album330247,spotify,ab67616d0000b273aaa9d84415623c1e790cd07b
Album7976759,spotify,ab67616d0000b273a239004de1aa9b6f04f2ac8e
Album53584,spotify,ab67616d0000b273f55364354f79159bfcfa51da
Album13068265,apple,Music125/v4/04/c3/7e/04c37e3c-8636-ca8c-8d60-2f06a51d3cb1/4044693361556.jpg
Album2131,spotify,ab67616d0000b2739957af93779b717d15434676
Album15506682,spotify,ab67616d0000b2739869cbb168612789b93444dc
Album1435793,bandcamp,1393478081
Album142791,spotify,ab67616d0000b273585fda1f4f00508f5e3ef269
Album8139633,spotify,ab67616d0000b2733450d9904520cad8ead378c5
Album174949,spotify,ab67616d0000b2734dfdf0ac4aa0052ae45a95c7
Album7531,spotify,ab67616d0000b27330711f4520c61fcf9c37a28b
Album100048,youtube,vyy1p30qbg8
Album15797,spotify,ab67616d0000b273ae67595f2af839f43a93e6ba
Album11749715,spotify,ab67616d0000b273ce96d8c3a9df2bf2e5eefae6
Album37973,spotify,ab67616d0000b2738f552dfcf9ff296c5f4025ff
Album31770,spotify,ab67616d0000b273675947493c0e3705a5d75884
Album193365,spotify,ab67616d0000b273ba30ace8d7777e2093239ccf
Album229724,spotify,ab67616d0000b27345a01876b8849953aea4c4f7
Album40487,spotify,ab67616d0000b2731c6bbd4875e6ffee8428108b
Album10454916,spotify,ab67616d0000b27354dc405a4b42f326715e454c
Album55542,spotify,ab67616d0000b273a2396e5b3269d25a2c6be893
Album13339,spotify,ab67616d0000b273abef710700c2ff38ef1c463f
Album6303083,spotify,ab67616d0000b2738332013e3a676bc7e2c967d9
Album25431,spotify,ab67616d0000b273f989f340fbfbdac487e0deeb
Album163773,spotify,ab67616d0000b273471646faaecf4b53e95b5c1c
Album556327,spotify,ab67616d0000b2735ae8045c1eb9dc316b269509
Album16582173,bandcamp,1322043986
Album225230,spotify,ab67616d0000b273d3ade72133ae9d0c4ba0a9ce
Album32931,spotify,ab67616d0000b2737f4381ea8754778a62a29a23
Album2217933,spotify,ab67616d0000b273c3b86ae0941331959917ebf4
Album4673853,youtube,Z67RL56ejuY
Album15848426,spotify,ab67616d0000b27372c31d0daf775192d1a76fec
Album12369832,bandcamp,2892943756
Album4937177,spotify,ab67616d0000b2731bd466fc4a64bcd26c4a7d76
Album1746691,spotify,ab67616d0000b273a2175441870eacaa5c30bce1
Album24041,spotify,ab67616d0000b2732268906fa411b752135af29a
Album61875,youtube,v3HuHV00DMI
Album5552125,spotify,ab67616d0000b273f2a38e2fd4bee540af488f51
Album13721,spotify,ab67616d0000b273227c00d2ff10c7a1e3036e9d
Album35963,youtube,oAC5fyvZtAw
Album217297,spotify,ab67616d0000b273a1518fd23ad7be3fd644f55b
Album1946575,youtube,qB5UK5bOG3I
Album1710075,youtube,bx9jcWvAJyc
Album2549977,spotify,ab67616d0000b273cd824dd4c70a24577dfddce3
Album28742,spotify,ab67616d0000b2736bc6d92f3a08df23436c7bc3
Album164489,spotify,ab67616d0000b2735bff782c6e7be8f5a13edc6f
Album5586627,spotify,ab67616d0000b27398ae3ea546054361c083b9bd
Album13,spotify,ab67616d0000b27384243a01af3c77b56fe01ab1
Album16288311,spotify,ab67616d0000b27390590abee58b6f309215281b
Album4096,spotify,ab67616d0000b273780f9a5e00e59f88b593b186
Album138213,youtube,FlUx5cPLAM0
Album33468,spotify,ab67616d0000b2732dc7fead65dc2436f1a4ce37
Album4054473,spotify,ab67616d0000b273b2b15f0d83d7f5b82f7af279
Album130690,spotify,ab67616d0000b273484f84ad4db1ed7d93bbdbb9
Album929237,spotify,ab67616d0000b273dca99b05bf04d9d5f3851656
Album275302,spotify,ab67616d0000b273e3ca2989dd6574edc7c202c7
Album16464,spotify,ab67616d0000b2734584ea12f1b02af91659160a
Album776185,youtube,zTwKJ3kahkY
Album8496760,spotify,ab67616d0000b27317207fb83f6d3533e092f822
Album3971515,spotify,ab67616d0000b2731ac272756fa76ac59ed33ed7
Album98958,apple,Music126/v4/ce/8b/9d/ce8b9dbe-d731-dc6c-1db6-5ca67d211b2f/67549.jpg
Album14961,spotify,ab67616d0000b2730ddf32dc293d32d8db703fb8
Album294729,youtube,TvalS4bRp7A
Album866482,youtube,X0gyUOoS4n8
Album27355,spotify,ab67616d0000b273bdda6a4e9793de67f7598c91
Album213899,spotify,ab67616d0000b273aeb535520a4b267e0dad21ac
Album33681,spotify,ab67616d0000b273d3aeb17286ddbbb81384da1f
Album2835773,spotify,ab67616d0000b2731c8dd69eb0299f1ad7baf95e
Album862147,spotify,ab67616d0000b273ace7b716c09693439008a986
Album700646,spotify,ab67616d0000b27333930f4cc5d8563bb97d277a
Album17815,spotify,ab67616d0000b273fcaa00e8e8a43694a5f0fffb
Album16134872,spotify,ab67616d0000b273bc4823bf7dd2a0702a9934b0
Album65304,spotify,ab67616d0000b27379dc07d5658fdb293361c9c5
Album5672169,spotify,ab67616d0000b273dfa6ba57d446244054f068f4
Album5998266,spotify,ab67616d0000b27359fee416d114b30583afef48
Album15121752,spotify,ab67616d0000b273c5ea103218fe2f50b610f5cc
Album78011,spotify,ab67616d0000b273089a634cc1b5d51884311bd0
Album15998120,spotify,ab67616d0000b273e714d8f36b9fb90565275544
Album2425173,spotify,ab67616d0000b27389c71945786bac066fe68be0
Album49859,spotify,ab67616d0000b27387f12558ec3b8a6e4d6c67ad
Album1153639,spotify,ab67616d0000b27321a44a7a732bd352871abfcd
Album3654529,spotify,ab67616d0000b273d1a5c53e8a62d601f90b467a
Album6335840,spotify,ab67616d0000b273f9af5e13d09f9ac5a068e165
Album6267128,spotify,ab67616d0000b273b108973cfa1dd860583adeff
Album89602,spotify,ab67616d0000b27355b3ed314aa06ae9d654f5ce
Album61020,spotify,ab67616d0000b273f8f9055d68a8ec327033f1e6
Album954260,deezer,483d4cb53aa05b46a943469c577012ce
Album37844,spotify,ab67616d0000b2736a42b69122c0eb10ecef65c8
Album168434,spotify,ab67616d0000b27335113fdf3be1a80a10167453
Album4225144,spotify,ab67616d0000b273a985f33641fa3687ab0aae2b
Album294043,spotify,ab67616d0000b2735416759709120ade8fdc6f43
Album194492,spotify,ab67616d0000b273a6ddce7d1da9f0cf63a567f3
Album400859,spotify,ab67616d0000b273b6a3b1f5a49a42bfb5099d4c
Album8081318,spotify,ab67616d0000b27335c9f4010a22adf8a2e327fd
Album306207,spotify,ab67616d0000b2733c4cea26af660cb683bef6c5
Album4273143,spotify,ab67616d0000b27388da9f744adbbb90fbae8638
Album10648831,spotify,ab67616d0000b273fa83e962b0d0c942654b9d0e
Album17001772,spotify,ab67616d0000b2735cf234eeb7a2edf44bf64a46
Album6295187,spotify,ab67616d0000b2735f16c705b00e38acfad9b67c
Album813825,spotify,ab67616d0000b2735cb079c44d2e5efb73144003
Album10629129,spotify,ab67616d0000b2739f629d7e78ef6f8b6cc4ffbf
Album167712,spotify,ab67616d0000b273c81c55402fee2c196b5dec47
Album8208819,spotify,ab67616d0000b27345e38873f1662dab9f5bba04
Album7869,spotify,ab67616d0000b273af6b567023c685829c273982
Album84496,spotify,ab67616d0000b27377994f11c951ef57fe36b727
Album89677,spotify,ab67616d0000b273921417baf700cc9da1d43b80
Album581259,spotify,ab67616d0000b273ee23d49b2ac6dbf1cd3ee567
Album821761,youtube,ExPhZxYREEc
Album173723,spotify,ab67616d0000b273bbba9abd8d8cfe516bb4faec
Album4150,spotify,ab67616d0000b273c21c77eb05ecb354b0fc5b3c
Album1150417,spotify,ab67616d0000b273433d88180e4ee2352fbbc58e
Album4372995,spotify,ab67616d0000b273ba538302725f1e1f55fc4077
Album4211984,spotify,ab67616d0000b2738e08172baef7615961371783
Album86007,spotify,ab67616d0000b2734e4e8e9528e75fc95e65c4cb
Album77811,spotify,ab67616d0000b273f5a2d33aa991aea4ab1f5ada
Album25794,spotify,ab67616d0000b2733efe69be8bc425622e185d00
Album157679,spotify,ab67616d0000b273f4114e0a24bc274ddbaf6bc0
Album174514,spotify,ab67616d0000b273e7971991cd286f93d981fe28
Album5613138,spotify,ab67616d0000b2734b4f62dda285b9d8929ecb85
Album54335,spotify,ab67616d0000b273d079434411b458d531b00636
Album1416295,spotify,ab67616d0000b273014ea43bcc700728d3b6e5a4
Album186048,spotify,ab67616d0000b2733d73d90413fea9a65c5a1cc9
Album142708,spotify,ab67616d0000b2737a967c53b9848fd82833b3ef
Album116662,spotify,ab67616d0000b2738407c1c146895dd46f8f5344
Album206988,spotify,ab67616d0000b27337a19aa2074cf2db9bb55e25
Album14537578,spotify,ab67616d0000b2738504a0836dfaa61b28930505
Album5057667,spotify,ab67616d0000b27376c9b9e34a3a87891dbf6ba2
Album11342735,spotify,ab67616d0000b273a77a624693b2910ef565d1bb
Album10197,spotify,ab67616d0000b273e943db6aace5d0cf34474c04
Album17637,spotify,ab67616d0000b273f90f61c31aae2d5653b80d55
Album9130405,spotify,ab67616d0000b2733bf360b35042d90485246745
Album8518,spotify,ab67616d0000b2730ad0675cc6595c187ccae609
Album938913,spotify,ab67616d0000b2731cea835278ddc045d84362f1
Album428544,spotify,ab67616d0000b27304111dc62554b05dc55fac95
Album66944,spotify,ab67616d0000b27340b9da3f4fc33ebdcae34c84
Album507124,spotify,ab67616d0000b273edb933bb74f389e4eaafd67e
Album250756,youtube,a30rkGN9oO4
Album278786,apple,Music123/v4/4b/d7/1a/4bd71ace-9ded-a1be-2d1b-78a19585b0f9/827166519722.jpg
Album17200138,spotify,ab67616d0000b273072fb1519c99852c1e61c29a
Album15481333,youtube,5R5e-_ytfj0
Album9207722,spotify,ab67616d0000b2734a17e14e2bdf7e28681d45e4
Album15009546,spotify,ab67616d0000b273cae389ab4c2347ccc03d6e08
Album15859408,spotify,ab67616d0000b273193c2fafdce8f116b5ca0a78
Album7632,spotify,ab67616d0000b273afa1da5553496bdb429cd19f
Album14219067,spotify,ab67616d0000b273fa10fcd519ad13a7512805ca
Album1959,spotify,ab67616d0000b27367ab9c5b44fdad8d669d5850
Album14845117,spotify,ab67616d0000b273700aee76318f3a1abc090189
Album70718,spotify,ab67616d0000b273c240d8496b74774a78227e41
Album82812,deezer,fec7fcb72072789c7b6218c188bac292
Album39515,spotify,ab67616d0000b27376f2278ddad5b93a95b3b09b
Album15011959,spotify,ab67616d0000b273fbcb3447d4f95a999b831e2f
Album15387688,spotify,ab67616d0000b273050fb0462ca05299ffbb65ad
Album209163,spotify,ab67616d0000b273d07c7c5f4693243f462d977a
Album155,spotify,ab67616d0000b2730ba5778a49135f7003e77b79
Album35096,spotify,ab67616d0000b27392a7468ef494dd4d7c6366e2
Album15997970,spotify,ab67616d0000b2732dd0a67414f03fd555e840cb
Album1976898,spotify,ab67616d0000b273d0b36ece7336a0b27ca96f52
Album885930,spotify,ab67616d0000b2731b9f5af6d79ace2ed421c103
Album22588,spotify,ab67616d0000b273ebd6a24fce6f5cf07893ba9c
Album6720110,spotify,ab67616d0000b273d1bd3a0ccc3fe60f8d6941ca
Album67195,spotify,ab67616d0000b27334d8da8683de208072ea059f
Album87881,spotify,ab67616d0000b27371ca83ecce86045b88dd2388
Album187246,spotify,ab67616d0000b27340b0c45594f806fcdc372286
Album213395,spotify,ab67616d0000b273dfb957b5de7416b765d4fd80
Album177298,spotify,ab67616d0000b273fd4740362b3743823e32b4bd
Album125071,spotify,ab67616d0000b2730bf4fd923abd9aa76c1f2d32
Album292469,spotify,ab67616d0000b27380bcd96cc7a270ed1773a665
Album30355,spotify,ab67616d0000b273ff50fdb9064446282604ebcc
Album8686986,spotify,ab67616d0000b2730ba0e1e7289d7a3cacf31b86
Album453561,spotify,ab67616d0000b273e5bbc091ea7dce42c461d4a5
Album1735,spotify,ab67616d0000b2739c3be4e1c786475f9489529f
Album16947680,spotify,ab67616d0000b27370202a53753de37a79b85d4a
Album16746489,spotify,ab67616d0000b273991dcc07512545abdec4a9a9
Album686686,spotify,ab67616d0000b273854b1969d061e53ce5bba595
Album10655390,spotify,ab67616d0000b2737c217350d66ef79be53762d1
Album4558303,spotify,ab67616d0000b2735ae6c6ef1c862e16a319aeb6
Album15654904,spotify,ab67616d0000b273d58f44544a01978645f9ddf4
Album418030,spotify,ab67616d0000b2730cbc1e6d75d68319333b49ec
Album4286064,youtube,eNfsAikH9NU
Album16626151,spotify,ab67616d0000b273072405d17644d331dd3056bc
Album1342,spotify,ab67616d0000b2735335b6a9d7ba031d1b36712c
Album3948295,spotify,ab67616d0000b27398fd12235fab9949beaf8496
Album97717,spotify,ab67616d0000b2739731f16759767d460c32e6c8
Album8773318,spotify,ab67616d0000b273f27459a7e3e7475b50590e17
Album154635,spotify,ab67616d0000b2738413c184b38869627d1e8289
Album5286,spotify,ab67616d0000b2736c5bf5ae4cffb1b33894f49a
Album185687,spotify,ab67616d0000b2730fe9353b01090b7b4b30f921
Album188621,spotify,ab67616d0000b273c04f83b10d0bf23f89612252
Album25865,spotify,ab67616d0000b273c45d6d95511144bc5f028cdd
Album97390,spotify,ab67616d0000b27386d4221771b5e5e9b3032fe0
Album2816722,spotify,ab67616d0000b27356d42d01f22c8c73d5b7efd1
Album14707992,spotify,ab67616d0000b273ca8bdd1ca59f388519a89981
Album14348,youtube,1y8UWlhUP4M
Album181100,spotify,ab67616d0000b2736a05c0dcbe94d755f69b70e7
Album29098,spotify,ab67616d0000b27352ea6a8503e3f7864f2a346a
Album18732,spotify,ab67616d0000b273c88876d2bc8c964fc84094b5
Album356309,spotify,ab67616d0000b2735983fa542b5dcfefceec190f
Album3999467,spotify,ab67616d0000b273219e4d4f87ebc2b621948938
Album14344807,youtube,4PIv7g6HASs
Album40213,spotify,ab67616d0000b273cfe4f6ca8c8249d8fcc93aab
Album9234383,spotify,ab67616d0000b273af89ca043be8fd7637b54df5
Album22589,spotify,ab67616d0000b2732823007924c5ce6b55a23117
Album18876,spotify,ab67616d0000b2737f03fd3d1863bcdde07e4f0b
Album10281433,spotify,ab67616d0000b2739e5f87ec4047381725ea8502
Album89603,spotify,ab67616d0000b273662a376986effc5225688872
Album66584,spotify,ab67616d0000b2731394eb9412345ee6889439c9
Album43749,spotify,ab67616d0000b27307a1a59e25e52f939baaf72d
Album22757,spotify,ab67616d0000b2732d0c331187a1fb2bd37c7102
Album717073,spotify,ab67616d0000b2739dfaa50fbecb68dc9e7ba0fa
Album95142,apple,Music211/v4/7a/ee/57/7aee57e8-955e-136f-f670-7625821071b5/HOEDh.jpg
Album2758725,spotify,ab67616d0000b2739ca90f2469225b78639d5684
Album7813,spotify,ab67616d0000b273757600a376eb39dbfe95e724
Album53311,spotify,ab67616d0000b273f10c73d5d3721016fc443b4b
Album120101,spotify,ab67616d0000b273148860b2a0c9dc3fe8dcaafc
Album16666346,spotify,ab67616d0000b2734815d1b66f634e1e15114163
Album16599,spotify,ab67616d0000b2730bf61a4d06139b769d2fe452
Album16062841,spotify,ab67616d0000b27324289f95aee971b9c0bafeec
Album15721416,spotify,ab67616d0000b273e5f143a6fbd201f53f38e86d
Album2215,spotify,ab67616d0000b273e698b41c758c1a49fecbc1cf
Album18966,spotify,ab67616d0000b2730ff11ff76a35504c0d470a37
Album70299,spotify,ab67616d0000b273769acb8bbf6bcd61b89a7627
Album87478,spotify,ab67616d0000b2733d88c31c095161275e162893
Album5377484,spotify,ab67616d0000b273b2ea50fea2cfa844c78a55f7
Album7321203,spotify,ab67616d0000b2733085de9ab07792c4d6281ea0
Album6183612,spotify,ab67616d0000b273891c41a2e1dba8d0eb1cf6c4
Album7622,spotify,ab67616d0000b273770936629e5abeda1450ebb6
Album44808,spotify,ab67616d0000b273a6fef4a7966c51f358fd0f0f
Album16867,spotify,ab67616d0000b27320c4540524b4ebd0b3371962
Album43402,spotify,ab67616d0000b273f25378e38e12f4324e10a995
Album4931109,spotify,ab67616d0000b27387c79d18003e31d79fb7485c
Album1360913,youtube,EZtRmics7Ng
Album589622,spotify,ab67616d0000b27353919ace8c419d0223b97f7a
Album20145,spotify,ab67616d0000b2732ba34f5fa77adb216b9c6c7f
Album683582,spotify,ab67616d0000b273f6849c011fec1433bf4a0003
Album1500486,spotify,ab67616d0000b27392b7475acd74ec7e9e442aaa
Album483388,spotify,ab67616d0000b27307b69038ab04bba4d2096ce5
Album870198,spotify,ab67616d0000b2732b8dee7d5385ff40cbac1229
Album10023486,youtube,t0XzofXRiQg
Album6256982,spotify,ab67616d0000b273fa250fb313f207757f789159
Album15547973,spotify,ab67616d0000b273a02c3184ab5567fed2b112d6
Album175355,spotify,ab67616d0000b2730cb8af8a83a1b8e98980f9ee
Album66805,spotify,ab67616d0000b273c6e2f3f712e9c374f03d2fe8
Album31921,spotify,ab67616d0000b27362c0f2932aae72079a010688
Album6826370,spotify,ab67616d0000b2733d54c092828c25bafdfd1fcf
Album528577,spotify,ab67616d0000b2733ed4f240243c1ace15de2d69
Album8235290,spotify,ab67616d0000b27322e62add405476e534dbea3f
Album70796,spotify,ab67616d0000b273154f1bb6c3dc7dc34c91c179
Album470369,spotify,ab67616d0000b273a403c07b39791a79172c38d8
Album496138,youtube,3sQ-q_qd9dQ
Album843376,spotify,ab67616d0000b2734dbadddacc401ec855e40187
Album138315,spotify,ab67616d0000b273cac9c7e182d57f49a36c538a
Album62196,spotify,ab67616d0000b273e1db7ec0f8fa158bdfaa1e8d
Album7636786,spotify,ab67616d0000b273bf19a12e8dfa81267db54be9
Album785887,spotify,ab67616d0000b27314834b2e4edc65d0e9c6fe04
Album3442658,spotify,ab67616d0000b273567b0a6defc057bcbfaedadb
Album649496,spotify,ab67616d0000b273b01f868ecc62e809af0dd63b
Album16313072,spotify,ab67616d0000b2732c09edeef24c1849fbea1ec5
Album2416154,spotify,ab67616d0000b273a5346c49b4f9fe63ca04d9f7
Album27572,spotify,ab67616d0000b27355d57c0c1f8e5f8fcfeda444
Album78258,spotify,ab67616d0000b273fdd4bdb7313646b08395efc0
Album1933945,spotify,ab67616d0000b2730fa3dfd6d9d4902ff523f34f
Album233539,spotify,ab67616d0000b273548165be0a97b93f5831ab91
Album1535003,spotify,ab67616d0000b2738588a7b861465d12b570eb8a
Album3506805,spotify,ab67616d0000b2733024b9094578620403f716e8
Album4129,spotify,ab67616d0000b2731fb7aa40ef2ad5e775814557
Album283411,spotify,ab67616d0000b273cd99251f0c66fe4bae97d791
Album3765977,spotify,ab67616d0000b2733b2877d942a40a35628671ac
Album15003203,youtube,JaIndGDPnxo
Album469683,spotify,ab67616d0000b273bf96aed03a1e378dad91217b
Album3409680,youtube,9QUvWAiG218
Album8860242,youtube,Zk4bmqSeqbM
Album14984337,spotify,ab67616d0000b27311cf818a6fb8819efbefe5e1
Album4185878,spotify,ab67616d0000b273c3c86aafd905181f19366b2d
Album279331,spotify,ab67616d0000b2737423952f612534ca9a341421
Album17218742,spotify,ab67616d0000b273e33108f47dbaec59793f0932
Album7858221,bandcamp,0059592176
Album392427,spotify,ab67616d0000b27317c593559da7910009f542bf
Album27119,spotify,ab67616d0000b2735a5c8b69704d38b3e4d128da
Album15512070,spotify,ab67616d0000b2733d73c937ff2fe56a12359493
Album15553231,spotify,ab67616d0000b273c55276d13668e4d053ae3762
Album1514055,spotify,ab67616d0000b2738d2b24f2ac52153da9bbd176
Album829056,spotify,ab67616d0000b2733a8e7939ad6cc20b2c1dcae4
Album133348,spotify,ab67616d0000b273aee6a691ba862b95600efbc0
Album115456,spotify,ab67616d0000b27392b38e83b9555e44615362e9
Album14775,spotify,ab67616d0000b273b58511be18b57e4295dbf1be
Album562392,spotify,ab67616d0000b2731447da26330da8f60cfae882
Album3475785,spotify,ab67616d0000b273892c315047ac8f82f6d02772
Album59873,spotify,ab67616d0000b27366470c9605754f3688d88e1d
Album825192,spotify,ab67616d0000b273476650fe06c1b0cfaf425299
Album15986977,bandcamp,0204204064
Album16697225,spotify,ab67616d0000b273385d03b945abb1ae5f61bc12
Album72138,spotify,ab67616d0000b273d622fc7ddbb6844e8d97ba1f
Album15055739,bandcamp,3352904650
Album100616,spotify,ab67616d0000b2738ac80589db81e273e0924e60
Album67529,spotify,ab67616d0000b273d82f93beece77896d5b2aa62
Album357230,spotify,ab67616d0000b27333846ba3d6d51056f04fe4f7
Album28880,spotify,ab67616d0000b273b88c5ff535838b89474d9fd3
Album16941,spotify,ab67616d0000b27352a357d9bbfe110c1860e548
Album17138813,spotify,ab67616d0000b273aaa989bd6b86ca853e03ecfa
Album18908,spotify,ab67616d0000b273a61d599da027ae2d67c2c011
Album85834,spotify,ab67616d0000b2735b49e34e89bc550a8dfd9f2b
Album9264945,spotify,ab67616d0000b273fe4d287cb431f5a294f663cb
Album7487659,spotify,ab67616d0000b273ff2db662746917b1675281fc
Album27466,spotify,ab67616d0000b273ccf837ee375cc7b34afb05ac
Album16570178,spotify,ab67616d0000b273c6c57d988a53e09791aa9a70
Album7114,spotify,ab67616d0000b273721aa94703c1a94c735aacd0
Album15046510,spotify,ab67616d0000b2730123e346256d7160fc210f82
Album8130256,bandcamp,1952775903
Album5695,spotify,ab67616d0000b2733f43cd403d5ef45cd4ce439d
Album95821,spotify,ab67616d0000b2734107e30d26482b9783e03216
Album89596,spotify,ab67616d0000b273f0c2fab8bdc568629be581d4
Album30666,spotify,ab67616d0000b273558ba952fda997e0955b286a
Album15369503,spotify,ab67616d0000b273af2f36946881cfd2d5ba1279
Album164263,spotify,ab67616d0000b273a4f52fd6f2171cfb4e87a7d5
Album33919,spotify,ab67616d0000b273f5652ebcb3ff71fc77c97d85
Album205963,youtube,h7uOg9Wz36M
Album80503,spotify,ab67616d0000b273a9aebd3b44b034ae3d5cfbfb
Album15368974,spotify,ab67616d0000b273430248425657f5543ab87d72
Album2672,spotify,ab67616d0000b273469a5848dc274b1d51e504a8
Album8087168,spotify,ab67616d0000b273c2ae4095962f75cdf57750ca
Album37282,spotify,ab67616d0000b273a97259932229d6dbd7fd5034
Album109390,spotify,ab67616d0000b273f0a224701e8e7f2ef380eec4
Album4402402,spotify,ab67616d0000b27376f52df1dfb6475076b1169e
Album318278,spotify,ab67616d0000b2730fcdb2f4391318b796d4e2b0
Album385868,spotify,ab67616d0000b273083b3b46c553401d59ea5a4d
Album388941,spotify,ab67616d0000b2736644c7e6112c7503894b840d
Album6243867,spotify,ab67616d0000b27375eb58a190ee4f6e9e4ee294
Album130619,spotify,ab67616d0000b2734454f757c729e3744edbf8ca
Album143490,spotify,ab67616d0000b273eff6c3d9c5de5b22de7a8efc
Album8284,spotify,ab67616d0000b2733b8f9c148e9eead1143c78e6
Album866481,spotify,ab67616d0000b273186fb9f09a7b3866b894094e
Album148293,spotify,ab67616d0000b273f68111bef73a9126a01b78e4
Album132821,spotify,ab67616d0000b273b856e2ffb1ea3be9f80ba1d6
Album4128371,spotify,ab67616d0000b2733c6b3fedc0d484cd88d5c65c
Album150299,spotify,ab67616d0000b273beeb734c5d30ac6c5dc0bb19
Album227114,youtube,3kHUyh_sHbI
Album30185,spotify,ab67616d0000b273c23c205d1d0bc1d5360ef2ab
Album94507,bandcamp,1455882500
Album4225527,spotify,ab67616d0000b273536e726a368a9722e09a887d
Album178474,spotify,ab67616d0000b2735ee80f63d19161827e6106e5
Album187421,spotify,ab67616d0000b273c22d7b8481780606fa0e6f73
Album12008623,spotify,ab67616d0000b27357aacd72d8f523ddab7b5e48
Album30834,spotify,ab67616d0000b2736a5eb6bd38f10d0f7bda4168
Album274090,spotify,ab67616d0000b273da24049b8135466162029b14
Album2660886,spotify,ab67616d0000b2730e23d72b78c60ab257cf984c
Album2869328,youtube,KNkoSzRkJek
Album31618,spotify,ab67616d0000b273c3d1ae0d03af0dd14b9aead1
Album198584,spotify,ab67616d0000b273f88d647647f182e1f79f4100
Album30669,spotify,ab67616d0000b2735b1cb529787627f966a2ed60
Album15309448,bandcamp,0371011897
Album293531,spotify,ab67616d0000b2731c1f2821796f2d4aa5a2f278
Album26678,spotify,ab67616d0000b273f12172d11e76e108520eb18f
Album94335,youtube,LrXKSDd5GRA
Album382555,spotify,b7bc600f266072809479012e6844474bea4c00a6
Album12224227,spotify,ab67616d0000b273c075f9fb4de6021ee163ad1c
Album609810,spotify,ab67616d0000b273372a89371f8562aaef8f5a54
Album2563895,spotify,ab67616d0000b273f4cfa074fcdfeb6d9974d201
Album40407,spotify,ab67616d0000b27355da1afca6e96013aff26592
Album13367683,spotify,ab67616d0000b273c11ba539d58741bbd1332c92
Album155662,spotify,ab67616d0000b273a0ceab8776e20d715e6b9fd2
Album37365,spotify,ab67616d0000b2738a22827b01e5d68d3736d58b
Album564,spotify,ab67616d0000b27329dc59785f4c767fcbfc9e38
Album13542,spotify,ab67616d0000b273f6023678dc4e8d5c25cba500
Album3920688,spotify,ab67616d0000b27350c5cba90147cca849c763c3
Album57328,spotify,ab67616d0000b273ed717255beab9002539714c7
Album1198607,spotify,ab67616d0000b273e2e1b5e61d34df2e3b15a176
Album11310544,spotify,ab67616d0000b27322126db5191aa0b36040c770
Album17023531,bandcamp,1910963583
Album680278,spotify,ab67616d0000b2732b001e668276f485e65cbbad
Album23928,spotify,ab67616d0000b27387264fae0e4e6b7dd211d075
Album123476,spotify,ab67616d0000b2730cf2ab09b90c0227e2ebdf40
Album98229,spotify,ab67616d0000b2736e54d4b6e48ba4a029b56a76
Album24489,spotify,ab67616d0000b273fdad1840d29fcedcc19d0222
Album19189,spotify,ab67616d0000b27344064fc021470d68de8aa49c
Album427178,spotify,ab67616d0000b27394773263139d93ed6171c8d9
Album90753,spotify,ab67616d0000b273ecc1d1fd8c60b4d7a99c31fc
Album297509,spotify,ab67616d0000b273ef6844032ebba73ac66508a4
Album933443,spotify,ab67616d0000b273853e4875e0edafdea4adb77a
Album159166,spotify,ab67616d0000b2736f41a299791d5833d41d78f2
Album11620659,spotify,ab67616d0000b273b53491e46f261fc02ed85580
Album148037,spotify,ab67616d0000b2730f28201cfd56a7967d66a4ad
Album5658223,spotify,ab67616d0000b2736a5036286a36bab9a11a096e
Album87902,spotify,ab67616d0000b273e662ed511a4d3b9634c2bc92
Album399342,spotify,ab67616d0000b273d4b3601963516c21207d44fd
Album1127102,spotify,ab67616d0000b273083f085895a20f505199a0a6
Album7517775,spotify,ab67616d0000b27389c3692370b29d8fd4bab431
Album84727,spotify,ab67616d0000b2730685f57f5521a9701c8e1755
Album1185583,spotify,ab67616d0000b273b01fea159227ea845c2bd72e
Album2535,spotify,ab67616d0000b273530a2c5dd17d2ddf8edc2978
Album1121382,spotify,ab67616d0000b273dcd397dea37bf7de898e4015
Album61021,spotify,ab67616d0000b273d89a062b77445af55bbe8a3f
Album181601,spotify,ab67616d0000b27385cd5c04254ffe9d87aeff67
Album134281,spotify,ab67616d0000b2735f7b19adcb189f0332518d9b
Album46498,spotify,ab67616d0000b27379a7b0212d94830991277cfb
Album368048,spotify,ab67616d0000b27373f87ba8fd28328c884cf873
Album4448,spotify,ab67616d0000b273c898e0e6b49f7f2f4b94d392
Album3098736,spotify,ab67616d0000b273b76fc78f70afc39bb0445639
Album848,spotify,ab67616d0000b2736fa94654df782522d1c016c3
Album1101154,spotify,ab67616d0000b273f24b55007d21c0e15ec149f8
Album579147,spotify,ab67616d0000b273dc5f1c0a1b5330fceadaeddc
Album86260,spotify,ab67616d0000b273279ade2d26d8670ee879acd3
Album70031,spotify,ab67616d0000b2731133a4e2db2446588d6e8b49
Album1760323,spotify,ab67616d0000b273edc40f46e2e5804c83aa73db
Album89288,spotify,ab67616d0000b273f0a763af0f6ab0b991036bde
Album60308,spotify,ab67616d0000b273e8e38b84e56cbddc546076c8
Album298565,spotify,ab67616d0000b2738209c96aa6b389f2fa273b30
Album9755583,bandcamp,4246156871
Album48228,spotify,ab67616d0000b273a414c3a0d6c2b308e1430a15
Album44069,spotify,ab67616d0000b273d9d269f6ad03e2220fb49a73
Album1080545,spotify,ab67616d0000b2739f3f43e28de6f07f4efef76a
Album26648,spotify,ab67616d0000b27349a715e1cb9d83b6a8c0ec58
Album439939,spotify,ab67616d0000b27377393f94c80dcac1ab648481
Album127837,spotify,ab67616d0000b273f4540b6310974d98af153d24
Album348308,spotify,ab67616d0000b2738bebed1a542c6b07e0aa362d
Album7142431,youtube,_sIWGfMI0G4
Album91171,spotify,ab67616d0000b2731d80fa8a2d1967cb3af85ca7
Album26001,spotify,ab67616d0000b273a1c364052806668abb549f31
Album3706150,spotify,ab67616d0000b2730c9af38beaecd4d7b83ee46f
Album9396105,spotify,ab67616d0000b2733983ac43f834ac19c87676ea
Album307559,spotify,ab67616d0000b273e4a797ecfd6b593c8b45c404
Album421929,spotify,ab67616d0000b27367f634350183c53cc0e82844
Album290734,spotify,ab67616d0000b2738b9e577d36c14f146c4e7a8d
Album4394185,spotify,ab67616d0000b27300e4a8e8a9904e9d4ec65107
Album6594730,youtube,zUcz3jZSA-c
Album281551,spotify,ab67616d0000b27382434076bdfa956495520c6d
Album4851333,spotify,ab67616d0000b2735da5634a3f6544b47267deb7
Album188894,bandcamp,0186868702
Album2543,spotify,ab67616d0000b273efb2554293d2f68743df2e53
Album473672,spotify,ab67616d0000b2736315321b772e29c142f5437a
Album13288,spotify,ab67616d0000b273c8cbbdc8e10da75b04959673
Album12428402,spotify,ab67616d0000b2735a973167d72dfaaedf82a654
Album6626201,spotify,ab67616d0000b273be3f45dea4dbac96af4725b4
Album11437896,spotify,ab67616d0000b273ec7d3e62c64480f34e2e3f7a
Album10073405,spotify,ab67616d0000b27361595736954fdccc099bd22e
Album1400314,spotify,ab67616d0000b273a3a468be265667359c7a1c84
Album172129,spotify,ab67616d0000b2734a0fdc0720e97414896b16c9
Album21611,spotify,ab67616d0000b273fc74178a2f3dfd3970a67cb0
Album2893940,spotify,ab67616d0000b273e4b908bb8cbd97182e46976f
Album121739,spotify,ab67616d0000b2738865d510d35ebbecbbda43cf
Album486436,spotify,ab67616d0000b273bc2dbf3605e28758c4803b6f
Album100777,spotify,ab67616d0000b273aadf5c1c8d6e3a2858676b57
Album362750,spotify,ab67616d0000b273849d08f229867d62b4d858db
Album152182,spotify,ab67616d0000b27317c036b93846577463a5e75a
Album1984176,spotify,ab67616d0000b273e0f9a986e0ddb42df885fe41
Album712484,bandcamp,0871214748
Album2350,spotify,ab67616d0000b273b6f13e40fbd883767da606bc
Album17076900,spotify,ab67616d0000b2733043ca6a7543aa0a9cd39975
Album5608936,youtube,esyPXwBxLms
Album6187986,spotify,ab67616d0000b2735c8bdc6663822d2b0eb6c96e
Album105755,spotify,ab67616d0000b2738c7b498ce5521a18fdb35396
Album26145,apple,Music124/v4/a3/dd/8d/a3dd8dd4-9b3f-df22-0224-23ebffae4155/mzi.gxwpgmsl.jpg
Album621946,spotify,ab67616d0000b273a424bbf77d29dbe862534a62
Album583706,spotify,ab67616d0000b273a752cb51da155ae7bfe430bc
Album4022137,spotify,ab67616d0000b27310e5b6ad102cc4142416fdea
Album37390,spotify,ab67616d0000b273d6fe42ffb2801c93d5ec732e
Album657405,spotify,ab67616d0000b27335887a1c7edc3395cd8d5937
Album734401,apple,Music/9d/af/a6/mzi.brlfjpao.jpg
Album14829643,spotify,ab67616d0000b2731f400cfce3eb1f775d035a85
Album175357,spotify,ab67616d0000b273c1d546924cb200fca952a4b4
Album7754150,spotify,ab67616d0000b27344baae3c408a9e792f8e5812
Album98442,spotify,ab67616d0000b2735a77722d30090fb225adac0c
Album82154,spotify,ab67616d0000b27351d92ce1bd30a37ac7b4f38c
Album5163,spotify,ab67616d0000b273012217969f1979b6f050068b
Album798466,spotify,ab67616d0000b273ec090c5c7b9a81cf9b9b8eec
Album15401342,spotify,ab67616d0000b27365f3d5f099b25327113c528d
Album180505,spotify,ab67616d0000b273ff6e678ce3e1cd423fe4d4fe
Album286955,spotify,ab67616d0000b273978fc619834e2d051e2866fe
Album243794,spotify,ab67616d0000b273c88b0ad45036b21a2fd1c0c2
Album64485,spotify,ab67616d0000b273b4168399c175b4699e879fa0
Album5732749,spotify,ab67616d0000b2733b1e604afbc923f677456d7d
Album9797449,spotify,ab67616d0000b273e5955a78f3f257170490d252
Album509244,spotify,ab67616d0000b273a7106e1883b74b4024b38bbf
Album363528,spotify,ab67616d0000b2732977f0f2c0fb472f27098767
Album942759,spotify,ab67616d0000b2730550ad119296eb1b61f047a7
Album114248,spotify,ab67616d0000b273bd162c57dd81e4e204949ebb
Album324245,spotify,ab67616d0000b273d0698a00e53ab94c27fee151
Album82287,spotify,ab67616d0000b2739112f3100cd756a00eaeaa04
Album542126,spotify,ab67616d0000b2733b69100d8b8aa77140eb4c38
Album320779,spotify,ab67616d0000b2734eb669154c003f29c74be01d
Album150459,spotify,ab67616d0000b273b20ee480a13380d36dcdb551
Album593336,spotify,ab67616d0000b27389288b8d5325965920d96d07
Album3980190,spotify,ab67616d0000b2735a6182a76ba2e4d04d9cf93f
Album3807710,spotify,ab67616d0000b273927a1f80d602ecf90848dcc8
Album5440141,apple,Music221/v4/33/1e/5c/331e5c07-2174-33de-4b7c-5c6b6c467e93/5021732787026.jpg
Album776043,spotify,ab67616d0000b2738120fd2f7b0b67d06e924194
Album8569804,spotify,ab67616d0000b273ed66c55b0d199553e3f2ac55
Album3613,spotify,ab67616d0000b273214f0bd9dc1ed0c65ae81760
Album5550805,spotify,ab67616d0000b273ec29a8ee592ae6c114c86721
Album223,spotify,ab67616d0000b27392e9684c11fb2385fb61c211
Album2204403,spotify,ab67616d0000b273db158a5b45f623c6a36b4d47
Album16669082,spotify,ab67616d0000b2730b4c75d5dde5ed7ca003e27d
Album14695539,spotify,ab67616d0000b2737883224527ebc76b069bd0a3
Album2330575,spotify,ab67616d0000b273623d3abd3ebff5731bfac0c9
Album15560605,spotify,ab67616d0000b273bc94b5cd439fde3a7c4b1a3b
Album149041,spotify,ab67616d0000b2732e2147778035668defc0235e
Album15020780,youtube,SRdKXM4ZsPo
Album1335283,spotify,ab67616d0000b27368314e605597a4ca51966fd6
Album6567124,spotify,ab67616d0000b27394ed8eec7e9a0b55dfc27d9f
Album31076,spotify,ab67616d0000b27348ae9534bf0e5415b86fb5f5
Album244369,spotify,ab67616d0000b2734a4fef1d63c19213f8b5df21
Album9962,spotify,ab67616d0000b27338684c813e4924c5bfdf3245
Album163670,spotify,ab67616d0000b273e6b5bd8ddb0dc4586f3907fa
Album22762,spotify,ab67616d0000b27391eb38436e452a99d2f7eecd
Album1522447,spotify,ab67616d0000b2736845a456c4a93ac862f4be2d
Album8826,spotify,ab67616d0000b273aa912ba3d885e8222e6dcaba
Album3587,spotify,ab67616d0000b273f7957ef4ab5dc30119e277eb
Album1476,spotify,ab67616d0000b2735a05af8fe596f52a7c0a9377
Album133192,spotify,ab67616d0000b273054c0cd872706ff0b9648ced
Album113304,spotify,ab67616d0000b27354c6084191a92d0e04c77744
Album1115915,spotify,ab67616d0000b273f2edf433a4fa4bc7c9c19f07
Album24623,spotify,ab67616d0000b27366adf93b086bdad5f2dfcdea
Album15301,spotify,ab67616d0000b2739dd73db9cdbe6e006497e25f
Album2103430,spotify,ab67616d0000b2739a2fcc14dae33d3870ab736d
Album133819,spotify,ab67616d0000b2732dfc855dc83ba15df4a98267
Album14985,spotify,ab67616d0000b273eaa9f7b99fb9ed5333853be3
Album15848,spotify,ab67616d0000b2739156566c449c4f8e9f114149
Album81097,spotify,ab67616d0000b273c7a458e3bf6c8672b430b2f1
Album22651,spotify,ab67616d0000b2737956a443809e59c5b1f5a10f
Album59938,spotify,ab67616d0000b27331d75f3f2e324241d58a6e7b
Album2201864,spotify,ab67616d0000b273cc0542ea6074d731fb484e2a
Album2461964,spotify,ab67616d0000b2739da1c010336f78bd94b4b7c5
Album11021398,spotify,ab67616d0000b2730315b889dc17cb647fd8a7aa
Album64937,spotify,ab67616d0000b27399e84ea7b9019c645752de47
Album113542,spotify,ab67616d0000b2737e7fc1608f2eb6a594567d75
Album14236124,spotify,ab67616d0000b273a6e584a0854a3560f85deb7e
Album783303,spotify,ab67616d0000b273a8678caa8b0d8b8928642cba
Album586263,spotify,ab67616d0000b273a6df4e6f474eb3c7394d1896
Album30794,spotify,ab67616d0000b273fd7f742056246c22d99d9810
Album8176548,youtube,-f4ZNYvgOgs
Album14964170,spotify,ab67616d0000b273e9dddb75e4b6844ad5f8b4e5
Album14763,spotify,ab67616d0000b2733f59ebf677c575904a9b489a
Album8417,spotify,ab67616d0000b2737945f2293cda50453c1af2f9
Album15419627,spotify,ab67616d0000b273fc36b3a21ff6135b0ec41326
Album15926895,spotify,ab67616d0000b2737956f1c16347c7c7b6e06c62
Album16935644,spotify,ab67616d0000b273f00cf54d82bd7b1730a9911b
Album321638,spotify,ab67616d0000b2737c0f65aa3169a293ae820f62
Album220988,spotify,ab67616d0000b273d028b567f32046dbc4be0e4f
Album3890290,spotify,ab67616d0000b273573d837139c285fe4bb57775
Album16889,spotify,ab67616d0000b273ede8f10b4f968ef5a649effe
Album191790,spotify,ab67616d0000b273ab21de4ed1253caa1b9ab3de
Album208464,spotify,ab67616d0000b273b591b5acb5029e39f2ead915
Album3519090,spotify,ab67616d0000b2731b38f46a86a77e48e2e17ce1
Album396200,spotify,ab67616d0000b27339e56457c7b7482343ac4079
Album327588,spotify,ab67616d0000b273d7233fb356377e2d71133213
Album610932,spotify,ab67616d0000b27334d29a3df5696a8760c45a87
Album16713384,spotify,ab67616d0000b2735f346af563a2295d55da1ba2
Album100541,spotify,ab67616d0000b273ecb0f74aa907cc2900714fbc
Album2574958,spotify,ab67616d0000b2737721b721da9ae3ab88a1e365
Album4178370,youtube,_XZPNOFvDoU
Album1223570,spotify,ab67616d0000b2733b290aa7a41cea22ce8a7cb9
Album276130,spotify,ab67616d0000b273105ec786c381eac17b652488
Album31928,spotify,ab67616d0000b2735d4079c024a2261d8a992713
Album3492272,spotify,ab67616d0000b27361144ee4d7a377931bb6a69c
Album485189,spotify,ab67616d0000b273ebc680cd1f6c81e1770cfd00
Album691682,spotify,ab67616d0000b27320da21366626c156ab74ce17
Album11042314,spotify,ab67616d0000b2735b131d745dafd8666254fe96
Album1792980,spotify,ab67616d0000b27373fcd3730311f6ec3a4326dd
Album17035197,spotify,ab67616d0000b27342f1c3ef70c241fe934bbcca
Album26177,spotify,ab67616d0000b273102bebc4807fc0952a754d0f
Album36777,spotify,ab67616d0000b2739a50126eb59cb071e3cb9284
Album47239,spotify,ab67616d0000b273eade33e5d59464fd0ea56f65
Album3560685,spotify,ab67616d0000b2739fe6b9626a25d625b97217b0
Album2758,spotify,ab67616d0000b273063237ed53d1a93007b9f16e
Album30995,spotify,ab67616d0000b273510d5743c05e903e01bb46bd
Album1996510,spotify,ab67616d0000b273ff79d6966a33a3ebc0766b88
Album15265795,spotify,ab67616d0000b2737c2a34ec6c5126eeae301e5b
Album10009854,spotify,ab67616d0000b2735c89fd20a185a5bf313063a4
Album3159381,spotify,ab67616d0000b27392ef1c728c3c1b8b47074272
Album16291597,spotify,ab67616d0000b273d50d35e0d748b6ea4e955fe8
Album58971,spotify,ab67616d0000b273cf9170d0532af1d2769f64e4
Album825053,spotify,ab67616d0000b273af3178124d979e18cde0aa47
Album12103,spotify,ab67616d0000b273b2f14297bfefeb9486f7240e
Album11403997,spotify,ab67616d0000b2736508eefc94890bf7df4b5eff
Album33002,spotify,ab67616d0000b2734bed696f9432e0cf0d1a7d82
Album21294,spotify,ab67616d0000b273a06b1a6a91a9f80a73338b5d
Album202436,youtube,ztfjpwtXY3g
Album524533,spotify,ab67616d0000b273627e955c75b834cd8f49729b
Album7451,spotify,ab67616d0000b2730895bac241d27da5929fd9de
Album87896,spotify,ab67616d0000b2733ff282363373b033cc541e52
Album6334297,spotify,ab67616d0000b27346527ec12de9a76eca95f1af
Album198102,spotify,ab67616d0000b27315747e38c12b53c44958b466
Album46456,spotify,ab67616d0000b27327b44209368a4217ba3b43f5
Album128363,spotify,ab67616d0000b273b500cb8e62cf68181cef1099
Album423341,spotify,ab67616d0000b2739e70a0ab8c96d268cc6b88d1
Album1503635,spotify,ab67616d0000b273e13db74c2eefa729dbf1df21
Album4449850,spotify,ab67616d0000b273c63e52c976cbb3805f1cb83c
Album53314,spotify,ab67616d0000b27327e606e753b50b7c168f8e00
Album646174,spotify,ab67616d0000b273be59c4868318bbe9a8d57ab4
Album223073,spotify,ab67616d0000b27370d9cd7f9cd1ac0fed4c9cb7
Album110277,spotify,ab67616d0000b273c169d6db6a4fda8c39e99ed2
Album18574,spotify,ab67616d0000b273bd9365ddc473daa62a5fb245
Album3642579,spotify,ab67616d0000b273b1ea005ae9c942b0ac097cdc
Album74290,spotify,ab67616d0000b2730bcd7ee4590cc999e3a529fe
Album2305037,spotify,ab67616d0000b273a0d637df38180da3ec91b485
Album461,spotify,ab67616d0000b273b58eccb715f3e9af608dec26
Album474630,spotify,ab67616d0000b273878ed741b8e1342d58a332ca
Album7644985,bandcamp,0216647154
Album16739124,spotify,ab67616d0000b27383a1d9249e5d76e37c13b641
Album128376,youtube,WnGkz21KyHI
Album167033,spotify,ab67616d0000b2737f6cc50bd0b86425f589cd28
Album335186,spotify,ab67616d0000b273cc64e1f1be12d01e617c48da
Album118996,spotify,ab67616d0000b273390a3ceb3040b7f0789c6a4b
Album17989,spotify,ab67616d0000b273e350a5a9542245f27c8445e9
Album134752,youtube,rl4DnYwjjuU
Album22536,spotify,ab67616d0000b2738e4a5b61baaa35de1c47dced
Album6797415,spotify,ab67616d0000b27342807daf56233f68c0a80fc2
Album15936311,spotify,ab67616d0000b2733f5177356d956e99181f6cd0
Album16401981,youtube,JU0m5VsaWaM
Album96265,spotify,ab67616d0000b273da53289adb44dc837bb1408e
Album11380333,youtube,iqD45KgKGr0
Album22234,spotify,ab67616d0000b273940cec08dae2fff92d23b0b7
Album36671,youtube,E9YrdTGfv1Q
Album199244,spotify,ab67616d0000b2734468148cd7aa42dcfe37b444
Album453346,spotify,ab67616d0000b273368dca2b403acb7846320e13
Album27012,spotify,ab67616d0000b2739bec4e29427271ccc74587ce
Album581345,spotify,ab67616d0000b273a230aa8499148881bf771c01
Album554388,spotify,ab67616d0000b273b61358de01a9c8fc4cfb2055
Album1584151,spotify,ab67616d0000b273957a309f1ad5afc8ea5e5d9f
Album65289,spotify,ab67616d0000b2732c7adf0dc1cb68277a3546c9
Album12629849,spotify,ab67616d0000b273597d1c872d592c947f8feee2
Album482031,spotify,ab67616d0000b273422f6f1811ec0d896900afa9
Album231256,spotify,ab67616d0000b273b08e287275fab9092572390c
Album1944096,spotify,ab67616d0000b2739376fb36ffc1a73f424c1f07
Album640863,spotify,ab67616d0000b273451924b72da5dd3ebe722abb
Album4499908,spotify,ab67616d0000b2738cf245f0a393bf71036229f0
Album7020629,spotify,ab67616d0000b27348f906ad6968141096db434f
Album416953,spotify,ab67616d0000b273b8d9712e0bdfa0b70332a655
Album168180,spotify,ab67616d0000b273db9bbf66862bcd673c133187
Album197887,spotify,ab67616d0000b273642cdab5c0fe315b22b9723d
Album236897,spotify,ab67616d0000b2731309cc1974f4f0e0a4786a8c
Album11326745,spotify,ab67616d0000b2735c4553174626a4ebb91c29e9
Album84082,bandcamp,2932260938
Album919372,spotify,ab67616d0000b273faf61ddfcea40b9bd10daf53
Album125,spotify,ab67616d0000b27397507fd22fb690cb9085a864
Album85534,spotify,ab67616d0000b273dff099ea7c4774109f0f286e
Album5164,spotify,ab67616d0000b273a301556ae9251d48983709c4
Album6467139,spotify,ab67616d0000b2735215a19adb640e92836ccd8f
Album368128,spotify,ab67616d0000b273809125348687097f9c4f48f8
Album256444,spotify,ab67616d0000b2736ac99d5055a729eb5b968c5d
Album290661,spotify,ab67616d0000b273b916fdd6f13d8f72823ace58
Album470904,spotify,ab67616d0000b273db883b66273c8c898b9d9cb3
Album336987,spotify,ab67616d0000b273c6e983c5f493a1a0df3de6d4
Album195033,youtube,fNMkmOwsv5Q
Album27237,spotify,ab67616d0000b273ad443f758b7000d9a1ff41c1
Album16797510,spotify,ab67616d0000b273d78f10572d4ff0ed992d7373
Album19411,spotify,ab67616d0000b2739c15ef25797313383647c7f3
Album169620,youtube,jMeAZF4OoRA
Album39454,spotify,ab67616d0000b273a04fc8022902ebf5e729d4d2
Album45334,spotify,ab67616d0000b2735f1f51d14e8bea89484ecd1b
Album165902,spotify,ab67616d0000b27357383649d25ab30a0bb5dfa0
Album2919,spotify,ab67616d0000b273905f0a05f0edebe36df5e3d5
Album349132,spotify,ab67616d0000b2734118296e0c1d8d7e3e64c976
Album51467,spotify,ab67616d0000b2739d117db3e85d8b444db707a3
Album15815549,spotify,ab67616d0000b27378d066acf66eb772239cca78
Album1644121,spotify,ab67616d0000b273ab31c10759b2fd52a406fc65
Album16110815,spotify,ab67616d0000b27381ce9cf01aad95b75ff03bdd
Album326555,spotify,ab67616d0000b273b7cbfca9d7e842a79e76359e
Album123951,youtube,3XYwRL53Dp8
Album14989270,spotify,ab67616d0000b273cedcf385726b7ee0a88cbb7e
Album10078079,spotify,ab67616d0000b2732c96d9855d5d448df661c4c8
Album15819174,spotify,ab67616d0000b273afd65b04748aff25b77071f4
Album14529087,spotify,ab67616d0000b27306f0de93513a76d400114e9f
Album6282799,spotify,ab67616d0000b273c901c8b6c819d24b6089fd53
Album95282,spotify,ab67616d0000b273dbc83562022281b48f84c2d1
Album6070602,youtube,dnk3VD3DjTY
Album14076321,spotify,ab67616d0000b27343886c4236acc4abe2b15ff1
Album13736579,spotify,ab67616d0000b273b7c7f22151739c944b0b3084
Album2741729,apple,Music124/v4/b6/85/be/b685be03-aebb-bc6b-6bad-d619ec1c2b71/mzi.efbahgbk.tif
Album2137634,youtube,SvvSrIpxBWQ
Album164327,spotify,ab67616d0000b2731416202f27a94fa5f110ab9e
Album4111,spotify,ab67616d0000b27338a32a9e00faa7890078388d
Album17010106,spotify,ab67616d0000b273c2dd1d8c749ee2c8dd6abe0d
Album102996,spotify,ab67616d0000b273170c1534eab1173ca18982ed
Album4091367,spotify,ab67616d0000b273a87e93471593b955e2c0a09a
Album18352,spotify,ab67616d0000b273d56610652580db96e319d536
Album7531454,spotify,ab67616d0000b2736d6f3a658bc26f2d1543a9a2
Album911195,spotify,ab67616d0000b273da96ceef85aba33d1e68b773
Album75440,spotify,ab67616d0000b2733ad06a9c52453e2c624b1e9d
Album91325,spotify,ab67616d0000b273391a8aaad6b41372f8d7fdbe
Album14810421,spotify,ab67616d0000b2739c351edcaee4de7d242e7aea
Album112853,spotify,ab67616d0000b27370445fd76601ff02d80ebd0a
Album7801341,spotify,ab67616d0000b2736bdd5ca7768b0a30fcbe5992
Album47920,spotify,ab67616d0000b2733680a649b4a59901cde8110d
Album3004132,spotify,ab67616d0000b2732d66ceea14f63afae26ef45e
Album75617,spotify,ab67616d0000b27359f203238695f02da65f1f5c
Album44102,spotify,ab67616d0000b273cb7f8fe87a70a5548606bb6b
Album275723,spotify,ab67616d0000b27380f6908f70b6828b12017489
Album438894,spotify,ab67616d0000b27356ad6726e4d6072fab4e5a06
Album126655,spotify,ab67616d0000b2733824641240b1851b8232054b
Album12350568,youtube,Wi6SA-YW308
Album142996,deezer,736d2610321bfc2b6ea07ed5dee3d123
Album295180,spotify,ab67616d0000b273d7a420ccfa18c4ce5ae17d72
Album2277755,youtube,yvXHSK44XXw
Album15601010,spotify,ab67616d0000b2735043d72bbdd36cbee49af7c5
Album41160,spotify,ab67616d0000b27313afb099a1169f2d4e911cd4
Album173094,spotify,ab67616d0000b273d687c5fdd5ed37c7c4b075fe
Album8472318,spotify,ab67616d0000b2737092bbc13520b5e56962a059
Album3128,spotify,ab67616d0000b2738fc857633a3804cd2786f923
Album22391,spotify,ab67616d0000b273eeea9003a668b2fad64a4da4
Album233,spotify,ab67616d0000b273f0a15b87ef511710da870f1d
Album37479,youtube,JI4keToT1jM
Album8083,spotify,ab67616d0000b2737d764c629c7d623bf4f9e943
Album4101775,spotify,ab67616d0000b273262a099f6872dc30e4e5805c
Album4487829,spotify,ab67616d0000b273e8d17ef9b824f07afdaf6f44
Album118151,youtube,J35iWAYFqMw
Album9589746,spotify,ab67616d0000b273e93ac758f7ca0ebf3ff1dfd5
Album98557,spotify,ab67616d0000b27324d4a0b5f0f2b0a7e0cc0568
Album2014333,apple,Music221/v4/c4/3c/78/c43c78d3-8924-39ec-6544-0c91b8b9a449/657628446293.jpg
Album201147,spotify,ab67616d0000b2736ffdf96aacfa79b310398a8b
Album408816,spotify,ab67616d0000b2732a62d57eb8579a34c8303f42
Album1417781,spotify,ab67616d0000b273c6fc1cd16a9b0b564f3e9e7b
Album188433,spotify,ab67616d0000b273676358a50456daca33c81e31
Album2032896,youtube,CVAyzCn2UjM
Album53804,spotify,ab67616d0000b273c1a049f6ecbdf8726c217f5f
Album2083,spotify,ab67616d0000b2731f344ec18dae61ef0c152276
Album112940,spotify,ab67616d0000b2734610ac91675376c174cd8017
Album5431401,spotify,ab67616d0000b273ae859022b02dfe42b2c7a04d
Album18058,spotify,ab67616d0000b27383f8ceab6bacc9e253e5f027
Album2985925,spotify,ab67616d0000b273accd3df4ebe46a2aa28424d8
Album118048,youtube,DwvuzfsgX4w
Album64147,apple,Music62/v4/cb/5a/89/cb5a89dd-5be3-4b39-6555-61126159794e/045775011325.jpg
Album352522,spotify,ab67616d0000b273d5a48cdd592802237de74810
Album574058,spotify,ab67616d0000b2737f9f81f02e56d43bcbe7037c
Album9642901,spotify,ab67616d0000b2731ee7eea034adcb9d1772535f
Album16074876,spotify,ab67616d0000b27348b8f46f4966b3cb90a8a3a5
Album690451,spotify,ab67616d0000b273bd4e4c68f73b3fe4104e9474
Album86707,spotify,ab67616d0000b273c8e3ce3d1c48c279b79982db
Album14975551,spotify,ab67616d0000b273f8760e0bf70294617bf876b2
Album2044137,spotify,ab67616d0000b273306d6deb40a947fc5d87e4e1
Album566467,spotify,ab67616d0000b2735250aa72f96efb7d4ece5664
Album12401804,spotify,ab67616d0000b273163027188d86f4a532d670d0
Album201021,spotify,ab67616d0000b273f9379550f7c48e48c5800695
Album118372,spotify,ab67616d0000b27386eca5ac7fb7a830087f3316
Album83277,spotify,ab67616d0000b273e6cab0ffee915cdbe7c7d85a
Album823914,youtube,6RweRZZ3BBM
Album8544359,spotify,ab67616d0000b2735e617e94e79cf9f016c67f9f
Album603223,youtube,IRQnHTiUtsc
Album44026,spotify,ab67616d0000b273eaf882d89e89ee6903d0a618
Album8516,spotify,ab67616d0000b2732619434fe68afa03c8b6241e
Album197046,spotify,ab67616d0000b273e294b56b9af0e284ea2996a8
Album6583,spotify,ab67616d0000b273aa22899360d8ba6704732dec
Album11526387,spotify,ab67616d0000b273bcb3308420cf022c279948ff
Album524648,spotify,ab67616d0000b273ce2ec8f5204fc34a7cf752e2
Album16235472,spotify,ab67616d0000b273bacc795ceb90a918b372ea8d
Album12052481,spotify,ab67616d0000b273563cb302eb76828fc9c67a05
Album780931,spotify,ab67616d0000b2738c4ba9a351ba5e5b6271e941
Album375089,spotify,ab67616d0000b2731b46952807e9aad540a37432
Album206912,spotify,ab67616d0000b2733529534bda5e871b7de6fe5c
Album194536,spotify,ab67616d0000b273f97836cdfb8292a29ad93897
Album2460272,spotify,ab67616d0000b27373eab7a2566233f8dbe049d0
Album4409448,youtube,NXwBOUOORuw
Album16478762,spotify,ab67616d0000b273894c85781c7755fbf89b86d7
Album446418,spotify,ab67616d0000b273ec68bb012d3995dfaf0673a3
Album35204,spotify,ab67616d0000b273b90ed48043980e9271094606
Album27345,spotify,ab67616d0000b273ee54581a787a42a72dd87c97
Album60627,apple,Music124/v4/6e/91/1a/6e911a71-686c-df95-86e1-40a644285089/452346.jpg
Album9890933,spotify,ab67616d0000b2734245c4bd516e969f2e581abc
Album5910062,youtube,mfI7QNMlFTc
Album507861,spotify,ab67616d0000b2734ee9d504d95340feb5dde9fc
Album15011,spotify,ab67616d0000b2737376ec23655b2779ec89d56c
Album148464,spotify,ab67616d0000b2733882d7e20092ed6169c59015
Album142993,spotify,ab67616d0000b27341d518e88e9ab546c53bc111
Album338878,spotify,ab67616d0000b2732d2f9f2bf55ec12436f896c3
Album232208,spotify,ab67616d0000b2734a562cc694981a10e767929d
Album14481930,youtube,OfkWvFE0wt0
Album40975,spotify,ab67616d0000b273f6fc74972d01824ba45617ae
Album15520852,bandcamp,0984775248
Album1721611,youtube,psgzGoAPiUg
Album710258,spotify,ab67616d0000b27370ba4d5cfe8b2954db22334d
Album653550,spotify,ab67616d0000b273597c5a1b7b3a6c89d3937b15
Album6605910,spotify,ab67616d0000b273b2592bea12d840fd096ef965
Album14944985,spotify,ab67616d0000b273187a33726a7fabe58b868e8f
Album9820,spotify,ab67616d0000b27300fa412975a709ba202d4220
Album3838346,spotify,ab67616d0000b2733e5bcd018b5615b3f2aa8b8b
Album88579,spotify,ab67616d0000b2737d579219fc2611dc45ef36fb
Album101985,spotify,ab67616d0000b27345437e9a56394fd55957208a
Album2836139,spotify,ab67616d0000b273e2f4f2638dff039432b8ae8c
Album39013,spotify,ab67616d0000b273a72fedae2601e71052fb83b4
Album886985,spotify,ab67616d0000b273f0c8f35069947321f5783e42
Album198425,spotify,ab67616d0000b27344016e2326d59e4dd362ea5e
Album46812,spotify,ab67616d0000b2735389501d3da59bfb0c7c2ad7
Album26149,apple,Music128/v4/29/db/59/29db5966-8b9c-7df2-2751-f2c0c1c8a147/00602517638563.rgb.jpg
Album1298555,youtube,k5ykiaNFS8I
Album111327,spotify,ab67616d0000b27398c60552b56c5cb6ebb623b5
Album213979,youtube,0UTFzd6CWxU
Album164537,spotify,ab67616d0000b273dac519ee53dbcd5613c1c43f
Album3259759,spotify,ab67616d0000b273757005ae81358eae282f5612
Album67526,spotify,ab67616d0000b273b2752fedfbeca5c0b11f461d
Album319854,spotify,ab67616d0000b273f18c2df491796f67d76ad6f7
Album18595,spotify,ab67616d0000b273433133eade52024fbef808a4
Album5960255,spotify,ab67616d0000b27306de5f23e2e9c23ee166f6d9
Album7552125,bandcamp,0628669658
Album230018,spotify,ab67616d0000b273a4de701ac2f7e849c405b71f
Album504945,spotify,ab67616d0000b2732473a385c8a73035526195ed
Album4027147,spotify,ab67616d0000b273996075455fe3f7cc90d6d447
Album225664,spotify,ab67616d0000b2737b12715c9215912c0b7d40da
Album19758,spotify,ab67616d0000b273122008a0dc58104e8c5db8ca
Album66542,spotify,ab67616d0000b2731d421119351d6801a2c99741
Album1977,spotify,ab67616d0000b273267bc422b348bc278af4fa81
Album10701396,spotify,ab67616d0000b2733c54e0b3cbf2f7fa9d8e9fb2
Album221874,spotify,ab67616d0000b273b3bd5aef8f73ce5fe807d48c
Album11615,spotify,ab67616d0000b27349e0f83aeb455360853bb048
Album133636,spotify,ab67616d0000b27373de3ccfe49b74d3ca4e99bc
Album13288512,spotify,ab67616d0000b273e449026a618d06847ed6b5de
Album84299,spotify,ab67616d0000b2739f80923fc43434d8f7953ae8
Album189864,spotify,ab67616d0000b273c7c46fcaedb692133bdc9097
Album12779,spotify,ab67616d0000b27367b369e9777f172afa4bdcc8
Album2118149,spotify,ab67616d0000b273c9642b6c366392178fa01fd5
Album114565,spotify,ab67616d0000b2732f220aa4d6a7edbccadb7f0f
Album805263,spotify,ab67616d0000b273e726e7ffcef67097905b5ad4
Album2021233,spotify,ab67616d0000b273bc133abb9222fc70dfd0d42a
Album624958,spotify,ab67616d0000b273983512916da8da0d4a09a3dd
Album3437074,bandcamp,0343077739
Album7721703,spotify,ab67616d0000b2735fbf6306df238e6b7356ac03
Album11905,spotify,ab67616d0000b2734464b3337ead52657dd8405c
Album10991,spotify,ab67616d0000b273fdab242b02783baa895a5a70
Album10085,spotify,ab67616d0000b273ecf5604a0a97e4c104af8787
Album105631,spotify,ab67616d0000b273592596b6c7e098c375534927
Album4061785,spotify,ab67616d0000b27374f891cb8cff83947b8530be
Album4076,spotify,ab67616d0000b2736721becab42e76fd1d496b62
Album460937,spotify,ab67616d0000b273743133b845bd0e5ddb43d1f4
Album74088,spotify,ab67616d0000b273cabecde17f4fc5db59d3fd73
Album2204230,spotify,ab67616d0000b27325e23281efc5fabc7ce06db6
Album7053170,spotify,ab67616d0000b2733536870345ca686c6de05a1f
Album875743,spotify,ab67616d0000b273c68f3236e36fd32cd0b4fa6c
Album365580,spotify,ab67616d0000b27333bb3426c54ec7846a828e00
Album2878,spotify,ab67616d0000b27316c75e2dd2654d7d03f2c556
Album34983,spotify,ab67616d0000b273718e2c8aeeb79d232fe37ba2
Album456200,spotify,ab67616d0000b2739dc0997b21b0211296169ce6
Album9565861,spotify,ab67616d0000b27348fc931cc6778b737682872d
Album786,spotify,ab67616d0000b2738d847c2ac4221dffc07f2cf3
Album51927,spotify,ab67616d0000b273538e42c1d76048b05b4901f7
Album10104185,youtube,0uVOzkJB-QM
Album1629234,spotify,ab67616d0000b273c560eb0b8068c70dc800c19e
Album14005,spotify,ab67616d0000b273f5f13653afdcf0fa3c3d6a92
Album599266,apple,Music/5d/a8/77/mzi.hifujtfw.jpg
Album23381,youtube,UE_2pd_rwiA
Album218004,spotify,ab67616d0000b273f3d190c57489f5200a6a2ea8
Album16801755,apple,Music211/v4/0e/e9/2f/0ee92f96-e17e-faac-7e51-1a12fb5c54ce/258.jpg
Album685092,spotify,ab67616d0000b273cffd9fbe7e15bb3c031500b1
Album4322386,spotify,ab67616d0000b2737d28c90343e90dd1d816ec50
Album9085437,spotify,ab67616d0000b2734e924c0e8d0930c2655e3ce5
Album10401,spotify,ab67616d0000b273ec288145e1b0acb47c1156c5
Album19721,spotify,ab67616d0000b27317f9e7e7784ed40b223e261c
Album825769,spotify,ab67616d0000b27366192203b7c352714cc57e63
Album17708,spotify,ab67616d0000b2739cba796592069ddf9ba5d0e5
Album163150,spotify,ab67616d0000b273ba428cc4fe8ba577d915ed0f
Album164507,youtube,VG4djY4OSKc
Album19778,spotify,ab67616d0000b273e4358b61c39aaba009640686
Album32904,spotify,ab67616d0000b273bdf07feb0d1a40a2130dd56f
Album9550232,spotify,ab67616d0000b273842b2c6c258fbaa254ff3b2c
Album349900,spotify,ab67616d0000b273cde47b8de5d902eb953e5d22
Album389463,youtube,yZ_KNLRCl3U
Album222025,spotify,ab67616d0000b273aa9804303450f1b8f8ed8bee
Album3374,spotify,ab67616d0000b273e78b00ce2d5f0f7f437e61a0
Album8430,spotify,ab67616d0000b273ee1de09387704ad3de87bd4a
Album7448,spotify,ab67616d0000b273dac820a8d17bb94c456b70a4
Album25154,spotify,ab67616d0000b273047c94d074958cf20bb76524
Album2735545,spotify,ab67616d0000b273716e5f949fac987860945063
Album16771787,spotify,ab67616d0000b2734576b3c0d15b1200011f1dea
Album14153,spotify,ab67616d0000b273eb134ea38cee337e5f000117
Album781150,spotify,ab67616d0000b2734f85d03ffb3d6b754dd529ae
Album18585,spotify,ab67616d0000b273455f0176f41a895142e1115b
Album145645,spotify,ab67616d0000b2730704d891c9ef69f5b19e2c62
Album40357,spotify,ab67616d0000b2730cf1ea6a863e0e9bd6d6c9dd
Album67835,spotify,ab67616d0000b2733d0cc11632efce81f6260d15
Album159374,spotify,ab67616d0000b273c05f1b9f41f21afa225ce2ae
Album16582097,spotify,ab67616d0000b2736f03f3e43fef8ab94db10972
Album1067256,spotify,ab67616d0000b2733b126cef284be2ee7bfe0999
Album16073739,spotify,ab67616d0000b273a8a0f5b37a602ea4a3688bfa
Album8209,spotify,ab67616d0000b2734718fa31d7e2e00c70a0fa2b
Album17267,spotify,ab67616d0000b27300636b2cdb54c3139b2676be
Album4310,spotify,ab67616d0000b27303e553ea1d0b00d305e8d3c9
Album6560292,bandcamp,2998060947
Album1262786,spotify,ab67616d0000b2733b422c1dc2246e2c5989bdb2
Album805229,spotify,ab67616d0000b2734c2a2b90512f682bab0d56b3
Album690505,spotify,ab67616d0000b273a548d9ca9391289409a80a4b
Album1657376,spotify,ab67616d0000b273e7221a6a12a998649b9eaa81
Album70590,spotify,ab67616d0000b27346520c7eb44b725ebe952d28
Album5883334,bandcamp,2205079661
Album16838626,spotify,ab67616d0000b27325508b3f19336fa50e8faff8
Album738446,spotify,ab67616d0000b2736f6aa42483a87746925e9689
Album3353733,spotify,ab67616d0000b2737bb6eefb10845a11a5f0e9a5
Album151116,spotify,ab67616d0000b273461ff6ff15de0f4245ae6f02
Album7272843,spotify,ab67616d0000b2730152e20f678d0bc536f064f7
Album52931,spotify,ab67616d0000b273b8f9e0d91e00c341550ee6dc
Album44372,spotify,ab67616d0000b27394ff8514d993db19fa90d573
Album669167,spotify,ab67616d0000b273700aa371c52ffcf69f329176
Album746654,spotify,ab67616d0000b273731b9dc50f84bf707e19b4e1
Album4404464,spotify,ab67616d0000b27315351094555be0c95ed12782
Album162059,spotify,ab67616d0000b2736d2335d89dac4b076e03f50c
Album15898275,bandcamp,2698916538
Album59348,spotify,ab67616d0000b2734672a82189e87a4ac36f693e
Album128126,spotify,ab67616d0000b2738b669367dd770eec5e9ab345
Album42470,spotify,ab67616d0000b273d87c214d9dd6bc1b89da82c9
Album21862,spotify,ab67616d0000b2736eace97c6d55f69675013fce
Album265561,spotify,ab67616d0000b27310415b13ce85418161fd73db
Album17908,spotify,ab67616d0000b273c8d03706f284143d8b14871c
Album901332,spotify,ab67616d0000b273ade6b0c299d1477d7044ea3e
Album13475,spotify,ab67616d0000b273468dbd11920c2774ab99108d
Album101969,spotify,ab67616d0000b273f8ff238de416d89d3d847de5
Album9703273,spotify,ab67616d0000b273d8be3798399b637599dcab05
Album14621252,spotify,ab67616d0000b273423ac018d0ec2301e40948a0
Album6890617,spotify,ab67616d0000b273eaae8d1a1e24b0f4c0820462
Album5460261,spotify,ab67616d0000b2733a8b49a2ef7bb406df828a5e
Album10297664,spotify,ab67616d0000b2732f0e7050409707a1dca2f3e0
Album559027,spotify,ab67616d0000b273b7f77662bc78477ef5be9c6d
Album349450,spotify,ab67616d0000b2739c37803cc3fa4bf298baaecf
Album325646,spotify,ab67616d0000b27359e58a005998cb327500e5ae
Album89010,spotify,ab67616d0000b27324726d9f0e2312507fbc1735
Album15815062,spotify,ab67616d0000b273e09daa190c938f3fffbfe88a
Album2574515,spotify,ab67616d0000b2731c60d216c55dbf149c6ed5cb
Album17025105,spotify,ab67616d0000b273467b04fed2d3c2af3023a5e3
Album5918,spotify,ab67616d0000b27347c6a140256b244e29637e3f
Album7135,spotify,ab67616d0000b2735ea72457e92c366cd377798e
Album2471175,spotify,ab67616d0000b27310cdde3cc0114abe10c6e12d
Album45042,bandcamp,3198163416
Album7901617,spotify,ab67616d0000b273a92a6e150dec2af766d5168a
Album7343747,spotify,ab67616d0000b273fbe6b24ddc7dc5075cbab217
Album36707,spotify,ab67616d0000b2731edf159692ea07d15e40ab7e
Album247062,spotify,ab67616d0000b2739a355bc56298dfd469049f95
Album14274106,spotify,ab67616d0000b2738dfb3fe7f6f1322f2bd85387
Album146447,spotify,ab67616d0000b273fbee5805d9b3d8a7f5bad964
Album2596754,spotify,ab67616d0000b2731599e93f6cbe714ac6f862f3
Album2586020,spotify,ab67616d0000b273962f912d9500f49a0a4140a3
Album233030,spotify,ab67616d0000b27318aaf841571a307c57db2e28
Album213186,spotify,ab67616d0000b273bcc5bfa480fd578d5572f527
Album37916,spotify,ab67616d0000b2739e218d01aa8281f94df5960a
Album13085,spotify,ab67616d0000b273c63b65fb90a5ddd92b116d8e
Album167523,spotify,ab67616d0000b2736966b7d0e468f73906efa50c
Album487363,spotify,ab67616d0000b2733d889ffa9b83f3fddfdabc00
Album121168,spotify,ab67616d0000b2735c4b18b98d8a96b19885b74a
Album6749962,bandcamp,2268927977
Album146284,spotify,ab67616d0000b2739351fd0274638300d932ad19
Album270864,spotify,ab67616d0000b273432d317f6ae0fc9f15d2727a
Album493977,apple,Music221/v4/f0/97/ba/f097ba09-e2ba-10da-38e8-af10fbe744c5/4250101481499_cover.jpg
Album198192,spotify,ab67616d0000b27381cdd711ca547415ee31b94b
Album178143,spotify,ab67616d0000b273d664d3700ca9af163be622d5
Album3815615,spotify,ab67616d0000b273deaf9f053849087ca7a15ce1
Album21230,spotify,ab67616d0000b273d365fb7043ee9190488a58eb
Album5976303,spotify,ab67616d0000b27381aec544dcccc7c0151f5802
Album92046,youtube,K7L3ZlkJT8M
Album17117007,spotify,ab67616d0000b273ecd7e8489a4a549caa0e2be0
Album169188,spotify,ab67616d0000b273360c00fcae0c2f9bc8588f5a
Album65469,spotify,ab67616d0000b273e1e0d2aed8a939d7d664e992
Album161182,spotify,ab67616d0000b2731c41f7af62ec5bf94080673c
Album357209,spotify,ab67616d0000b27348b1ab78ba82ae6e856a9fe3
Album187922,spotify,ab67616d0000b2730f68968221192a68a794e90f
Album294167,spotify,ab67616d0000b27365cac5fc823ecbb80504b23c
Album11038211,spotify,ab67616d0000b2731097696f97fe9173c78875dc
Album53613,spotify,ab67616d0000b273ad27c530d630f5ebb9e0e63c
Album10664663,spotify,ab67616d0000b2735a2742a6bbf7c2d81beb772f
Album14919,spotify,ab67616d0000b273d03ecfb75d06b589bed48421
Album2111254,spotify,ab67616d0000b27343db1b40bad9fadc1de67d39
Album157268,spotify,ab67616d0000b273aa81700f159029ae7dc98b88
Album16010038,spotify,ab67616d0000b2738f93110e384e06175f8eb7ca
Album391161,spotify,ab67616d0000b2734fdbc72c084d6bbfcc749b36
Album36627,spotify,ab67616d0000b2732289c247dedc60f063535fba
Album230095,apple,Music/f8/37/ba/mzi.dezmpprq.jpg
Album142085,spotify,ab67616d0000b273750907eb579cfdf55d087581
Album222243,spotify,ab67616d0000b273a93d8396d93b192b88cb9982
Album4186222,spotify,ab67616d0000b273d047aa54661bfc5ed8e4d216
Album716758,spotify,ab67616d0000b273ea253b10d0dfb39ab11e63e8
Album16128033,youtube,z5YCRt1RKtU
Album16167597,spotify,ab67616d0000b273fa7ae9f308f29791df677823
Album6898992,spotify,ab67616d0000b2730b1b277d48d7f81b4a0f997b
Album7678058,apple,Music71/v4/ad/a8/04/ada804ee-3f09-0754-b6c8-f2a8d0788b38/THE_NEAL_MORSE_BAND_The_Similitude_of_a_Dream_Cover.jpg
Album40034,spotify,ab67616d0000b27335cb34acda6d74bb18827419
Album17638,spotify,ab67616d0000b273aec26a48ebd47c65825aca7f
Album2012,spotify,ab67616d0000b27362e307d4bce91d8a3931f38d
Album13525122,spotify,ab67616d0000b27399e60c06162fd5cb1ff6d0b8
Album16470651,spotify,ab67616d0000b27357e7a35fd8ee296bab809faa
Album19037,spotify,ab67616d0000b273a34874db44381d61f23318f8
Album4883,spotify,ab67616d0000b273214699fc9548ff8a7a4f24b0
Album3702523,spotify,ab67616d0000b27303dde33b17e7f64a13dc7cdf
Album118173,youtube,sWwrztPU6Ck
Album694705,youtube,4vGnLx7f0aY
Album505473,spotify,ab67616d0000b2730287b6b22454e6d411233b75
Album236036,spotify,ab67616d0000b273194f90e7a79a95763184d7be
Album449432,spotify,ab67616d0000b2736dc6e16da0cb3ecc6e44fa2f
Album15239,spotify,ab67616d0000b273ed5d179cc3c0bf285a755540
Album1591870,spotify,ab67616d0000b2731aa8cb445260154560b91d7c
Album94411,spotify,ab67616d0000b2730daa440a9fdedd5ea7e72ab1
Album183258,spotify,ab67616d0000b273a06b964d7e8c91689b85060f
Album151021,spotify,ab67616d0000b273b852863dee4b26b9c82b76ee
Album53816,spotify,ab67616d0000b273cf1cc2fb9055175d0b3b3a54
Album454614,spotify,ab67616d0000b2734e0ce8c714ddda042eed80a8
Album12350857,spotify,ab67616d0000b273c7d3d5d5f1b6e53eb856d93e
Album24133,spotify,ab67616d0000b2739fe886d389542126bfceda3c
Album10375769,spotify,ab67616d0000b273867492dc5eb06baa4bbad921
Album174982,spotify,ab67616d0000b273a830a9d93f7603c3cbdbe672
Album7955166,spotify,ab67616d0000b2731066d452d9b5aa456fdc3fa9
Album16400873,spotify,ab67616d0000b2732f319914c0552f1069ac8381
Album2277171,apple,Music123/v4/e9/19/23/e919237b-faae-9aa2-7d0a-60ff984b60aa/197187821792.jpg
Album10750109,spotify,ab67616d0000b2731bef475cc22d53cd980be970
Album2710565,spotify,ab67616d0000b27398b7f6d97511125c7bdcd0b2
Album15482112,spotify,ab67616d0000b2733675f6574ff38f22c745faa1
Album135305,spotify,ab67616d0000b273144d7d76891ee83d90999d49
Album8436,spotify,ab67616d0000b2737026e09f199f7f1b7110f437
Album9853,spotify,ab67616d0000b27398a47e2e8b4feab42af785e2
Album11066184,spotify,ab67616d0000b273e71edc0a6c794ee915868fcc
Album7746,spotify,ab67616d0000b2737870dfb8618a3602eea0758e
Album1121943,spotify,ab67616d0000b2733b9dda283a9bc10642e9fd91
Album6647965,spotify,ab67616d0000b273ebab4569586e818bd4eaaa1b
Album82938,spotify,ab67616d0000b273a21c6203d737160d7eff9061
Album61306,spotify,ab67616d0000b273d94380c918abb94d55758650
Album539513,spotify,ab67616d0000b27321821e2d796756239003f997
Album535944,spotify,ab67616d0000b2737452f4c3cbc97eb9c2f414c3
Album787423,spotify,ab67616d0000b273c7f42722af82cbd378cc8960
Album662354,spotify,ab67616d0000b273913198f7bf88bc0a022bd3a7
Album13591,spotify,ab67616d0000b27315f2b6f3340b9646ae1399bf
Album101840,spotify,ab67616d0000b273c02daa670d31db2cd7fe3232
Album414488,spotify,ab67616d0000b273cdd8ead7c7be9879e30e7cb0
Album17704,youtube,7kLRoePsggU
Album159704,spotify,ab67616d0000b273b46fdf07264fb47ed95a3dae
Album728505,spotify,ab67616d0000b273fa6284854eeb059c0350cd00
Album10871,youtube,RH-TCJ_zinw
Album15965301,spotify,ab67616d0000b27335195e8ab89ebac01bc45804
Album205778,spotify,ab67616d0000b273d9933bb7de65c0adfb958d9e
Album38574,spotify,ab67616d0000b273659f504ac120404483442bd4
Album54394,spotify,ab67616d0000b273f37eedaf4dd6dcc9c2fa4ab5
Album228716,spotify,ab67616d0000b2732164c98c2a44db479816d821
Album773343,apple,Music116/v4/9f/65/83/9f65833d-c58d-ff0c-3335-1779c817541c/18UMGIM66218.rgb.jpg
Album16452655,spotify,ab67616d0000b2735f8d0856c8b7c5357dbb3bba
Album16181782,spotify,ab67616d0000b273dbd96c57601c40366bb99ebc
Album35611,spotify,ab67616d0000b273f52e94692944d40e7faf3c81
Album6242,spotify,ab67616d0000b273502a51466038be5308fd02da
Album2619249,spotify,ab67616d0000b27352272751ab0c02ba87b1c078
Album2874931,spotify,ab67616d0000b273fef973b0606511ccf6a379e9
Album512300,spotify,ab67616d0000b27301dcdac0d259b898cdbcdcbf
Album3579859,spotify,ab67616d0000b2737e5fa8108d75ce9808af1d13
Album6647569,spotify,ab67616d0000b2738a34c2927ee9281ebdb046ce
Album2875689,spotify,ab67616d0000b273f7202916a2b606c848f02a32
Album1391,spotify,ab67616d0000b273ab5150889a41a32eb8fc5d28
Album2377113,youtube,HQ-DJd-57Lo
Album1460162,spotify,ab67616d0000b2735df1d31c49354d27c2282660
Album5767,spotify,ab67616d0000b273248b325217b667e6d7083f1b
Album75992,spotify,ab67616d0000b273949dbbf5efd1bca46ac8dbee
Album110149,spotify,ab67616d0000b273f744e57397cb1023d03608fc
Album7692561,spotify,ab67616d0000b27306f845df038debd78570c5df
Album15421588,spotify,ab67616d0000b2736651262645966fd11de6bf94
Album349195,spotify,ab67616d0000b2731aebd1a7e4b81f84dade50ed
Album89120,youtube,8iaOmN-8pco
Album1394,spotify,ab67616d0000b2731936b36d0c860aaa921b128d
Album7507244,spotify,ab67616d0000b273a4120249788258d45bc99a79
Album379558,spotify,ab67616d0000b2732436cbab5895bf218ecc6bda
Album3443584,spotify,ab67616d0000b27349bbfbe158c256025d393c56
Album41343,spotify,ab67616d0000b273c0fa62ae53b2aeae3766f13d
Album697152,spotify,ab67616d0000b273e55d1ba2bcd46a6b78da6689
Album96679,spotify,ab67616d0000b27308f61e901ab38b40a485884a
Album370601,youtube,6GPdtjZbOfg
Album56648,spotify,ab67616d0000b27365671942c7ef00a061ee7626
Album618004,spotify,ab67616d0000b27364548cebc12dfb26d5704379
Album1884,spotify,ab67616d0000b27324fb4eb8f1e328955baef75a
Album8359646,spotify,ab67616d0000b2735c0c56da48597a58cba6f7b5
Album514389,spotify,ab67616d0000b273a436beaab32153e205b62f0a
Album3655429,spotify,ab67616d0000b273183b3bf74fbc15e35601ee10
Album15947012,spotify,ab67616d0000b273d651a27f17116bfb6744e848
Album17487,spotify,ab67616d0000b273edcbd173b4b497f405e1c49b
Album19894,spotify,ab67616d0000b27313d1057efdab2a1e841592d4
Album10537120,spotify,ab67616d0000b273bb0614a04303aa380f589de5
Album859298,spotify,ab67616d0000b273605610a0dd2762aed23fd80d
Album11731878,spotify,ab67616d0000b27336fe7d932058bc9fe37fc597
Album12207878,spotify,ab67616d0000b273a6ed6f447d04db982daaea9d
Album16471869,spotify,ab67616d0000b273a7207ec56f803f5a3968c01d
Album28267,spotify,ab67616d0000b273ae0c16a4ca91625afa7a6e8f
Album151388,youtube,0gwRG9uForA
Album9710415,spotify,ab67616d0000b2738c0acc4433a43177671a4526
Album6678672,spotify,ab67616d0000b2731d425d25e82c613240ed8dd9
Album369322,spotify,ab67616d0000b27307ff699fb9e2d8aa4ced47a4
Album2016308,spotify,ab67616d0000b273d8859f4bcc5b4a56d163cdcc
Album152520,spotify,ab67616d0000b2735e03521fa047c98f220d7da4
Album104242,spotify,ab67616d0000b273524556677c9a077379ae351d
Album197866,spotify,ab67616d0000b2737a7e411e0ccf480f2d1b9c36
Album194443,youtube,wV-JUODjk1Y
Album11153381,spotify,ab67616d0000b2733003515eb745f18d09b4206f
Album134684,spotify,ab67616d0000b2736e6f9df6bc3b66993d1cbb8c
Album23744,spotify,ab67616d0000b273d4d743e8a1bbcb3844ae59e6
Album4650021,spotify,ab67616d0000b273c853c5a8535cc3dc394efc58
Album24987,spotify,ab67616d0000b2739743af6327e2ed16eb995c4a
Album15361317,spotify,ab67616d0000b273096953322766ac95a9cbbfc2
Album75675,spotify,ab67616d0000b2736be83d58146633ffe9742c38
Album51664,spotify,ab67616d0000b273c32960c97393521616307684
Album400811,spotify,ab67616d0000b273b766bda9e12b8d2fd162ebac
Album1554649,spotify,ab67616d0000b27324828c93eeba964f1b20cbcb
Album16607836,spotify,ab67616d0000b273452af8505cc6b8904a89792a
Album15864420,spotify,ab67616d0000b2731ea443f7a8512680563ce75d
Album2364,spotify,ab67616d0000b273995239a0e35a898037ec4b29
Album555192,spotify,ab67616d0000b273c5a0dd3a994aee3e38e444fc
Album15346134,spotify,ab67616d0000b273a7244aa72c6accb3b516fc26
Album26024,spotify,ab67616d0000b27352cc44a9ca2797daf9f91178
Album14135973,spotify,ab67616d0000b27390988beeecde0598e8fe5092
Album11007382,spotify,ab67616d0000b27396ac4429b3a324b5d2d53f6d
Album56970,spotify,ab67616d0000b273e95ac8d54a26d5c945f209ec
Album395489,spotify,ab67616d0000b273ad3546095577db445a85559f
Album548972,bandcamp,2025969362
Album12701698,spotify,ab67616d0000b2738faf2ce0ed13b41ac35d1ccc
Album343939,spotify,ab67616d0000b273a5c73efc003562346fdf5f22
Album21314,spotify,ab67616d0000b273687f4aa1a3f75e09b802b5bc
Album25817,spotify,ab67616d0000b27386713f551c6f9c8d83b12d90
Album1498698,spotify,ab67616d0000b27395438ab4fe59348017c8686c
Album15850188,spotify,ab67616d0000b2733412188d0c4949890b571fa1
Album2136538,spotify,ab67616d0000b27346acc9dfebb3b5e82d0111e3
Album8615980,spotify,ab67616d0000b273ff7d5b692f7db1b9534943e9
Album8188260,spotify,ab67616d0000b273eeb6db11310ea7159381cfdb
Album3270988,spotify,ab67616d0000b2736794ced6d2d55c8268cb7aa2
Album13943,spotify,ab67616d0000b27371bc09bffecbaa3ce3c8f8bd
Album20867,spotify,ab67616d0000b273e23153e1774a97150df97e86
Album110188,spotify,ab67616d0000b273cd177281dfb604702757e61a
Album4070183,spotify,ab67616d0000b273e6782176b3217737442dde0b
Album7800120,spotify,ab67616d0000b273da88dfb5cfe2f50f7df0c8f9
Album10516006,spotify,ab67616d0000b27329d7e87d5d2f4f2c42318405
Album7647717,spotify,ab67616d0000b27335d4b38823d5c1866ccdb6a5
Album250486,spotify,ab67616d0000b273fb818e250194b70822f7e4cd
Album13839,spotify,ab67616d0000b273c57d86602c12aa2a1ade89ed
Album31573,spotify,ab67616d0000b273934edcc0a09b63770e32ca29
Album7395062,spotify,ab67616d0000b273a89cda77ec382a3e365cb3f5
Album502645,spotify,ab67616d0000b2736dbbdf54fdc5c8d02b19d495
Album26905,youtube,R4rQvaL9qxE
Album32973,spotify,ab67616d0000b273c11893a8b5788a302627803a
Album148235,spotify,ab67616d0000b273a241c794cc2088ebdb2483ab
Album2644314,spotify,ab67616d0000b27304f747789ddda2a0ffa2f425
Album608680,spotify,ab67616d0000b273dc1bd0eb84778e208d647646
Album90261,spotify,ab67616d0000b273f16d1bf12636f789d190fe44
Album9811802,spotify,ab67616d0000b2730ffe82bee4b6428e36cd1775
Album383619,spotify,ab67616d0000b273c14b789fcaf59c6b59f4d620
Album14491838,deezer,479a00978a7e41eea2ec4d034401efef
Album6685305,deezer,31446c36bc818d70eb2472e588b5c924
Album13866006,spotify,ab67616d0000b2735567058c8d138b32776597d2
Album17643,spotify,ab67616d0000b273ad0b7e237f6bccd3bb580b99
Album6756333,spotify,ab67616d0000b27373bae41931c6747fdac8771f
Album21609,spotify,ab67616d0000b2735952513da6bda40a79bf4c2f
Album112354,spotify,ab67616d0000b2737038f3d16f018fa32c1ff548
Album5393981,youtube,akbnkfqMSNc
Album123651,youtube,fGzg3BfkSyg
Album213192,spotify,ab67616d0000b27314c46b8b00e78c9021de8138
Album16596137,spotify,ab67616d0000b27380677cb23916df1cb94bbd19
Album5769,spotify,ab67616d0000b27359f0f56a7cd13526b5b4204c
Album779032,spotify,ab67616d0000b2732643538fa1330f27ed586159
Album11110191,spotify,ab67616d0000b2732b2da340edc9c2727ac9ddcf
Album51435,spotify,ab67616d0000b273124767f618f8b76ab030388c
Album282268,deezer,cd51c2f995d38cffa981feca75d9b4d6
Album36497,spotify,ab67616d0000b2732314e08a2fcb6021c5ebc9fe
Album15501095,spotify,ab67616d0000b2734033c892ec1d4d5b7fdf6be8
Album27578,spotify,ab67616d0000b273e80e683dc5b6d510090fbada
Album111988,spotify,ab67616d0000b273f7f63b00bd6abfbada78c819
Album16742106,bandcamp,1183460319
Album216597,spotify,ab67616d0000b27399f4dd19ff152eb8a379afcc
Album161472,spotify,ab67616d0000b2730f6fef99d51e9f5b03b4e606
Album11340339,spotify,ab67616d0000b27356ec3791cef5cbb29e78c36f
Album3213466,youtube,z-X6pwmpPkM
Album12614,spotify,ab67616d0000b273db84e1a22d7877526197b350
Album304993,spotify,ab67616d0000b2737f3bf4d6147a123925c896dc
Album49450,bandcamp,3439927402
Album202389,spotify,ab67616d0000b273e004add6ec8bcbf325c48609
Album16431191,spotify,ab67616d0000b2731b1d170bc3184f511f8e38b7
Album126788,spotify,ab67616d0000b273ddaec7508cfd189347732658
Album14532781,spotify,ab67616d0000b2730a0d3f358b6faa659b5abc27
Album7344962,spotify,ab67616d0000b2738db37bc9a58543471bee78c5
Album10192846,spotify,ab67616d0000b273c615312f90efceff73110ae2
Album10809752,spotify,ab67616d0000b27383272082dc7ff099f823d1a5
Album13548,spotify,ab67616d0000b2731f70c109d5f7316302d587b8
Album1067,spotify,ab67616d0000b27320705e53681ce2ba6ae030c4
Album184766,spotify,ab67616d0000b273dc64b9b320f37d29c290b142
Album5999268,spotify,ab67616d0000b273042d75408776401b316ceead
Album10853162,spotify,ab67616d0000b2734018b0799deffd64d4e8efd0
Album7407088,spotify,ab67616d0000b27353fbe1a51610e72665fc2a2e
Album9159282,spotify,ab67616d0000b2734563a91cf34e821819579dc5
Album25948,spotify,ab67616d0000b273801e652ce283f52aa521cbb0
Album6552531,bandcamp,4078017151
Album3519282,spotify,ab67616d0000b2737696c3f1996740f87a3339a1
Album3925277,spotify,ab67616d0000b27397e5d28c41fd6bb2b83b5778
Album1606294,spotify,ab67616d0000b2731b7083c67a5b7504fb7dff9d
Album16236637,bandcamp,3465985552
Album114677,spotify,ab67616d0000b273927b8f03a01a55e1b1255785
Album140288,spotify,ab67616d0000b273d4b063dba597a9a8b3b86022
Album11302,spotify,ab67616d0000b27348bf1917149208754a138c6d
Album3005438,spotify,ab67616d0000b273b4f156bc4d8c23fc3375ac89
Album825460,spotify,ab67616d0000b273cc9018510ea03599a37413f4
Album358542,spotify,ab67616d0000b273f21be8475bbbcffcedf962a6
Album8413794,spotify,ab67616d0000b2738288e9da20ec981545b0ae68
Album132813,spotify,ab67616d0000b27305a20332e3227d46b34f368e
Album81845,spotify,ab67616d0000b2730cd9b25c82562a8f67d4fc97
Album304612,spotify,ab67616d0000b2732fffb310eddff3fcc59d8873
Album5326879,spotify,ab67616d0000b273e97d7e93cc06aa0c4168065e
Album226884,youtube,ajMM5Plq0SU
Album2774100,spotify,ab67616d0000b2731abfaafca72c81489ad8ab78
Album9766765,spotify,ab67616d0000b273d4111648f6c913c0b5e6efd1
Album5963,spotify,ab67616d0000b273d183a2d842ee145f55c4e9df
Album87821,spotify,ab67616d0000b27332435a093db1588ab334e550
Album4667842,spotify,ab67616d0000b273f7eb92f32b4a98d47227e2e9
Album789425,spotify,ab67616d0000b27301c054fb6f169d421d519e23
Album20376,spotify,ab67616d0000b27348f1b226acd00e828a792658
Album22617,spotify,ab67616d0000b2737510b711c29e008858890bdf
Album643324,spotify,ab67616d0000b273530bdd51ffd7dbd424e48ce9
Album19246,spotify,ab67616d0000b273d0116028900d03e4e02d4f02
Album127826,spotify,ab67616d0000b273797d1b8cc4eeb8169cc00aac
Album342499,spotify,ab67616d0000b27342f5c41ab6c42e6ae1149e20
Album81855,spotify,ab67616d0000b2738d41761a222d6778c09adb65
Album13537890,spotify,ab67616d0000b273d5845923398a22da6d658d12
Album658593,spotify,ab67616d0000b2738f09bc070e85a6b69c10b22b
Album166659,spotify,ab67616d0000b273fe278d7e316267d7e2163ac0
Album453249,spotify,ab67616d0000b2731cf57a36d120617bf8d03e0c
Album229726,spotify,ab67616d0000b2733605f448cd6269f6a6fa20f2
Album15866170,spotify,ab67616d0000b2732129eda0ae3c8426c3d4dc7d
Album3946975,spotify,ab67616d0000b273611acf675a67eee864c07ceb
Album2621036,spotify,ab67616d0000b2735e586c9004ed2100d5a20427
Album7158561,spotify,ab67616d0000b273bd9c330570387826fdf5e49a
Album9573,spotify,ab67616d0000b273b69d98d7e2fcb0226c4bf359
Album15355854,spotify,ab67616d0000b27320f08caabcf7658d36c98637
Album42338,spotify,ab67616d0000b273db77d4f6b6bc8492950e261b
Album2128489,spotify,ab67616d0000b2735f306aa63a7bb18e7bf9152b
Album8114171,spotify,ab67616d0000b273e63edfeb16d88986c6deac7a
Album81644,spotify,ab67616d0000b2731dc70ef0ba6ba3405d41adf6
Album3553,spotify,ab67616d0000b27320fc6951e4d293707de2434c
Album15825624,spotify,ab67616d0000b273eca430d724dc1ecdecd62d11
Album34627,spotify,ab67616d0000b2730700f0f2949de8c2b4cf5ed1
Album4063,spotify,ab67616d0000b273129a32442ac76d46cdb674fc
Album13884723,spotify,ab67616d0000b273e0b51ad0504959d2189dadd9
Album27566,spotify,ab67616d0000b27375502adf3c022d3683ef0cb7
Album2664116,bandcamp,0173181603
Album5003,spotify,ab67616d0000b273f24c551573fab20e703bca65
Album5144150,spotify,ab67616d0000b273ca6622580fcb684fb9a6d0d1
Album200277,spotify,ab67616d0000b273f9fc43717400d5554b66dd28
Album80974,spotify,ab67616d0000b273965b1fc4815409361a58f1d1
Album418032,spotify,ab67616d0000b2732110131731c38483d5998ef4
Album3824,spotify,ab67616d0000b2738a6fca4d3b236bb62fd4b41d
Album23757,spotify,ab67616d0000b27353ee5a02a5064aff7b456837
Album96560,spotify,ab67616d0000b273889cf9ed015a0a39148c2dc7
Album17077138,spotify,ab67616d0000b273b1baec4d64bd460bc4fa83fd
Album309586,spotify,ab67616d0000b27322ada56086f830d92de0e344
Album421028,spotify,ab67616d0000b273ba5f0078bb5d40d73c7c6228
Album16534,spotify,ab67616d0000b2739ece396610ed5fe470047d7b
Album633975,spotify,ab67616d0000b27384133ce00ce962c740569d38
Album225404,spotify,ab67616d0000b2737f174d863b98b18bfacf53f2
Album2699811,spotify,ab67616d0000b27370de9da1b8a3e38cb3f60a9a
Album16540584,youtube,FOebMAx-GVI
Album11418,spotify,ab67616d0000b273bcbd27c68f0788570091666b
Album16468779,spotify,ab67616d0000b273d5a33a31ddf5cacbb9bd42c6
Album8356542,spotify,ab67616d0000b2737c1766f40c7aca103375cb63
Album10883,spotify,ab67616d0000b273fe56b189c5c7f5f6302639bc
Album15560807,spotify,ab67616d0000b2736b3aed16c186543b0da617f7
Album414131,spotify,ab67616d0000b27309258e191725d87cdfbdf24a
Album15229278,spotify,ab67616d0000b273c5a5b4ff57e2d31ef41fca85
Album64634,spotify,ab67616d0000b27311e57aa309ae93b74fbaf253
Album4100668,youtube,OWzkiE4W5Pg
Album645619,spotify,ab67616d0000b2739e024895185438defeab2b91
Album57976,spotify,ab67616d0000b2731efef03ff8eeff6700f460b8
Album235408,spotify,ab67616d0000b27385a14a0a61f764b46cf69acd
Album560273,spotify,ab67616d0000b27312e0f00679aa3f599ab1623f
Album4168054,spotify,ab67616d0000b273666291539fd4c035d3ab444d
Album4543367,spotify,ab67616d0000b273ee371543ed81aea91db47f73
Album24020,spotify,ab67616d0000b27375b562e28c9cc7f4406d4ca2
Album36834,apple,Music4/v4/6b/a8/0f/6ba80f47-34c7-547d-236f-a53f8aa88b0a/unida.jpg
Album148272,spotify,ab67616d0000b273e7713fd5127d433284e3caf7
Album46858,spotify,ab67616d0000b273607d6ce9d91f2d500d979356
Album52289,youtube,KphiJ4EsrLc
Album13037276,spotify,ab67616d0000b2731a4814a10a0b8c290e889dc2
Album1089983,youtube,MxEbYeXIz20
Album190720,deezer,1c0f11719319def3ceb61c3071c5abad
Album391520,spotify,ab67616d0000b273c09a106c05c2e7fe5e6c3801
Album3695959,spotify,ab67616d0000b27365d7966556d331c30b8caeeb
Album140766,spotify,ab67616d0000b27389f502ba2356882937fe75ab
Album12760459,bandcamp,1526103098
Album6964012,spotify,ab67616d0000b273faaa5d735f163cacab8aac77
Album9384,spotify,ab67616d0000b273fbb478446b4979a40fdf8c0c
Album38922,spotify,ab67616d0000b273096223644f1f75121386fe3b
Album9014,spotify,ab67616d0000b27318b40c87cc1a548fd9db1503
Album8196,spotify,ab67616d0000b273709c137bdba450a0166c95a1
Album193758,spotify,ab67616d0000b273baea690538faef61dd0ae576
Album96182,spotify,ab67616d0000b2739ac3661c5970de79bdbd2bf4
Album169048,spotify,ab67616d0000b27386d6c9cf0eb0804bc474761b
Album196462,spotify,ab67616d0000b273f5b78b184791429ff591d444
Album30162,spotify,ab67616d0000b2738132666b9e24ec60a50b4ea8
Album129010,spotify,ab67616d0000b273ae0d958959536b9d0e8d62ed
Album894278,spotify,ab67616d0000b2736a308ed7ae6bcc14898b7514
Album10341556,spotify,ab67616d0000b273be5fb0d9169e28ac819cee1d
Album12549,spotify,ab67616d0000b2737fe89832ca4d35b06fb36c26
Album2842431,spotify,ab67616d0000b273ba36dc9e00ca047af50d6dc2
Album14578496,spotify,ab67616d0000b2739909588918d1e4c5a1bad621
Album3262815,spotify,ab67616d0000b273f70f7acdc61cc744dce0657f
Album8526,spotify,ab67616d0000b273782f4f39f819d9a4f9ca21d8
Album21296,spotify,ab67616d0000b2733b2083bb7507867fb7545c96
Album2196451,spotify,ab67616d0000b2734e6ae5cd23a255ec997bbc7b
Album49911,spotify,ab67616d0000b2731627f54cac4f09412fab3393
Album378294,youtube,w7d491b6DXE
Album36446,spotify,ab67616d0000b273bd2db2bb16b8dfbcfb28c38d
Album968480,spotify,ab67616d0000b273bac7b66601c52c62624b6e97
Album213191,spotify,ab67616d0000b2738e0d64d9f85c63531b94b9de
Album524465,spotify,ab67616d0000b2731a0e9f3c1f0b747522bc1dd4
Album64549,spotify,ab67616d0000b2739034822d96a0003c2b7a217e
Album15068379,youtube,OKGIllX8cTM
Album16076801,spotify,ab67616d0000b2731c0faddd264f729eb53df912
Album10612921,spotify,ab67616d0000b27386340b2219e95502fd3333d5
Album13096597,spotify,ab67616d0000b27369ec4d5c5bdf29f536a9a84c
Album1588784,spotify,ab67616d0000b27317bfe85608174439f52ec0e1
Album16505753,spotify,ab67616d0000b2736ce7ded64a1c12f1121f6d5e
Album141406,youtube,rLn7DotzI8Q
Album14912856,spotify,ab67616d0000b273086d862361ecc06b80898cc8
Album14791,spotify,ab67616d0000b273d1bac93adf4492db2e6ff9f8
Album123934,spotify,ab67616d0000b2731d1cdd939812f538f4506ab8
Album3556832,spotify,ab67616d0000b2732a51a3152edb357b42cdf453
Album24334,spotify,ab67616d0000b27390d593e1ae333763c4d84c79
Album92192,spotify,ab67616d0000b27345d9c2fa9fcc5b461f313f74
Album32643,spotify,ab67616d0000b2730686f4737e3661c0081b2524
Album15852074,spotify,ab67616d0000b273ff3e9ba8619749f78dc9cb84
Album9985713,spotify,ab67616d0000b2731603e5b27f82f7d5f1a41b50
Album259394,bandcamp,1805242534
Album28521,spotify,ab67616d0000b2737e7e7707536ca58461da7bc1
Album39549,spotify,ab67616d0000b273a36a08912d141d4dfae765bd
Album13605244,spotify,ab67616d0000b273748b2d7077a8db9c93517ce1
Album323227,spotify,ab67616d0000b273e62eb370501e8e0960906c08
Album16439098,spotify,ab67616d0000b273dc7a277d7f622dcc7262bd1c
Album478763,spotify,ab67616d0000b273ca54d326cc36a61c96f5ca9b
Album105417,spotify,ab67616d0000b273e815ce37f1d3311a274817e8
Album8220981,spotify,ab67616d0000b273dbd83e179619408e5d05cc99
Album3716361,spotify,ab67616d0000b273a50a79d76e4d72741b1522a3
Album603497,spotify,ab67616d0000b2736ea9fd7d0fbe989b56e9dc7f
Album4122807,spotify,ab67616d0000b273cc5c6f9f9d6ca3353dbb6c75
Album3286,spotify,ab67616d0000b2737b3f91592013990af66c81b4
Album176830,spotify,ab67616d0000b2730282f6ac78d80c6c888fb0de
Album11046,apple,Music116/v4/23/fd/17/23fd17d7-0f2a-e08d-0d87-b9cf86eab701/23UM1IM66199.rgb.jpg
Album15214819,spotify,ab67616d0000b273b4d70e6bb27ca678e541c224
Album1976606,spotify,ab67616d0000b273ceb6e5d1ab4718a511fbb7e5
Album13115312,spotify,ab67616d0000b273512c5c4bfc8588832e6bde49
Album31068,spotify,ab67616d0000b27386146e2f7fc9e43db86dc66f
Album8785650,bandcamp,0041988415
Album105642,spotify,ab67616d0000b273582901aab10e53ac1d5d3dbc
Album941752,spotify,ab67616d0000b273f885b7744b1624bcf5c88013
Album27679,spotify,ab67616d0000b2739bd3957ededad1f4e5cc5084
Album82333,spotify,ab67616d0000b273eeff6f26951669cfa2b74533
Album601157,spotify,ab67616d0000b273101c6ec4042615cff7a7b197
Album17235,spotify,ab67616d0000b2739b10d2e670995317a8379bec
Album17184008,deezer,87054faa8f91e23f8751270472d21954
Album12226938,spotify,ab67616d0000b273de53dab29756c0c9e5b175b9
Album15791575,spotify,ab67616d0000b27371d62ea7ea8a5be92d3c1f62
Album40631,spotify,ab67616d0000b2734afdad016f3c208b483058ee
Album799939,spotify,ab67616d0000b27376887782b8334aca64fa8966
Album133635,spotify,ab67616d0000b27308624d0893b13feb059144cc
Album200950,spotify,ab67616d0000b273e2cede98ef9bf82635fd988e
Album38936,spotify,ab67616d0000b273cf7512ba92749ff1023fe809
Album15697525,spotify,ab67616d0000b2730c46ae3f7165202f9f80d10f
Album137224,spotify,ab67616d0000b273a212cc44d83f6dc61be78049
Album167009,spotify,ab67616d0000b2739c937c08975b5d95f74b444a
Album9410,spotify,ab67616d0000b27316beb08d2488a5d1043f3620
Album7567974,spotify,ab67616d0000b273dcc8ab45ec3eb23b404c86af
Album15165057,spotify,ab67616d0000b273e81c5d63e3494736614d96e5
Album3592420,bandcamp,4284253372
Album30127,spotify,ab67616d0000b2730eece31ef06aad7cea891346
Album76163,youtube,oYEkrbXjvpA
Album7936335,youtube,W0iSgbSKc8E
Album102058,spotify,ab67616d0000b273b4a8d262fe6a7f114a242ffb
Album46709,spotify,ab67616d0000b273b2f8bed2e860098bd407dc85
Album179034,spotify,ab67616d0000b2739f8f53aea739dcc6380e5dde
Album1489928,spotify,ab67616d0000b2734a78b68ed063237db23a019a
Album377520,spotify,ab67616d0000b27372cec9053915b3a24856db63
Album279083,apple,Music/fe/1b/c0/mzi.xsqclymv.jpg
Album15242586,spotify,ab67616d0000b27321276eff8e169e83a15ddd6b
Album9528585,spotify,ab67616d0000b273cd546f0a193d75f8b48a4c72
Album8712599,spotify,ab67616d0000b2737948cddf97150521c097ec44
Album33005,spotify,ab67616d0000b273e37e8a53148c4a6fc76916e5
Album109693,spotify,ab67616d0000b273dbfa1bf175786a9bd2d3afa7
Album93842,spotify,ab67616d0000b273b916b6c1ad6af9faa167f3af
Album80505,spotify,ab67616d0000b273da2db117e095f12953c410f6
Album520196,spotify,ab67616d0000b27321a17711145281d633a06d46
Album201508,spotify,ab67616d0000b2733a625c30995be0462ff3c8c6
Album15465573,bandcamp,0917191598
Album868316,spotify,ab67616d0000b273ce8ead6687352284a833b310
Album895331,spotify,ab67616d0000b273c87f5cd12c4d5dafedafaa74
Album148416,spotify,ab67616d0000b2736b3b4837f25489adc65e4b85
Album188432,spotify,ab67616d0000b27323cc480422db4f474041b5ab
Album6784654,spotify,ab67616d0000b273c48e082c2f19af0edf06f18a
Album1283,spotify,ab67616d0000b2730dbee17e25d160f6f2f4d92f
Album9996,spotify,ab67616d0000b273bc8d8db760af7b9d0c91747f
Album10536,spotify,ab67616d0000b273f540be1995333fe66e7fa563
Album12817,spotify,ab67616d0000b2731069d4f47ceb5f2897af06d8
Album8847517,spotify,ab67616d0000b2739bf7d13db51dfd26eb1e49b0
Album4204341,spotify,ab67616d0000b273d87ccbe34f43e299050f89c8
Album6810892,spotify,ab67616d0000b2734ae6a5bce5f04c29ba015288
Album245897,spotify,ab67616d0000b27350a645a072673e001232c91d
Album37580,spotify,ab67616d0000b273c83cb0aee389eb753b19e5bb
Album16026453,youtube,ACEtFFGAwHA
Album372172,spotify,ab67616d0000b273a1e547818a3d50ef3b3bd173
Album114147,spotify,ab67616d0000b273a4c92710ca0477fc49fa8384
Album10386673,spotify,ab67616d0000b273a5dd08211a1d3eacd26a7a8a
Album17468,spotify,ab67616d0000b273ed6f4de91df8a0b117b3cd0d
Album125959,spotify,ab67616d0000b273ade8a2e6b2a80c16ffead124
Album162511,spotify,ab67616d0000b273c5c32e734c27d2d321f2d6ee
Album5630126,spotify,ab67616d0000b273d4fcd0db8b5370308a28c265
Album618019,spotify,ab67616d0000b273acf58f591a0627bc06229c3e
Album1848,spotify,ab67616d0000b27393e2675ba05e14e1a625c639
Album1654319,spotify,ab67616d0000b273af081c459b39a98e69434c09
Album200531,apple,Music62/v4/6c/2b/8e/6c2b8e0f-fdea-2b69-e8a8-41189cd45935/045775038322.jpg
Album15870579,spotify,ab67616d0000b2737c066afcf90b50f2154e9057
Album169045,spotify,ab67616d0000b2739075b0928b687aa97e2d0f32
Album12802,spotify,ab67616d0000b273125c75e35d1cd22da37c6d8d
Album3925371,youtube,4IcQLsOwiVk
Album15534365,spotify,ab67616d0000b273814c4ed9eb54e3b9038365a8
Album12433,spotify,ab67616d0000b273a577bda8521b9db3955cf537
Album42573,spotify,ab67616d0000b2730eacb29bcf5d65d14bcd3da4
Album75114,spotify,ab67616d0000b273e2875d02254e68d8d1c46622
Album2587438,spotify,ab67616d0000b273ecc0e9042ad1045423b8718e
Album14438929,spotify,ab67616d0000b273fca1dc8afd1308f608a11d00
Album11294572,spotify,ab67616d0000b27343913a36e8a7f7846297d858
Album153208,spotify,ab67616d0000b273819b48839efcd1d6b76a44d0
Album144003,spotify,ab67616d0000b273f52cbb411e3fa42cd5e7e260
Album434460,spotify,ab67616d0000b273a069d83b7807b91d95080f5c
Album2170956,spotify,ab67616d0000b273dcfd48bfe2ee76e63315adb6
Album15862,spotify,ab67616d0000b273de09e02aa7febf30b7c02d82
Album84059,spotify,ab67616d0000b2736e88eb6508fd94cd1b745ce2
Album28216,spotify,ab67616d0000b2732e55bc288d7e0888027e22b7
Album1008471,spotify,ab67616d0000b273c3860d1b87e78a68953f76f6
Album7464,spotify,ab67616d0000b273d94474e20a0d381ff8e59dff
Album1637,spotify,ab67616d0000b2738ccac298c81dd975fd266e82
Album645681,spotify,ab67616d0000b2737c4c91b3ba4a1dbd8b0237b5
Album15298902,spotify,ab67616d0000b2737aff06f42c0db5496bf0c2b1
Album14420937,spotify,ab67616d0000b2738883facea6c59cd0ac4fd14a
Album149407,spotify,ab67616d0000b273b75d788f56c4e07ccc608548
Album1307,spotify,ab67616d0000b273335af716006eb81ddf485cc8
Album15870346,spotify,ab67616d0000b2738ddd3dba5e42b46ed548247f
Album17106318,spotify,ab67616d0000b273d070f6a3c15ef5b64eae5884
Album247350,spotify,ab67616d0000b2737b09153a52253370a2579f37
Album1417775,spotify,ab67616d0000b2738a5a21f1c3de18f5c03865e7
Album71924,spotify,ab67616d0000b273a58fef347273645b623b2baa
Album9456,spotify,ab67616d0000b273280be1c76f67e0abfe7eefb8
Album248496,spotify,ab67616d0000b2734de2c1e65b4334c126757cfb
Album4600529,spotify,ab67616d0000b273d23c8129753dc8e1a1661829
Album584531,spotify,ab67616d0000b273042b3c03f45b95af01e2b12a
Album9436,spotify,ab67616d0000b27333745eb0bc021cca19979727
Album30139,spotify,ab67616d0000b273350c66a0cdc9ac9aaf2334f0
Album142961,spotify,ab67616d0000b27355a476159206370d8396246e
Album8196884,spotify,ab67616d0000b2732013ce9dfca3a77d9dae8184
Album209766,youtube,4mHrYNZqWLk
Album11905017,spotify,ab67616d0000b273c9440b36866aa30923219c30
Album73909,spotify,ab67616d0000b273c624dfc5f8b0a6c53a427bb5
Album16708228,spotify,ab67616d0000b2731a30c89927e93b48a2043601
Album910136,spotify,ab67616d0000b273572ce075e8ba506f6cfefdaa
Album601011,spotify,ab67616d0000b2730a9c326259d66a7fe6a60328
Album185438,spotify,ab67616d0000b2736d40a801824096903a2f460b
Album6552,spotify,ab67616d0000b273ade307418cad3e1901f3d5fb
Album118371,spotify,ab67616d0000b2738f4cb838ce44ebc28eae50d4
Album49337,spotify,ab67616d0000b27341474607d84e4730294829ed
Album2327114,spotify,ab67616d0000b2738de55474ad0378eb7e8acfbd
Album84686,spotify,ab67616d0000b2738392098a96a694c07b78333e
Album3752923,spotify,ab67616d0000b273142df0648de340b4d94d1813
Album148095,spotify,ab67616d0000b2736b88ff5b1aaf629b973710ba
Album7815,spotify,ab67616d0000b27361b922ca4ce9fc2d2151eeea
Album11690,spotify,ab67616d0000b2735ff8192e985d1a4ee348e576
Album108454,spotify,ab67616d0000b273ea51298231eb90eea81e365e
Album603703,spotify,ab67616d0000b2734a0f2c6ecab50df3993bddb9
Album12840497,spotify,ab67616d0000b27367522c80b36e6113cbce6d69
Album194513,spotify,ab67616d0000b2732da657d6c13566c326681d2f
Album7558344,spotify,ab67616d0000b27308f4abc301247c9fba31f85e
Album250484,spotify,ab67616d0000b27361acc5f6505d3a6b282455fb
Album1835647,spotify,ab67616d0000b27339b329eaf36f09af3c2356f4
Album130967,spotify,ab67616d0000b2736cd3798a87786029d0c75aa8
Album2106545,bandcamp,3462451199
Album82818,spotify,ab67616d0000b273b3b5189ac39a175f41b9080d
Album43282,spotify,ab67616d0000b2739308a26b2f1f56b43538e8d5
Album35994,spotify,ab67616d0000b273fa4a694f79e3ef567f696013
Album1940532,spotify,ab67616d0000b27306d908572319f352d4ad86e1
Album597226,spotify,ab67616d0000b2730c7d249a52feb5f2bdafba36
Album14208962,spotify,ab67616d0000b27378054df2c3d30e34c828a1e5
Album2770844,spotify,ab67616d0000b273782aab683e979b297b7136e7
Album17223083,spotify,ab67616d0000b273c01539897a5631984dabfbf5
Album24448,spotify,ab67616d0000b273ac934ad19223b329edc11fba
Album15368387,spotify,ab67616d0000b273dfa82523de5ab6b5508d7aa5
Album115995,spotify,ab67616d0000b273e183ca78dbd066a2ece85202
Album10285235,spotify,ab67616d0000b273edd480a25d5a761a049cae56
Album571682,spotify,ab67616d0000b2732a0eb03b0b514e69ede808cb
Album197049,spotify,ab67616d0000b2736e8d36663bfa61a4bb1b19df
Album2184334,spotify,ab67616d0000b273c6e242cacad022c1dde8e267
Album4873,spotify,ab67616d0000b27393e84f299b0c963cc8d8acca
Album53442,spotify,ab67616d0000b273d736b2c5f252f84ad45d5be6
Album7704,spotify,ab67616d0000b27396a5f6b1a40d4630cded1c84
Album16663668,spotify,ab67616d0000b273f94ada5696d156c286bddc6e
Album125590,spotify,ab67616d0000b273a4058d47fafd1a4de1c657c8
Album15185782,apple,Music113/v4/60/a4/bb/60a4bb88-3222-8f07-5d0d-0dd342abeb62/artwork.jpg
Album962161,spotify,ab67616d0000b27322bce24bfb2c57cfa2c4d4a2
Album1006734,spotify,ab67616d0000b27309ab8e818b904e5e821cab88
Album6987763,spotify,ab67616d0000b2734c26e82152b4b12dfde61bb7
Album5209642,spotify,ab67616d0000b273fbee8560e1260057a04aba39
Album242051,spotify,ab67616d0000b2736b07faa8277ed3a73dfea5e3
Album11136,spotify,ab67616d0000b273d5483a3a958f8070a30adc69
Album2373042,spotify,ab67616d0000b27314653b83cd7d851accdb5142
Album692074,spotify,ab67616d0000b2733e000d0e92dcb4444f9accea
Album26384,spotify,ab67616d0000b27356849c42c652a7e4025fd6eb
Album16811683,spotify,ab67616d0000b2730b5862ff945f677d2ddecb6a
Album257847,spotify,ab67616d0000b273f82a175a3523b54d38938c50
Album54678,spotify,ab67616d0000b273fc139e704fb9315e47bc8d35
Album1955250,youtube,ypIr9fGoUbU
Album5130249,spotify,ab67616d0000b273a6f42616c6576b6a55f538c1
Album177902,spotify,ab67616d0000b2730f4d66930ce4a9adf381183e
Album8436300,spotify,ab67616d0000b2739aca111f967c188e65577fdb
Album245842,spotify,ab67616d0000b273de2fa4447ab2ec77256b4345
Album402900,spotify,ab67616d0000b2734d1c68890dafaff3c27816ce
Album4371345,deezer,94ad153b6ef77d3808d55c9831244fc7
Album1866087,spotify,ab67616d0000b2730a0d1f5f4ae551bfdc43a620
Album433130,spotify,ab67616d0000b273947864f5ab7c6e4071d2b9c8
Album106443,spotify,ab67616d0000b273f5b54c02b25abfe416e8a6ec
Album7719969,spotify,ab67616d0000b273d3345971e7c507c29537c58c
Album70211,spotify,ab67616d0000b2732b7c4a2c26687787b8fb529d
Album905552,spotify,ab67616d0000b2731e8789defb071a6cde6b43b7
Album939741,spotify,ab67616d0000b273a99c43643b3ce5384ae6a780
Album9251176,youtube,BpE__TdvDBc
Album5116,spotify,ab67616d0000b273a9e47c8f425d35a505831ded
Album1678928,spotify,ab67616d0000b2735362a6edefa80e4d4d405014
Album8157154,spotify,ab67616d0000b2730a112ca061400da91676070d
Album355039,spotify,ab67616d0000b2732d9820f193f5040c518f6669
Album123592,spotify,ab67616d0000b27388de2d68e921531fafec7619
Album18209,spotify,ab67616d0000b2734dfa04c6b7c246048ae1f1e0
Album3324325,spotify,ab67616d0000b2730851edb93576138f48a32fb9
Album285040,spotify,ab67616d0000b27348932be6a9dc0428ff587425
Album18538,spotify,ab67616d0000b273896b3644b2b16a247946d701
Album412210,spotify,ab67616d0000b273c5a19fdf2bafa8d8c0413e71
Album576638,spotify,ab67616d0000b2736045b21a41e420e44f7c7367
Album175481,spotify,ab67616d0000b273ef93f4ddf5a296281f88dbb8
Album15692486,spotify,ab67616d0000b273c48092f7547362b01e0cc5b2
Album8549,youtube,q8DTuRdcy0k
Album2256299,youtube,_-LZudHEk7k
Album4696239,spotify,ab67616d0000b273dcd2104aeb22d0b65ce4afd6
Album47540,spotify,ab67616d0000b27324385b2d534dd92bf4713c1d
Album355576,spotify,ab67616d0000b27375c6ae56f393b15ba0e6a110
Album967237,bandcamp,1041903740
Album718991,spotify,ab67616d0000b273fbf60cc08c54d06766c1e618
Album14689901,spotify,ab67616d0000b2737ee61b06ea49a6010bd002b2
Album606750,apple,Music126/v4/d7/c7/b9/d7c7b96f-dcb9-bd4f-18bf-bdd3a8ddc9e7/cover.jpg
Album663047,spotify,ab67616d0000b273e5e8f98474f71e2dbc61e400
Album161585,spotify,ab67616d0000b273c3842372cc1e14c94370297c
Album1125322,spotify,ab67616d0000b273b770775abfad94b68c26b37e
Album8608346,spotify,ab67616d0000b27384d51b9360e0b85e130f2118
Album797363,spotify,ab67616d0000b2733592cbb521fe6c72ca061c8f
Album16175276,spotify,ab67616d0000b27380c2f52bea9c3900db0bebf1
Album470136,spotify,ab67616d0000b273c620075f8959ce928f4aeab5
Album4176416,youtube,MOdDnDtwEAs
Album11657911,spotify,ab67616d0000b2738949cadf48399cdf8c578e8d
Album126101,deezer,e796a59ed3b630c8609cc7595fd5a031
Album6866,spotify,ab67616d0000b273c8e97cafeb2acb85b21a777e
Album33232,spotify,ab67616d0000b273eddfa63878f541cd11c43cde
Album8912249,spotify,ab67616d0000b273957a8dfd8be8ec38f0c5e995
Album12105,spotify,ab67616d0000b273ebcd5e17ef541f43fdeb46d0
Album4719302,spotify,ab67616d0000b2735645db133f53642499b4c74c
Album5500753,spotify,ab67616d0000b273831b901fe12744c3003ff901
Album8395071,spotify,ab67616d0000b273a9f9f499d82111f429413264
Album4877,spotify,ab67616d0000b273be722dada792bbc6d9f21c10
Album345481,spotify,ab67616d0000b273c31b4f0c1cf8b5bb7538c59b
Album92767,spotify,ab67616d0000b273e79162d898e27b56c604038f
Album264044,spotify,ab67616d0000b273a516a58cbe9c7fdf171c8f4d
Album81107,spotify,ab67616d0000b2733142971bf80e21bdb95e5d50
Album86348,spotify,ab67616d0000b273e8a050b31ca44bc528395456
Album1194887,spotify,ab67616d0000b27344a336292dd2896174ad6843
Album22171,spotify,ab67616d0000b273f126b5a1693a25b14396ad94
Album3939340,spotify,ab67616d0000b27325290b38dde81d3198fc7f36
Album51727,spotify,ab67616d0000b2739096727fb80fcf37946e14f6
Album187908,spotify,ab67616d0000b27352c5188de739d08909f609f6
Album167703,spotify,ab67616d0000b27330dc4004fd6459c361245271
Album91785,youtube,SV4Uy-3b0c8
Album26943,spotify,ab67616d0000b273d6834622fdef95dc4ff1594f
Album15910223,spotify,ab67616d0000b2732ae65770cef88627fe504a6d
Album1547460,spotify,ab67616d0000b273e813b22b965370368fda7edd
Album22205,youtube,bWph7PoODuw
Album14764519,spotify,ab67616d0000b273b961ccfab49d72e2d15f4103
Album14149056,spotify,ab67616d0000b273984793ed6fb6f5ef7641b39b
Album280478,spotify,ab67616d0000b27347bb44ce4993f4607b0761f7
Album95102,spotify,ab67616d0000b27343e7522eb581bd01a9c46603
Album334624,spotify,ab67616d0000b2737c79ec2361ffd1b809c78c80
Album205727,spotify,ab67616d0000b2733c982134a7fc8a8d31d83d61
Album460128,spotify,ab67616d0000b27345d19551956f53b12be0975d
Album44105,spotify,ab67616d0000b273e144b7379472831785d1bf9c
Album2948469,spotify,ab67616d0000b273d7c4277899167f985d1ff7f8
Album10845870,spotify,ab67616d0000b2733be31a77279755ca0940506e
Album9048853,spotify,ab67616d0000b273d6675b027aee3222a43a6e8e
Album1759378,spotify,ab67616d0000b27352cd84d57eb20d5e477a94a9
Album15497751,spotify,ab67616d0000b27315a9d5a02103c2d683c07fb4
Album11436426,spotify,ab67616d0000b273d403eff090dfe3be01debfc8
Album6716848,spotify,ab67616d0000b27311a0db50f18b32f1e575d15f
Album5933014,spotify,ab67616d0000b2732ff501573e7f70f28652dfd1
Album662418,spotify,ab67616d0000b273182cfcd0cc42013557f64c89
Album8725755,spotify,ab67616d0000b2736538b8e1b5c7b2a9d2211769
Album12552778,spotify,ab67616d0000b273e4e5f93f9e353cff278295a9
Album8137229,spotify,ab67616d0000b2738aac8a5f5e60ea65ec028392
Album196668,youtube,JOhMSqhCxNU
Album9402,spotify,ab67616d0000b2737cb9450c8f33aa0bdc379cee
Album1023217,spotify,ab67616d0000b27369cfb4233bddf2b6d6a20f8b
Album6545,spotify,ab67616d0000b273cc8897a47108d993ef5b4129
Album16056644,spotify,ab67616d0000b273270e39583e018b1af206994f
Album198720,spotify,ab67616d0000b273bd4fd5172490cee95f01cf4e
Album26164,spotify,ab67616d0000b27307b1c3abe3e83f534756716e
Album23903,spotify,ab67616d0000b273aedbd6f63007024a40d2d783
Album36498,spotify,ab67616d0000b2735866e01296fe9929e65716f2
Album903349,spotify,ab67616d0000b2730a5b046d826ba6155055fc3f
Album493571,apple,Music113/v4/fa/71/e2/fa71e276-32f4-1002-26f9-7f231912c28b/859769808842_cover.jpg
Album2874668,spotify,ab67616d0000b27361c554c97f2b56d10c7d84c9
Album210364,spotify,ab67616d0000b27368473989081b9429cf839843
Album69201,spotify,ab67616d0000b2738cb690f962092fd44bbe2bf4
Album1806329,spotify,ab67616d0000b273a44e98559fd579646679c16d
Album24449,spotify,ab67616d0000b27359454724c7283a19523ea016
Album9950218,spotify,ab67616d0000b2735ce97247b42f34b77b48bcc7
Album831766,spotify,ab67616d0000b273a84b27e825d0694936212677
Album232,spotify,ab67616d0000b27397799c773192f15030215aad
Album14800772,bandcamp,1491717922
Album431304,spotify,ab67616d0000b273aefca8de553e91ca987013f3
Album402155,youtube,IU5v5WwrFLk
Album113451,spotify,ab67616d0000b273be477d27a9c1c81cba967642
Album3801881,spotify,ab67616d0000b273c505085b36a669dd16b3d0c4
Album828822,spotify,ab67616d0000b2737ba0c577a6d198373d0b9bdf
Album32863,spotify,ab67616d0000b273269689990186de5faf5c9141
Album7525686,spotify,ab67616d0000b273ba965cd8035739fcf0a3f991
Album1448082,spotify,ab67616d0000b273e5b4bc3c5ab658dcb77b3722
Album4786782,spotify,ab67616d0000b2732a8fb2d2db2ef3556ece66bf
Album114432,spotify,ab67616d0000b273e6365e916f84ddbc96d6b570
Album514811,youtube,iGcaDlejBec
Album100720,spotify,ab67616d0000b27379750137a39be25e07f5324d
Album7309686,spotify,ab67616d0000b2739ffb99a9a28c0adeb365c4c7
Album129500,spotify,ab67616d0000b273007bc380c7b9869c0ff6f801
Album569891,youtube,m__0ypO6n2o
Album14934974,spotify,ab67616d0000b273292a2bdbae9146a3b0563fce
Album391254,spotify,ab67616d0000b27393c6439f9d26072c89f1be9c
Album406844,spotify,ab67616d0000b2730e61d45be0b2ec60324f9955
Album868553,spotify,ab67616d0000b273ce67e9bccd857fe549ed215f
Album5163750,spotify,ab67616d0000b273a7c4615632ae319c4792deb3
Album48533,spotify,ab67616d0000b273b97cec049e7d71eed7e7f587
Album55393,spotify,ab67616d0000b27329230982ec84b73dbfdc485d
Album285971,spotify,ab67616d0000b2732dfa17419e0ed2446698b03b
Album22261,spotify,ab67616d0000b273ae2f87065689d5ba080a88c4
Album16958,spotify,ab67616d0000b2730213e02754f2acb60dac7b93
Album289358,spotify,ab67616d0000b273e130e739d888f138ed56a1fa
Album7428,spotify,ab67616d0000b273447caff6b3dfa88965ae20cc
Album16008899,spotify,ab67616d0000b2736b5785f11f2152967a27ea7b
Album67351,spotify,ab67616d0000b273915793347f4c2890b967552c
Album125022,spotify,ab67616d0000b273477f5b42fc6f85728f6d814d
Album16143107,spotify,ab67616d0000b27339d7a22aaefe317b5940bf77
Album97457,spotify,ab67616d0000b2739ada014f161df4b3b603b47b
Album35139,spotify,ab67616d0000b273b0dde9e9eb35a44073d93a28
Album90361,bandcamp,2927663134
Album8712751,spotify,ab67616d0000b2738a269f58dc1f41b5176db43d
Album2349593,spotify,ab67616d0000b273f639848945dde76fccf70bc4
Album196470,spotify,ab67616d0000b27328003f318c1dbdaf59a8368e
Album236485,spotify,ab67616d0000b273d215d730382fd4809fe9c23c
Album11818938,youtube,sCr1fBWiflg
Album524,spotify,ab67616d0000b2739164bafe9aaa168d93f4816a
Album9252665,spotify,ab67616d0000b273c428f67b4a9b7e1114dfc117
Album8998788,spotify,ab67616d0000b27392f502f8cd6977caa0bd62fd
Album7215021,spotify,ab67616d0000b2732c922af03e24c5ee5bff45df
Album9612515,spotify,ab67616d0000b2734e8f5added307e252ccf6ac9
Album131056,spotify,ab67616d0000b2739c90d9a0aeb5c483ea4a6cdc
Album916948,spotify,ab67616d0000b273b776577f12770f58baabcb64
Album33031,spotify,ab67616d0000b27321a2525f3861536bfb50d9fa
Album4522053,spotify,ab67616d0000b2732e09d63a7ba7fa7071e26524
Album7817435,spotify,ab67616d0000b2738fa6d979ea970e010fcb4ea9
Album614430,spotify,ab67616d0000b273f4394d7bdd0ec39cc68be227
Album15396480,bandcamp,3396903741
Album1095581,spotify,ab67616d0000b2730e3f291d8342636f56001a07
Album548086,spotify,ab67616d0000b273e18a7a2b8fc0f6c15935a0df
Album44595,spotify,ab67616d0000b273d05ae937e8204e3c49930252
Album499686,spotify,ab67616d0000b2733e94c6b988408fc0d2b6a736
Album119887,spotify,ab67616d0000b273b17685d0caa1f563a1a5553f
Album439718,spotify,ab67616d0000b2734295e4b7650defdd5774a4c0
Album317915,spotify,ab67616d0000b273f3be12c1bc5d72ebfcb32ffe
Album16195037,spotify,ab67616d0000b2733fb9747d4a89d0363b26de30
Album4797960,youtube,PDpUyGV7Zn8
Album90904,spotify,ab67616d0000b273eb761c85e01e8ea0c91b562a
Album167572,spotify,ab67616d0000b273310bd5bf9edc58222f31755b
Album9539024,spotify,ab67616d0000b273f5533d680fa116232aa10cbc
Album15519043,spotify,ab67616d0000b2736634208732069aec16ea810d
Album375044,spotify,ab67616d0000b27385acb5e0d6230859ff978b79
Album162,spotify,ab67616d0000b2732ed6a15181caa09db82d1f75
Album2346,spotify,ab67616d0000b2731a34b380dc283479f2b8a02b
Album4326,spotify,ab67616d0000b2733ad436eb5d53b85b5b7fab6b
Album2385968,apple,Music116/v4/55/5b/fb/555bfbd9-0e63-7939-dd6d-378a6d76efa6/781484037521.png
Album10385,spotify,ab67616d0000b273cd03c311139795e07f2798a6
Album8624,spotify,ab67616d0000b27338195e65555be2b7f9324e1c
Album64286,spotify,ab67616d0000b273fceb00bceeeb55f7d8b881f3
Album14136440,spotify,ab67616d0000b273ccb619094a19afde9f8f165a
Album27262,spotify,ab67616d0000b2739ee7064ba20ef4973bafc03b
Album96636,spotify,ab67616d0000b2733ca9d707fb740a125fe08e79
Album56702,spotify,ab67616d0000b273d9e7009487e48efc0c412b89
Album7393583,spotify,ab67616d0000b273cdc070e7e685fad66ede1364
Album390796,spotify,ab67616d0000b2738d0d2757bbbb7fd844c1536d
Album100719,spotify,ab67616d0000b27392892a8f263412d85d6e5ba8
Album668217,spotify,ab67616d0000b273e1b7a253800cce3898372c6e
Album26801,spotify,ab67616d0000b273e00b53cd003ed98adcefa9cb
Album274113,spotify,ab67616d0000b273a87a93f39ef4fde0e1d7553a
Album107582,spotify,ab67616d0000b2733cf62ef700d065592af58ea1
Album369079,spotify,ab67616d0000b27369adcd4ecbbc8251de04b93a
Album15519424,bandcamp,0524889036
Album16206499,spotify,ab67616d0000b2739f651c5be01e2d8c19cd6559
Album187065,spotify,ab67616d0000b27389cdc3e1eef8d78031678b96
Album4964170,deezer,9cef0c45153cd1885e7563daa3c263e4
Album1095394,spotify,ab67616d0000b273d7eac13b8cc334f0d87116e8
Album441,spotify,ab67616d0000b273954d7d6eed7c448770453a39
Album4458,spotify,ab67616d0000b273483c3d93af76b1f635f9dc7d
Album2405940,spotify,ab67616d0000b2737310ae30f9e81c97c5712e99
Album880520,spotify,ab67616d0000b2737652d8dc82dac5199d5891b5
Album1853,spotify,ab67616d0000b273af5a2953ef41d8b66d8f5dc7
Album14014257,spotify,ab67616d0000b273614c29a6202b1cb199ad2186
Album22053,spotify,ab67616d0000b2733d55b5c80bb1a8026bfce61e
Album3201143,spotify,ab67616d0000b2732faa2453cab6a8d75afa9042
Album18858,spotify,ab67616d0000b273596ac7d1db535375c2163a9a
Album120565,spotify,ab67616d0000b273b1c6657398a75f9465555aa7
Album28829,youtube,8S5PCFJpVk4
Album2996646,youtube,A59T-qgHqyc
Album186075,spotify,ab67616d0000b273217ce66ac32c161c7516228c
Album13836,apple,Music/y2005/m06/d27/h02/s07.vvvbaqya.tif
Album207706,spotify,ab67616d0000b273296a6dd69f02e1ddee4f4816
Album123633,spotify,ab67616d0000b273b27e746d9cae8f8ae1b9fad9
Album210186,spotify,ab67616d0000b2733361914b420991dade6d302b
Album15554724,spotify,ab67616d0000b273a93b79cbd0bbb826d34055b8
Album164235,bandcamp,1631392471
Album1978,spotify,ab67616d0000b27370e46155e4d5c97fa1470389
Album15946974,spotify,ab67616d0000b2736c91fe9ef31572d211c27474
Album42103,spotify,ab67616d0000b273b5a2100fd05138916c3e11c0
Album2510227,spotify,ab67616d0000b273545506477ab8407f2198481c
Album15393347,youtube,Hrl0OKVgpA4
Album7527217,spotify,ab67616d0000b273d92d4bacab8c458c591a325d
Album3423437,spotify,ab67616d0000b273ddb5d993ece7e4d88bd5af81
Album367709,spotify,ab67616d0000b2736ff1e78c3a91614f3d23c1ca
Album861368,spotify,ab67616d0000b273f9f9cc10a1a532c3b6bc358a
Album15867538,spotify,ab67616d0000b27368e4558d8b908000ecf2de5b
Album5053004,spotify,ab67616d0000b2731624590458126fc8b8c64c2f
Album8491734,spotify,ab67616d0000b273942245c63e41f44d60e980c5
Album16126503,spotify,ab67616d0000b273cfaf0d97c7414f80c27ccb9c
Album21,spotify,ab67616d0000b2733eb5f178266524fcd85d40cb
Album242685,spotify,ab67616d0000b27318cf11719da84ded01baa101
Album49468,spotify,ab67616d0000b27307f898ef7ff857718db851e6
Album11787,spotify,ab67616d0000b273ff6c526db16f9bee5490cf39
Album7839794,deezer,e50cb376c3e82c1205d5c8d11cfdf6b2
Album602872,spotify,ab67616d0000b273a7177b1d4c69494024e02579
Album14095423,spotify,ab67616d0000b27300e3df8cfaf9a89084f43f6f
Album16491925,spotify,ab67616d0000b273c0aa205ff8cf1526f9ff70c6
Album16998106,spotify,ab67616d0000b2734996580bad8a0f3b77c2da9e
Album26350,spotify,ab67616d0000b273c6a6144d992aba95faadd90b
Album16069752,spotify,ab67616d0000b273f93ac7fa61a302b33daedd02
Album42640,spotify,ab67616d0000b2731dfeef5490d787d72928a475
Album244187,spotify,ab67616d0000b273a78b622d6fa40cc4243f0aeb
Album9783254,spotify,ab67616d0000b2736e7032c8a294ed031bd81dc3
Album553008,spotify,ab67616d0000b2734d615aceeab8ade699cc320a
Album25812,spotify,ab67616d0000b273a812e213c3540b806ac42cc3
Album196079,spotify,ab67616d0000b273931563371817dfd33a2e21ce
Album696963,spotify,ab67616d0000b273a003c7dce99c2676a4beac82
Album92804,spotify,ab67616d0000b273ab006bc92ba8c5eff937b5cb
Album11097322,spotify,ab67616d0000b273defd306063720f9b836e14d0
Album1825196,spotify,ab67616d0000b273f12983e0d9f9607ac5937954
Album6813171,spotify,ab67616d0000b2735a3d44dabcb58f2ba6c56bbf
Album618245,spotify,4c489a1e3b9d1dcf56ec9f56ea2c9098a6aebe69
Album40970,spotify,ab67616d0000b273a078981fea9b2953f208dfa9
Album64500,spotify,ab67616d0000b273bb613f1db44d040dfd3c8376
Album692586,spotify,ab67616d0000b2734f866a7da2f11e3613285e3a
Album4591241,spotify,ab67616d0000b2735af1139fdb81e5b88ae3fffd
Album80010,spotify,ab67616d0000b27395feeeb474fba2534d7ac43e
Album550432,spotify,ab67616d0000b2733d49fa9efbba5f8ecc35b0df
Album14932098,spotify,ab67616d0000b273519ddd92fb3b4e0707f299b5
Album14947233,spotify,ab67616d0000b27378a52e31f91f8a564db9cfe9
Album991912,spotify,ab67616d0000b27313066c8c5df466c8a3e57ca4
Album14827852,spotify,ab67616d0000b273160e7f49779f0f16fce7cb38
Album1532107,spotify,ab67616d0000b273b942c002a9b66a7f6dfc8e37
Album36832,spotify,ab67616d0000b2734cb2142e3c01706fbd5d36fc
Album83550,spotify,ab67616d0000b2730e4129f18ab860cd82a0a9ea
Album400306,spotify,ab67616d0000b273e628c0d00ef7a3f09d66565e
Album238279,spotify,ab67616d0000b273a0c99a0018c8c7c2951466f8
Album88802,apple,Music211/v4/c0/e2/6a/c0e26a65-5065-d042-e802-c8c57faa0ea6/4538182547564.png
Album3109705,spotify,ab67616d0000b2735bad50fd75170f5b669fde08
Album130213,spotify,ab67616d0000b2736e312ff5a1c6591837489a0d
Album21733,spotify,ab67616d0000b273e0e495b60dbf0b503311fd3c
Album60841,spotify,ab67616d0000b273116965335610b5d32c8e7af7
Album6734614,spotify,ab67616d0000b273d4bad30f1152bfc733717afd
Album99273,spotify,ab67616d0000b2730d129e6a18a315436f30ca3b
Album1918878,spotify,ab67616d0000b273d4a2bedf29f1f914035cba55
Album17097578,spotify,ab67616d0000b27314d4fd450e3026e509675bcd
Album4457,spotify,ab67616d0000b273f6c46838e4425ea96e2562fe
Album14933059,spotify,ab67616d0000b27305f425b3ea2d3609d2d8b962
Album41578,spotify,ab67616d0000b273642f8fbe15ff4df159e66185
Album21376,spotify,ab67616d0000b2736691fa0e0816bf9e83aa10b1
Album39011,spotify,ab67616d0000b2738a4c13de72a888e527ec3484
Album155439,spotify,ab67616d0000b27378344c34d9f9cdd1b3c6aa63
Album3315,spotify,ab67616d0000b2731fa9618283cf8a477003aa24
Album105053,spotify,ab67616d0000b2733eddad3997d60e3a81abb1f2
Album16655769,spotify,ab67616d0000b273eb0b0549474fe724a46ba10a
Album143227,spotify,ab67616d0000b27329c6a123741ad80ba741d9d9
Album48202,spotify,ab67616d0000b27329ba5612f8ccc025f4d73e5e
Album2349441,spotify,ab67616d0000b27332285e2e94887b306667d967
Album12265,spotify,ab67616d0000b273924652e54e8a91fa212f01c5
Album64481,spotify,ab67616d0000b273707ba2b4736bf02405594fc3
Album23831,spotify,ab67616d0000b273081a188c86b4f269d5631d57
Album250915,spotify,ab67616d0000b2738b4593f545e8ba67f6d2f759
Album229723,spotify,ab67616d0000b273b6e7204e1995fc1adb267389
Album8270415,bandcamp,3402074256
Album16631761,spotify,ab67616d0000b27362c1c6b549646fa670b771d9
Album1310901,bandcamp,0990576354
Album857214,spotify,ab67616d0000b2734ee9d148667165d546f88e84
Album381685,spotify,ab67616d0000b273e9aaad6fbe5f3d918a580ad8
Album16446,spotify,ab67616d0000b2735642348537ba4996b95080a3
Album7656921,spotify,ab67616d0000b273002b6e0eb340a91af2230b16
Album16534590,spotify,ab67616d0000b27379cc56467c944a260be5c2a9
Album14942853,spotify,ab67616d0000b273bfaa1ffb595b2514b465930a
Album6676856,spotify,ab67616d0000b2738ecb5d6abdd79fbe5a07ede5
Album1170428,spotify,ab67616d0000b273f84cb611e07fcc01888487a9
Album13460,spotify,ab67616d0000b273a2e2842e52fcc6c2294270d9
Album1030218,spotify,ab67616d0000b2731f219fee2ec9e49c0c26d5a4
Album3709294,spotify,ab67616d0000b273863f4540e18c97fd196d1116
Album17488,spotify,ab67616d0000b27375dcea3858c5536b89d0ffca
Album812723,spotify,ab67616d0000b273ba00d45b553ad4318c8bebbf
Album5758085,spotify,ab67616d0000b2736b66e9099c7a66e58658f512
Album120860,spotify,ab67616d0000b273afd73c06a8dbacbebf1338e0
Album781756,spotify,ab67616d0000b27370b0e51309f290cfe8db2a4e
Album14632565,spotify,ab67616d0000b273b7b55d090d6b465130691a73
Album36830,spotify,ab67616d0000b273969335100aca633ad274a01a
Album532191,spotify,ab67616d0000b273dcc0ff6f7ffd1690e1e7df6d
Album3730829,spotify,ab67616d0000b273b69d80f9750c797953bad0b9
Album37107,spotify,ab67616d0000b2733db30eb5974deddf97e4c8bf
Album1008765,spotify,ab67616d0000b273e2c61c8068a0c52cdfde9c18
Album482003,spotify,ab67616d0000b27317fd867d182ef5ee39d55aac
Album385781,spotify,ab67616d0000b2736135a7fde9e1e3716109fdae
Album91642,spotify,ab67616d0000b273842ae88cfb2317f77497870a
Album23114,spotify,ab67616d0000b273bf939ec65c07cffb4b9c8770
Album8893294,spotify,ab67616d0000b273c80ea19135d1aef50dd0d1b0
Album14230090,spotify,ab67616d0000b2730649ef8017c5a2850494a477
Album7246871,spotify,ab67616d0000b2738a3e494fb138c2a76ddfdf5a
Album117260,spotify,ab67616d0000b2736a8b436a76c02dd1e761ef82
Album122387,spotify,ab67616d0000b273a6e9d4c521770de653727753
Album7439555,spotify,ab67616d0000b273f7ab493ccab101b239a3d1f4
Album8953258,spotify,ab67616d0000b2733ccf0fb3a776dde7fc344ada
Album693595,spotify,ab67616d0000b273d3b41afc0ca6cf337af98c1a
Album7572697,spotify,ab67616d0000b27343b55b149e59215c16e65fec
Album56414,spotify,ab67616d0000b273056f143d4a74894786933918
Album7648,spotify,ab67616d0000b2732732d36ec41e9a3d5bd59c6f
Album8206862,spotify,ab67616d0000b273d6c1a2f60150f4d8e292f87d
Album162687,spotify,ab67616d0000b273f35c07b5e9d482ea1d7925f6
Album6224599,spotify,ab67616d0000b273760c231d6702b34eb28345fc
Album3536965,spotify,ab67616d0000b273b0398a58729440f3c3515aa4
Album250460,spotify,ab67616d0000b273f509a0a805cc638ea41827f7
Album21261,spotify,ab67616d0000b27365023b15668369a295d117f8
Album69892,spotify,ab67616d0000b2731e9afa77d7abed7bde81a385
Album9304732,spotify,ab67616d0000b273280a001e43c93792dd1e27c7
Album52791,spotify,ab67616d0000b273120cbf9d214c5664d485b1df
Album6549661,spotify,ab67616d0000b2737c29cfb25c245c4f3e56d9e7
Album40765,spotify,ab67616d0000b273c5e755a4382170412fed027f
Album23372,spotify,ab67616d0000b273eea1b54b47a65b00ff07d99c
Album14947030,spotify,ab67616d0000b273e4d7c0434669bb29c4480f8f
Album10725,spotify,ab67616d0000b273ffdcb8880573029b90ad79b6
Album10870210,spotify,ab67616d0000b2732a135808915566038569c13d
Album13989,spotify,ab67616d0000b273ac07ec81ef61c2d6948bbb45
Album15291977,spotify,ab67616d0000b27347b2223b7435220fcef8cce1
Album292181,spotify,ab67616d0000b273b0f80ed9784f8e54b9409a95
Album177805,spotify,ab67616d0000b27358a9f4b6b87eb0492b4a4c32
Album1976230,spotify,ab67616d0000b273ef97936d6cf033389839573a
Album301,spotify,ab67616d0000b27397ceab8c193abcea727e6f65
Album237444,spotify,ab67616d0000b273e8af4246a0cdec63e5a6da19
Album119913,spotify,ab67616d0000b273fe203d732fbacc4cbf65ac71
Album63768,apple,Music111/v4/38/57/70/38577006-3817-740d-84f3-f541a025beb3/0825481010061_1448.jpg
Album3344535,spotify,ab67616d0000b273390579e59908195ecb62404b
Album16669746,spotify,ab67616d0000b273692f853df5afba22f09d0364
Album304789,spotify,ab67616d0000b273b78325f059ce87d03154a6be
Album240606,spotify,ab67616d0000b27323312b972fef09a8b4e92a03
Album386623,spotify,ab67616d0000b2730721c2e8c79f7ac1b6bab289
Album2515208,spotify,ab67616d0000b2731d2ff0eb6d147b3182440132
Album15634573,bandcamp,2399273225
Album2245356,bandcamp,1285947382
Album65986,spotify,ab67616d0000b27367aefb7433fc3af23efd1d56
Album11825,spotify,ab67616d0000b2735970fb8941cab8c4bf929beb
Album216733,spotify,ab67616d0000b273b2a5628377a5f5c6c056aec9
Album4278984,youtube,OOSmU-4g-dE
Album173796,youtube,dEmwGZXa0LE
Album273763,spotify,ab67616d0000b2732499dc954dffd6896d727100
Album16256,spotify,ab67616d0000b273110342fe6a0ecf13bcae7f45
Album169723,spotify,ab67616d0000b27350b43280ebe43932b724d7f6
Album16459499,spotify,ab67616d0000b273056aeb1f8c2b064c31442b67
Album3931517,youtube,kd8WqoTj0_4
Album418459,spotify,ab67616d0000b2736d2a09e58ce19f8a3e244842
Album486560,spotify,ab67616d0000b2730e8e800d44e2f453d47474d6
Album88839,spotify,ab67616d0000b273d2394690e2648beeea3bf9eb
Album5050972,spotify,ab67616d0000b2733d26fed2a5a4e270a4485de6
Album8510167,spotify,ab67616d0000b273a25a6a67e00a85b933051600
Album10671471,spotify,ab67616d0000b273a243b4b2d58fd2f31d8f1f4a
Album539745,spotify,ab67616d0000b2738b4b7e55c1bc0f4de48435ee
Album713,spotify,ab67616d0000b2736278701b503086df53fadc5e
Album70053,spotify,ab67616d0000b273b1b544c777ec81842dcc16c3
Album360651,spotify,ab67616d0000b2730d585fba53b39c98362a08f8
Album102270,spotify,ab67616d0000b27383c07d0fa3583486acdac4d8
Album13101,spotify,ab67616d0000b27378b4de02471063490150ebe7
Album27337,spotify,ab67616d0000b273c12fd259f4720c2b761f47a9
Album244217,spotify,ab67616d0000b2732297aca1c8ccded41b1851f1
Album7446,spotify,ab67616d0000b273d84ba65b67be52b6d9972713
Album15731,spotify,ab67616d0000b27348aea75b9ae48c4d5f5a55eb
Album85533,spotify,ab67616d0000b2736738aaae5cfe985b019c02d9
Album2727565,spotify,ab67616d0000b273363cab142a38bbe07bd7c0b6
Album1690519,youtube,pR6Cs267orI
Album1168336,spotify,ab67616d0000b27320a52852dbba76897a0ce602
Album10992345,youtube,KbRja7KKTdg
Album15551606,spotify,ab67616d0000b273a7f9118d82700a41c3b3d82d
Album109950,spotify,ab67616d0000b27395c6157e48375dd35ce99140
Album446270,spotify,ab67616d0000b2731c4a5572cfdcfd515ab7eef4
Album165571,spotify,ab67616d0000b273c3b77abaa8abe6ff3ba235ec
Album6459379,spotify,ab67616d0000b273a256ca1c8b636857574886fe
Album9460063,spotify,ab67616d0000b27386ec055ba9a7ac8411ee9b97
Album10482778,spotify,ab67616d0000b2733dae5c9cf336a67a5b490608
Album132613,spotify,ab67616d0000b2732dd48084d6aec901838db718
Album248847,spotify,ab67616d0000b27359c56fec5bf19f3312b200d2
Album13418053,spotify,ab67616d0000b273c3fe1ebe8e4d500fae027b37
Album7654,spotify,ab67616d0000b2736f0f078c8a97445284a384aa
Album4009105,spotify,ab67616d0000b273e686d4a26e5971ba9ed66050
Album2899223,spotify,ab67616d0000b273b4218b883f0472cd69989d2b
Album36899,spotify,ab67616d0000b2738658ce9f5186aa30d60d5950
Album29957,spotify,ab67616d0000b2735334fdec11d3cee1ba545a56
Album969142,spotify,ab67616d0000b27303d6592a348a441a60bbdb80
Album739812,spotify,ab67616d0000b273437b8767ad1179c9aa3f8b93
Album11760,spotify,ab67616d0000b273c57679dc39143827276fd916
Album2377011,spotify,ab67616d0000b273c25a2d942f2aaf4aa9bb4390
Album14443,spotify,ab67616d0000b273a325ec0bef6d38ad95a26c9a
Album4706216,spotify,ab67616d0000b273dc99d962c3ffafc5459e0f59
Album15591564,spotify,ab67616d0000b273d9c4691becd00b0ff6c9ac62
Album134879,spotify,ab67616d0000b2730ebf893da18e493477934be6
Album524915,youtube,kQYUnYZXPGY
Album6240366,spotify,ab67616d0000b2731285a7f0958b9d9d157735cd
Album759430,spotify,ab67616d0000b27300b4cfdf66e81d8c18842945
Album165817,spotify,ab67616d0000b273ef67b9a8dc7f07b4a7a83257
Album82379,spotify,ab67616d0000b2739ff38bc796081b4a5cfd44bb
Album579151,youtube,sNYA_ZT9BXo
Album6525539,spotify,ab67616d0000b273b606e23d4b3a791db915d905
Album18716,spotify,ab67616d0000b2732531eb0638feb4da45d69f31
Album1319891,spotify,ab67616d0000b273a5094bbbb3628d014eab9fd3
Album2452377,spotify,ab67616d0000b2732c2166136629dd1d4e40cbb6
Album3618651,spotify,ab67616d0000b273fd5b660c3fed36602a366d29
Album69505,spotify,ab67616d0000b273bc189508adc2a10e1797b420
Album36508,spotify,ab67616d0000b273b2bc2f1de8674ceb170d9f8c
Album617904,spotify,ab67616d0000b27336597719a9ac6d9892c3a247
Album462432,spotify,ab67616d0000b27367f8092da3583b3b93d586d1
Album26443,spotify,ab67616d0000b273eb002f377c9bf36ddf8fbba1
Album935343,spotify,ab67616d0000b273f0f1cb5f95c6b774bee4476b
Album8270491,spotify,ab67616d0000b273bd24e52fb9258491f79f644f
Album215244,spotify,ab67616d0000b273a3c3d9e4ff58d5d323648599
Album293012,spotify,ab67616d0000b27386e8e1e1d51ad6ee224fe49f
Album149381,spotify,ab67616d0000b273e27efcaed767ec1ba5d0472d
Album23672,spotify,ab67616d0000b273b382a8b0db87f2b5086832fe
Album191734,youtube,xnZya0e1APo
Album7439765,spotify,ab67616d0000b27383cd9f1352bc315536480be6
Album14244,spotify,ab67616d0000b273df773057342b5b6808f1c667
Album96382,spotify,ab67616d0000b27364489843f03ba3450c46ffce
Album15541487,spotify,ab67616d0000b273cf266d0c82b5da0707ff7df1
Album661719,spotify,ab67616d0000b2739fc88a97d5d2c1d344186298
Album6395571,spotify,ab67616d0000b2730d636a92ca157d0fdf2352c2
Album13052676,spotify,ab67616d0000b27337db1647f75f63b5491e5493
Album16612786,spotify,ab67616d0000b2738627639c142cabecc5843336
Album1668135,spotify,ab67616d0000b2734225326de784d3a1c98805ef
Album13334289,spotify,ab67616d0000b2730c25de16c8155a70c847f871
Album63269,spotify,ab67616d0000b27362bc747ad9f1ed12273f3f2a
Album15058321,youtube,dX8sxiDB5Ec
Album5137941,spotify,ab67616d0000b2735b4267d7310644b385199a53
Album9899418,spotify,ab67616d0000b273ee07b239264db04dcf5148cd
Album312054,spotify,ab67616d0000b273476e945c2c45b21709743eb1
Album511107,spotify,ab67616d0000b27390fe85d6af6f1da69dec8bb7
Album15623270,spotify,ab67616d0000b273f61d27985b622ca4b18895d6
Album114577,spotify,ab67616d0000b273067b14a70212e4877865b6f5
Album15114941,spotify,ab67616d0000b273eab75988d94b573becaaab12
Album14068,spotify,ab67616d0000b27389483e0da51957e1d86b8421
Album4490,spotify,ab67616d0000b273cf65b070806d5fb4d3fb2537
Album8825,spotify,ab67616d0000b2732cea3a2317d90cd89ea85c23
Album15905033,deezer,69adc96540443376b85c7847b3d78c11
Album7874,spotify,ab67616d0000b2733368496d573ad0f4691e7385
Album214410,spotify,ab67616d0000b27387002e729134ec2ca205b429
Album891829,youtube,AkWoWHY3q5A
Album56866,spotify,ab67616d0000b273691be387fc76118cbc9c856a
Album51259,apple,Music/v4/d3/fd/e7/d3fde7ba-3e10-e370-609a-46ae801c0888/island_pictures.jpg
Album51293,spotify,ab67616d0000b273cd379476056f5f84b9c25bf0
Album262236,spotify,ab67616d0000b2730bd8415688cc3cc7311b2b1c
Album16652607,deezer,113b20fc755d75e91d8e91a2dd6ec04b
Album271687,spotify,ab67616d0000b2737027aaa3b7d25d2c90f41b07
Album69190,spotify,ab67616d0000b273e1e19bea80a26c60cd15ef4d
Album12663,spotify,ab67616d0000b273b0340c775eb50cf5f801cfb9
Album107215,spotify,ab67616d0000b27350fc871437242135514e73cc
Album319265,spotify,ab67616d0000b2737c6598127d46eb3085a010a7
Album605764,spotify,ab67616d0000b27302b41c3ffd6c42bb3624fc48
Album7939,spotify,ab67616d0000b27319c6290b1ace3212d5b005a3
Album22842,spotify,ab67616d0000b2733c2f7e176c7aaf11b71d04b1
Album10240,spotify,ab67616d0000b273dfd60a91b7c7b2689937ec56
Album40733,spotify,ab67616d0000b2731817adc14a9665a7f09e228d
Album7371861,spotify,ab67616d0000b27323231ab99a4b7e704e1c5878
Album5847401,spotify,ab67616d0000b273bcaefc2f6f8c2e40220abfbf
Album184523,spotify,ab67616d0000b2735c00c8efbf844ab50a7c3472
Album24954,spotify,ab67616d0000b2736e553ec14aec064e89bfc5fc
Album131854,spotify,ab67616d0000b27371201c6ff1573f10d22ccb0d
Album4006125,spotify,ab67616d0000b273801b6025f12b3ffb05878bf4
Album122339,spotify,ab67616d0000b273fa24e701cdc1cc21e44fad8d
Album507151,spotify,ab67616d0000b273059bfff011a80e078db0e37c
Album175059,spotify,ab67616d0000b273d612f290560daa5805869cea
Album52723,spotify,ab67616d0000b27357c7c1edcdcc49cb0b4346aa
Album4303614,spotify,ab67616d0000b27316716d502d5cf2fed57de975
Album41634,spotify,ab67616d0000b27379a6d15979f33445b43fb81f
Album54072,spotify,ab67616d0000b273b3605e9946b1af37b0a5d813
Album1466874,spotify,ab67616d0000b2734bb2dd36e664b1fb7801a31b
Album65867,spotify,ab67616d0000b273916264c5616d00d92c38e5b0
Album101961,spotify,ab67616d0000b27325305220afb8b966e6d48225
Album11982529,youtube,b_3VdvTibCI
Album225663,spotify,ab67616d0000b2731a78bfd58be455016242c998
Album254901,spotify,ab67616d0000b273abbe0ef276b8fd385d709aa7
Album572594,spotify,ab67616d0000b2733cc6ce0f434100e6914ba86b
Album1588061,youtube,CbdGZwf7-Os
Album104543,spotify,ab67616d0000b2733463cadb87f9bfcc2e9153e0
Album1215663,spotify,ab67616d0000b273111b2a13323fa18ca0dac130
Album4200,spotify,ab67616d0000b27341263a1649ad96217af72b84
Album4479234,spotify,ab67616d0000b273d2388c226e1ab495973435ab
Album72134,spotify,ab67616d0000b273160b16e4a6325696f1d06250
Album11756956,spotify,ab67616d0000b273f54a3f0bf51a0fe18e135394
Album560626,spotify,ab67616d0000b27345fc904767ada32f56891230
Album20868,spotify,ab67616d0000b273ff14e1a404e50e95f64b3027
Album171099,spotify,ab67616d0000b273ba780ec18116a6d3f15be63e
Album471172,spotify,ab67616d0000b273a793441b31fc317f700a9c00
Album15981764,spotify,ab67616d0000b27394824c171959403060f7a2ae
Album165800,spotify,ab67616d0000b273288ffc88fbf404758bda61fc
Album497129,spotify,ab67616d0000b27342a9885c2fce2ae3c878fb5f
Album27270,spotify,ab67616d0000b2738f2b3a1c0559ca6188de574b
Album6857874,youtube,4Tlexj4C_m8
Album2696886,spotify,ab67616d0000b273047f1d8d58425016d92dffec
Album1147706,spotify,ab67616d0000b273674b99bdb1e27b017ed92f9c
Album107311,spotify,ab67616d0000b2736be01d7ff3b42e1de91f8fd3
Album5718822,spotify,ab67616d0000b273b3d135e508461c6f3bf35395
Album1384334,spotify,ab67616d0000b273c937b83b0cac925659789137
Album14808496,youtube,ET_MOQqrx9g
Album191691,spotify,ab67616d0000b2737db2a751b122e0dd56029c25
Album3535,spotify,ab67616d0000b273a274d2a2f9ec1acda0431f84
Album98936,spotify,ab67616d0000b273d4ca6b467fd3f0fc7d15019c
Album1611954,spotify,ab67616d0000b2737cc46ab2b35f933dea6139cc
Album11090,spotify,ab67616d0000b273d552416cafb8792b442655b2
Album376850,spotify,ab67616d0000b2735d8078ac1eeb8233a04549f0
Album10929330,spotify,ab67616d0000b273497b2d4b639f5ed8305faab0
Album165870,deezer,5f96589b028c2ba35dcc8d58337c3c59
Album388277,spotify,ab67616d0000b273143d90a7ec4b63ddfc786ac6
Album498763,spotify,ab67616d0000b273c12400d8accf41b7c83ec727
Album23113,spotify,ab67616d0000b273cc09cb11c165540c2b178859
Album1433935,spotify,ab67616d0000b27352e98cbbb5414d5c113024d6
Album115769,spotify,ab67616d0000b273f2ce63c0a24cd9e4e3bff4a0
Album538396,spotify,ab67616d0000b273b8c593537b55573756410ec3
Album2182195,apple,Music/f5/6a/8e/mzi.hkcoawtf.jpg
Album9587158,spotify,ab67616d0000b2737747a5ea27ccdd37ddea47aa
Album213198,spotify,ab67616d0000b2738eef984a66d36a72782bf8f3
Album1957897,spotify,ab67616d0000b273ff14dcef8bc479a33f1a9dac
Album435788,spotify,ab67616d0000b2733828583f4f5505e2af1854b6
Album458214,spotify,ab67616d0000b2730c7d3e44173f7bcf1a96081b
Album400842,spotify,ab67616d0000b2739db779d0f9450167fd830b29
Album1815519,spotify,ab67616d0000b2730fde9741fd6667e9f40b9013
Album3342137,spotify,ab67616d0000b27388377d1879d4277a101ef586
Album336901,spotify,ab67616d0000b2732a8f94c96a6c683ec802680a
Album15436924,spotify,ab67616d0000b273e3d809b9270c1b26728d4e53
Album7973,spotify,ab67616d0000b2731fcab41c48d68a34f5c19486
Album11131,spotify,ab67616d0000b27383377c60b037b24611e883e3
Album39364,spotify,ab67616d0000b273a2d78534d2747a8749674b02
Album10136,spotify,ab67616d0000b27308fc7deb83235390e3d8dd6f
Album10191,spotify,ab67616d0000b2739bdc8a973f855adc73902cff
Album606106,spotify,ab67616d0000b27353cf9fb4371691517a351a15
Album3611,spotify,ab67616d0000b273a82027e8ed24c2b16b91adac
Album5493,spotify,ab67616d0000b273e1520b61485114423bb8c923
Album12931347,spotify,ab67616d0000b2738bbea5de54fc54a6a4a3a5e7
Album8309978,spotify,ab67616d0000b2730f7d67c4bc977d31c467f523
Album8874,spotify,ab67616d0000b273bf759419d94c10159216e2b8
Album21657,spotify,ab67616d0000b273fd7d2ab65b00e96409432173
Album8000675,spotify,ab67616d0000b2730982aa59c43fce01a1c09ff7
Album16247272,spotify,ab67616d0000b273889b036913efefdf915aebe7
Album7588668,spotify,ab67616d0000b273d1753659cbaee6c0f6f926e4
Album10590522,spotify,ab67616d0000b273ad5e9125ecd13ded979d5df5
Album8269827,spotify,ab67616d0000b2732fca78aaca85b87cc441cdf2
Album8375260,spotify,ab67616d0000b2736cdda990a4a6a3418f4e59bf
Album17702,spotify,ab67616d0000b273fded11400a57fd760fdd7807
Album14751,spotify,ab67616d0000b273d76cbbce567e2bab36932f14
Album618535,youtube,c5EYvAurgJA
Album17730,youtube,_L2GganmrAw
Album131054,spotify,ab67616d0000b273029196c768e36f485af1a84f
Album230843,spotify,ab67616d0000b273e04eda491a668397f964a126
Album17844,spotify,ab67616d0000b27308a893960d7ceea6f7153dae
Album33159,spotify,ab67616d0000b273ce244f7ffe08461b33364e1c
Album112804,spotify,ab67616d0000b27399c496a6fb6912a92c901bc0
Album41471,youtube,Wx1ihpoiBlA
Album26807,spotify,ab67616d0000b2738db9282bbd10330dd1d48c7f
Album22537,spotify,ab67616d0000b273f0ddb9b25e6db7a73ef70f4d
Album161015,apple,Music113/v4/c4/b4/c0/c4b4c0a2-bb27-18ea-9752-ac22a38f81ee/artwork.jpg
Album357492,spotify,ab67616d0000b273d9b9b1ac820bddfc81337f2f
Album2890871,spotify,ab67616d0000b273f61bc381256c3daa4b3d13d8
Album1694,spotify,ab67616d0000b273c21bc61b315b02ec234a54ed
Album580432,spotify,ab67616d0000b27333aabbb85754c2936930e4ad
Album14615,spotify,ab67616d0000b273157ab37d9704d30f3a2fa3c8
Album4622660,spotify,ab67616d0000b273cb42ca69286a21fb1f388c78
Album727291,spotify,ab67616d0000b2733c0f18a6788de5d5a0644cab
Album727607,spotify,ab67616d0000b273a76854835bbf81a51deea3a7
Album15283,spotify,ab67616d0000b273a2c2760637667c3ae5ee505a
Album6308282,spotify,ab67616d0000b273be56de9dceabf80e514f7490
Album14791975,spotify,ab67616d0000b273ff87a726eb1fa75bcf628e95
Album6710367,spotify,ab67616d0000b2738de0ce301b555425678f0716
Album6356,spotify,ab67616d0000b273eb271913c4f2a3810911f1a8
Album14440562,spotify,ab67616d0000b273bd8ce489e78f702ac669d587
Album2289206,spotify,ab67616d0000b27309016aa203425852dc49de0d
Album138293,spotify,ab67616d0000b2736f7c30f19c2de2920385c3a7
Album13100,spotify,ab67616d0000b27387f90177d4152a09eee584a7
Album1909302,spotify,ab67616d0000b273d7a31ba99affde4726082505
Album15477436,spotify,ab67616d0000b27386a8513fec7563a8a6584c84
Album4027759,spotify,ab67616d0000b27328f0fe870e8bc76831e8fb57
Album421333,spotify,ab67616d0000b273ab3f62eb09625e85153e02df
Album329431,spotify,ab67616d0000b2733c4dfdcc30e3c15095b16451
Album296426,bandcamp,3935009154
Album7759,spotify,ab67616d0000b2730d092737cda384640b354d8e
Album49477,spotify,ab67616d0000b2731f7ecad49d2c2ef369ee3dbf
Album5541,spotify,ab67616d0000b273c140624cb245b1cbdc62ff97
Album8459684,spotify,ab67616d0000b27336c2f8ec56b4f62964831afb
Album7820428,spotify,ab67616d0000b273aec4131766da74c016f2199d
Album265616,spotify,ab67616d0000b27339f369dc8ad7c6e334149f4c
Album22912,spotify,ab67616d0000b273ed1d67abc1e84545d18cac2a
Album3085494,spotify,ab67616d0000b273560edc21066b670c8bd91ce8
Album249604,spotify,ab67616d0000b2731b9f4293b1c7ff3571343d91
Album77816,spotify,ab67616d0000b273bff0e03f087e35441f0e2888
Album70457,spotify,ab67616d0000b273a67a95b2a322a87deb6aff77
Album7148370,youtube,LMJrMRxSfNs
Album504,spotify,ab67616d0000b2732974b64fbb5cdeb32911f132
Album149706,spotify,ab67616d0000b2733ae38bd8ebb999ba10b440c8
Album15190,spotify,ab67616d0000b27351cdd83fc0846f4623dc9a58
Album14033,spotify,ab67616d0000b273b5290b352f05f52056c0f3f6
Album3816872,spotify,ab67616d0000b27379a9be8af1193f50b28f7a54
Album53586,spotify,ab67616d0000b2738f726dc49d9ddb56dc03e9d6
Album29311,spotify,ab67616d0000b2736c1cc16f0b4209d6c7358e75
Album230835,spotify,ab67616d0000b27310304c67704e59216cad1656
Album3034009,spotify,ab67616d0000b273fd9c5e9fc658f51808b2d5e3
Album12388944,youtube,OnSgIikz1K0
Album133733,spotify,ab67616d0000b2738f548025edae5a868d92fde6
Album125150,spotify,ab67616d0000b27327f4235387209b7740dd650b
Album179347,spotify,ab67616d0000b273f13c4549ab9d789397a17bd7
Album15850380,spotify,ab67616d0000b2734ec266455dfe2fc7f54d2623
Album707575,spotify,ab67616d0000b273b3946ea482ba05578a1df868
Album87767,spotify,ab67616d0000b27319807e1207c7af5cae988240
Album21189,spotify,ab67616d0000b273206f7bc326cbc267087544bb
Album971149,spotify,ab67616d0000b27344fb238b981e1ba3653ea500
Album352994,spotify,ab67616d0000b273abeabb4a1f0bc9cf08bcf787
Album75173,spotify,ab67616d0000b27306b94c1a4b9835825433e905
Album33277,spotify,ab67616d0000b273bb09aed3154e3eed4dbba057
Album338464,spotify,ab67616d0000b273139959676bd3da09a14b40c3
Album10802,spotify,ab67616d0000b273e53b9b2db0b4d42b3a045ebd
Album586262,spotify,ab67616d0000b27357c39b4fb43f6c4fba256e13
Album82884,spotify,ab67616d0000b273cd32199f9ba1773e2ea18c30
Album39517,spotify,ab67616d0000b273386a96552173edb84dbe7fbe
Album13053034,spotify,ab67616d0000b273c43b3a9459cadcf6f68867cd
Album10522934,spotify,ab67616d0000b2731c12c941d0767d1cac5d0447
Album915,spotify,ab67616d0000b273f4f1f36551dd41c5442c2a2f
Album3588924,spotify,ab67616d0000b273c75d5bdce948c477f6d7e455
Album4099,apple,Features/95/6d/29/dj.cwkruzdd.jpg
Album63022,spotify,ab67616d0000b2739916a7cc31d985192701bde9
Album856633,spotify,ab67616d0000b273d3a321d9ffa35ce27973b75c
Album22457,spotify,ab67616d0000b273eed01aaf20f15d93cd177999
Album3615054,spotify,ab67616d0000b2730f7b78b9d21ffca5f661816a
Album31897,spotify,ab67616d0000b27392f6110d47cd96e82205eec0
Album17779,spotify,ab67616d0000b2731ffbd4a864469d93ec0c35cd
Album5495147,spotify,ab67616d0000b273706790b1d237829bfd6544ff
Album26058,spotify,ab67616d0000b273c25792f40f4c714fe88c2357
Album28766,spotify,ab67616d0000b2734478dcaf4a7b766feabb75cc
Album662386,spotify,ab67616d0000b273722500b0cb0e40598ca9cde2
Album7750,spotify,ab67616d0000b27364133a7ae5d24ed7e279a932
Album90362,spotify,ab67616d0000b273db71b3380a3e5fa1f510e383
Album163260,spotify,ab67616d0000b273d66217a7027a4885352f32dd
Album31048,spotify,ab67616d0000b27393f3d85e227f21393b6effe6
Album12084445,spotify,ab67616d0000b273e2ba08420e825ea9d57c320a
Album1132393,spotify,ab67616d0000b273659431f3c6428dde364bfbe3
Album1299439,spotify,ab67616d0000b27338203c46ab0e7ae0b4be1fac
Album73020,spotify,ab67616d0000b2738ea58c97b107baf6e42a0091
Album222371,spotify,ab67616d0000b273252947b732ed94a447a1f902
Album634887,spotify,ab67616d0000b2736fec7ffab2b287bada88f1e8
Album1215901,spotify,ab67616d0000b27326502e49e53ddc6c1a3cf88f
Album12023989,spotify,ab67616d0000b2739c076fb69a52578d6441d57e
Album3379097,spotify,ab67616d0000b273976f7d6afa3855f86ddcbc0f
Album390255,spotify,ab67616d0000b27339ac25c521733eb71e679c1c
Album2872669,spotify,ab67616d0000b27313e2433e63e9f899ef9d2006
Album340095,spotify,ab67616d0000b273e44512f76b00239d0f2ed596
Album21676,spotify,ab67616d0000b27342650e890e104c36c4a81034
Album40875,spotify,ab67616d0000b273bda85df963ec2ce6da651a94
Album14701351,spotify,ab67616d0000b2737e35599fabf545bf408983cb
Album14278294,spotify,ab67616d0000b273df3fa12e6f98c354e3c576d9
Album1636071,spotify,ab67616d0000b2730e5966a1f47096543ff65a6f
Album33966,spotify,ab67616d0000b2738a5184ecd7b8aa5ce798695b
Album1624959,spotify,ab67616d0000b27363f3d3ae972e372cda912e1e
Album8277704,spotify,ab67616d0000b2739ee08138756a416ae05141ed
Album8872,spotify,ab67616d0000b2738686e115a8b8bfb4944063c8
Album13405639,spotify,ab67616d0000b273dff789f068666535569ddb64
Album63929,spotify,ab67616d0000b273868aa679a7583bbefc07803c
Album15346681,spotify,ab67616d0000b2736d81484807b136d25c8e2d51
Album44257,spotify,ab67616d0000b273d68710cbd92ddd437c8094a2
Album51586,spotify,ab67616d0000b273c925139455d0480681315f02
Album246585,spotify,ab67616d0000b27356009fcc066d899e74d8e463
Album660848,spotify,ab67616d0000b273aaeec021df68bff1a61babef
Album225461,spotify,ab67616d0000b2735a72f4fb0efa23f943c4892b
Album88710,spotify,ab67616d0000b2732537cc7bf694147250deaf19
Album105643,spotify,ab67616d0000b273dd15e56df5c95b6bb1c8e1d5
Album189870,spotify,ab67616d0000b273ddb29f9abf1c691062b50968
Album4643133,bandcamp,0747535207
Album8636302,spotify,ab67616d0000b2736779dc43fb183efd8245c5e9
Album986162,spotify,ab67616d0000b2734f828e8c0317be3b69347874
Album12463,spotify,ab67616d0000b2737cd236e94800a6c7b59eb94b
Album343842,spotify,ab67616d0000b273019f18eba44e1d780480236b
Album642374,spotify,ab67616d0000b2732e7d340c91750646337e50ae
Album11251132,spotify,ab67616d0000b2735c090fc94ad4181c8867c413
Album13118,spotify,ab67616d0000b273b466f1a09d7c101b88a15a19
Album8256417,spotify,ab67616d0000b273a0c4a585a7d73b4943b9bf13
Album14929179,spotify,ab67616d0000b2732396dfe4d63814cd2293ab3f
Album10496615,spotify,ab67616d0000b2732b31fc8bd33efd1f2f2f23b0
Album925,spotify,ab67616d0000b273e01ceb6f3a9751ec5d1391ab
Album7424095,spotify,ab67616d0000b2735830fec56befee24135c67ea
Album14639,spotify,ab67616d0000b2739dd56f91666223a5b0bc6c71
Album8408220,spotify,ab67616d0000b2730971dfe8e79dd13b2d7d0563
Album29867,spotify,ab67616d0000b273f0302cabc362df3517ff7e4c
Album164011,spotify,ab67616d0000b2736ba44db50ec9ea858b3895ce
Album6360990,spotify,ab67616d0000b2735b475dfd32edc779315c8d40
Album150302,spotify,ab67616d0000b2731816bae1d8082b67c6536546
Album43877,spotify,ab67616d0000b273624f09ee8125c5e46956ebcf
Album13589,spotify,ab67616d0000b2733c3bec6c6adea3580900d3a7
Album30369,spotify,ab67616d0000b2733d1e245cd3c7ee8de1db4145
Album147474,spotify,ab67616d0000b273edd35b98dac868f22ebf8b4f
Album116804,spotify,ab67616d0000b27303fce642ee74d789fcce98b9
Album28961,spotify,ab67616d0000b27336c775828fcf49b3d6b92e8e
Album13084454,spotify,ab67616d0000b273af9fdfbb6ab8b73512cf5c82
Album62146,spotify,ab67616d0000b2737fc6e289942da44883ef960b
Album13687,spotify,ab67616d0000b273321b295fbf0f6cc3e53e971a
Album381092,spotify,ab67616d0000b27336da1d7eef5e0a764db756e6
Album10216920,spotify,ab67616d0000b27319cec41fc6cb593005f371e7
Album6631440,spotify,ab67616d0000b2736270d0e79deba58946bf6d59
Album170766,bandcamp,0169737416
Album122368,apple,Music71/v4/96/dd/f4/96ddf433-b437-0541-f2f3-a8152cd9dc87/045775500423.jpg
Album121253,spotify,ab67616d0000b273194b66fdc6a82796f4c8327f
Album15951671,spotify,ab67616d0000b273168d33b213bb76319f14dd00
Album519995,spotify,ab67616d0000b273b944f430d0489ae7c6a1fd02
Album55024,youtube,C9nnITxkBJg
Album488436,spotify,ab67616d0000b273b6b5d7a2e77e7dd39250b3c0
Album2791089,spotify,ab67616d0000b2731365bb6c4fd89321ce1011ce
Album6756213,spotify,ab67616d0000b273010ddb70a681fc13937611b2
Album470786,spotify,ab67616d0000b273d1a8be3c386781965afabf95
Album120568,spotify,ab67616d0000b273bdf4e0266f9bf9388a802775
Album151899,spotify,ab67616d0000b273cea539958930ad3b163bb334
Album3912645,spotify,ab67616d0000b273ed4b5e20cc5fe49757579c9f
Album14992240,spotify,ab67616d0000b2739d4202cfd6fd1ef1af2c993d
Album7320304,spotify,ab67616d0000b27352182303eb7107e562091c96
Album3162334,spotify,ab67616d0000b273a7e4d2b8e3514866dd34720b
Album5149281,spotify,ab67616d0000b2738bc20a86e7d848126676625f
Album5691,spotify,ab67616d0000b273910979828114ad5eea7a9e96
Album36403,spotify,ab67616d0000b273d3493848ee32bed7d2ec3b59
Album400852,spotify,ab67616d0000b2730e60469bc3f3dfafcb102a3f
Album49701,spotify,ab67616d0000b27376678a7180ff193ea96bd4fe
Album4616892,youtube,bbPY_YMmE1o
Album254903,spotify,ab67616d0000b2738875cc2685c8d483e0e667f0
Album109948,spotify,ab67616d0000b27328684c02c27b9ca2ef6dcb05
Album5395137,spotify,ab67616d0000b2738a0f3e44072852e85573c538
Album64532,spotify,ab67616d0000b2736e3dca9451fb92a68e7c7dc2
Album388820,apple,Music/0f/c6/a8/mzi.svzabvqv.jpg
Album313103,spotify,ab67616d0000b2733dd6a847ca9bf739eb3f020c
Album15420608,spotify,ab67616d0000b2738a821784ac3e69e691d4945f
Album14820154,spotify,ab67616d0000b2730efc1c2d4b0cf25f5c0e2438
Album369696,spotify,ab67616d0000b2730356af827f99c25cf1a86566
Album4036,youtube,PS87xpm8SoI
Album16010597,spotify,ab67616d0000b273c09696764b09646a1ef86789
Album90237,spotify,ab67616d0000b2735bb7f800dfea049e6fbb5406
Album6327,spotify,ab67616d0000b273b3c7bc8bfccaf382ba53498f
Album15364685,spotify,ab67616d0000b27368f8506f6600656e73d5f636
Album1744986,spotify,ab67616d0000b2734298cf8960fcbadf32562a96
Album12394162,spotify,ab67616d0000b2736a7764f8b82b80254c602209
Album89278,spotify,ab67616d0000b27356bc98f79dbfc7163e5d3e5d
Album181926,spotify,ab67616d0000b27336dc9ea817eb078d10d0fa1c
Album4630585,spotify,ab67616d0000b27318ffdc25bfd80df96e5c127c
Album155734,spotify,ab67616d0000b2734ca297b27ea321b2472aa539
Album8382529,spotify,ab67616d0000b273f38ac46fdebc673b289b159a
Album3935168,spotify,ab67616d0000b27331442844d01cb0a841796759
Album7833683,spotify,ab67616d0000b273e31f323af3fe7593695c77cd
Album421812,spotify,ab67616d0000b273bd384a44482cfabf076e1fb6
Album15686,spotify,ab67616d0000b2733529af51dc08bdbe5460c925
Album161446,spotify,ab67616d0000b273396edd8bcf6699168ca56181
Album131773,spotify,ab67616d0000b2737bfeb6e4c68ea3b915df59a0
Album89429,spotify,ab67616d0000b2739c30ebe60fda6ce34190b7c1
Album102266,spotify,ab67616d0000b273afdf67b7321907a283637a98
Album8031686,spotify,ab67616d0000b2732b902719ed78c9dd32ce8b8b
Album1882,spotify,ab67616d0000b273b24dc2f125c785d242029041
Album48789,spotify,ab67616d0000b273aa7ac662f49e6ac185cba6be
Album80912,spotify,ab67616d0000b27337db5068a8e119128718502b
Album745,spotify,ab67616d0000b27337c32a203999fd067ff91f63
Album11840,spotify,ab67616d0000b2733086baf710a977ae1920f2a5
Album8148,spotify,ab67616d0000b27343be68e50d7da74c12aa087e
Album5259674,spotify,ab67616d0000b2731f675e7b8bae408653346dd9
Album1016198,spotify,ab67616d0000b273719535a95e9aefe38f2eb7d4
Album10406484,spotify,ab67616d0000b27312775bb3da15efa0c7019c82
Album6585,spotify,ab67616d0000b2735e15b58fc1a36684183da40a
Album107299,spotify,ab67616d0000b273b0ba3073582c51f6993833d1
Album2194518,spotify,ab67616d0000b273f1f2620dc0ba4eba18daeffe
Album22841,spotify,ab67616d0000b273a32929ddd6f4f20fea357268
Album16380458,spotify,ab67616d0000b27383e938b90eede703dc07dc52
Album220314,spotify,ab67616d0000b27321a573f7321321645cac4776
Album55609,spotify,ab67616d0000b2730e9534d753e0b1f87b744b59
Album12454,spotify,ab67616d0000b273eab1faffbd77ed5a3ba41f05
Album125122,spotify,ab67616d0000b27370abcf2f2fb430eac99eebba
Album8155903,spotify,ab67616d0000b2732cee119506e705e6e44bc52a
Album520830,spotify,ab67616d0000b273e75a812c99afc12223b573ce
Album15568233,spotify,ab67616d0000b273564be0eb3a49e1785fbad346
Album93594,spotify,ab67616d0000b273cab0951b196f6bf45651bf16
Album207566,spotify,ab67616d0000b2733c7a65a44f748ae7158f2350
Album39867,spotify,ab67616d0000b27322172a6d86bf1e9396301250
Album8636962,bandcamp,2820427961
Album328155,spotify,ab67616d0000b2734ecc17c7d1c997c7c6d236bd
Album360767,youtube,h8WmWaIn9kU
Album9375533,spotify,ab67616d0000b273542d35c108e69ea199cc34a0
Album416667,spotify,ab67616d0000b27310b9944a2d0a026c3032a8bd
Album268304,spotify,ab67616d0000b27371d931938151c136495d77e0
Album16032698,spotify,ab67616d0000b2732a2040e3eae84212a677cb32
Album14158,spotify,ab67616d0000b27304a33fe7b70e429977c031de
Album3169731,spotify,ab67616d0000b2731ae6b93506dc301cbf9727d0
Album14569596,spotify,ab67616d0000b2734a0edf669319807cc889739a
Album9186577,spotify,ab67616d0000b27344815fb455f6c4be50ed041b
Album60845,spotify,ab67616d0000b2730053fd94f966893523750914
Album10827,spotify,ab67616d0000b273d7bfe81df1b9a42f9a589f65
Album8700,spotify,ab67616d0000b2735516b85535f66d6b18d62701
Album311250,spotify,ab67616d0000b27348fac9bcd553b35ffecb7610
Album1199206,spotify,ab67616d0000b273a17ceb922295f6e58a2cedf5
Album66804,spotify,ab67616d0000b273510509c59c448506e2e467e7
Album869879,spotify,ab67616d0000b273a31da0f4b204b575e57ab020
Album2608404,spotify,ab67616d0000b27342874a761b229aa87d4b8493
Album45941,spotify,ab67616d0000b273c10562b2425ec8a1c673d821
Album37019,spotify,ab67616d0000b27300223f21b913cf49fc210183
Album6338764,spotify,ab67616d0000b2738c862cce633d67a0b2973275
Album8004191,spotify,ab67616d0000b273e289f7039ef6fdab4e7c08b2
Album15309478,spotify,ab67616d0000b27319acf8ff09d097f9bf9aeaa6
Album6830541,bandcamp,3314967826
Album10379,spotify,ab67616d0000b273169e1a7e8a1834332b7f16c6
Album82329,apple,Music62/v4/35/d7/11/35d71199-de0b-0167-d461-d609b35f6d0f/045775014128.jpg
Album1993268,spotify,ab67616d0000b2730549fd54a1f7a48e7e10e1a2
Album302773,spotify,ab67616d0000b273188e251a667f9cf611c38ab2
Album2621825,spotify,ab67616d0000b273c18021e2feec9c0c59082a33
Album15217807,spotify,ab67616d0000b2736882bcbc2da79b04bee6bc88
Album220488,spotify,ab67616d0000b273ce9c384077637a43a9447dc1
Album3135121,spotify,ab67616d0000b273d5357ff7ca2cd7f78f3d3ea6
Album8123629,spotify,ab67616d0000b273f40f4bc7946f788d70c23c5c
Album140523,spotify,ab67616d0000b273affa393835f0a69ad06b010a
Album14621767,spotify,ab67616d0000b273d00db65688f0e66745ec3eac
Album14284897,spotify,ab67616d0000b273ed09676ed90d63162c32ac23
Album11574004,spotify,ab67616d0000b2731cb6da854742703d57690e07
Album555786,bandcamp,3362829741
Album860011,spotify,ab67616d0000b27327957a9a2b8643e9530f31c2
Album2093,spotify,ab67616d0000b2734f691a0814cc9b0db80311d6
Album24755,spotify,ab67616d0000b273cc54bce9b32f62eb3f0dd9b0
Album1879774,spotify,ab67616d0000b273f5e52630e70ea29d30ae586e
Album8017628,youtube,m0nIVGoFh8I
Album1109,spotify,ab67616d0000b273a3ab8d05e02aebb2db34deed
Album4918,spotify,ab67616d0000b2732fc48a9a924cbc5a91f21eef
Album15675061,spotify,ab67616d0000b273b56e172cd2f5fa8499d6ed23
Album15034814,spotify,ab67616d0000b2732dab76bae81149cf53a81886
Album15876,spotify,ab67616d0000b2739b8c61aafe4affaaed21550d
Album6731870,spotify,ab67616d0000b2733213e646ad90957d559d28be
Album20822,spotify,ab67616d0000b27321c3f725855eab1a5db613b3
Album9763,spotify,ab67616d0000b273b0a0655d49f60a0f006b1531
Album587175,spotify,ab67616d0000b2737b99baf730174e438f380b3d
Album322114,spotify,ab67616d0000b273b07cb2d975602fd8a4f266ff
Album8213,spotify,ab67616d0000b2737d25b55ffd6187a389e256f3
Album25955,spotify,ab67616d0000b273a8beae5616babdd58039399d
Album18977,spotify,ab67616d0000b273bb62539bc3f04aaa35f7c970
Album85514,spotify,ab67616d0000b273517ebce6ab2d2ac28ec0cd9d
Album11369,spotify,ab67616d0000b27344cb269b73634d89bb0ac471
Album7490994,spotify,ab67616d0000b273269d8d63858e7f2ba39e968a
Album3141641,spotify,ab67616d0000b27394a798691d639a745b44c6c9
Album184653,spotify,ab67616d0000b2737b1804f04b84a0d934043e62
Album44465,bandcamp,3027902714
Album6689421,spotify,ab67616d0000b27384b81dc54093fbb414ba80a8
Album735776,spotify,ab67616d0000b273060f0ec82ee9823008ebb17e
Album16389060,spotify,ab67616d0000b273710d4624a5a1b87b70b56bb2
Album588868,spotify,ab67616d0000b2738fc14b17779b8e84ee6688aa
Album885927,spotify,ab67616d0000b2731d97720cd4a9a49d8479352f
Album3116332,spotify,ab67616d0000b2733f85c9cfc1b7b71605cbecb7
Album6614892,youtube,K7v_clIFE60
Album130882,spotify,ab67616d0000b273fc390ce6c14df3557c4336a4
Album46452,youtube,ua5S8UmoeWs
Album157681,spotify,ab67616d0000b273ee992ff7581756f94af1cd41
Album102116,spotify,ab67616d0000b27332140dac935b95f7e4628a7b
Album8642770,spotify,ab67616d0000b273878feb6e2e12b570cd9db34f
Album119685,spotify,ab67616d0000b27347a287754526d1c384855460
Album168008,spotify,ab67616d0000b273cd4535608529ab9b535844dc
Album45557,spotify,ab67616d0000b27300e7b4b7bdbffe1dee2bde75
Album158975,bandcamp,0252367926
Album41854,spotify,ab67616d0000b2736911b3d0a4abd46a780cb6c9
Album195574,spotify,ab67616d0000b2738b9083f1e95662b292e01524
Album7521867,spotify,ab67616d0000b2738e0e8061c62933c8a13fef15
Album946562,spotify,ab67616d0000b27359839d08cedf435306c89bca
Album46720,spotify,ab67616d0000b273180f51fd5593ccf0c67a2e66
Album94954,spotify,ab67616d0000b27387425bb738bea75d71478bbe
Album207732,spotify,ab67616d0000b273ca6c7755c1b27333ca81d743
Album38249,spotify,ab67616d0000b273bf6fce9e39de1a9ff25fe4a6
Album8177051,spotify,ab67616d0000b27398d874d647fbff088036be28
Album2986447,spotify,ab67616d0000b273e6805ac534ee0a2f04400404
Album181559,spotify,ab67616d0000b273ebd8e1e7902fe45e8d5aa4c5
Album107285,spotify,ab67616d0000b2736dec833dbd180da5447fd022
Album184777,apple,Music/1c/7f/fd/mzi.vdzflxoa.jpg
Album421492,spotify,ab67616d0000b273e8c549adeec9b398440cb649
Album706403,spotify,ab67616d0000b27396fa04c4c0275d183fdfcff2
Album11071,spotify,ab67616d0000b273aa2fb750f636a934c22cdec3
Album906124,spotify,ab67616d0000b273231e3a163ed3c5056c98f47d
Album323392,spotify,ab67616d0000b273baf75feff7c9a2c4ceaee87e
Album1361027,spotify,ab67616d0000b273181bc1a9db5f4984cda9e915
Album305946,spotify,ab67616d0000b273d90c1615b56490532e230294
Album44624,spotify,ab67616d0000b273f3f23a2d982ee8729bac3fdb
Album2452670,spotify,ab67616d0000b2737db9102913db55a03541ffa2
Album97183,spotify,ab67616d0000b2733a06b067647d3c488b20e129
Album30720,spotify,ab67616d0000b273779f76602bd0b729e735a87f
Album95144,spotify,ab67616d0000b2731cc27a929d7bafe5b91d2a7b
Album27221,spotify,ab67616d0000b27320082a2c8429eabe6d9ece91
Album489071,spotify,ab67616d0000b273e17d7607a3596d71c6cd78d2
Album15823114,spotify,ab67616d0000b273365e05f0f0825c12a75cd59c
Album5730237,spotify,ab67616d0000b273b5f6ed67863e42100f56182f
Album195620,spotify,ab67616d0000b2732f105c7a3fd520da7e1f2f2a
Album14124,spotify,ab67616d0000b2738c691173556d0777720c325b
Album2819596,spotify,ab67616d0000b2736ea298ba6eba5cd1d76cf6bb
Album112054,spotify,ab67616d0000b273bfb979b3e2a3eb21970b606d
Album798734,spotify,ab67616d0000b273ea76b8d572241ceaa098c83f
Album939559,spotify,ab67616d0000b2731b7c2cdf4310e1d07da96d83
Album6331807,spotify,ab67616d0000b273c3acb15b9f2580513e1d2bad
Album15133127,spotify,ab67616d0000b273a7b009fee22ab11090887dbd
Album98068,spotify,ab67616d0000b273ce0c1ce5b0bcfc340c1f17f2
Album7906,spotify,ab67616d0000b2739d8b6535c5376fd3e435ac17
Album622824,spotify,ab67616d0000b273d0502ebb0215f9eb5167321e
Album27573,spotify,ab67616d0000b273368bb17b2eb332b37869e368
Album15497236,spotify,ab67616d0000b273cedb185f77699f6e394c3bca
Album1090426,spotify,ab67616d0000b27325e3cab33c6b5be10980ea9d
Album52913,spotify,ab67616d0000b273672ed7795c0a38627330b445
Album900,spotify,ab67616d0000b2736f9a8dec1d51edfa0004babe
Album4867,spotify,ab67616d0000b27304cdf2a3dc12e730c8dbba71
Album1186,spotify,ab67616d0000b2732b0f7d77a265027c1d4065c3
Album3878,spotify,ab67616d0000b2738e8c08ca2feb999bb84f05e6
Album3107179,spotify,ab67616d0000b2733345166df211d60d6fd750ca
Album107626,spotify,ab67616d0000b2732d65098df6f5ffe23a0c3a14
Album144214,spotify,ab67616d0000b2738f6724dec44c1e09ca37bf87
Album16131118,spotify,ab67616d0000b273cbd140d13330a7e1c5167200
Album28530,spotify,ab67616d0000b2737618c5c9f94973ccf7a1589b
Album16375166,spotify,ab67616d0000b273a7493f1985f820a9add223d2
Album2318807,spotify,ab67616d0000b2733c30da881302973db0d95434
Album4116,spotify,ab67616d0000b273316d9c71c27cd190d35f60f8
Album4404079,spotify,ab67616d0000b27327276e651476643cd5c10e71
Album10821,spotify,ab67616d0000b2731393dc03fd566f1b5733537c
Album66541,spotify,ab67616d0000b27379e8a1d02e629774d42f186b
Album14416,spotify,ab67616d0000b273c31acd76454b29586f1121b4
Album227225,spotify,ab67616d0000b273cbe8eed715cf460579093a08
Album1720282,spotify,ab67616d0000b2734c19fbe5ecc1b347fcac9d72
Album16282210,bandcamp,1406108445
Album16515291,spotify,ab67616d0000b273affbef58eb2c3685fc995107
Album6014820,spotify,ab67616d0000b27398d681ce7c89701dd8d5ca0b
Album27821,spotify,ab67616d0000b273835cf770779f4eb241241901
Album11907317,spotify,ab67616d0000b2735ad656e9313a5d38429ee9e6
Album53980,spotify,ab67616d0000b273697c76eeeb7de3fab4d55ea9
Album57599,spotify,ab67616d0000b273aec0a44e01dd472c8c26a169
Album19002,spotify,ab67616d0000b273c77dfdf050ffd990c752ce98
Album18932,spotify,ab67616d0000b2737499eada8b10c84493f62865
Album683138,spotify,ab67616d0000b273cb0ec0dacdb7b2d936fb448f
Album13109555,spotify,ab67616d0000b2734ce12749b0330692eb232962
Album42412,apple,Music123/v4/0f/85/f4/0f85f44f-5eb6-c7f2-afca-5d3e8a2db1f1/194660731470.jpg
Album506429,spotify,ab67616d0000b273d818aae649d8468932c98410
Album27181,spotify,ab67616d0000b273ea40865a3d6e521e15730a5c
Album45228,spotify,ab67616d0000b2730cf0d3e47abed3693b965883
Album267240,spotify,ab67616d0000b273d75e79f35373c94971eb3895
Album15014810,spotify,ab67616d0000b273628b6b407154a6817f515794
Album151229,bandcamp,3261004472
Album174516,spotify,ab67616d0000b273bbc23d7a2cc650d4660bd09d
Album10265869,spotify,ab67616d0000b273d3c12724ab66f21170225d22
Album4762469,spotify,ab67616d0000b273f4c501cff74b4b43e3f146e9
Album8542414,spotify,ab67616d0000b273ec3c2347cde3719f6e61140d
Album9545524,spotify,ab67616d0000b273b57a8831e265d34d187790f3
Album1413511,youtube,cjTsvATQH0o
Album3209102,spotify,ab67616d0000b273a91133b709ea2c8025f49b0b
Album423004,spotify,ab67616d0000b273389a227fa0aac514e2418725
Album573453,spotify,ab67616d0000b273821508e21a84eb356c089b92
Album408409,spotify,ab67616d0000b2732a07bf1912730d354453a4ca
Album42869,spotify,ab67616d0000b273585298d0bfb4eb0260d4e710
Album2334868,spotify,ab67616d0000b2734a8b8b9ad87d2351ccd65f8b
Album535,spotify,ab67616d0000b273046aaf3f268dfb6399709968
Album16384467,spotify,ab67616d0000b273b54981f9530df31fca5d0edf
Album16013548,spotify,ab67616d0000b273760d0997ded1359174c09fd7
Album1214,spotify,ab67616d0000b273c9820b7d604f18defbed989a
Album11299,spotify,ab67616d0000b273640df56fe46cd51896a00810
Album20133,spotify,ab67616d0000b2731bb8934954ed85bd89053450
Album4798,spotify,ab67616d0000b27368fd297b703482eebd5d1781
Album5619899,bandcamp,1814054220
Album114636,spotify,ab67616d0000b2730bd0dd89e7ceab03587d34ce
Album9093,spotify,ab67616d0000b2730d033596ede8a95da133a365
Album119132,spotify,ab67616d0000b27382d70a3b0037668bcb981e33
Album4384682,spotify,ab67616d0000b273b6539838c2407be4e879595c
Album16267,spotify,ab67616d0000b2736a1409bdd9347d8b7112821f
Album17382,spotify,ab67616d0000b27367bfc8cfef71d9048d60548b
Album19402,youtube,gx_4n0MpuUQ
Album155774,spotify,ab67616d0000b273aa37e7ad321273727296da84
Album3319420,spotify,ab67616d0000b273a50c927b0f820f74d4d0cb9e
Album4010924,bandcamp,3354111696
Album3780820,spotify,ab67616d0000b2731a8e5ace909d3e09fc95f37a
Album32688,spotify,ab67616d0000b27339e35a3f8d72f2df74502273
Album396011,spotify,ab67616d0000b27336e5b2ed2455a70b543d4c89
Album63902,spotify,ab67616d0000b273b98c896fea57bded1661648b
Album28938,spotify,ab67616d0000b273d89dc83660fa412987361476
Album94186,spotify,ab67616d0000b2732c2cd4939ec168b9756883fc
Album6236268,bandcamp,1743458888
Album152521,spotify,ab67616d0000b273275a56d598dad106b73381fd
Album503434,spotify,ab67616d0000b2735633a0f3e3e8f25521863777
Album144432,spotify,ab67616d0000b273761de13c66bfbd6f8a4e5ecd
Album885312,spotify,ab67616d0000b2731807ed8483fae31b075f8ac4
Album3887,spotify,ab67616d0000b2738ac778cc7d88779f74d33311
Album4614614,spotify,ab67616d0000b273e66ee8d3ca683e5d292feba0
Album13759490,spotify,ab67616d0000b273e17d4838fffffb420f3103df
Album887432,spotify,ab67616d0000b27366905c088b1c8896399a9875
Album96641,spotify,ab67616d0000b273d9ab06698a2ad275c17be689
Album5665810,spotify,ab67616d0000b27347011ac2783426edbb56cde8
Album21064,spotify,ab67616d0000b273cc7739a88ea3aa86674f1bde
Album4624753,spotify,ab67616d0000b27349b8a685b60d3a0fb13de72f
Album39671,spotify,ab67616d0000b273cb9acaaa6d040cb23f73a5df
Album101254,spotify,ab67616d0000b273bb31dd0815b89ba8a7e6a527
Album17037,spotify,ab67616d0000b273d176196d3c646ae8344d9374
Album761105,spotify,ab67616d0000b273432d1a163a02f154f8a46929
Album17154645,spotify,ab67616d0000b273ab46ee68efee76f889532693
Album17855,spotify,ab67616d0000b2733716918883a5784dbe50d389
Album94167,spotify,ab67616d0000b273249df00f46bad20203cc7d9a
Album533483,spotify,ab67616d0000b273e6bfa2aba0c8708a78b1959e
Album248256,spotify,ab67616d0000b27378273ae5ea2724723ffec88f
Album136327,spotify,ab67616d0000b2735e7f1934aa7d41003bf0d8bb
Album8180412,spotify,ab67616d0000b273fb5a35321c1ac1ed682033c2
Album10075369,spotify,ab67616d0000b273f337a21d945f44e802a1eb1d
Album16189179,spotify,ab67616d0000b2732879b25c4435395b0fac1c30
Album199595,spotify,ab67616d0000b27386f9b92e72244f3c51482cba
Album14976053,spotify,ab67616d0000b2738cfb04da5aa53d95c59a5371
Album86579,spotify,ab67616d0000b2736c778adf324fde58375d9d93
Album1510904,spotify,ab67616d0000b2730e515198aa2ada2ea7bf2de0
Album469587,youtube,7n94mSsLIDA
Album129258,spotify,ab67616d0000b273157c11a08cc2227a5bd9333a
Album33878,apple,Music7/v4/91/c4/ce/91c4ce75-6f1e-1dc5-7042-f18f837eadc7/5019675113422.jpg
Album68274,spotify,ab67616d0000b2731c7e99c405812c9e3a93646f
Album1631289,spotify,ab67616d0000b273a30b456c2e1e9614af2a5e5e
Album11703322,spotify,ab67616d0000b273e63b9a388aedad341663bdaa
Album79197,apple,Music71/v4/7d/6c/5f/7d6c5fbc-2163-147e-d056-79cb5b252bee/045775040721.jpg
Album21596,spotify,ab67616d0000b273ef43c1565a66e3628fa330e5
Album99387,spotify,ab67616d0000b27383ac30d0c0e92cf57359f918
Album114144,spotify,ab67616d0000b27340d9fb4b11dd86fefd4a68f2
Album8917472,spotify,ab67616d0000b273cf611bb299758dc7fa6b6466
Album215664,youtube,EUIbnQEnWTE
Album156561,spotify,ab67616d0000b273c97538ffcc038af1fb5fa8e5
Album629288,spotify,ab67616d0000b27325a6889dcfcd8dd3bc4526f6
Album3959303,spotify,ab67616d0000b2735e2fcdb6de04d38784c057a0
Album15986985,spotify,ab67616d0000b2733a8ae342c61146e32c285d6d
Album537333,spotify,ab67616d0000b2736e3391ee70af4fcaae1de602
Album465237,spotify,ab67616d0000b27305a13b17cdb377c7338b0824
Album141628,spotify,ab67616d0000b2733ab6f0c1843f1f8f4514b332
Album208917,apple,Music128/v4/53/c3/3b/53c33b40-eeee-ff78-6a3a-8cf29212a0ea/00042284896726.rgb.jpg
Album4531941,apple,Features/v4/33/72/01/3372012c-b6b7-005d-0468-f51fc58e06ad/dj.gounivzs.jpg
Album86120,spotify,ab67616d0000b2736479e76f247bfe891c7c702d
Album203703,spotify,ab67616d0000b2738f5bf645fee3d99edebc3f61
Album1820196,spotify,ab67616d0000b2735e313c58e1e1679522476643
Album2007,spotify,ab67616d0000b2736741ca6e9ba6fdc166037321
Album9675839,spotify,ab67616d0000b2733b6c966d50f6df16c7503bfd
Album16153759,spotify,ab67616d0000b27303162b28505d34c9572db1f3
Album2068261,spotify,ab67616d0000b2738cf45394acc5f318041516fc
Album79341,spotify,ab67616d0000b273ebc4a0ab6ba7df9219bf7203
Album939489,spotify,ab67616d0000b2730c801ba2a90b4118c91fbd49
Album7284832,spotify,ab67616d0000b2731070095e88dce90a090171b5
Album170801,spotify,ab67616d0000b2735779a43af09192de496b1b66
Album15405405,spotify,ab67616d0000b27304db129839fa1be902a87b5c
Album22223,spotify,ab67616d0000b2738447d1602dfe49ca1e827266
Album16107,spotify,ab67616d0000b2731e2ee96dabde9c7e6faf5db6
Album1836691,spotify,ab67616d0000b273833104647f596f77a3a6aa5f
Album11776,spotify,ab67616d0000b27310eb3896c5e2cbfbefcbd427
Album2790,spotify,ab67616d0000b273654a593cae392f6ef9271c27
Album3814973,spotify,ab67616d0000b27302e08814874c6aefe5de5eb6
Album1106113,spotify,ab67616d0000b273e196d3d5da7e01df7efac657
Album9456637,spotify,ab67616d0000b273bd8b492bca09f4b55e4c6f76
Album302,spotify,ab67616d0000b2736035c1dbd0f7490966a0c623
Album13432,spotify,ab67616d0000b273baa45e5f00ea454840d109bf
Album76473,spotify,ab67616d0000b2734584e7bd9126592200f92483
Album11769,spotify,ab67616d0000b2739a82f644ad01448ee71febee
Album28346,spotify,ab67616d0000b273b998febae33992b01da631d5
Album179722,spotify,ab67616d0000b2731909c97e8f0ce7351b800c8b
Album27023,spotify,ab67616d0000b2731587905b6b1408ce753a1a0f
Album179535,spotify,ab67616d0000b273e0cda10a4c8669e23198e020
Album561693,spotify,ab67616d0000b273e1dd173750629b34ea902a9a
Album171725,spotify,ab67616d0000b2738e4c5d8b0a7881a4a3b10f09
Album3131,spotify,ab67616d0000b273dcadcddf862bfbb93e5f4c31
Album80286,spotify,ab67616d0000b2737baa277ca3a4962435bb6547
Album13444117,spotify,ab67616d0000b273a75104719bfe4d99b3675457
Album15882229,spotify,ab67616d0000b273fa43014df5bddd2c61c2c3b0
Album33897,spotify,ab67616d0000b2730e3d6ec063a9cc498e41ed54
Album12220506,spotify,ab67616d0000b2732dc9cc408f69a857b92e3196
Album7817885,spotify,ab67616d0000b273f78c98bbf2b3c9e2a764203e
Album4139175,spotify,ab67616d0000b2739f613468da45d75bac9cb546
Album130341,spotify,ab67616d0000b27366431fe187080ba71e9a0e55
Album23454,spotify,ab67616d0000b27391e1afba484d1b6c99553de6
Album7389,spotify,ab67616d0000b273d0a9155919bee566b5db0598
Album3644,spotify,ab67616d0000b273a965dbd93d0dbae8e92c94ba
Album21484,spotify,ab67616d0000b273eec9d046b477208edea904b8
Album28734,spotify,ab67616d0000b273b579e904572270a6af002ee9
Album28298,spotify,ab67616d0000b27327193937220aca1d8f882824
Album244560,spotify,ab67616d0000b2734d216803a2d7af9af21cb3ca
Album5744,spotify,ab67616d0000b273f7d7e4d32650ff12f627abe9
Album8229610,spotify,ab67616d0000b27339b3e7293671afdf19e7aa5d
Album328624,spotify,ab67616d0000b273a7a58b9c5b174ba27bba71db
Album15417428,spotify,ab67616d0000b273fd0215d6a8f6abe920d78511
Album21746,spotify,ab67616d0000b2735bbbabf6411661d76b4c4b3f
Album25806,spotify,ab67616d0000b273f96fd651fff8cdb1b593de9f
Album128920,spotify,ab67616d0000b2736929a3dad42cab0e4ab2f9d3
Album14798814,spotify,ab67616d0000b273a49b3e2274555d468855442a
Album4005325,spotify,ab67616d0000b27348cb2e46def0791ba2b85452
Album7707715,spotify,ab67616d0000b2732f3ccfebae9d0a0f1e409a2b
Album485661,spotify,ab67616d0000b2736c26722b3af8e60ec2ae09c1
Album21747,apple,Music112/v4/05/43/99/05439900-b5ab-3ba7-bbb7-076d5c73eca2/4015306162143_cover.jpg
Album12785,spotify,ab67616d0000b273b01fe34f305fb962a0378b50
Album398985,bandcamp,0943144219
Album363672,spotify,ab67616d0000b27391dea3c242efb98e8a253545
Album7757347,spotify,ab67616d0000b2731025456b42114ee893be1d30
Album784197,youtube,YIlShUI3GxY
Album6644905,spotify,ab67616d0000b273f587be4ffc9b4986fa6d3656
Album538,spotify,ab67616d0000b273707d13d3f87652e737e94d45
Album9923936,spotify,ab67616d0000b273ef177fbe4b4fe7c99ea5bb8e
Album3693,spotify,ab67616d0000b27383e54f9f9f398231473d446d
Album4119364,spotify,ab67616d0000b273c7de249d7a5b4a7a193b48ae
Album855,spotify,ab67616d0000b2738881f0a9e80273b217a9136e
Album14916043,spotify,ab67616d0000b2735c55f6850bebf0a64b373b3c
Album6936853,bandcamp,0438969091
Album140871,spotify,ab67616d0000b273b01e338beddc829055eecc2e
Album27579,spotify,ab67616d0000b273797d97827ae7ef9f23284681
Album213937,spotify,ab67616d0000b273eb451fd999768edf4dab1787
Album196078,spotify,ab67616d0000b273e229618facb2b369a7ce3f15
Album11336514,spotify,ab67616d0000b273fc358e1ef4983a462e882399
Album408411,spotify,598b08e57a68ffca8838bc1f2aa87e30eaf8aa90
Album11174937,spotify,ab67616d0000b27343f44b90dd0a223b06aba994
Album13986,youtube,OGQBdEAo9RM
Album87880,spotify,ab67616d0000b27342a8812fbdc6d26ad6e04b7c
Album33650,spotify,ab67616d0000b273c06ee591ea742b9a8879366d
Album5802790,spotify,ab67616d0000b273d1e4de30bc87cae6da5573ad
Album28360,spotify,ab67616d0000b27399e61598a6199d86aa0b8eac
Album13236219,spotify,ab67616d0000b2735031e3f64a3671960333ae89
Album33315,spotify,ab67616d0000b273a082ee8676ec5ac1580450e4
Album4374695,apple,Music/v4/d1/1a/29/d11a296b-1f7d-bc90-386c-e75a396cfb89/887845600028.jpg
Album52570,spotify,ab67616d0000b27343f99acfdf24ecdf947a785e
Album10819,spotify,ab67616d0000b273c8d7445dbee75973efa970e8
Album929,spotify,ab67616d0000b27311658b970e0518be491871df
Album6208,spotify,ab67616d0000b2734d048c17fea8ef26530306ec
Album4492,spotify,ab67616d0000b2730d71a5fef5af330df458bcb4
Album4872,spotify,ab67616d0000b273f9cbf0cd40391d985b2af57b
Album17247,spotify,ab67616d0000b273e603c672d932458dd256fb27
Album21228,spotify,ab67616d0000b273ae98fd7b83d8dfa997cbaa5a
Album507778,spotify,ab67616d0000b2733a2f29a45dfefc3d1552d335
Album12154,spotify,ab67616d0000b2735abe19b841d377cbfdbb2b3d
Album136650,spotify,ab67616d0000b273a746ec5cd76bbecae6d6487f
Album3679,spotify,ab67616d0000b27300c0f2253d131b2095bbe030
Album10013,spotify,ab67616d0000b2731744738bf03c391836684952
Album510749,spotify,ab67616d0000b273009f66b3e9fa351b24f466f2
Album2072,spotify,ab67616d0000b273cb70d71032c34e6bd697197c
Album2440516,spotify,ab67616d0000b273c25895a2d8c05485f6820f8d
Album4323139,spotify,ab67616d0000b27391be123d939cf0532d82e865
Album30668,spotify,ab67616d0000b2730e236bc1b1c51e0bbda3dfd1
Album1030945,spotify,ab67616d0000b273c8da606eaf7e0b5dd6b93db2
Album4049896,spotify,ab67616d0000b2735d0b195ea79d5a2f2904b9a9
Album1191609,spotify,ab67616d0000b273082fb191d07d4a2386068a6d
Album14905002,spotify,ab67616d0000b273a20ec759cb273cbd476cebfc
Album447080,spotify,ab67616d0000b2738b00409e3baed8c7d8380ac1
Album15980088,spotify,ab67616d0000b27394d783d7c1d720b7c3bb2fe3
Album907582,spotify,ab67616d0000b2739783720ec1d427aa48b89efb
Album115636,spotify,ab67616d0000b2739566d96218948d7821daca81
Album331772,spotify,ab67616d0000b27397bf5133b7b7d93bc03b6654
Album300704,spotify,ab67616d0000b273088961974d2404ecc4b41835
Album617877,spotify,ab67616d0000b2731ac33085db9be29748147f62
Album73252,spotify,ab67616d0000b273e7cd921ea4cb687285819dca
Album759617,bandcamp,0335020343
Album10414917,spotify,ab67616d0000b2732ff3b77815a9eba79f304809
Album17404,spotify,ab67616d0000b27305e74c8a5be0525b0580dfa2
Album2608411,spotify,ab67616d0000b273dc237b0cb2f1669dddeb3cd7
Album40359,spotify,ab67616d0000b273b2ab737f6a57a42a04cb5e19
Album2171861,spotify,ab67616d0000b273f760852cffdc06f4a5aa2c4b
Album14117712,youtube,6AusQa0ZSlA
Album862967,spotify,ab67616d0000b273f46910edd7e3bfdf3f732b09
Album10520044,spotify,ab67616d0000b27387ba014d34548f5a773eaec5
Album21779,spotify,ab67616d0000b273a347a44128642fbdd73ef9a2
Album2051185,spotify,ab67616d0000b273c9aa10c5219b634c5114d72f
Album413684,spotify,ab67616d0000b273582df941a5d474ea142e6829
Album51610,spotify,ab67616d0000b273aef5fa9e3e4b073b4fc4df58
Album23913,spotify,ab67616d0000b2735699b266b27a6da5ac81b6de
Album7491900,spotify,ab67616d0000b273b8f0101e1dbcbb4d78b325a8
Album25843,spotify,ab67616d0000b27328043a7c4008145122b8a727
Album1725491,spotify,ab67616d0000b273f6962e205420a11ffc5ef076
Album9886413,spotify,ab67616d0000b27337823457236aaccfaf2aa404
Album16587714,spotify,ab67616d0000b27391e859b7615c8c02e27d5472
Album38216,spotify,ab67616d0000b273caa036826c7bcf3b2509586a
Album6564824,spotify,ab67616d0000b2732c63cd4f6d40c6e607422d21
Album14888135,spotify,ab67616d0000b273257795cc0b95d7443bac51fd
Album12747,spotify,ab67616d0000b2734e8bd9e9614608f73949fa51
Album216912,spotify,ab67616d0000b273f760b6df6919ee0f006c92f1
Album5139003,youtube,XrTZV1oyUMM
Album2619943,spotify,ab67616d0000b273f7b190104fe431e938bba018
Album16025131,spotify,ab67616d0000b2738db822f1f42a2649c5e965cf
Album22333,spotify,ab67616d0000b2736dbaebc6e1e7eb0c792a0ef1
Album258193,spotify,ab67616d0000b27376f15a7516ad7578553d6b3e
Album9323570,spotify,ab67616d0000b2733e7f1db503da2a8e23127e3c
Album3678944,spotify,ab67616d0000b273c736ee36bf405d77b2281d1b
Album971523,spotify,ab67616d0000b273bbae2fa810f47e059f034a55
Album136332,spotify,ab67616d0000b273290bca210786939873b67d5b
Album42690,spotify,ab67616d0000b27341e6a023529ec15ce1d5c35b
Album3374868,spotify,ab67616d0000b273d450901df00fdeb18d8c45f5
Album1642678,spotify,ab67616d0000b2739ba602aff62251f3bb55bb60
Album195961,spotify,ab67616d0000b273f2aee955ec9b398f4f1af2d1
Album12376716,spotify,ab67616d0000b2733eeaad8a9bc30d54fe32b10f
Album2696882,spotify,ab67616d0000b2738986b44ea9b13f12188562a7
Album12334584,youtube,eve71DbyQ8U
Album89474,spotify,ab67616d0000b2734761fc7af34ab3b052ac0340
Album24866,spotify,ab67616d0000b273382362ef6644636e06f712f7
Album582722,spotify,ab67616d0000b27369b18c0f3626b5ea2506d8a2
Album538222,spotify,ab67616d0000b2731d34208fa767dc3bcab2d241
Album7698803,spotify,ab67616d0000b2738276f368bf0101317a932872
Album4826373,spotify,ab67616d0000b273d39843a4927d1dd474978d23
Album2048,spotify,ab67616d0000b273ef7a0e5fe792c4310fdeed3f
Album14804741,spotify,ab67616d0000b2737a6cfcfa8716300a6db4562b
Album2912856,spotify,ab67616d0000b2733329f352c80d3bbfdaeb2ea5
Album15818,spotify,ab67616d0000b273cb91aaedac421105b98f5d08
Album20785,spotify,ab67616d0000b2735d965dd27a2dbac07e0f8527
Album1866924,spotify,ab67616d0000b2738184dc6dceeae9c042246281
Album400071,spotify,ab67616d0000b2734b1993c9fd593519581684b6
Album4929,spotify,ab67616d0000b273f95c8e87258659244f236d69
Album13833721,spotify,ab67616d0000b2732c5227ab555e74ba740d150e
Album4338,spotify,ab67616d0000b273a3b7f05ac14dfa44c0696a95
Album12465,spotify,ab67616d0000b27332a3afd1ad66f9fbedcb0ae9
Album22888,spotify,ab67616d0000b273f2af4b33b57e4c41e7101f11
Album3913,spotify,ab67616d0000b27378bf8a73e6c8c38582bdd6c9
Album181681,spotify,ab67616d0000b273163a93780dfc3dc608ddd925
Album10878148,youtube,FUgVX5Olxmk
Album118765,spotify,ab67616d0000b273753f02cc8bdc4686708608e2
Album15784099,spotify,ab67616d0000b273ee7f4d00766de98c6a44fb86
Album3280799,spotify,ab67616d0000b2739d1b4000e74aecd9259835d8
Album2940053,spotify,ab67616d0000b27324c18b618915453dc93c5a8e
Album8137937,spotify,ab67616d0000b273c35dd53ecfbf6f8ab9aa16c0
Album168175,spotify,ab67616d0000b2733cfe2eb366b040cc555b2a5d
Album69504,spotify,ab67616d0000b273bef9f2b12575022ce350d258
Album16292,spotify,ab67616d0000b273a1b8150b95dc45a9bf567c0d
Album26102,spotify,ab67616d0000b273df054f8e58c50871a0f780da
Album109362,spotify,ab67616d0000b2737f61622b0c1c08511807c01d
Album553644,spotify,ab67616d0000b2737a9d6dd0713cf65f8cc02cba
Album395888,spotify,ab67616d0000b27369a5693133dcf9c586703cf6
Album118793,spotify,ab67616d0000b2733bce6c9e91d3e7f9989632a4
Album145049,spotify,ab67616d0000b27366b15e5b4d6b0bb4c0f2718c
Album5105761,spotify,ab67616d0000b273facec5fe1657447c53d50a5f
Album117717,youtube,8V4qCXlB1XY
Album34138,spotify,ab67616d0000b273762befbe809933c48f7ddaf0
Album739675,spotify,ab67616d0000b273cabf124b9e178e1a47af5a4d
Album1156745,bandcamp,0239655478
Album117577,spotify,ab67616d0000b2732bbf33c7a273acf71377eb24
Album64716,spotify,ab67616d0000b27378d237f1adee1b1cf343bc1f
Album626398,spotify,ab67616d0000b2735c68cd4586d30eeeeca3a936
Album40135,spotify,ab67616d0000b27309ff83b54cf4b4b4c221318f
Album1050773,spotify,ab67616d0000b273abdf7749aeb5229dbf305f03
Album16293432,spotify,ab67616d0000b273876f720551132b50c9232fad
Album22281,spotify,ab67616d0000b273ebe82ae3be7b2b299f8c5742
Album15878,spotify,ab67616d0000b273ce182066116ba4cd8b0a9cfc
Album1483377,spotify,ab67616d0000b2731bca75fd03b06045e0af745c
Album16551207,spotify,ab67616d0000b2734203085c9d26b660c1b71c1e
Album4649145,spotify,ab67616d0000b2736f7d8c9dcc983839bd746dbc
Album40111,spotify,ab67616d0000b273e7e3630a842307636ef15ef8
Album1475176,spotify,ab67616d0000b2737b718a8c12823df7b5323c96
Album81072,spotify,ab67616d0000b27352a6b87e88bd7696d4971821
Album8833667,bandcamp,3981986705
Album314588,spotify,ab67616d0000b2734f42538c44601bd0d561d838
Album10562251,spotify,ab67616d0000b27358d1de24fa8a2b26a4065303
Album2523518,spotify,ab67616d0000b27374398770c57c5269b804c1fc
Album2974333,spotify,ab67616d0000b2739c4736b1e25192bb6263bed1
Album49927,spotify,ab67616d0000b2730b0ae8ebbe12acdd99511532
Album346653,spotify,ab67616d0000b273c8946898a8581cee86eaf31d
Album2346947,bandcamp,3768091816
Album2469615,spotify,ab67616d0000b27356e4fb13a80b04a84a82d2af
Album2819392,spotify,ab67616d0000b2732426cde22fb6ef8eb4156aa3
Album76508,spotify,ab67616d0000b273cf5a992528b8de98dbc8bc8f
Album190524,spotify,ab67616d0000b273abcff8e4a126d47ea6fc099d
Album166393,youtube,D9_UG1eBeDk
Album95337,spotify,ab67616d0000b2733bb0096793594508b5007f56
Album8394722,spotify,ab67616d0000b273235f4ea6b15ca66ff23d18e0
Album3988852,spotify,ab67616d0000b273bcd0bdbc3d494bf51e6e110b
Album143228,spotify,ab67616d0000b2739c38136e54606145fac8cd41
Album89582,spotify,ab67616d0000b2732296289fb7ad35d731710614
Album4578166,spotify,ab67616d0000b273238bd8cfad60f5551a80f3a2
Album187867,spotify,ab67616d0000b273a1d3a6d2bf0b6050b3c1d36e
Album388204,youtube,SNnEpg6KA8g
Album394924,spotify,ab67616d0000b2734ad72af8ecc4106c3f8d3935
Album196090,spotify,ab67616d0000b27318caf42637b6a2dd5fb0e839
Album2530131,spotify,ab67616d0000b273659afbf50ef3d425e00faaca
Album685417,spotify,ab67616d0000b27371ef74dbcf8a375de97927aa
Album143991,spotify,ab67616d0000b2737972812bf1f05defe6626903
Album54692,spotify,ab67616d0000b27364f7fcd70b73b778f441b547
Album16404,spotify,ab67616d0000b2733c6c71b2843868cee8b7c467
Album471366,spotify,ab67616d0000b2731c995250aff53c6144adc02a
Album9370,spotify,ab67616d0000b273fb9dac3244b8486758058a81
Album1275512,spotify,ab67616d0000b27396c7c1e2886021e166ffeb61
Album2893933,spotify,ab67616d0000b273590bb21f6801df9fc82ebff0
Album3234953,bandcamp,2359873703
Album1603,spotify,ab67616d0000b2733e58e72de9d125c263eb55a3
Album10392,spotify,a5ae73818e20b276de07d4f7e6b71092ae762003
Album27624,spotify,ab67616d0000b2739cc18a9da69de16548b730dd
Album168726,spotify,ab67616d0000b273d621097550759f02cc7375fc
Album8288,spotify,ab67616d0000b27301f0e1745ae0418e60dc095a
Album94153,spotify,ab67616d0000b2739238032c1bb7559f2d2d7a96
Album292228,spotify,ab67616d0000b27375d8d4325b5311de6f56614a
Album2728044,spotify,ab67616d0000b27377bf5238d79e6442a24552a5
Album17744,deezer,9444967633732c67f59aab19e1d0c228
Album9878674,spotify,ab67616d0000b27344d6bd9fd8c4e05c3a76941a
Album10098363,spotify,ab67616d0000b2735261553e66dea22ac356f50b
Album19683,spotify,ab67616d0000b273a2dc20b9db29aabdbe6a402e
Album254899,spotify,ab67616d0000b2737e09bfe5e78c7fb5cb3d9b68
Album7826,spotify,ab67616d0000b2730c3c6959f512d3733d5728ad
Album107566,youtube,zuJMIxjvJWc
Album127673,spotify,ab67616d0000b273a7d885120e1db5efda365373
Album17486,spotify,ab67616d0000b273d222219af8dfe89746ddb972
Album26280,spotify,ab67616d0000b273a62adb639746a94927749876
Album70589,spotify,ab67616d0000b273efeda7cc7918a39079a0c2f2
Album10858,spotify,ab67616d0000b273bea5c345ec616678c372ac2f
Album6817,spotify,ab67616d0000b2739cf9c73c1277ff94d4608a32
Album308997,spotify,ab67616d0000b273f1878a8ebcf889e484a242cf
Album424934,spotify,ab67616d0000b2737aa6d095d593a0b616ba4b70
Album690952,spotify,ab67616d0000b273a09722e09fe98297bed3f533
Album49360,spotify,ab67616d0000b273f6d52552f87acfcb8827c266
Album29497,spotify,ab67616d0000b273287efbd9a483241c6ea4c591
Album101839,spotify,ab67616d0000b273899d51fab4e141ca9cbbc5c7
Album15167000,spotify,ab67616d0000b273308f9319a3d6f6737f43b3fc
Album27230,spotify,ab67616d0000b273150dfbf7c115389d29ad7d91
Album3196584,spotify,ab67616d0000b27342ab9f14273bcd168cab2338
Album508825,spotify,ab67616d0000b2730c14a66e27297138c08f7695
Album1948399,bandcamp,0525939600
Album148485,spotify,ab67616d0000b273bec1bcbeb7fc46e80c65a038
Album17117123,spotify,ab67616d0000b273633eec77538dc204a829a0c1
Album3527998,spotify,ab67616d0000b273ae78f7954c58f2a32d4f364c
Album121167,spotify,ab67616d0000b27375ddd5b83b2673102d733dc9
Album1436919,spotify,ab67616d0000b273a7c7a8cb9ede24724c688226
Album7572554,bandcamp,0404595684
Album21488,spotify,ab67616d0000b2732006bbd0dec699973cd56a0a
Album4065,spotify,ab67616d0000b2730b4c3ca42d2bced3dbe04cbb
Album140664,spotify,ab67616d0000b273e17a1d576bedc6352cd89c53
Album67527,spotify,ab67616d0000b27302dfa9086c057b0517933ff1
Album122598,spotify,ab67616d0000b27370e7a1b9f3b1cc0fbea2d281
Album152731,spotify,ab67616d0000b273848d3b49860ac3429bc392d4
Album79171,spotify,ab67616d0000b273436a672693b5077b856942a0
Album11021356,spotify,ab67616d0000b27392839a0b3fb03f0a974fe2fd
Album4325040,spotify,ab67616d0000b27333cc01c89c59f1417f0628c2
Album118280,bandcamp,2089603747
Album154520,spotify,ab67616d0000b2734bd5e4658c1482bdbd6af93d
Album5912785,spotify,ab67616d0000b273cb2c872e769935dbd4a17bc7
Album2620,spotify,ab67616d0000b27353cf0439cbbc8e7e4447466f
Album71455,spotify,ab67616d0000b273d6795d59a6a31bfae0e56669
Album157971,spotify,ab67616d0000b273442b4cf01d16090a3a2bdf0b
Album2873921,spotify,ab67616d0000b273ad0677f76f220c118226fd46
Album96615,spotify,ab67616d0000b273bb8e0fba848d20f8dd545ace
Album191106,spotify,ab67616d0000b2737a412152c88f767448905f1f
Album11412,spotify,ab67616d0000b273e93478ca2df08127b033fdaf
Album15947914,spotify,ab67616d0000b2736cd01da7b5a37c7daca00c12
Album41272,spotify,ab67616d0000b2736270e4915798db7ddc520b24
Album230650,spotify,ab67616d0000b273597567d86105cc15a4bd6917
Album27590,spotify,ab67616d0000b27392a8979e54cf7ff02947a1c7
Album10724,spotify,ab67616d0000b273a5237915b6f4ce3e284b73f5
Album100864,spotify,ab67616d0000b2734fcc4407680834d200004248
Album1700065,spotify,ab67616d0000b273c4cb0e056591f0896bea8d78
Album2937851,spotify,ab67616d0000b273be7b6af5bdff121c10952b52
Album5631474,spotify,ab67616d0000b2733759235f0bba18d3051dca54
Album524403,spotify,ab67616d0000b27384890ef93e0deeee9eec8368
Album16648129,spotify,ab67616d0000b27336e8d176ffe4405aa0aaf1d4
Album2869316,youtube,BtbPJg4qQ20
Album961648,spotify,ab67616d0000b2735d54d14bff5fc9e833cefc1b
Album15680757,apple,Music221/v4/a8/0a/cc/a80acc29-24c3-d317-9564-c62b430060eb/045775051727.png
Album14864079,spotify,ab67616d0000b273fa7cbad2135650e8f5059668
Album9993,spotify,ab67616d0000b2735b8c3c95fc82a1643ada6766
Album2810,spotify,ab67616d0000b27390ec3eeb143831a7a8f0885a
Album40546,spotify,ab67616d0000b273994c319841a923465d62e271
Album111528,spotify,ab67616d0000b273554f08965d0f63ebf98d7ad5
Album5546,spotify,ab67616d0000b27362568953d4c4141c140df9ba
Album504230,spotify,44fe1d780cf098d333af2988148f3e47ecab8b7e
Album500,spotify,ab67616d0000b2732b593aa58ba50b5a88278eec
Album44054,spotify,ab67616d0000b273742299bece5ff3765bf59aab
Album35527,spotify,ab67616d0000b27399b2df4c1fdbcdc208ae80bf
Album4109363,spotify,ab67616d0000b27317030fbbf89da2ad1397380a
Album16601426,spotify,ab67616d0000b2733aa438107a591b6ba294d47b
Album13820,spotify,ab67616d0000b273b82520e2f43cacacd2a72234
Album27508,spotify,ab67616d0000b273a21964265af10dc28fd5123c
Album2176,spotify,ab67616d0000b27325fbfe01ca17e9984362f805
Album70922,spotify,ab67616d0000b273ad0f52857cdd37f84ecbf3db
Album184525,spotify,ab67616d0000b27309402980d9be5eaf2c497c9a
Album496473,spotify,ab67616d0000b2736785dfc7954efcd9a6769b74
Album107132,spotify,ab67616d0000b273933753506eba42721b5ebdd5
Album1957718,spotify,ab67616d0000b27379fa6925c5f5104738e24894
Album46852,spotify,ab67616d0000b2733b2296c26a99d1a25cc4c011
Album14022636,spotify,ab67616d0000b273448de85dca9b3473993c1ef2
Album826793,youtube,p6Kzv3kqEIE
Album63769,spotify,ab67616d0000b2732b5844f4ad63d72f92c40fe5
Album163057,spotify,ab67616d0000b2738731462fb0064f831dd4e6aa
Album896,spotify,ab67616d0000b27344b45662755a96df78978fbd
Album43232,spotify,ab67616d0000b2735071b2999bfac735febd75ca
Album48915,spotify,ab67616d0000b273c12d239c0c28e090a2bd0109
Album15331203,spotify,ab67616d0000b2730dd46e3e1599357f30d54e81
Album119947,spotify,ab67616d0000b273f66d92378b233aa8253e71d2
Album23047,spotify,ab67616d0000b2733259c85986abfa1b17c7f41a
Album13746,spotify,ab67616d0000b2739d26ba58cc6d68e542df1401
Album11163,spotify,ab67616d0000b2738fba67cb3005ec328f6cd81f
Album1843468,spotify,ab67616d0000b273b9f6afda6ed8c51f917568ec
Album13920009,spotify,ab67616d0000b273f83d93516cac7e99f21d46aa
Album13958,spotify,ab67616d0000b27378524f4f6e9243bfab28a75f
Album15004992,spotify,ab67616d0000b273b68d3decf164ecdcc357efa1
Album34434,spotify,ab67616d0000b273aeca2e0f027b68504f77619c
Album4624,spotify,ab67616d0000b273ca688d97fd9e73fd74a39b4c
Album553743,spotify,ab67616d0000b273ccf917e46f568c6086360a07
Album9097015,spotify,ab67616d0000b27322fcfdc99b8aa0dbe167989d
Album15381136,spotify,ab67616d0000b273f8e66c9a49e277b400c20484
Album22076,spotify,ab67616d0000b273ce0e858438beba51d275a791
Album13834,apple,Music114/v4/64/5c/82/645c82d6-2421-163f-578c-17916f3ce72c/s05.vgfzblve.tif
Album836126,spotify,ab67616d0000b2737544fd637d72746c6265fe25
Album6193160,youtube,fVum31BtOvU
Album555341,spotify,ab67616d0000b27313a6822ec9f4d3f264d04f76
Album669557,youtube,VXgRHNWWAQo
Album89422,spotify,ab67616d0000b273a3f9bffd56c7d18d8c4054f6
Album43583,spotify,ab67616d0000b2734dac9a710ab6f41aa0ccadcf
Album159256,spotify,ab67616d0000b27355610719c625cdca1e91a575
Album107563,spotify,ab67616d0000b273fe346a926a4fc3b315f8ccfd
Album25769,spotify,ab67616d0000b273610ecb453b4592c59e9a8b5a
Album135358,spotify,ab67616d0000b273b86f30880f7a00d9f6c87d9a
Album8224953,spotify,ab67616d0000b273f9188f2ef472584851591023
Album238130,spotify,ab67616d0000b27390d4490db2a8bd874a85f9e3
Album70438,spotify,ab67616d0000b27300eaeb8da4b1b34e16c11cf7
Album2729404,bandcamp,1207959195
Album118995,spotify,ab67616d0000b273636912e72e1c298d111aff45
Album147000,spotify,ab67616d0000b273ff873fec52cb595904aad8e1
Album45960,spotify,ab67616d0000b27394436435a36296e1381e1cd9
Album536065,spotify,ab67616d0000b2733a51942ed205f860ad4ca679
Album2027705,spotify,ab67616d0000b2735a47817d5dd36f5f023dcb44
Album860766,youtube,JA8lR8YzJOI
Album22167,spotify,ab67616d0000b27314b01732077ced86294ed8a6
Album108376,spotify,ab67616d0000b2734047bb28a678493cea8e28f1
Album15993,spotify,ab67616d0000b273765f8740b4cb86fc6cf39acf
Album272188,spotify,ab67616d0000b27318dc10b8dedf16ea261d7ed5
Album657835,bandcamp,0028418200
Album47257,deezer,aba2a5aac67ba8543b96f75098f6778a
Album558291,apple,Music/20/3f/82/mzi.hojbhjna.jpg
Album6185038,youtube,zLJW4lBlNAY
Album84856,spotify,ab67616d0000b273cc68329bfbf34037df965dc1
Album14390,spotify,ab67616d0000b27324b8f28b738efc0203c60167
Album315252,spotify,ab67616d0000b27344a790a38d1f118d15560da9
Album9294334,spotify,ab67616d0000b273c96a97e466f3428e8a3368a2
Album8595841,bandcamp,2011972061
Album10784,spotify,ab67616d0000b273dc69be41dd0df77bc9924425
Album3324278,spotify,ab67616d0000b273b6cb852f5cdb1443295484fe
Album7077,spotify,ab67616d0000b2733fefe39e610cf4ba58caeec7
Album15856743,spotify,ab67616d0000b273d7977cf968d07ae97f0feb6a
Album1436545,spotify,ab67616d0000b2730e2c4c20a710e21006f48a85
Album9022132,spotify,ab67616d0000b2737fa45fd6d8f4167374d823e4
Album2826749,spotify,ab67616d0000b2734c27df78b5d78cb71916a6ac
Album35320,spotify,ab67616d0000b273bbb77016999c98a54271af94
Album51817,spotify,ab67616d0000b273a175e8328da69042a036ce6c
Album11823,spotify,ab67616d0000b273bfafaeea7dbf015e96eb947b
Album12207,spotify,ab67616d0000b2739bea18944ca4f162d55c03f9
Album14810540,spotify,ab67616d0000b27340031277a6deea78b532347d
Album2750820,spotify,ab67616d0000b27353f472a6a6a32e8ea6f404c7
Album9305977,spotify,ab67616d0000b273196cc9b8153029d51556c4ca
Album16737340,spotify,ab67616d0000b27350cc8968ccee64b9eac9b8ad
Album11091,spotify,ab67616d0000b273472e8f8ad6225004a03b94bb
Album16741949,spotify,ab67616d0000b273a8a5e66aa3b6a805624acfeb
Album165469,spotify,ab67616d0000b2734144799774b2e857c1040d0c
Album3689097,spotify,ab67616d0000b273a9b9a9b870c117c9cfbb0f65
Album10788674,spotify,ab67616d0000b2739bb28d422cba51e57f8268ce
Album1276644,spotify,ab67616d0000b273b62a8d33f6551300265b7ef0
Album27087,spotify,ab67616d0000b273387890db5e9bbbc7e6399518
Album9739595,spotify,ab67616d0000b2733b624c13608b1433f11cca99
Album3645,spotify,ab67616d0000b2739811d0e48552da1e545fc38f
Album25740,spotify,ab67616d0000b2733f2f4f33fce732984cd0a12d
Album2276326,youtube,O6Httmhofro
Album151043,spotify,ab67616d0000b273681f253add0a6843e02abf09
Album27229,spotify,ab67616d0000b2731510496f94a8204be3c6453d
Album14368,spotify,ab67616d0000b2734b63b254b7ef332ceb15b009
Album10949416,spotify,ab67616d0000b273cac304194249e5443c4bd61d
Album6637,spotify,ab67616d0000b2732d2f2cb35a4daee2a2ee4ab8
Album227059,bandcamp,0924106840
Album86713,spotify,ab67616d0000b2732bb0edcaa67a7d185fde7547
Album544822,spotify,ab67616d0000b2733095ba2ed46bbc646e81a643
Album328501,spotify,ab67616d0000b2733d896c2fdd5bbc27cca2ad60
Album16148130,spotify,ab67616d0000b273248fb3d2c80bc11b136c21be
Album700477,youtube,eKGdzo0ZpOg
Album25840,youtube,OCneToTbxGc
Album144156,spotify,ab67616d0000b273d594c42d7291a04f7f413f7e
Album30208,spotify,ab67616d0000b27367a1b79aeaefb8fb15476b93
Album199505,spotify,ab67616d0000b273816439ffeb069e7ae43488bb
Album2533108,spotify,ab67616d0000b273929037a1a00bc460b1c219a0
Album21137,spotify,ab67616d0000b273edb5c506c2e5a66edaa6a3b9
Album172931,spotify,ab67616d0000b273e893e2b9c5cfc7ba5132a9f0
Album118968,spotify,ab67616d0000b273e2da2606643482db5bd16837
Album281947,spotify,ab67616d0000b273c84af429eeb73836f0ba3790
Album13971,spotify,ab67616d0000b2736e2608361550465e208ddd9e
Album122154,spotify,ab67616d0000b2734f07b22e2540bdd6b1438452
Album706279,spotify,ab67616d0000b2735c5a88d5a9441470bb5d5d26
Album562283,spotify,ab67616d0000b273fdbea48a00cca7677880cc9b
Album22504,spotify,ab67616d0000b273eddc52b46e53f0bb23bb7dfa
Album1263812,spotify,ab67616d0000b273c07998db13e2ba55daeb3a17
Album47123,spotify,ab67616d0000b27373f8515d024f1a43ea16910d
Album15703123,spotify,ab67616d0000b2737b4fc26669bfe137963ce07c
Album142284,spotify,ab67616d0000b27355b2eee13f2e50e58b9c7594
Album3699490,spotify,ab67616d0000b2732521c5f1a61d8d6fe3919525
Album16164728,spotify,ab67616d0000b27308da36b621d12bb2087cf56c
Album4008,spotify,ab67616d0000b273ffab1b7c7edbeded01672dc1
Album9324566,spotify,ab67616d0000b273886ef25208f45d485ece3181
Album3314,spotify,ab67616d0000b2734929abc7cd7fbce539e08670
Album17141835,spotify,ab67616d0000b27325a647ace83ba32770ab5d0f
Album10964,spotify,ab67616d0000b273db5f42a5cd45458926cab59d
Album219,spotify,ab67616d0000b273774ad77212e58b53679708d1
Album5922,spotify,ab67616d0000b273eec08fa744acae76b3be8a83
Album10516784,spotify,ab67616d0000b273c39d9c87c2017e87e0d83d71
Album25135,spotify,ab67616d0000b2730cc0ed23df195eacbc2a3ed1
Album28026,spotify,ab67616d0000b273263c29fea657bd3312b27cc2
Album3252931,spotify,ab67616d0000b273a7be07b5215fb2560b09c4ae
Album819638,spotify,ab67616d0000b273febedde5d67c523c114a6130
Album15423,spotify,ab67616d0000b273d1e93ffafdb3d6f69d5859f6
Album64285,spotify,ab67616d0000b2737a66bbd2293335c1e0bda4de
Album19001,spotify,ab67616d0000b273a29f6cbb5e627a573f5c2179
Album144788,spotify,ab67616d0000b2731ad91be3f04bd88c23a06f0b
Album32088,spotify,ab67616d0000b2737eeb5005acd2c6b3775aadaa
Album5183988,spotify,ab67616d0000b273af2a2e8094e8b68bedcc2113
Album1859,spotify,ab67616d0000b2732bd8b56ef06f841e236ee15a
Album1406,spotify,ab67616d0000b273e05fda245cedc587f5b911cf
Album256026,spotify,ab67616d0000b27332440e091ed22dc7e254fc7b
Album12924217,spotify,ab67616d0000b27308b07e3ad6ae062b3d2cbd45
Album3606590,apple,Music124/v4/a7/1f/d7/a71fd746-9127-8825-7626-289b0a364577/mzi.wnbxyyok.jpg
Album61413,spotify,ab67616d0000b27310b6110bc9ed4d71f01c6c8f
Album984048,spotify,ab67616d0000b2730880e97b3add06749d809d12
Album38326,spotify,ab67616d0000b273d491f41e91b73ce634436194
Album62459,spotify,ab67616d0000b273f8b54cf29b540304c3704dc4
Album2501375,bandcamp,0294951558
Album10815724,spotify,ab67616d0000b273181529a7dde84fb7d904e388
Album1745942,spotify,ab67616d0000b273b3904cd09805f8f93675ed30
Album2741738,spotify,ab67616d0000b2733ee1955f361ad2ccc0f4d5f4
Album2239956,spotify,ab67616d0000b27311241b261f1ee0bc01356ad6
Album461610,spotify,ab67616d0000b2732d3d7257ca55c8eb030e25ee
Album13526,spotify,ab67616d0000b273260fccb8a02fbb61b2fa7d62
Album354160,spotify,ab67616d0000b2739ee47e93fa6eb163d65c9d85
Album7919550,spotify,ab67616d0000b2739387dbc2b28a455d6995d1ff
Album4202327,spotify,ab67616d0000b273bf1e8c1488b3f04d5f8e3b25
Album7709225,spotify,ab67616d0000b273a3b886e9a6ae396fb568d746
Album39455,spotify,ab67616d0000b273a3c03f855c9f9eee0ac58fd1
Album44944,spotify,ab67616d0000b2732cfd85c28ae1b7bad826ce35
Album947336,spotify,ab67616d0000b27319840f7eb4df7da046b5fadd
Album1970,spotify,ab67616d0000b2731f290eaf09a674e32637f477
Album804,spotify,ab67616d0000b2734a322327a48af205ef33ce7c
Album15012772,spotify,ab67616d0000b273dcde12b1ed08d52f2200635b
Album69460,spotify,ab67616d0000b2733651c7e1f1694fb1b1be6b37
Album1386527,spotify,ab67616d0000b273875d21ed482d10d8fe074033
Album5654488,spotify,ab67616d0000b273c201f2419e571857323854b1
Album30167,spotify,ab67616d0000b273b17756e07aab35fbe922f1c6
Album606108,spotify,ab67616d0000b2731e33d428bfa98b7ff47ed067
Album15350044,bandcamp,2690444096
Album10032613,bandcamp,1556501631
Album946560,spotify,ab67616d0000b273bf1caa943b7a6cac992e88bb
Album8362613,spotify,ab67616d0000b27339ba90afe660946f0b17502f
Album190889,spotify,ab67616d0000b273ab094d9b3df368956f11cdfe
Album165865,spotify,ab67616d0000b27385ea7d91dc3fa356674c158f
Album230839,spotify,ab67616d0000b273bd346fe6a425f03e13c76320
Album428064,spotify,ab67616d0000b273dddfae066a1830013347186b
Album6504051,youtube,zE3KXgZtXwg
Album131654,spotify,ab67616d0000b273754edd92c65d8651f8953ba3
Album44476,spotify,ab67616d0000b2736472b5e953a58d0bd8ab56a2
Album879584,spotify,ab67616d0000b273b74efce592259a85dcf6bcc8
Album13038218,spotify,ab67616d0000b273690fc1c650ff8f02df80b7bd
Album15794284,spotify,ab67616d0000b2738dfaf075b8fc91673d6b3a7e
Album7543,spotify,ab67616d0000b273bf6cc78671fcd1f81aefc02b
Album2405,spotify,ab67616d0000b273fdc42bd269c4ea66f644b119
Album2326050,spotify,ab67616d0000b273bd37232e091cfbd937831787
Album22300,spotify,ab67616d0000b27393546aab33888c195c0315d8
Album6166698,spotify,ab67616d0000b2735351d390206142f69de18d1b
Album943238,spotify,ab67616d0000b273b19819836be834ecd3bbd764
Album16399944,spotify,ab67616d0000b27341099595d5b6824762277406
Album28728,spotify,ab67616d0000b273f5ea2a345f5a4fc5be0ff1bd
Album2697,spotify,ab67616d0000b273dc1312e858c56951095eabf6
Album921893,spotify,ab67616d0000b273edcc6ab4e4e7a324b4ed89b5
Album230379,spotify,ab67616d0000b273ee900699a36bf29c5ae1266d
Album2683,spotify,ab67616d0000b273be4840c1f07e72517accc4bd
Album82258,spotify,ab67616d0000b27335c13d2018a99e4d29d8016e
Album16948,spotify,ab67616d0000b27330b618a4042952838f467b15
Album159338,spotify,ab67616d0000b27316f2f88d46c320334011dc25
Album15532028,spotify,ab67616d0000b273b76a72b53649a2fc4d630383
Album278591,spotify,ab67616d0000b273bd61584352e5dd913b9830c3
Album36774,spotify,ab67616d0000b273726860f1d1e201e000aa3c7e
Album82436,spotify,ab67616d0000b273d7f948f785b1badfe6216914
Album97348,spotify,ab67616d0000b27379abdfdbe029582f32fe0b94
Album304955,spotify,ab67616d0000b273d0322535b7fa40d49feec4ff
Album123169,spotify,ab67616d0000b2736042b60ac677f4f62b6c1e3f
Album861756,bandcamp,3181535590
Album52101,spotify,ab67616d0000b27344a41dc237614964e9caa385
Album7796521,youtube,OU9sbOEEQeE
Album686421,spotify,ab67616d0000b273b71f4975add852176c378e89
Album9340411,spotify,ab67616d0000b273302dc5a99a34a62087e7aa99
Album626268,spotify,ab67616d0000b2735a4331005f88284d49b684d8
Album148524,youtube,2WGKrebtEE8
Album28,spotify,ab67616d0000b273cac5a75373b7b8fd879dea9f
Album606973,spotify,ab67616d0000b27329b628b86efa320cc0378618
Album222,spotify,ab67616d0000b2730e10551d02c4e125db79473d
Album8869273,spotify,ab67616d0000b273221c761db4ca82ea32e0d7ed
Album36669,spotify,ab67616d0000b273f12433f12ced8636414641b2
Album105498,spotify,ab67616d0000b27392ba80e2923049dadf3f65c2
Album341255,spotify,ab67616d0000b273b962dce83f66832a7e4bca66
Album6323,spotify,ab67616d0000b273c93d61ac153bace32bd81ff4
Album41979,spotify,ab67616d0000b2732828e206ee2b1f98a9642094
Album191078,spotify,ab67616d0000b2736c67d6a4bb31b72c881b1b1c
Album173035,spotify,ab67616d0000b2734febc01367fbd2d1ec9f1d60
Album16701133,spotify,ab67616d0000b273a9d6cbbf807e739ff5d39abd
Album49024,spotify,ab67616d0000b273491f4c5765354f68ed9eaeb5
Album104694,spotify,ab67616d0000b273eff045ac769d0101e47bf450
Album30219,spotify,ab67616d0000b27374229643eec5ac5fad036df4
Album14970,spotify,ab67616d0000b273c50b51e5aa42724f52a52ca1
Album16591210,spotify,ab67616d0000b273254277d5b560e7e11a6cf7fa
Album270289,spotify,ab67616d0000b27377d5f5c6ae73875e60437b49
Album325465,spotify,ab67616d0000b273dc55bf8e795c5d5dee5690b1
Album19160,spotify,ab67616d0000b273ebc7b7e8718d63ea68602550
Album71736,spotify,ab67616d0000b27358fd4693c60d7cdb4d03cd87
Album88882,spotify,ab67616d0000b273c0d006c5e7206a7e865b41dc
Album114237,spotify,ab67616d0000b2736bec925cd42a09e1d542c560
Album80427,spotify,ab67616d0000b273dd947cab39b94b76d502d1ca
Album15785909,spotify,ab67616d0000b2739af5a92d6837014ccc41d329
Album171387,spotify,ab67616d0000b273bb175141a06de725447c1ac2
Album41006,spotify,ab67616d0000b27333cb33dd6c3067a5808090aa
Album6175018,spotify,ab67616d0000b27351875e4a1925bb0fbded1d49
Album2981171,spotify,ab67616d0000b273595e53f0a3d2f1803bf5f9bc
Album384732,spotify,ab67616d0000b2735fd88419e574175c6d80a2f7
Album16131,spotify,ab67616d0000b273e7685f82e99ac8fb525ef18c
Album410331,spotify,ab67616d0000b273c09da6f929dfe4ade42c33f6
Album6584,spotify,ab67616d0000b273b068bc8047c241b565d80eb2
Album626409,spotify,ab67616d0000b273ccd064609fe2d780b5e08d17
Album15941993,spotify,ab67616d0000b273aaf8ea30ab67741ab92c7271
Album9197277,spotify,ab67616d0000b273a36c77d6ac2f035af76e13d2
Album6106,spotify,ab67616d0000b2730740f56b582fd27a0b1e1118
Album3250754,spotify,ab67616d0000b27302e7fcba19fb87096961870c
Album13995,spotify,ab67616d0000b273f4a9491c42db5c4acef701ff
Album15277,spotify,ab67616d0000b2736d7aad76fd12b19243874109
Album107361,spotify,ab67616d0000b273951058f7d4b82a8ff7563794
Album58190,spotify,ab67616d0000b273fcc0569e506325e214533389
Album246942,spotify,ab67616d0000b273256d314b7d25328ed938419c
Album5728005,spotify,ab67616d0000b2736dcd8c714d79484d794ae069
Album63258,spotify,ab67616d0000b2735de8b1e831848b4fd66db8ce
Album16597432,spotify,ab67616d0000b2738e683a6b585806aba60b3d85
Album22965,spotify,ab67616d0000b27377a19d6bc977023a42153430
Album198559,spotify,ab67616d0000b27350a8b929d44ff747f193dd6d
Album30151,spotify,ab67616d0000b2737ddc51dbd83180c25b1588b2
Album186774,youtube,NWeX55jrjUg
Album583843,spotify,ab67616d0000b273d52cb4005f017f56a6f6c28e
Album410388,youtube,O9V5zl6t7gw
Album15872668,spotify,ab67616d0000b2735b8ee25c7422d3a981502340
Album28347,spotify,ab67616d0000b2731defb21f0caa73761e153818
Album30529,spotify,ab67616d0000b273323627e9fa90237f987ed779
Album1952867,spotify,ab67616d0000b273a57178ff1d072b48a6d9397e
Album261454,spotify,ab67616d0000b2735860c511ae9a9bd1bd92e375
Album12023963,spotify,ab67616d0000b2734dd30136f8ff052be3430bce
Album86118,spotify,ab67616d0000b27310a083427a64ed7abd0667e0
Album485660,spotify,ab67616d0000b273df8f66e854f4aa38fb60f0b3
Album15354744,spotify,ab67616d0000b273c88d40c152468c086c9704d2
Album10723389,spotify,ab67616d0000b27316744ace0daacb43e19d71cf
Album165095,bandcamp,3447465723
Album36579,spotify,ab67616d0000b273651269ed6eac9f32b11c7aca
Album12764534,spotify,ab67616d0000b273529563e02a3774ff775bec3a
Album163580,spotify,ab67616d0000b27324bd846fab030c4e3f84d359
Album7816,spotify,ab67616d0000b27361b922ca4ce9fc2d2151eeea
Album34528,spotify,ab67616d0000b27365ea875119bdd19f05d9f626
Album36436,spotify,ab67616d0000b273316a1b206589c043a2d8837a
Album28078,spotify,ab67616d0000b273bbe0aa73c7a64838574000b2
Album295131,spotify,ab67616d0000b27308aba18011cde2970967c66c
Album660477,spotify,ab67616d0000b2733e27c4f1fc6e48307afc333e
Album7946787,spotify,ab67616d0000b273679bf0d182a74877dcec6485
Album6596949,spotify,ab67616d0000b2738989c4717450c5180ba3567b
Album274082,spotify,ab67616d0000b273256532fae1615dd821deb34c
Album5155,spotify,ab67616d0000b273e852ad577d68467e48528f68
Album719388,spotify,ab67616d0000b2739d8c0f67f9535f3eb45504ed
Album13489696,spotify,ab67616d0000b273cb8d6b00f96ad3e1e3560d1b
Album3788731,spotify,ab67616d0000b273c23a9a17df46aa858f09cd53
Album879011,spotify,ab67616d0000b2735ad597a5cf65b42965bf2095
Album15366388,spotify,ab67616d0000b273f32104e2f0d1283520e67858
Album3978252,spotify,ab67616d0000b273077cac00c2d9075e6f742570
Album3515318,spotify,ab67616d0000b27363d64159015c9ef1061be1a6
Album38232,spotify,ab67616d0000b273481e9b10211206174f55ea73
Album15516,spotify,ab67616d0000b273661e6ba2981201a3e36a46f6
Album17216630,spotify,ab67616d0000b2731436fe4b6643fbdfb7da1a3d
Album14809711,spotify,ab67616d0000b273d106f7d0ed483205652e4aa7
Album9969,spotify,ab67616d0000b273423b9ff8a5ada676df54d251
Album68049,bandcamp,1071633006
Album10554,spotify,ab67616d0000b2738fc2529b392e1bdfc67fa677
Album8046804,spotify,ab67616d0000b273fbfaa1dfe2ba535739293c54
Album17110617,spotify,ab67616d0000b27351f0a33f1d6363c4cc3569f9
Album13431,spotify,ab67616d0000b273fdfd589e9e40c0257ec68e10
Album56319,spotify,ab67616d0000b2737d6d1138135011366c828125
Album15401332,spotify,ab67616d0000b27315d5eedc7e9928e60366166d
Album1522374,bandcamp,3558761433
Album30364,spotify,ab67616d0000b27341c75f6a5fc3fd3a0dc0aef7
Album36376,spotify,ab67616d0000b27393300c170613ce0840328ed8
Album12813,spotify,ab67616d0000b2738c7bd7723b3e65cb49915ab7
Album9707029,spotify,ab67616d0000b2735348ec88cedbceb6d44eb53e
Album6911555,spotify,ab67616d0000b27380d38b11b968eedea2d2fc25
Album1708380,spotify,ab67616d0000b273272d87cfa74034cc65ee2580
Album208628,spotify,ab67616d0000b2734842a001d14a4a76c1872aef
Album89265,spotify,ab67616d0000b27393435bac47afdbf9e4cc69a9
Album249982,spotify,ab67616d0000b2732b3c3d7eff0603226a27b70c
Album756759,spotify,ab67616d0000b273eaddb41e02fcb10a6aaf48e4
Album1896246,spotify,ab67616d0000b2730914dfe30e69a61e04f8e2a4
Album6499514,spotify,ab67616d0000b27356a3d892a04285d46ed52d7d
Album40848,spotify,ab67616d0000b27364735ae015783f8e2447dab4
Album13883,spotify,ab67616d0000b2734c0f427fc5748ed39cd106e4
Album146772,youtube,FDE6EfruFuI
Album41848,spotify,ab67616d0000b273d006fb572089571f1f6c6a14
Album5127983,bandcamp,2732943328
Album16406083,spotify,ab67616d0000b2730381c5f45a194834cff459d7
Album1099407,spotify,ab67616d0000b2734c71e80a8f580184ba910222
Album167978,spotify,ab67616d0000b273c6ff4fa63bf45b3f8ccd6f2e
Album846656,spotify,ab67616d0000b273c2da628e304464c3613e499a
Album77814,spotify,ab67616d0000b27320d255834baa9e161087ae22
Album44210,spotify,ab67616d0000b2733a95718cedabff6aef12129d
Album10573773,spotify,ab67616d0000b27384dac5e614592b48a7ee25a4
Album15275834,spotify,ab67616d0000b273033fad7cf282a5dd12d2a3bc
Album2465472,spotify,ab67616d0000b2737950e44d87e57c8bdd6e7c0d
Album297222,spotify,ab67616d0000b273aac2a028b1855f8cbca6da13
Album14974155,spotify,ab67616d0000b2734378ae8ee06cb3c0a578fdf5
Album14578267,spotify,ab67616d0000b2734402168bc05891df831c4590
Album13102566,spotify,ab67616d0000b273f664eec223173eebb1673243
Album1865,spotify,ab67616d0000b273fcbde8c6e43c320ca6767313
Album2649,spotify,ab67616d0000b2737a60f4a039215e0cedfc2e69
Album19243,spotify,ab67616d0000b273b3f4206d749850a1b0fe4b0e
Album4186,spotify,ab67616d0000b2735925911d36bc79fb4517fd5b
Album16657043,spotify,ab67616d0000b273ebce2d0652cd981041549e22
Album180917,spotify,ab67616d0000b27397c8dcb047451e8b2708553e
Album20803,spotify,ab67616d0000b273dde9b29ec172ce1579e2db9b
Album16288703,spotify,ab67616d0000b273a4520f0c46f322043f55b972
Album1463907,spotify,ab67616d0000b273ecdce9846b5e903cfd2a63cc
Album403268,spotify,ab67616d0000b27317cba08b4c02fd9a0e50f289
Album33239,spotify,ab67616d0000b273a898cbd9b29988be9e6b419b
Album6740239,spotify,ab67616d0000b2736f1773936c53726b619d24cc
Album73279,spotify,ab67616d0000b2739fce7baa218063d99799ce52
Album14261751,spotify,ab67616d0000b273abe77744a2e23b61f60b7426
Album4855818,spotify,ab67616d0000b2738b79d42c4d33002ed55a1635
Album71488,spotify,ab67616d0000b2732849055a67358ba5c1588ca9
Album14883741,spotify,ab67616d0000b273bb8d17af7af5f418845260b1
Album16747875,youtube,UmcaiHuGoqs
Album383998,youtube,KRVaN2c8hDA
Album83792,spotify,ab67616d0000b273de9272a744d404427a01e286
Album80783,spotify,ab67616d0000b2733305a61c7c68406cc38da410
Album56998,spotify,ab67616d0000b273590ccf44339310e12a4aa561
Album83528,spotify,ab67616d0000b27373b0d9115b94ec908077defa
Album10066828,spotify,ab67616d0000b273ed9f0da328864c0bc4797414
Album416669,spotify,ab67616d0000b27328d717dd71dfef54d67862a6
Album230545,spotify,ab67616d0000b2732e6c848dbbad3a390671e995
Album17334,spotify,ab67616d0000b27315b37cf4ceeede6224157702
Album156194,spotify,ab67616d0000b2733984db768c03e1c4c3fe50b8
Album539348,spotify,ab67616d0000b273cbe4c9e2f92aa32844b78acd
Album8266197,spotify,ab67616d0000b2730d09ac19b3c556774e186e53
Album15442646,spotify,ab67616d0000b273bd042283898fb6e5523cda54
Album11945710,spotify,ab67616d0000b2739408342067e2ff50d69a3c98
Album105614,spotify,ab67616d0000b2733e915a8a2cf3b100af0bf849
Album4611206,spotify,ab67616d0000b27396e164f0c5aac83148bb8f24
Album7090,spotify,ab67616d0000b273d720e0cac370590b59168b13
Album6040792,spotify,ab67616d0000b2733a1fe239e725bb12976e9094
Album9086,spotify,ab67616d0000b27334e1b44d9a7540112f3cb2d1
Album69432,spotify,ab67616d0000b273f3e84515304e410fbf71a09b
Album22861,spotify,ab67616d0000b2738be4f79209f7ac89fd9e68c9
Album700641,spotify,ab67616d0000b273b0bc7565b111c4fc86651459
Album653766,spotify,ab67616d0000b273889cf9ed015a0a39148c2dc7
Album26746,spotify,ab67616d0000b27332e9922995f2459807b39356
Album3352426,youtube,h6ibldFFpO4
Album2266449,bandcamp,2481624738
Album9736228,spotify,ab67616d0000b273d25adf084db243fce5878d17
Album181191,spotify,ab67616d0000b2739141e64d9b638bd63385a1e0
Album657369,spotify,ab67616d0000b273fdba4aeb3864c866c5e6220c
Album57455,spotify,ab67616d0000b273d92e92e2d8c2f97bb2c6a25a
Album286868,spotify,ab67616d0000b2730c43308421345127fb917d78
Album449388,spotify,ab67616d0000b273ce2e335d00963e35fd5e9189
Album157726,spotify,ab67616d0000b27389cd67dbdeb65e2af174ea3d
Album174279,spotify,ab67616d0000b273b0af6c9d26487cf55ba0efd6
Album15901904,spotify,ab67616d0000b2732a02943b72340f7b04e3b6eb
Album73010,spotify,ab67616d0000b273562c5c1b1621f89290cd96bd
Album846826,spotify,ab67616d0000b273d94cc2295a115e04b03a7524
Album62460,spotify,ab67616d0000b273ff71cb6636f6c9346b354cc5
Album448576,spotify,ab67616d0000b2731cfbff5152e5db4f432875a2
Album15449337,deezer,969ba005aa6083eaf049845ca73bd2c3
Album7797701,spotify,ab67616d0000b27349d772e6c94295430790346e
Album123944,spotify,ab67616d0000b273ea6168d4b790435141f642a3
Album57591,spotify,ab67616d0000b273e931654f5fc0a577979b73b8
Album409840,spotify,ab67616d0000b2734e791b1a0ca82d00821d1e39
Album421203,spotify,ab67616d0000b273b6c36c06e20c688c75daba8b
Album21086,spotify,ab67616d0000b27342170c23154882ac02972a1b
Album29619,spotify,ab67616d0000b27356dbda8fb448c51c92ff1a22
Album16714165,spotify,ab67616d0000b27372f63970b0cdbdbc1dd5b56c
Album77223,spotify,ab67616d0000b2739f544fb47b76f38d729c4c71
Album180933,spotify,ab67616d0000b273603268046b5f166cc5fabc22
Album63549,spotify,ab67616d0000b27310adce1ef1cdd305aeae93fb
Album361706,spotify,ab67616d0000b273a34e36ee5443c609d90fbd8a
Album167716,apple,Music/c7/c7/df/mzi.hbgsjmij.jpg
Album8263855,spotify,ab67616d0000b273f66344e1b4e100fdd311b268
Album11311491,spotify,ab67616d0000b273a29bd588f4caf84bd4cd6f8b
Album15551326,spotify,ab67616d0000b273915031f5719e931d1f5a0ea7
Album4730,spotify,ab67616d0000b2739a450e3aaaeddc83b340e568
Album2327,spotify,ab67616d0000b27355e734bb400d8c827700541b
Album30039,spotify,ab67616d0000b2738caf88d5a1f7574c17614803
Album16399982,spotify,ab67616d0000b2732dd46468e4b4c1e9c53efb56
Album7160,spotify,ab67616d0000b2732834cfa8b3f18b0d22946c29
Album5912336,spotify,ab67616d0000b273d71949967276ab55c9fd29e6
Album10760,spotify,ab67616d0000b273cfeeb13212f74457fb430b9d
Album82404,spotify,ab67616d0000b273bde35d04ce69a538536a586a
Album22392,spotify,ab67616d0000b273c7568f52927c6f7f872854ef
Album3601999,spotify,ab67616d0000b2735b9b906bbbc83a99d8dd5216
Album5078,spotify,ab67616d0000b27337f3b46459f11b3a28407699
Album13026830,spotify,ab67616d0000b273bf957212e6144ac0a09b7b49
Album83506,spotify,ab67616d0000b2738593dafda28d58054c9afc49
Album223293,spotify,ab67616d0000b2732a3cd062a05a0df88713cd0d
Album71922,spotify,ab67616d0000b2731c53c18b92634a5e8b837fb8
Album2072436,youtube,uorVoWL0CuM
Album6810560,spotify,ab67616d0000b2734eb284cc4cc6f21e2f893367
Album15137311,spotify,ab67616d0000b2730a7f657b068a3885d4fd62ab
Album5560678,bandcamp,0158162178
Album4183462,spotify,ab67616d0000b273f5fa0903c37449ff4a14933b
Album12642,spotify,ab67616d0000b27374016493fad0ad233cfd8252
Album325183,spotify,ab67616d0000b273ef0e71b8a5b91073e9219256
Album8037435,spotify,ab67616d0000b27398526846ff341ae71e5c3818
Album11435461,spotify,ab67616d0000b273fa421a4d2c2063cb80313879
Album457238,spotify,ab67616d0000b27361c7be16d554f820d23ae7dd
Album1068,spotify,ab67616d0000b27303aeeaa42d4b1a6a61a86107
Album114000,spotify,ab67616d0000b273781513945db5d19d845eeed6
Album8999,spotify,ab67616d0000b273d580e27b6b23cd3db9f44d3a
Album101398,youtube,rFNNVcuNlos
Album20875,spotify,ab67616d0000b273f5ba4b48f86072b5cfc46e9e
Album90704,spotify,ab67616d0000b2737cd0b10ca9960b4216bcf06a
Album7894165,youtube,jrQ8TB8Zpqw
Album600655,youtube,b1q45WMF0_k
Album18982,spotify,ab67616d0000b2733c1f8315cd303b93deb35218
Album23502,spotify,ab67616d0000b2734c76a98012d9b205b07e9681
Album39260,spotify,ab67616d0000b2736852222acc7649204446903a
Album1849831,spotify,ab67616d0000b273c68382cec619985dfe181719
Album180633,spotify,ab67616d0000b2736be343dcad9ee39a70fc6e6a
Album17974,spotify,ab67616d0000b273ab5231f2f0b575ceb362f559
Album888907,youtube,cx-kmQUVHas
Album36456,spotify,ab67616d0000b273d34a413d856b4e3d592cb4f8
Album789635,spotify,ab67616d0000b27301d6645a8d82a3a073cce097
Album121639,spotify,ab67616d0000b2736b545e8b02c3bcbd92ee44f3
Album504329,spotify,ab67616d0000b2733a8ef70ad2cf00105db74828
Album224983,spotify,ab67616d0000b2730ca1626aaa0dbf093f71dca0
Album43605,spotify,ab67616d0000b2732e722f8613d9ea8891ddcf08
Album15517924,bandcamp,0726541439
Album264041,spotify,ab67616d0000b2739fef0622efd1a8b69a52d692
Album159365,spotify,ab67616d0000b273eeeb28cac7fe7e8238679064
Album15882040,spotify,ab67616d0000b273ac67f9ced9368ea930ab16c0
Album1049256,youtube,cvg1o9rthxs
Album17377,spotify,ab67616d0000b27389f47e5fd29f73ad5bb64c3f
Album875344,spotify,ab67616d0000b2732a565b188a0ad858cee9928f
Album156082,spotify,ab67616d0000b273a4025f20eb2c41632807f2d0
Album10278828,spotify,ab67616d0000b2734b8b7ed8a19cef47f4438913
Album368719,spotify,ab67616d0000b273e962065cc5bff04ac0e8207b
Album173038,spotify,ab67616d0000b273453302a705b357059aed2df2
Album68628,spotify,ab67616d0000b2735004c96571916bad77b71e6d
Album163500,spotify,ab67616d0000b2738e6800f24c073c7c16682536
Album114572,spotify,ab67616d0000b273b05ca7e2981f680b5d07883f
Album10699790,spotify,ab67616d0000b2735b77108583fc23a53671d817
Album651,spotify,ab67616d0000b2736a80217584484a9372d95b66
Album15357251,spotify,ab67616d0000b27381d0d7fe50a7d67b8cd96bb9
Album1276546,youtube,cVwOWbT5bR8
Album18144,spotify,ab67616d0000b2734fd9f4459fec1bd59f343955
Album2178,spotify,ab67616d0000b273b586fc87d8bde3ba953f233a
Album2764086,spotify,ab67616d0000b273a8a7664bd94d42d40963b57d
Album150118,bandcamp,2845415016
Album2279322,youtube,LLb-jJF0nlg
Album162803,spotify,ab67616d0000b27317ab6a91d7105c017144a9ec
Album125618,spotify,ab67616d0000b27329068dfac5ed6096ce05a3a3
Album3813086,spotify,ab67616d0000b273a879b3a489bfcb4f063a83a4
Album133719,spotify,ab67616d0000b2734b94d2d1a8f5451199ac2d00
Album727857,spotify,ab67616d0000b273c6eaff465dc66414f41e59cd
Album1142850,bandcamp,0914930835
Album27321,spotify,ab67616d0000b2738046c078ab42dd24a5d7ba16
Album77928,spotify,ab67616d0000b273bb55921a63a1d5fb4bc1fab1
Album16065535,spotify,ab67616d0000b273129c3fdc8f740c04b76cbbf2
Album2531662,spotify,ab67616d0000b2731359b2ba8fe7687ccf08c177
Album89137,spotify,ab67616d0000b273f28a0ca117b4fb683f5d8a36
Album8910922,spotify,ab67616d0000b2730e4172f8c02350684e061d2f
Album2788119,spotify,ab67616d0000b2737a5e1a126771187824ecfcce
Album1270438,spotify,ab67616d0000b27391aa1fcc8c1302ee6c2aa0e1
Album4467198,spotify,ab67616d0000b27337e423769913217df3845f86
Album14237082,spotify,ab67616d0000b273e27dfef438562f2ecb98a642
Album1794,spotify,ab67616d0000b2739092d41ad0fc7ed16068efe2
Album15216549,spotify,ab67616d0000b273bfa61775cf5123e2c88b4fe1
Album489810,spotify,ab67616d0000b2730c98f141d50c7eeb49d7137e
Album7744,spotify,ab67616d0000b273955536b17812ef9da826562b
Album15029700,spotify,ab67616d0000b27318e46f31edccf35e9d069a01
Album8217,spotify,ab67616d0000b273816e8b3e3e4b8fd048e8c55d
Album4593,spotify,ab67616d0000b273202e3b9e622740e2cfee3d70
Album8891,spotify,ab67616d0000b27354a30ecfc3b9254b4eb598e6
Album5991,spotify,ab67616d0000b27385845543330f64c8e0902b02
Album104374,spotify,ab67616d0000b273a7b2c0894a145e0ef077ff44
Album890498,youtube,JZr68gP_Mss
Album14123,spotify,ab67616d0000b273e1e375708bba16dc6ab4b6e8
Album15345916,youtube,0v8XOs8wjC0
Album1493119,spotify,ab67616d0000b273d16b298a6c10cce8a6c5c690
Album441639,spotify,ab67616d0000b273440ab13c88d5b299b56c72bd
Album72114,youtube,A_FSxQucirk
Album179939,apple,Music/y2005/m07/d31/h11/mzi.kvsuvaxt.jpg
Album84798,spotify,ab67616d0000b273aefdbd971bce9d2178b10253
Album2144410,spotify,ab67616d0000b27391f023f4b59b979996c670a0
Album186054,spotify,ab67616d0000b27313910cefb1776eb233bfd283
Album16716666,spotify,ab67616d0000b273e5e0e4788e4489fe2094a0c1
Album10701688,spotify,ab67616d0000b273ad2e3bab82bf406b1bcb3a34
Album48112,spotify,ab67616d0000b273c7a3c49085f1024daac17ec0
Album15857020,bandcamp,2101983553
Album14885427,apple,Music112/v4/8b/83/7b/8b837bcd-7d72-472b-220b-f2e1c8a059f9/196626820969.jpg
Album19405,spotify,ab67616d0000b273ac624d2d029755e4e26af0b2
Album24789,spotify,ab67616d0000b273db1ff210fd90fce8b4c1f949
Album15810491,spotify,ab67616d0000b273d6b2e8e848978672f4c71f36
Album2502657,bandcamp,0125589107
Album15890601,spotify,ab67616d0000b273cb513cf044bdb7e4cd059f23
Album5985120,spotify,ab67616d0000b2730ba20ff0ce1877c8b87c4753
Album988,spotify,ab67616d0000b273398405e5bda507a0e50e6d2d
Album14760985,youtube,IRzj0ogqlC4
Album8971847,spotify,ab67616d0000b273e3f6394568aafd9e1d992db3
Album10866,spotify,ab67616d0000b273525ae69acf538ba1891a2d58
Album128114,spotify,ab67616d0000b2730571962f00e412e286fc680d
Album16829789,spotify,ab67616d0000b273f7f1e129b06640d7836c9a5c
Album16075145,spotify,ab67616d0000b2736a55ed24d5c001e27d942b8d
Album14298,spotify,ab67616d0000b273dad0099fb63dcbb1340e7e42
Album40345,spotify,ab67616d0000b273e72db97316d718fb9a66ce50
Album754339,spotify,ab67616d0000b27363ff2f950052543a31676caf
Album18914,spotify,ab67616d0000b273ff0e5290b07d9f86c21e1aae
Album15364688,apple,Music126/v4/fc/59/c4/fc59c486-f529-564f-d821-244afa0e2203/5063341659110_cover.jpg
Album15946152,spotify,ab67616d0000b273a4c42608fbd8ef5a72eb1056
Album2526175,youtube,tWeQ_NXkC0Q
Album1219791,spotify,ab67616d0000b273b1c30dd74be4d95f7527a384
Album405013,spotify,ab67616d0000b273cfe74cde67c619b67ddb5b45
Album28884,spotify,ab67616d0000b2732bd09300e29a667d0cff22a7
Album7598750,spotify,ab67616d0000b2739f5c5e06d31160668cd48c22
Album18359,spotify,ab67616d0000b27362929dd943cfaaa0a6f0879c
Album440325,spotify,ab67616d0000b2734e2aa94e199e50bc8e10646f
Album203410,spotify,ab67616d0000b2737ab9c6d1563f7ea7f28b01f7
Album113088,spotify,ab67616d0000b273777de78c5f906d6b91fc5f7f
Album76051,spotify,ab67616d0000b273636a654b55d61c102dae368a
Album236252,spotify,ab67616d0000b273f531ec0e2c5e5705886af290
Album16026019,deezer,28e684384dfbe8a70d6cc4d056d11a81
Album38321,youtube,PEl55XaquGI
Album82549,spotify,ab67616d0000b273640cd013e737135d45d3d39e
Album43095,spotify,ab67616d0000b27311d3f5aabdab07a9fc2bf7cc
Album80502,spotify,ab67616d0000b2734ed3fc09ae59904e5738abb4
Album5270,spotify,ab67616d0000b27327a854d95f840c4b56102e7f
Album15113024,spotify,ab67616d0000b2735e1deb36b7b92fff869413a4
Album15163645,spotify,ab67616d0000b273f3dc8a020c1bf7b54b386ba6
Album1241,spotify,ab67616d0000b273afce4c9cd3313302c0a16ed1
Album15142203,spotify,ab67616d0000b273ab764b74918b0adf45fce723
Album345439,spotify,ab67616d0000b2730ba45279cf70b174392acc70
Album13808440,spotify,ab67616d0000b273708bfbe1855174ebc9a0f225
Album13197452,spotify,ab67616d0000b2739d36bbbcbfdf11f8578131ee
Album28534,spotify,ab67616d0000b27309f09336e7d905328736c3bc
Album1852,spotify,ab67616d0000b2730c189a872697c3cc64c8b0af
Album293362,spotify,ab67616d0000b2737f5aa484c58718ebd957930e
Album19180,spotify,ab67616d0000b273ad00302b989a70e5a08e569e
Album7409569,spotify,ab67616d0000b2736a557c6b745c9bff1413216b
Album2811849,spotify,ab67616d0000b27357cf575661cdc09dd670d187
Album138647,spotify,ab67616d0000b2734d1b2f72a1daa63915fd0014
Album3691135,spotify,ab67616d0000b2737f1eaad747fdd3e8c47dd471
Album16594,spotify,ab67616d0000b273b4096249fe21a7560b50939a
Album155073,spotify,ab67616d0000b273df6411c94e75dac91109e624
Album244455,spotify,ab67616d0000b27346f99994e981ee207079195b
Album73085,spotify,ab67616d0000b2730cf2e3d1e85c5bd6d7bedee0
Album185145,bandcamp,0588360564
Album101649,spotify,ab67616d0000b2734b3787e954c118353100783c
Album6699400,spotify,ab67616d0000b2732bf84b433e9fda4f7f509573
Album123618,spotify,ab67616d0000b273f4280d3bf7d46f9b3d50eef3
Album61102,spotify,ab67616d0000b273bad73328e6eb4f1fdc41cd0a
Album163331,spotify,ab67616d0000b2735194f33addeabd8d792737a8
Album1635787,spotify,ab67616d0000b27365474c33582721f64a6928e4
Album55733,spotify,ab67616d0000b2738ac8c97c8357f22722800eae
Album8227,spotify,ab67616d0000b273514bd55f89b488ae7a903030
Album65525,spotify,ab67616d0000b273b674182b19dd415923719cba
Album2113486,spotify,ab67616d0000b273581cd03c563cab53c3e86b7e
Album7853,spotify,ab67616d0000b273fd41d76420f6b5275555f904
Album3221,spotify,ab67616d0000b273c0b32e86af553fe52d22b87b
Album2106533,bandcamp,2724760827
Album14234,youtube,mjmNJodRqLE
Album15044532,youtube,E5MadagyMMM
Album6470579,spotify,ab67616d0000b273ebb11780db17be246784dcf9
Album3431,spotify,ab67616d0000b2737f9d51d453f761a492d5ff7a
Album3506165,spotify,ab67616d0000b273db1edcd646afeb95cd608226
Album1932914,spotify,ab67616d0000b273a39719d97031da22cd3201e2
Album320812,bandcamp,1444756729
Album15398551,spotify,ab67616d0000b273402c9f6a0bdee0d4a6eb87b4
Album80956,spotify,ab67616d0000b2731abbabf97741e97e0729f9b6
Album411984,spotify,ab67616d0000b2737f0e40a262550c0fa613a2b4
Album6729345,spotify,ab67616d0000b273839b97328e75fe4f8ef88808
Album38747,spotify,ab67616d0000b273eda3b6bc24c507b6755f5f12
Album41653,spotify,ab67616d0000b2734e7018aca9afe751304fd338
Album309106,spotify,ab67616d0000b27347a871a4f6a80284673d5032
Album189365,spotify,ab67616d0000b27384997f1261983442c88b265a
Album86079,spotify,ab67616d0000b27341a2b747f0b5c9d631cb3ca1
Album161133,youtube,1OehOLjlSws
Album10394799,spotify,ab67616d0000b273a151abd9a7f7d7fb850ab09e
Album474415,spotify,ab67616d0000b2731d318f6398138d6773d09595
Album37583,spotify,ab67616d0000b273d940f0bee97f370629880123
Album400756,spotify,ab67616d0000b27398be4434f68b8eb03691e7e0
Album15331292,spotify,ab67616d0000b273851b395ba1cc5fa0c991cc78
Album735751,youtube,Bs0CtITl-xY
Album4168003,spotify,ab67616d0000b2733828639fcea9973e9fa4edee
Album41642,spotify,ab67616d0000b27300f42df94e136a3a5435253a
Album2275493,spotify,ab67616d0000b273722cdbce270cfe5c47c603a0
Album619391,spotify,ab67616d0000b27365d51b20977c14fe073744ad
Album9806,spotify,ab67616d0000b273de4bf57e7bc31684b7ebe0d8
Album556,spotify,ab67616d0000b27345edc8619870211a90daa4a7
Album3466683,spotify,ab67616d0000b2735b58f8783545cb9a652f347c
Album34333,spotify,ab67616d0000b273e37d5190acaf635f06cfcc4b
Album15205421,spotify,ab67616d0000b273e4a8518fec986638f30ec5cf
Album2649932,spotify,ab67616d0000b2731737f77a96019f6fc096bedf
Album2300197,spotify,ab67616d0000b27342f83a7a18783a4853052e03
Album16755,spotify,ab67616d0000b2735a3968d6ce4a9257fa09d05c
Album2856410,youtube,9OJaVvnYzYA
Album735,spotify,ab67616d0000b273c2c1b3b5114f931e76ba2b94
Album152519,spotify,ab67616d0000b2732b93f69562dbfb1d52d70717
Album750167,spotify,ab67616d0000b273ceb8c7d45f007442b8034439
Album459995,spotify,ab67616d0000b27394a9b1b27b3fd2ffe0a89e1c
Album16763470,spotify,ab67616d0000b273f9e2df631d483076dde07f13
Album199019,spotify,ab67616d0000b273486a13c232b53bb0aaba652d
Album489813,spotify,ab67616d0000b273bd7189645cb4abe73e230eb6
Album215066,spotify,ab67616d0000b273c0f755d2436dcb0f3359ae1c
Album17164,spotify,ab67616d0000b273d237a27633d01d25fdaa1c33
Album16818935,spotify,ab67616d0000b27363817a4447864b19d8491124
Album3279054,spotify,ab67616d0000b27399439bcae0d38b8acea9ac3b
Album17051139,spotify,ab67616d0000b273b3c2e707978811643618e729
Album111627,spotify,ab67616d0000b2737bcd2d820a5c1951fc617b6b
Album3085038,spotify,ab67616d0000b2734a8871695f3ccf3d5a836e94
Album116497,spotify,ab67616d0000b273ca8ca7e1fdfa37978baa5d22
Album671307,spotify,ab67616d0000b273db0a5f4ff6c4e8f5a04c8fa8
Album17838,spotify,ab67616d0000b273a753d0713adea2870c1b2fcf
Album15059605,spotify,ab67616d0000b27369f4e59e08103611a9e388e3
Album144510,youtube,CjcJouhNH3o
Album175283,spotify,ab67616d0000b273bc80031209ce15048a070932
Album697211,spotify,ab67616d0000b273949bcee069f30f9d688787af
Album106776,youtube,9Fkgwkzgef8
Album19531,youtube,0VqZLisfego
Album70608,spotify,ab67616d0000b273b23288487d108331ceda8255
Album122881,spotify,ab67616d0000b27312fa4989617d559e28813d3b
Album15687,spotify,ab67616d0000b273689bf34bbf3247604cf44567
Album345567,spotify,ab67616d0000b2734c6d923bb974a77aac0af6a7
Album18331,spotify,ab67616d0000b273f9463457e84acdcb8b3ccd11
Album58964,spotify,ab67616d0000b273aff082118fe566658a437fd1
Album68702,spotify,ab67616d0000b273a704c55f38d316d119408b84
Album51599,spotify,ab67616d0000b273af435c7a624796983dd8d34f
Album79159,spotify,ab67616d0000b2732a43805eabc8a7a05c426ec3
Album178538,spotify,ab67616d0000b2737b036094ad43dbfe82d1ebd2
Album791778,spotify,ab67616d0000b273e002aa89e301883a6147e2bb
Album17076269,spotify,ab67616d0000b273e02ddd5403d28e37350b9c91
Album752095,spotify,ab67616d0000b27379708a357c25a8b6fb15bc75
Album300539,spotify,ab67616d0000b273a2a3ba13dd94519555d043ed
Album358167,spotify,ab67616d0000b273747fec2526ad5cee79e926b3
Album4298276,spotify,ab67616d0000b27346f9bf1154c7205b0e8b1667
Album4103534,spotify,ab67616d0000b2731e07e60dea6e2c877ea3b2b4
Album497,spotify,ab67616d0000b2735ae4dc15b804eb7a605ee83d
Album9885,spotify,ab67616d0000b2738cd9d66257693d898fb4acf2
Album40403,spotify,ab67616d0000b273b5bc4e4f87c58fe6c074440f
Album6302527,spotify,ab67616d0000b27359d70dfe7d24a2d49f305344
Album17091,spotify,ab67616d0000b273f2eca44eb8e8173096d27b2b
Album717903,spotify,ab67616d0000b27368a61b509ca8cfbd1985e4f6
Album873781,spotify,ab67616d0000b2739299f0128ee09d985487977c
Album10373256,spotify,ab67616d0000b273a8a77ba4aed962b28920a181
Album18361,spotify,ab67616d0000b2733680e5201a6431677c0e8449
Album64511,spotify,ab67616d0000b273052bd0ef86fa73c77263bfbe
Album3774817,youtube,nS-q8DhrQdo
Album1215,spotify,ab67616d0000b273ff6bd5a4024b921e63645604
Album12246,spotify,ab67616d0000b2733039c2abefa1de757c19f614
Album441634,spotify,ab67616d0000b273ef10a3f00c3fed6f7da66ffe
Album186863,spotify,ab67616d0000b273636afec056f32ced30773b1c
Album6592383,spotify,ab67616d0000b2738599d0eb8ec8057096d90bfa
Album290663,spotify,ab67616d0000b2738369160f9462b35513298e5e
Album33219,spotify,ab67616d0000b273e423ac99c4bc160d9d201907
Album382014,spotify,ab67616d0000b273d9762796040b7e1ad88b8452
Album12511121,bandcamp,2672190808
Album14965587,spotify,ab67616d0000b273eea6a8666dd345adda1b1ef6
Album2565418,spotify,ab67616d0000b2738c4a66a5168284c208aa370e
Album3312889,spotify,ab67616d0000b273cf3c53a3f9dc05d63ee31752
Album1374096,spotify,ab67616d0000b273269742d27ed9a2773ded9854
Album294985,spotify,ab67616d0000b27371fd692687f8df86a48fa7ef
Album808488,spotify,ab67616d0000b273f6cb47411d878464471ad6be
Album5575619,spotify,ab67616d0000b273f3abcd6d5abdf120886acea8
Album78796,spotify,ab67616d0000b2736d3670832fc4fb96b10bc157
Album99310,spotify,ab67616d0000b273ad9dbdac5f42597ed5fb25dc
Album73623,spotify,ab67616d0000b273560d316c9464eab0c54ea2a3
Album131039,spotify,ab67616d0000b2737402febf18d927dd749b9765
Album332012,spotify,ab67616d0000b27387dcf5111f8f361a2f162c6e
Album1098398,spotify,ab67616d0000b273acc0c8e9ab7846d6e532ae1c
Album60199,spotify,ab67616d0000b273d3b8e0d5de9e865680f106aa
Album688501,spotify,ab67616d0000b273a74b4e0f92638b702ac3a032
Album16238705,spotify,ab67616d0000b2730cd2cf570da807466f46a510
Album27140,spotify,ab67616d0000b273867dc2f69280c3c40e1adece
Album1080618,apple,Music/11/52/6e/mzi.poojfauh.jpg
Album38261,spotify,ab67616d0000b27302d8f7f0d9244585dd90c7d1
Album69568,spotify,ab67616d0000b2730ddf549e79f9bc8a82330da1
Album46601,spotify,ab67616d0000b2739e9f4cb403c2ff3ee95fc417
Album844285,spotify,ab67616d0000b2736066561b44f38cf79a10b903
Album9030695,spotify,ab67616d0000b273ca36a29c66f2d4ec83a0c50f
Album164118,spotify,ab67616d0000b27383e57a082636488f92d4a490
Album37574,spotify,ab67616d0000b2735e13b73f8a3184ef5161f037
Album399712,spotify,ab67616d0000b2731849e8a428611ea5ebee2fb4
Album184811,youtube,kcAqzi4nNUM
Album2812348,spotify,ab67616d0000b273176e82d09ac75d62810f0056
Album15419571,spotify,ab67616d0000b273d189461df3535824961e4019
Album17710,spotify,ab67616d0000b2738ec6f9f28914e8c30e2a1637
Album12127,spotify,ab67616d0000b273e12c4f1b0c312675b67b6b0e
Album103806,spotify,ab67616d0000b27363403d4f1bfbfc1dbe973a11
Album823,spotify,ab67616d0000b273cd404b5ae961b29d83f17c1f
Album40821,spotify,ab67616d0000b273eb7f16ce83db71362ecb0cb5
Album9351,spotify,ab67616d0000b273bd30df930d82dfe540e2acf2
Album8746,spotify,ab67616d0000b2734f4648db0d1cbcbfe3922506
Album370679,spotify,ab67616d0000b273d39c787ace1c0902be4ff698
Album89550,spotify,ab67616d0000b2735ea7b4fab7ac86a8f613824a
Album443188,spotify,ab67616d0000b273aad7705f34f77e27a3264e1a
Album295718,spotify,ab67616d0000b2731f9d41f995bfbae89dd5a5af
Album9551856,spotify,ab67616d0000b273867d3328c6b2856a2997fafb
Album13490266,spotify,ab67616d0000b273d863e8dd16c019eef0673d33
Album170024,spotify,ab67616d0000b273992a4c57964926c473e02b51
Album15259705,spotify,ab67616d0000b273f332972114426adce4e0a001
Album38087,spotify,ab67616d0000b273d7e08d65b2f3ab20bc32550b
Album50599,spotify,ab67616d0000b2731fee641510cd4de9d6efb978
Album15191,spotify,ab67616d0000b273c127ff899a8bb4261793337d
Album1247752,spotify,ab67616d0000b273a9ad390f59f140f7895327fb
Album1940286,spotify,ab67616d0000b273e06113542106c37cb92ee24a
Album102224,spotify,ab67616d0000b2739c07ff2d953fea0ef64d17f9
Album794153,spotify,ab67616d0000b2738f3bb0c1310501a0fb2400f0
Album18736,spotify,ab67616d0000b273124a8c1a2f3fe1aa88740ea2
Album1390,spotify,ab67616d0000b273605c02b1f48ba642fd725ad1
Album165777,spotify,ab67616d0000b273e84ea3a760e291d4b7aa9e1f
Album96091,spotify,ab67616d0000b273b803df2e936432a4b1882664
Album1974480,spotify,ab67616d0000b273a610092d521182cab3fd1984
Album17943,spotify,ab67616d0000b273dc330bf8f71e7f30f76e74b9
Album240767,spotify,ab67616d0000b2739f72ee05a3729742ac040b7c
Album303065,spotify,ab67616d0000b273d31549e862babfe961a85d43
Album194982,youtube,8iu6rEnWN-Q
Album4034,youtube,ZHu_LmvSjB4
Album85243,spotify,ab67616d0000b273b2f3530b598cb7cadb828aa7
Album12052190,spotify,ab67616d0000b27371efb76c9a6bd55e6f77d741
Album107284,spotify,ab67616d0000b2733adb9fcf7c50ce475afa56f9
Album1598113,spotify,ab67616d0000b273bd806a001d68268017ef786b
Album645721,spotify,ab67616d0000b2734b481a27692918b55a2fee10
Album542992,spotify,ab67616d0000b2739f4d2abcfa6a8c760d8a7581
Album489089,spotify,ab67616d0000b2739b55da683439f74a0cbcb701
Album6565355,bandcamp,0382749956
Album13772956,spotify,ab67616d0000b2738e6863da455b598c441ba7a8
Album1936932,spotify,ab67616d0000b2739770edc9738d38814bf22e58
Album15825472,spotify,ab67616d0000b2739a551d8e1f600a555ffb322d
Album4194425,apple,Music211/v4/53/36/ba/5336bae0-74a8-d32e-ad8b-a2b064b33497/cover.jpg
Album126901,spotify,ab67616d0000b27331fd598fad14e3df771d274f
Album154829,spotify,ab67616d0000b273774083293649490cd0c6e9a8
Album5447983,youtube,EacPrAh3L8g
Album27356,spotify,ab67616d0000b273a98ee590143e4eacd7534c2f
Album13140,spotify,ab67616d0000b273787ec0df59517abe1f84a62e
Album16614979,spotify,ab67616d0000b273aa49947fd7e9e02a0cc60df5
Album1306860,spotify,ab67616d0000b273d51385938251867ffcf2f113
Album9181349,spotify,ab67616d0000b27376c2f9052b4453ab5bd64544
Album11329179,spotify,ab67616d0000b27303389a30ec63ee1ef80ffa0f
Album12756508,spotify,ab67616d0000b273be9b4f78bd9ab6737c75c2a8
Album2722,spotify,ab67616d0000b27356376973e03cab5d45f98853
Album5864,spotify,ab67616d0000b2733039b37473adcbcbf0c5a5b5
Album10920341,spotify,ab67616d0000b2738cc1e0b31aade5ecbad2af4a
Album1342324,spotify,ab67616d0000b273c32d88369226dffa03225a5a
Album5246,spotify,ab67616d0000b273522bbac455b269aec9be185f
Album2949,spotify,ab67616d0000b273b30cb23d833e0a2a6c030d40
Album6842245,spotify,ab67616d0000b2732afd0c499c2eba670e3a7de3
Album15219139,spotify,ab67616d0000b273476204a29baa889296cbf5f8
Album17263,spotify,ab67616d0000b273cdb32548e8d5b810e6f9574c
Album7728860,spotify,ab67616d0000b273c571499dffdade90e6cdf112
Album23583,spotify,ab67616d0000b2730a47b5bf1367a26a3e239921
Album27826,spotify,ab67616d0000b273d1886d236549fdbf0309b5ab
Album12132,spotify,ab67616d0000b273ff9a52d3cb00af4f3bf0adb7
Album10824,spotify,ab67616d0000b273f97c928726d4abbaed5aebf9
Album32953,spotify,ab67616d0000b273352a540820179ba257800b6b
Album9223916,spotify,ab67616d0000b27383fefe7f95d76da5b447f4bf
Album8149,spotify,ab67616d0000b273c77191e40aa8374e6c18bb81
Album11612,spotify,ab67616d0000b2737b2f6ed47204d254924a5392
Album731247,spotify,ab67616d0000b273c797d768e78fdd098f397cb2
Album7710,spotify,ab67616d0000b2731be3d685fc89b4ffeb8ff71b
Album13880740,spotify,ab67616d0000b273a8971e6ae59f455348dc6022
Album10382044,spotify,ab67616d0000b27346f2649eec6af0234ba6a9fa
Album488988,spotify,ab67616d0000b273427625be9a3c525268da16f4
Album28564,spotify,ab67616d0000b273b47f6981881a580bc5a3e4b1
Album5308339,spotify,ab67616d0000b273ff2da62ac9e8d6157116ad74
Album31480,spotify,ab67616d0000b2734199ed9dedbc768fc8fecf35
Album20330,spotify,ab67616d0000b2736dca0336b9bde7b08c190209
Album143905,spotify,ab67616d0000b273e85c948631fffd158ee666cd
Album410114,spotify,ab67616d0000b27385310b00af74138d6e05f900
Album232520,spotify,ab67616d0000b273b7306989fc2d5019ad693c29
Album163908,spotify,ab67616d0000b273e02a6e60084a5e80a8970777
Album869771,spotify,ab67616d0000b27345ab732659218408d14e083a
Album16016923,spotify,ab67616d0000b2735f8f4554ecac307ab978d96b
Album198233,spotify,ab67616d0000b273062100e862ab6be2f460398d
Album154353,spotify,ab67616d0000b273a6fb2ffb8bb01d17db1f6ad8
Album7441482,spotify,ab67616d0000b273fe38f21027ae8d343dac9b48
Album219727,spotify,ab67616d0000b273c63e589ea042f5fad95a3984
Album13866,spotify,ab67616d0000b2735408a916217bcdd69f523007
Album836894,spotify,ab67616d0000b273e15f366a55d17174d98cd18b
Album694549,spotify,ab67616d0000b273008b347f231ddf22ec190004
Album2300722,spotify,ab67616d0000b2734bcc25db14b74c971638413b
Album7939530,spotify,ab67616d0000b2733280dd8d1514436240a79bac
Album14137901,spotify,ab67616d0000b273040418bfc1d957e0d7103b29
Album107310,spotify,ab67616d0000b273b076551e2c7ed36fe4423725
Album30414,spotify,ab67616d0000b27313db2c9c7d2355ac026f3fd7
Album10848632,spotify,ab67616d0000b273ef1cd5a305d1823169ea8b93
Album325359,bandcamp,2920664438
Album116986,spotify,ab67616d0000b27328d8320d5806248c4f11e6f3
Album76878,spotify,ab67616d0000b273a07373835aef28124db5d9b6
Album14297,spotify,ab67616d0000b273bcb3cc4831d2486ca61daf26
Album10891549,spotify,ab67616d0000b273c88bae7846e62a8ba59ee0bd
Album8754,spotify,ab67616d0000b273a0d9850f293f0a27a24e289c
Album6044,spotify,ab67616d0000b27339fe216e08573ceaac4ff7ab
Album139181,youtube,HvL4JwYkE5I
Album12436696,spotify,ab67616d0000b27312d6eaddbbff6de7dd946fe7
Album10091,spotify,ab67616d0000b2737dee7c71aae56824e1f36086
Album16559184,spotify,ab67616d0000b273cf0eaa8aac95ee343d2bd810
Album8185719,spotify,ab67616d0000b2730ef3b2c27c3dd906f87b391b
Album88930,spotify,ab67616d0000b27366a84d3fe6f60e28e2d3a41f
Album7973475,bandcamp,3138568673
Album80980,spotify,ab67616d0000b273050bac8fb327ac199224744b
Album21508,spotify,ab67616d0000b27324391b27b1f7a0e421e178f2
Album882993,spotify,ab67616d0000b273eeb6a9ffebbacb28b11c5bfc
Album48330,apple,Music128/v4/96/03/8f/96038f83-31a5-2913-4d6f-e61a960a09bc/00042284307529.rgb.jpg
Album6035344,spotify,ab67616d0000b27358ebfd9621b687d56309c8d0
Album3077368,spotify,ab67616d0000b273635b3ab0f7ecda463021ccdd
Album126585,spotify,ab67616d0000b2738a91d747bf1d4519ef0c65c6
Album150333,spotify,ab67616d0000b273585f19adb14e7c92d9ec1b41
Album191168,spotify,ab67616d0000b2730507f7edc45ea98a7cdf870d
Album1510580,spotify,ab67616d0000b273e1bd4715120433c271403d30
Album11137,spotify,ab67616d0000b273af0ef7bcc426c2b2766ec89c
Album4493018,youtube,nNk4d2HDre4
Album317598,spotify,ab67616d0000b27395f8ddb9a8d4f6c8a1043060
Album2325709,spotify,ab67616d0000b273d6ad356c93390fdd838f1768
Album1244153,deezer,d05c38d9d4073306051cbba52653548f
Album287493,spotify,ab67616d0000b2734ef86429c2384bb7d4180ac4
Album16456783,spotify,ab67616d0000b273a07238699f77dfa7249393ae
Album207436,spotify,ab67616d0000b2733965df26031c88a2c9a6283e
Album1215914,spotify,ab67616d0000b273c797213fdd9dcb8236c1fc47
Album728606,spotify,ab67616d0000b273906d1dc0388b415ffc0b502e
Album729086,spotify,ab67616d0000b273d85e41c2ebd78c79692a91bb
Album207249,spotify,ab67616d0000b273b7d7036af8f7f4b8238dbdd1
Album66721,spotify,ab67616d0000b273af787f193948680b608f36e9
Album1820098,spotify,ab67616d0000b273d38247ea6f55fb221f492399
Album2706889,spotify,ab67616d0000b273bf09c6bd47bce468b8428982
Album5820674,spotify,ab67616d0000b27386e84f366a58705c306f1ff1
Album7092365,spotify,ab67616d0000b273eede620ac37065eaa0aec23a
Album14904177,deezer,5b9c3e1f430cfa8b44b218f8593d1454
Album15191641,spotify,ab67616d0000b273c8ddabbbb56597f7f1fc6828
Album15492519,spotify,ab67616d0000b273de7975390bfa848a0fc781bd
Album429,spotify,ab67616d0000b2730d42e6c90bfbafdd6765fa74
Album24852,spotify,ab67616d0000b273a9d53e654f5abbec989c973c
Album4378962,spotify,ab67616d0000b273228d8b1f452b8a5aac25cd28
Album28879,spotify,ab67616d0000b273b67d456c212d117e5dedd7e6
Album50595,spotify,ab67616d0000b2738b8a6633c5b91d130dc43e87
Album107668,spotify,ab67616d0000b27385066da96df0f8edfe20fa91
Album87697,spotify,ab67616d0000b273e274011e8349cfe0d66eb635
Album12144,spotify,ab67616d0000b273d8e32cc5bea0870ebe9e3fa7
Album51440,spotify,ab67616d0000b2733b22c995f6edf59dcdb46594
Album10508406,spotify,ab67616d0000b2732038942268090ffcea1070a7
Album7686548,spotify,ab67616d0000b27374e325c2f8abb48f2d20b867
Album63627,spotify,ab67616d0000b2736cd6a280b85f8b294bc09b6d
Album22428,spotify,ab67616d0000b2736d94cd9f626be26b58648206
Album15335361,spotify,ab67616d0000b2736fda7bf189ed075aa926e901
Album27816,spotify,ab67616d0000b2731c56b901e21ec13d16369609
Album4948090,spotify,ab67616d0000b273539fd6443e05fc052ccdf2cc
Album556323,spotify,ab67616d0000b2730ea21057134c7483f1099a6d
Album11034,spotify,ab67616d0000b2730f73f9ab4ae9a32ba7730448
Album2609,spotify,ab67616d0000b273ed4b573a1b9cd108d6eb12f5
Album231264,spotify,ab67616d0000b2730ffe82312b6187f4482925de
Album15780379,spotify,ab67616d0000b2730d4a664613e39aa835b8d920
Album13838,spotify,ab67616d0000b273be7b47d12ab4de80dcac560a
Album5873234,spotify,ab67616d0000b2736109d98da64b8edebd9020f8
Album116983,spotify,ab67616d0000b273e9ded2ef645351c18445f05b
Album2405102,spotify,ab67616d0000b27374d02b1c1220a17842efe0f8
Album9697112,spotify,ab67616d0000b2737bf64663242f5a6c6985fdba
Album289058,spotify,ab67616d0000b273400d34a4cf05c705e027335a
Album39684,spotify,ab67616d0000b273a5c0b5b59da3f9bbf193fe0f
Album9579858,spotify,ab67616d0000b2736365f18fe222caded9bcedaf
Album14915160,spotify,ab67616d0000b2730433253f3c025c82fb2c5374
Album50200,spotify,ab67616d0000b273007e14686213741ff6e33a19
Album732215,apple,Music126/v4/9e/17/0f/9e170f1a-3d07-07fe-3f3a-2c84c2841532/18UMGIM66221.rgb.jpg
Album178182,spotify,ab67616d0000b2736eba4a4f195f754fae9cb8a2
Album419452,spotify,ab67616d0000b273a43df98304913b8fe168f730
Album57655,spotify,ab67616d0000b273f51a6894a2614774da20855e
Album210442,spotify,ab67616d0000b273d028602981e9988780fc5195
Album29616,deezer,dbba57e74a3300b1ad23fd026bc446b6
Album400847,spotify,ab67616d0000b27302558960bf38f8224808ce28
Album166800,spotify,ab67616d0000b273555cc67a3489b90f1fbcc219
Album2896898,spotify,ab67616d0000b273abe86c0f0d768d7e6263e95d
Album29740,spotify,ab67616d0000b273aeb17212d0fcb10efcf3e17f
Album2111681,youtube,2P_54fr_lZI
Album16888,spotify,ab67616d0000b2730a32521f6720a6a8493f300c
Album587834,spotify,ab67616d0000b27373777e1dd106a0e49fce0040
Album353410,spotify,ab67616d0000b2732c9bab27c9efa6483a7ba79a
Album71292,spotify,ab67616d0000b27397b7e9ecc8fc7614b6868fcd
Album16337134,spotify,ab67616d0000b2732f8824830281c107b86b47ca
Album224747,spotify,ab67616d0000b2737a093a7f337abaa29ae390c8
Album7324,spotify,ab67616d0000b27379d0aced50883ae847f21193
Album2075368,spotify,ab67616d0000b273c6cf83d4e7ef6c44e72f7ea1
Album537336,spotify,ab67616d0000b2736ee689508c11ed2c03a38962
Album43732,spotify,ab67616d0000b2738a4c95e0dcf041dad9864f4e
Album179471,spotify,ab67616d0000b27304c6079a5bd5c2fc26422846
Album10039,spotify,ab67616d0000b273d7f6b102996f886988da1f03
Album1337,spotify,ab67616d0000b273cf84c5b276431b473e924802
Album1134702,spotify,ab67616d0000b2737749a08ddab9edbe427e9876
Album3561270,spotify,ab67616d0000b273fea1a5006d4539169a259a36
Album16532267,spotify,ab67616d0000b273afdca0b68a9dbb898308484c
Album2565848,spotify,ab67616d0000b2731f589bb0244f223237238900
Album72142,spotify,ab67616d0000b273dbd08b3cab9e2cbdf19286b5
Album205251,spotify,ab67616d0000b273676d3a3faeade0793aae38a5
Album32362,spotify,ab67616d0000b27344b72c916a3747cd5fcbc228
Album1050759,spotify,ab67616d0000b273ec002085918af44a7b23f3f4
Album4411990,spotify,ab67616d0000b2734a914eb446b9a784ae2ef709
Album298827,spotify,ab67616d0000b2735bd362c28d2c9ad8b5daf18e
Album2676508,spotify,ab67616d0000b273340d5f2aabd6c7ef959f5d42
Album138285,spotify,ab67616d0000b27330ad84d9c7cf3412bb8b4c8e
Album179853,spotify,ab67616d0000b27341bd2a01cc462da79d3adff0
Album73103,spotify,ab67616d0000b273122155347136d780a30f1f16
Album119188,spotify,ab67616d0000b2739da1806d618c8dbf488fcf0d
Album418122,spotify,ab67616d0000b273bf6ab131ed4883b36afff85d
Album4321152,spotify,ab67616d0000b273fe22affb04aba9647a625385
Album9413241,spotify,ab67616d0000b27347dd2ca47ec9bf14559e17c6
Album8073300,spotify,ab67616d0000b273365c2055a7f3c4f741a20679
Album10132,spotify,ab67616d0000b2738c925f30a9a6ed3a3307c5e6
Album1051,spotify,ab67616d0000b2731618557dd3a755d5e3beab84
Album2027242,spotify,ab67616d0000b27388a6d016f0e2193feed57386
Album17049874,spotify,ab67616d0000b2736c712dd407400a8933be932c
Album9854,spotify,ab67616d0000b273635be3a071797b75510800d9
Album565937,spotify,ab67616d0000b273e428e35517336d9781adb30c
Album293004,bandcamp,1525892695
Album45264,spotify,ab67616d0000b273bf7d38ca838c54f4a55e2319
Album8873,spotify,ab67616d0000b27366e839931e6dff97c852baaa
Album19122,spotify,ab67616d0000b273461adb93745fcd0ff126cf0b
Album39758,spotify,ab67616d0000b273f7046e13fcea0ade48f1c520
Album65626,spotify,ab67616d0000b2735be2ba2211d44ceb7a2be74a
Album16479641,spotify,ab67616d0000b273694f512b4851cae800ae67d4
Album93140,spotify,ab67616d0000b2739f439c7d1226f632c3e0af34
Album196405,bandcamp,4026547835
Album1901,spotify,ab67616d0000b273a715d32590424cd667879ba3
Album10137,spotify,ab67616d0000b273885d9d53e458006a99de2642
Album14789080,spotify,ab67616d0000b273616f0764c2a5b80ba46f5a82
Album15839674,spotify,ab67616d0000b273647ad18a07e9e939e399e5a1
Album6521,spotify,ab67616d0000b273facf92d793609aa3bc5cc4e7
Album774728,spotify,ab67616d0000b273104d2bc01b8a305dbb911d72
Album129559,apple,Music/24/b3/13/mzi.nykpbpre.jpg
Album3240308,spotify,ab67616d0000b27333d98ab5f685dcf4a302329b
Album1364356,spotify,ab67616d0000b27392eca19ee1647c733219719b
Album36384,spotify,ab67616d0000b27364cb9b530c329024021d6119
Album55554,spotify,ab67616d0000b273c01f5670830f5ea89856e36c
Album1742617,spotify,ab67616d0000b273eebefe17779f3c57284e3c35
Album62461,spotify,ab67616d0000b273bfc8cb61aeef4bb6fec7dcc8
Album281062,bandcamp,3804380025
Album7651737,spotify,ab67616d0000b2736f163781cbac867072b1ecd2
Album115634,spotify,ab67616d0000b2737f768cedd14fc6de1cdd09ef
Album8645959,spotify,ab67616d0000b2736175b19fefbcff6fe81157f3
Album92035,spotify,ab67616d0000b273ba80d9ef2e345ca670bfacd2
Album15283943,spotify,ab67616d0000b2737f8f1e3a4e5de639a16273e3
Album159352,spotify,ab67616d0000b2738849b893eb4082b12f44f0a1
Album81814,spotify,ab67616d0000b273ff18ce7df041880319b0a6b5
Album80973,spotify,ab67616d0000b27303c17a26701023cc37495662
Album1839219,spotify,ab67616d0000b2737bf6d6fc516e79a402a1eb25
Album227664,spotify,ab67616d0000b273c7e13c48983bf579aa588ec1
Album20739,spotify,ab67616d0000b273369692731859458835f7aa9b
Album450798,spotify,ab67616d0000b2731b60f91a3cb993213b3da1ca
Album357970,spotify,ab67616d0000b273f96adbd47079c4fe0ae40103
Album1801327,spotify,ab67616d0000b273cf5dd0a331bf134f1d910e4c
Album30158,spotify,ab67616d0000b273c4f910979c75724c86c189c3
Album255831,spotify,ab67616d0000b273d441b2e9b63f0b9f9d90be19
Album6539,spotify,ab67616d0000b273416a9fb80946a069fc4f9281
Album15545448,spotify,ab67616d0000b273ec5757cdfeb9a29df135c96d
Album332,spotify,ab67616d0000b2734baa9746d93e7cc8b3beca61
Album4157,spotify,ab67616d0000b2731bf0d775489d09ae53fcd09d
Album4881,spotify,ab67616d0000b273b23fdf0868b9e0e0e5dc84ea
Album5490,spotify,ab67616d0000b273a4f499f170b82bf0149d0598
Album15256989,spotify,ab67616d0000b273256ce041df8dfa894046afd7
Album4561,spotify,ab67616d0000b2732a025a4e7885b7e74006c113
Album7651032,spotify,ab67616d0000b27324b2b16e6e48db1d2c869170
Album18114,spotify,ab67616d0000b27316641b414d1c356983d9dd2d
Album6512,spotify,ab67616d0000b273fc4584471b1da2971fb98bd8
Album12871,spotify,ab67616d0000b273c4b8de082464736da5f97b57
Album4355068,youtube,Bb3lq7l4N8g
Album56228,spotify,ab67616d0000b273f43387059e5d68b3cd65e9a9
Album14783654,spotify,ab67616d0000b2737698f754814777db3889777b
Album193054,spotify,ab67616d0000b2736fb1a46f0876d32f434ebbe1
Album11096,spotify,ab67616d0000b273f8019091cd8b5e98be31d07f
Album293955,spotify,ab67616d0000b27353ead70b80f92eae59f9f18c
Album1887919,spotify,ab67616d0000b2730c10802022048f976067f56d
Album114476,spotify,ab67616d0000b273c89cbf3e22502c7b1b0e8f73
Album69442,spotify,ab67616d0000b273493c3f41931ffbe4994f390a
Album36810,spotify,ab67616d0000b273bb04223527697410f713860a
Album131876,spotify,ab67616d0000b2739bc7424012e3ad0f28cece66
Album59693,youtube,WhTYsBT1WOU
Album462989,spotify,ab67616d0000b2735cc1a22f987399a3ba478789
Album15994,spotify,ab67616d0000b273e3cb4946491198321b9c17c5
Album257416,spotify,ab67616d0000b273c43d5a11ceffee9dcad4002e
Album104622,bandcamp,1709103638
Album81493,spotify,ab67616d0000b2738e27ed3b2e233dc6df9f84b9
Album32102,spotify,ab67616d0000b27374a411befef44029b7f08cca
Album1680013,spotify,ab67616d0000b2739962f37e1121bc18b1ffc1fa
Album15645967,spotify,ab67616d0000b273f7f7f60f11f2110c9ef5116b
Album1095,spotify,0efce6775efa68287440cb69f473c680a1277970
Album6105,spotify,ab67616d0000b273cbe9f55e546e49a23df0d9be
Album7384,spotify,ab67616d0000b273c0a00c87a5ba9005e5e6145f
Album12462,spotify,ab67616d0000b273e2dd29cdaa3fadbdc26d59c4
Album838324,spotify,ab67616d0000b273377453abefeab743c5633fcc
Album1691702,spotify,ab67616d0000b27328e2b529cb08bfe5a00035c3
Album262460,spotify,ab67616d0000b273083f593a29f7160f40cac96e
Album12096,deezer,23783c935897ef114c914a0846d3fd0f
Album42169,spotify,ab67616d0000b27300088159b156c8d32c78a772
Album5259980,spotify,ab67616d0000b2731b0e15be775d72c46dcfc230
Album163654,spotify,ab67616d0000b273d24eb39e1db31157ac27236b
Album1576333,spotify,ab67616d0000b273836553f6d96f0f792e8e9971
Album15381724,spotify,ab67616d0000b27314d24f930cd3e6b7930efca1
Album5507072,spotify,ab67616d0000b2731ca27e448f2d2dd5c11da075
Album4623117,spotify,ab67616d0000b273c53c9fd8b77ac741cab765f2
Album11142,spotify,ab67616d0000b273d0c36501e3574923c5a4c126
Album33118,spotify,ab67616d0000b273c184164bbefc1798e424fd56
Album38266,spotify,ab67616d0000b273522cdd428ed5030538000855
Album4634890,spotify,ab67616d0000b273d667a3a44279d1b376862805
Album5248,spotify,ab67616d0000b2735c1c62348d833816713555b7
Album1572925,spotify,ab67616d0000b2733ce209fea2dc0517e8cfe977
Album35750,spotify,ab67616d0000b273a2a4db178754f11624c4b335
Album299398,spotify,ab67616d0000b27395537d0b4bc753e37246a89d
Album9499072,bandcamp,2037270330
Album177876,spotify,ab67616d0000b27306175eb4158c507525d6d92b
Album19114,spotify,ab67616d0000b2739d60641e7e0045f33fd67497
Album26647,spotify,ab67616d0000b2736a7f07f0bf2eaadd24cd0262
Album7637711,spotify,ab67616d0000b273034f85da463faf79527d1fe0
Album9484731,spotify,ab67616d0000b273e319ab3a42dbe155e46bda1c
Album577268,spotify,ab67616d0000b273f3e132d8f0feab2c56fda643
Album141647,spotify,ab67616d0000b2739319981bf61968a199adff11
Album179782,spotify,ab67616d0000b273ca53def6606a1f2679b59605
Album76429,spotify,ab67616d0000b273880b3288ab3baccbaff99851
Album736870,spotify,ab67616d0000b27352f6142996ea5c9ed08d582c
Album4033,youtube,ARus_-poevk
Album2946242,spotify,ab67616d0000b273b2f0192a0dd6fb256e3b16f4
Album694687,spotify,ab67616d0000b273e2ad553a9862224408dedf0b
Album830807,spotify,ab67616d0000b27306f26e6fd86b76f56aab19ae
Album23922,spotify,ab67616d0000b273b99c0c3a18a87d29f030601b
Album157134,spotify,ab67616d0000b27387eae20821899cdba839d29f
Album13370,spotify,ab67616d0000b273ca09e2edf097c13c8399a43b
Album2575177,spotify,ab67616d0000b2736985dae30545cb2b3f2b9ee0
Album710972,spotify,ab67616d0000b273363d14151fbe33b8adff591e
Album24761,spotify,ab67616d0000b273f06426a52b4ced89b3d25609
Album158508,spotify,ab67616d0000b273057def248fcaa6439a4079f7
Album7823,spotify,ab67616d0000b273cf9e4d168924e4a22a437f8f
Album4138894,spotify,ab67616d0000b27378090b3c1ae81a20b3a0b020
Album89605,spotify,ab67616d0000b273d4bc3283a4f9a8855e48671f
Album8882429,youtube,imZ6rTgETWU
Album2965283,spotify,ab67616d0000b273060a023ee956d769a86a433b
Album16998248,spotify,ab67616d0000b2737fda9861a4bd60908521e95e
Album56471,spotify,ab67616d0000b27378b3475c25bf4a9a2ffdefff
Album211921,deezer,60e4007d3e35af31f55cdcd8c2bba00f
Album2042747,spotify,ab67616d0000b273c11bf1837d41c8c29cd03dfa
Album5262,spotify,ab67616d0000b273387e982a1d75f0fc7a4d9d8a
Album69530,spotify,ab67616d0000b2731839564c133a4191952663c9
Album9844021,youtube,la1I0pBhq7Y
Album347929,spotify,ab67616d0000b27398393efd33157e0a408605ef
Album95260,spotify,ab67616d0000b27350e35635f8d5f9f399a2ebaf
Album48760,spotify,ab67616d0000b27358d04875b654dceafa5895c8
Album367017,apple,Music71/v4/dc/30/ce/dc30ce11-0633-fa44-f015-c26ffbd48cd7/spratleys_BIG.jpg
Album15168659,bandcamp,4153573419
Album7708858,spotify,ab67616d0000b27318a8bf1084399bc4cc889884
Album14728198,spotify,ab67616d0000b2732ea087da596252f19a13dd78
